tweet_id,datetime,text,user,likes,retweets,sentiment,cleaned_text,tokens,token_count,label,vader_simple_pred,vader_lr_pred
btc_00008001,2024-04-22 02:33:56,New Bitcoin ETF filing submitted by ETF approval,on_chain_data,66,25,neutral,new bitcoin etf filing submitted by etf approval,"['new', 'bitcoin', 'etf', 'filing', 'submitted', 'etf', 'approval']",7,1,2,2
btc_00008002,2024-04-22 02:08:39,Amazing gains on Bitcoin today! Up 5% 🎉,bear_market,253,40,neutral,amazing gains on bitcoin today up,"['amazing', 'gain', 'bitcoin', 'today']",4,1,2,2
btc_00008003,2024-04-22 02:21:58,Consolidation phase for Bitcoin continues ⏸️,bitcoin_maxie,45,28,neutral,consolidation phase for bitcoin continues,"['consolidation', 'phase', 'bitcoin', 'continues']",4,1,1,1
btc_00008004,2024-04-22 03:47:29,BTC TECHNICAL ANALYSIS SHOWS STRONG UPTREND ↗️,crypto_news,151,24,neutral,btc technical analysis shows strong uptrend,"['btc', 'technical', 'analysis', 'show', 'strong', 'uptrend']",6,1,2,2
btc_00008005,2024-04-22 03:53:53,Bitcoin transaction fees too high! Unusable! 💸,crypto_analyst,239,41,neutral,bitcoin transaction fees too high unusable,"['bitcoin', 'transaction', 'fee', 'high', 'unusable']",5,1,1,1
btc_00008006,2024-04-22 03:04:57,Bitcoin network upgrade scheduled for Coinbase 💯,chart_master,26,7,neutral,bitcoin network upgrade scheduled for coinbase,"['bitcoin', 'network', 'upgrade', 'scheduled', 'coinbase']",5,1,1,1
btc_00008007,2024-04-22 03:50:32,Bitcoin looking strong at $66 resistance broken!,crypto_bull,507,97,neutral,bitcoin looking strong at resistance broken,"['bitcoin', 'looking', 'strong', 'resistance', 'broken']",5,1,2,2
btc_00008008,2024-04-22 04:37:19,Just stacked more sats! Bitcoin only 🧡,btc_miner,186,94,neutral,just stacked more sats bitcoin only,"['stacked', 'more', 'sat', 'bitcoin']",4,1,1,1
btc_00008009,2024-04-22 04:23:51,Study shows: Bitcoin volatility decreasing over time,diamond_hands,16,2,neutral,study shows bitcoin volatility decreasing over time,"['study', 'show', 'bitcoin', 'volatility', 'decreasing', 'time']",6,1,1,1
btc_00008010,2024-04-22 04:01:54,Bitcoin sentiment turning positive! Rally incoming 🚀 💰,trading_pro,5567,1066,positive,bitcoin sentiment turning positive rally incoming,"['bitcoin', 'sentiment', 'turning', 'positive', 'rally', 'incoming']",6,2,2,2
btc_00008011,2024-04-22 04:50:09,Bitcoin breaking resistance! Bullish trend incoming 📈,fundamental,237,61,positive,bitcoin breaking resistance bullish trend incoming,"['bitcoin', 'breaking', 'resistance', 'bullish', 'trend', 'incoming']",6,2,1,1
btc_00008012,2024-04-22 04:10:58,Bitcoin sentiment turning positive! Rally incoming 🚀,technical_ta,121,25,positive,bitcoin sentiment turning positive rally incoming,"['bitcoin', 'sentiment', 'turning', 'positive', 'rally', 'incoming']",6,2,2,2
btc_00008013,2024-04-22 04:36:26,BTC pumping hard! This is just the beginning 🔥,alt_hunter,281,72,neutral,btc pumping hard this is just the beginning,"['btc', 'pumping', 'hard', 'beginning']",4,1,0,1
btc_00008014,2024-04-22 05:57:37,Whales dumping BTC! Retail getting rekt 🐋,technical_ta,265,66,neutral,whales dumping btc retail getting rekt,"['whale', 'dumping', 'btc', 'retail', 'getting', 'rekt']",6,1,0,0
btc_00008015,2024-04-22 05:53:56,Institutional Bitcoin holdings update: Blackrock BTC,crypto_trader,52,27,neutral,institutional bitcoin holdings update blackrock btc,"['institutional', 'bitcoin', 'holding', 'update', 'blackrock', 'btc']",6,1,1,1
btc_00008016,2024-04-22 05:24:52,Lost so much on Bitcoin... never again 😭,bull_run,76,28,neutral,lost so much on bitcoin never again,"['lost', 'much', 'bitcoin', 'never']",4,1,0,0
btc_00008017,2024-04-22 05:46:17,Bitcoin mining difficulty adjusted 52%,sats_stacker,69,3,neutral,bitcoin mining difficulty adjusted,"['bitcoin', 'mining', 'difficulty', 'adjusted']",4,1,0,0
btc_00008018,2024-04-22 06:38:00,Technical analysis shows Bitcoin crash to $40 📉,defi_degen,178,13,negative,technical analysis shows bitcoin crash to,"['technical', 'analysis', 'show', 'bitcoin', 'crash']",5,0,0,0
btc_00008019,2024-04-22 06:32:14,New Bitcoin ETF filing submitted by MicroStrategy,on_chain_data,13,30,neutral,new bitcoin etf filing submitted by microstrategy,"['new', 'bitcoin', 'etf', 'filing', 'submitted', 'microstrategy']",6,1,1,1
btc_00008020,2024-04-22 06:05:07,Bitcoin hash ribbons indicating ETF approval signal,whale_watcher,40,10,neutral,bitcoin hash ribbons indicating etf approval signal,"['bitcoin', 'hash', 'ribbon', 'indicating', 'etf', 'approval', 'signal']",7,1,2,2
btc_00008021,2024-04-22 06:35:50,Bitcoin hash ribbons indicating Square signal,crypto_trader,49,1,neutral,bitcoin hash ribbons indicating square signal,"['bitcoin', 'hash', 'ribbon', 'indicating', 'square', 'signal']",6,1,1,1
btc_00008022,2024-04-22 07:34:25,Bitcoin correlation with stocks remains high 📊 👀,chart_master,40,1,neutral,bitcoin correlation with stocks remains high,"['bitcoin', 'correlation', 'stock', 'remains', 'high']",5,1,1,1
btc_00008023,2024-04-22 07:06:40,Tether FUD affecting Bitcoin price! Not good 😬,defi_degen,76,44,positive,tether fud affecting bitcoin price not good,"['tether', 'fud', 'affecting', 'bitcoin', 'price', 'not', 'good']",7,2,0,0
btc_00008024,2024-04-22 08:33:13,BTC HODLERS BEING REWARDED! DIAMOND HANDS WIN 💎,moon_soon,6168,243,neutral,btc hodlers being rewarded diamond hands win,"['btc', 'hodlers', 'rewarded', 'diamond', 'hand', 'win']",6,1,2,2
btc_00008025,2024-04-22 08:59:57,Bitcoin adoption growing massively! Bullish 📊,moon_soon,172,88,positive,bitcoin adoption growing massively bullish,"['bitcoin', 'adoption', 'growing', 'massively', 'bullish']",5,2,2,2
btc_00008026,2024-04-22 08:16:19,Bullish on #Bitcoin! Target: $74k 🚀,alt_hunter,198,32,positive,bullish on bitcoin target k,"['bullish', 'bitcoin', 'target']",3,2,1,1
btc_00008027,2024-04-22 08:17:23,Just stacked more sats! Bitcoin only 🧡,trading_pro,247,54,neutral,just stacked more sats bitcoin only,"['stacked', 'more', 'sat', 'bitcoin']",4,1,1,1
btc_00008028,2024-04-22 08:50:49,Bitcoin breaking resistance! Bullish trend incoming 📈,trading_pro,132,95,positive,bitcoin breaking resistance bullish trend incoming,"['bitcoin', 'breaking', 'resistance', 'bullish', 'trend', 'incoming']",6,2,1,1
btc_00008029,2024-04-22 09:04:52,BTC hodlers being rewarded! Diamond hands win 💎,fundamental,340,51,neutral,btc hodlers being rewarded diamond hands win,"['btc', 'hodlers', 'rewarded', 'diamond', 'hand', 'win']",6,1,2,2
btc_00008030,2024-04-22 09:40:52,Institutional Bitcoin holdings update: regulation BTC 🎯,bull_run,28,8,neutral,institutional bitcoin holdings update regulation btc,"['institutional', 'bitcoin', 'holding', 'update', 'regulation', 'btc']",6,1,1,1
btc_00008031,2024-04-22 10:00:41,Consolidation phase for Bitcoin continues ⏸️,nft_collector,30,1,neutral,consolidation phase for bitcoin continues,"['consolidation', 'phase', 'bitcoin', 'continues']",4,1,1,1
btc_00008032,2024-04-22 10:54:51,BTC holding steady at Kraken support level,crypto_analyst,22,4,neutral,btc holding steady at kraken support level,"['btc', 'holding', 'steady', 'kraken', 'support', 'level']",6,1,2,2
btc_00008033,2024-04-22 10:28:27,BTC pumping hard! This is just the beginning 🔥,crypto_skeptic,397,37,neutral,btc pumping hard this is just the beginning,"['btc', 'pumping', 'hard', 'beginning']",4,1,0,1
btc_00008034,2024-04-22 10:23:54,"Bitcoin dominance at 53%, altcoins struggling",bull_run,20,10,neutral,bitcoin dominance at altcoins struggling,"['bitcoin', 'dominance', 'altcoins', 'struggling']",4,1,0,1
btc_00008035,2024-04-22 11:18:09,BITCOIN MINING DIFFICULTY ADJUSTED 48%,bitcoin_maxie,61,5,neutral,bitcoin mining difficulty adjusted,"['bitcoin', 'mining', 'difficulty', 'adjusted']",4,1,0,0
btc_00008036,2024-04-22 12:16:17,Regulatory pressure killing Bitcoin! Be careful! ⚖️ 👀,fundamental,166,6,neutral,regulatory pressure killing bitcoin be careful,"['regulatory', 'pressure', 'killing', 'bitcoin', 'careful']",5,1,0,0
btc_00008037,2024-04-22 12:34:03,Lost so much on Bitcoin... never again 😭 ⚡,bear_market,99,84,neutral,lost so much on bitcoin never again,"['lost', 'much', 'bitcoin', 'never']",4,1,0,0
btc_00008038,2024-04-22 12:00:20,Bitcoin crashing hard! Sell everything! 📉,crypto_trader,234,18,negative,bitcoin crashing hard sell everything,"['bitcoin', 'crashing', 'hard', 'sell', 'everything']",5,0,0,1
btc_00008039,2024-04-22 13:33:53,Institutions buying Bitcoin = moon time 🌙 🚨,alt_hunter,399,54,positive,institutions buying bitcoin moon time,"['institution', 'buying', 'bitcoin', 'moon', 'time']",5,2,1,1
btc_00008040,2024-04-22 13:27:12,Bitcoin looking strong at $68 resistance broken!,bear_market,198,76,neutral,bitcoin looking strong at resistance broken,"['bitcoin', 'looking', 'strong', 'resistance', 'broken']",5,1,2,2
btc_00008041,2024-04-22 13:11:26,Bitcoin adoption growing massively! Bullish 📊,bear_market,93,49,positive,bitcoin adoption growing massively bullish,"['bitcoin', 'adoption', 'growing', 'massively', 'bullish']",5,2,2,2
btc_00008042,2024-04-22 13:00:53,Bitcoin correlation with stocks remains high 📊,whale_watcher,25,19,neutral,bitcoin correlation with stocks remains high,"['bitcoin', 'correlation', 'stock', 'remains', 'high']",5,1,1,1
btc_00008043,2024-04-22 13:18:47,Analyzing Bitcoin chart patterns today 📈,trading_pro,60,1,neutral,analyzing bitcoin chart patterns today,"['analyzing', 'bitcoin', 'chart', 'pattern', 'today']",5,1,1,1
btc_00008044,2024-04-22 13:40:54,"BITCOIN BUBBLE BURSTING, WARNED YOU ALL 😱 🔥",hodl_gang,208,34,neutral,bitcoin bubble bursting warned you all,"['bitcoin', 'bubble', 'bursting', 'warned']",4,1,0,0
btc_00008045,2024-04-22 14:36:24,DCA into Bitcoin = winning strategy 📊,bitcoin_og,825,41,neutral,dca into bitcoin winning strategy,"['dca', 'bitcoin', 'winning', 'strategy']",4,1,2,2
btc_00008046,2024-04-22 14:56:05,"Bearish on Bitcoin, downtrend confirmed 🐻 🔥",bitcoin_og,574,15,negative,bearish on bitcoin downtrend confirmed,"['bearish', 'bitcoin', 'downtrend', 'confirmed']",4,0,1,1
btc_00008047,2024-04-22 14:31:33,Bullish on #Bitcoin! Target: $63k 🚀 🎯,whale_watcher,979,63,positive,bullish on bitcoin target k,"['bullish', 'bitcoin', 'target']",3,2,1,1
btc_00008048,2024-04-22 14:01:11,Bitcoin currently trading at $49751 📊,fundamental,134,9,neutral,bitcoin currently trading at,"['bitcoin', 'currently', 'trading']",3,1,1,1
btc_00008049,2024-04-22 15:57:36,"Crypto winter is here, Bitcoin going to $32 🥶",sats_stacker,415,107,neutral,crypto winter is here bitcoin going to,"['crypto', 'winter', 'bitcoin', 'going']",4,1,1,1
btc_00008050,2024-04-22 16:27:58,Survey: 46% of investors hold Bitcoin,technical_ta,85,64,neutral,survey of investors hold bitcoin,"['survey', 'investor', 'hold', 'bitcoin']",4,1,1,1
btc_00008051,2024-04-22 16:11:05,"Bitcoin volume increasing, watching closely 👀",fundamental,226,29,neutral,bitcoin volume increasing watching closely,"['bitcoin', 'volume', 'increasing', 'watching', 'closely']",5,1,1,1
btc_00008052,2024-04-22 16:20:13,Bitcoin to the moon! 🚀 #BTC #crypto ⚡,bull_run,343,27,positive,bitcoin to the moon btc crypto,"['bitcoin', 'moon', 'btc', 'crypto']",4,2,1,1
btc_00008053,2024-04-22 17:39:22,Bitcoin trading range: $49454 - $51472 👀,whale_watcher,95,27,neutral,bitcoin trading range,"['bitcoin', 'trading', 'range']",3,1,1,1
btc_00008054,2024-04-22 17:28:37,Bitcoin mining centralization = big problem ⚠️ ⚡,diamond_hands,357,116,neutral,bitcoin mining centralization big problem,"['bitcoin', 'mining', 'centralization', 'big', 'problem']",5,1,0,0
btc_00008055,2024-04-22 17:09:37,Bitcoin trading range: $49454 - $51472,on_chain_data,57,38,neutral,bitcoin trading range,"['bitcoin', 'trading', 'range']",3,1,1,1
btc_00008056,2024-04-22 18:52:21,Lost so much on Bitcoin... never again 😭,trading_pro,413,23,neutral,lost so much on bitcoin never again,"['lost', 'much', 'bitcoin', 'never']",4,1,0,0
btc_00008057,2024-04-22 19:37:25,Bitcoin > everything else. Change my mind 💪,nft_collector,377,62,neutral,bitcoin everything else change my mind,"['bitcoin', 'everything', 'else', 'change', 'mind']",5,1,1,1
btc_00008058,2024-04-22 19:23:24,Lost so much on Bitcoin... never again 😭,defi_degen,371,32,neutral,lost so much on bitcoin never again,"['lost', 'much', 'bitcoin', 'never']",4,1,0,0
btc_00008059,2024-04-22 20:31:49,Bullish on #Bitcoin! Target: $60k 🚀,moon_soon,305,84,positive,bullish on bitcoin target k,"['bullish', 'bitcoin', 'target']",3,2,1,1
btc_00008060,2024-04-22 20:52:18,Best decision ever: buying Bitcoin! 🙌,chart_master,799,116,positive,best decision ever buying bitcoin,"['best', 'decision', 'ever', 'buying', 'bitcoin']",5,2,2,2
btc_00008061,2024-04-22 20:52:57,"Bitcoin bubble bursting, warned you all 😱",technical_ta,112,95,neutral,bitcoin bubble bursting warned you all,"['bitcoin', 'bubble', 'bursting', 'warned']",4,1,0,0
btc_00008062,2024-04-22 20:33:20,"Bitcoin will hit $68k this year, mark my words! 📈",diamond_hands,163,283,neutral,bitcoin will hit k this year mark my words,"['bitcoin', 'hit', 'year', 'mark', 'word']",5,1,1,1
btc_00008063,2024-04-22 21:45:05,Bitcoin trading range: $50965 - $53046,btc_miner,75,63,neutral,bitcoin trading range,"['bitcoin', 'trading', 'range']",3,1,1,1
btc_00008064,2024-04-22 21:26:15,STUDY SHOWS: BITCOIN VOLATILITY DECREASING OVER TIME,bitcoin_og,86,43,neutral,study shows bitcoin volatility decreasing over time,"['study', 'show', 'bitcoin', 'volatility', 'decreasing', 'time']",6,1,1,1
btc_00008065,2024-04-22 21:12:56,Bitcoin hash ribbons indicating Kraken signal 💯,crypto_bull,139,18,neutral,bitcoin hash ribbons indicating kraken signal,"['bitcoin', 'hash', 'ribbon', 'indicating', 'kraken', 'signal']",6,1,1,1
btc_00008066,2024-04-22 22:23:26,INSTITUTIONAL BITCOIN HOLDINGS UPDATE: BLACKROCK BTC,moon_soon,155,27,neutral,institutional bitcoin holdings update blackrock btc,"['institutional', 'bitcoin', 'holding', 'update', 'blackrock', 'btc']",6,1,1,1
btc_00008067,2024-04-22 22:30:16,Bitcoin currently trading at $51667 📊,crypto_trader,91,36,neutral,bitcoin currently trading at,"['bitcoin', 'currently', 'trading']",3,1,1,1
btc_00008068,2024-04-22 23:25:02,Market manipulation! Bitcoin not organic growth 😡,defi_degen,183,51,neutral,market manipulation bitcoin not organic growth,"['market', 'manipulation', 'bitcoin', 'not', 'organic', 'growth']",6,1,0,0
btc_00008069,2024-04-22 23:55:51,Bitcoin crashing hard! Sell everything! 📉,moon_soon,96,11,negative,bitcoin crashing hard sell everything,"['bitcoin', 'crashing', 'hard', 'sell', 'everything']",5,0,0,1
btc_00008070,2024-04-23 00:36:56,Bitcoin hash ribbons indicating adoption signal,defi_degen,47,5,neutral,bitcoin hash ribbons indicating adoption signal,"['bitcoin', 'hash', 'ribbon', 'indicating', 'adoption', 'signal']",6,1,1,1
btc_00008071,2024-04-23 00:33:07,Survey: 60% of investors hold Bitcoin,whale_watcher,11,4,neutral,survey of investors hold bitcoin,"['survey', 'investor', 'hold', 'bitcoin']",4,1,1,1
btc_00008072,2024-04-23 00:16:38,Bitcoin breaking resistance! Bullish trend incoming 📈,fundamental,37,50,positive,bitcoin breaking resistance bullish trend incoming,"['bitcoin', 'breaking', 'resistance', 'bullish', 'trend', 'incoming']",6,2,1,1
btc_00008073,2024-04-23 00:59:51,Technical analysis shows Bitcoin crash to $45 📉 🎯,defi_degen,207,52,negative,technical analysis shows bitcoin crash to,"['technical', 'analysis', 'show', 'bitcoin', 'crash']",5,0,0,0
btc_00008074,2024-04-23 01:09:52,"Bitcoin dead, time to move on 💀",defi_degen,65,15,neutral,bitcoin dead time to move on,"['bitcoin', 'dead', 'time', 'move']",4,1,0,0
btc_00008075,2024-04-23 01:43:32,Tether FUD affecting Bitcoin price! Not good 😬,on_chain_data,173,64,positive,tether fud affecting bitcoin price not good,"['tether', 'fud', 'affecting', 'bitcoin', 'price', 'not', 'good']",7,2,0,0
btc_00008076,2024-04-23 02:12:38,Long-term Bitcoin holders not selling 🔒,hodl_gang,18,7,neutral,longterm bitcoin holders not selling,"['longterm', 'bitcoin', 'holder', 'not', 'selling']",5,1,1,1
btc_00008077,2024-04-23 02:59:33,Lost so much on Bitcoin... never again 😭 👀,diamond_hands,184,64,neutral,lost so much on bitcoin never again,"['lost', 'much', 'bitcoin', 'never']",4,1,0,0
btc_00008078,2024-04-23 02:22:57,Bitcoin on-chain metrics showing mixed signals 📊,satoshi_fan,32,8,neutral,bitcoin onchain metrics showing mixed signals,"['bitcoin', 'onchain', 'metric', 'showing', 'mixed', 'signal']",6,1,1,1
btc_00008079,2024-04-23 02:52:00,"Bitcoin = ponzi scheme, wake up people! ⚠️ 💯",btc_miner,296,49,neutral,bitcoin ponzi scheme wake up people,"['bitcoin', 'ponzi', 'scheme', 'wake', 'people']",5,1,1,1
btc_00008080,2024-04-23 03:20:44,Bitcoin > everything else. Change my mind 💪,trading_pro,222,47,neutral,bitcoin everything else change my mind,"['bitcoin', 'everything', 'else', 'change', 'mind']",5,1,1,1
btc_00008081,2024-04-23 03:11:49,Bitcoin adoption growing massively! Bullish 📊 🔥,alt_hunter,376,95,positive,bitcoin adoption growing massively bullish,"['bitcoin', 'adoption', 'growing', 'massively', 'bullish']",5,2,2,2
btc_00008082,2024-04-23 03:18:08,Bitcoin looking strong at $68 resistance broken!,btc_miner,161,15,neutral,bitcoin looking strong at resistance broken,"['bitcoin', 'looking', 'strong', 'resistance', 'broken']",5,1,2,2
btc_00008083,2024-04-23 03:54:37,Lost so much on Bitcoin... never again 😭,crypto_news,948,585,neutral,lost so much on bitcoin never again,"['lost', 'much', 'bitcoin', 'never']",4,1,0,0
btc_00008084,2024-04-23 04:55:09,New Bitcoin ETF filing submitted by PayPal 🚨,on_chain_data,33,7,neutral,new bitcoin etf filing submitted by paypal,"['new', 'bitcoin', 'etf', 'filing', 'submitted', 'paypal']",6,1,1,1
btc_00008085,2024-04-23 04:10:02,Market manipulation! Bitcoin not organic growth 😡,satoshi_fan,111,36,neutral,market manipulation bitcoin not organic growth,"['market', 'manipulation', 'bitcoin', 'not', 'organic', 'growth']",6,1,0,0
btc_00008086,2024-04-23 04:16:27,"Bitcoin scam, government will ban it! ⚠️",fundamental,72,28,negative,bitcoin scam government will ban it,"['bitcoin', 'scam', 'government', 'ban']",4,0,0,0
btc_00008087,2024-04-23 04:34:39,DCA into Bitcoin = winning strategy 📊,crypto_news,301,62,neutral,dca into bitcoin winning strategy,"['dca', 'bitcoin', 'winning', 'strategy']",4,1,2,2
btc_00008088,2024-04-23 04:24:17,Tether FUD affecting Bitcoin price! Not good 😬,technical_ta,143,40,positive,tether fud affecting bitcoin price not good,"['tether', 'fud', 'affecting', 'bitcoin', 'price', 'not', 'good']",7,2,0,0
btc_00008089,2024-04-23 05:23:30,Smart money accumulating Bitcoin quietly 👀,technical_ta,93,63,neutral,smart money accumulating bitcoin quietly,"['smart', 'money', 'accumulating', 'bitcoin', 'quietly']",5,1,2,2
btc_00008090,2024-04-23 05:06:36,Bitcoin looking strong at $59 resistance broken!,crypto_trader,436,149,neutral,bitcoin looking strong at resistance broken,"['bitcoin', 'looking', 'strong', 'resistance', 'broken']",5,1,2,2
btc_00008091,2024-04-23 05:23:48,"Bitcoin dead, time to move on 💀",bull_run,255,28,neutral,bitcoin dead time to move on,"['bitcoin', 'dead', 'time', 'move']",4,1,0,0
btc_00008092,2024-04-23 05:36:27,Bitcoin breaking resistance! Bullish trend incoming 📈,fundamental,124,125,positive,bitcoin breaking resistance bullish trend incoming,"['bitcoin', 'breaking', 'resistance', 'bullish', 'trend', 'incoming']",6,2,1,1
btc_00008093,2024-04-23 06:55:20,BITCOIN CRASHING HARD! SELL EVERYTHING! 📉,whale_watcher,2637,100,negative,bitcoin crashing hard sell everything,"['bitcoin', 'crashing', 'hard', 'sell', 'everything']",5,0,0,1
btc_00008094,2024-04-23 06:17:53,Whales dumping BTC! Retail getting rekt 🐋,defi_degen,184,30,neutral,whales dumping btc retail getting rekt,"['whale', 'dumping', 'btc', 'retail', 'getting', 'rekt']",6,1,0,0
btc_00008095,2024-04-23 06:16:46,BITCOIN TRANSACTION FEES TOO HIGH! UNUSABLE! 💸,crypto_news,79,11,neutral,bitcoin transaction fees too high unusable,"['bitcoin', 'transaction', 'fee', 'high', 'unusable']",5,1,1,1
btc_00008096,2024-04-23 06:33:46,Bitcoin currently trading at $50928 📊,whale_watcher,18,16,neutral,bitcoin currently trading at,"['bitcoin', 'currently', 'trading']",3,1,1,1
btc_00008097,2024-04-23 07:12:24,"Bearish on Bitcoin, downtrend confirmed 🐻",crypto_news,152,51,negative,bearish on bitcoin downtrend confirmed,"['bearish', 'bitcoin', 'downtrend', 'confirmed']",4,0,1,1
btc_00008098,2024-04-23 08:14:00,Institutional Bitcoin holdings update: technology upgrade BTC,crypto_bull,40,2,neutral,institutional bitcoin holdings update technology upgrade btc,"['institutional', 'bitcoin', 'holding', 'update', 'technology', 'upgrade', 'btc']",7,1,1,1
btc_00008099,2024-04-23 08:54:48,Interesting Bitcoin development: MicroStrategy 🚨,whale_watcher,65,8,neutral,interesting bitcoin development microstrategy,"['interesting', 'bitcoin', 'development', 'microstrategy']",4,1,2,2
btc_00008100,2024-04-23 09:17:42,Regulatory pressure killing Bitcoin! Be careful! ⚖️,whale_watcher,283,48,neutral,regulatory pressure killing bitcoin be careful,"['regulatory', 'pressure', 'killing', 'bitcoin', 'careful']",5,1,0,0
btc_00008101,2024-04-23 09:00:39,"Bitcoin bubble bursting, warned you all 😱",nft_collector,98,31,neutral,bitcoin bubble bursting warned you all,"['bitcoin', 'bubble', 'bursting', 'warned']",4,1,0,0
btc_00008102,2024-04-23 10:41:37,Long-term Bitcoin holders not selling 🔒,alt_hunter,101,31,neutral,longterm bitcoin holders not selling,"['longterm', 'bitcoin', 'holder', 'not', 'selling']",5,1,1,1
btc_00008103,2024-04-23 10:23:17,Bitcoin stock-to-flow model update: ratio technology upgrade,technical_ta,15,19,neutral,bitcoin stocktoflow model update ratio technology upgrade,"['bitcoin', 'stocktoflow', 'model', 'update', 'ratio', 'technology', 'upgrade']",7,1,1,1
btc_00008104,2024-04-23 10:02:31,"Bitcoin will hit $70k this year, mark my words! 📈",defi_degen,105,146,neutral,bitcoin will hit k this year mark my words,"['bitcoin', 'hit', 'year', 'mark', 'word']",5,1,1,1
btc_00008105,2024-04-23 10:27:11,BTC hodlers being rewarded! Diamond hands win 💎,btc_hodler,294,95,neutral,btc hodlers being rewarded diamond hands win,"['btc', 'hodlers', 'rewarded', 'diamond', 'hand', 'win']",6,1,2,2
btc_00008106,2024-04-23 11:12:01,"Bearish on Bitcoin, downtrend confirmed 🐻 🎯",satoshi_fan,153,17,negative,bearish on bitcoin downtrend confirmed,"['bearish', 'bitcoin', 'downtrend', 'confirmed']",4,0,1,1
btc_00008107,2024-04-23 11:48:33,BITCOIN TRADING RANGE: $48591 - $50574,diamond_hands,29,11,neutral,bitcoin trading range,"['bitcoin', 'trading', 'range']",3,1,1,1
btc_00008108,2024-04-23 11:41:09,Bitcoin trading range: $48591 - $50574 ⚡,trading_pro,23,20,neutral,bitcoin trading range,"['bitcoin', 'trading', 'range']",3,1,1,1
btc_00008109,2024-04-23 12:10:17,Bitcoin mining centralization = big problem ⚠️,bitcoin_og,25,40,neutral,bitcoin mining centralization big problem,"['bitcoin', 'mining', 'centralization', 'big', 'problem']",5,1,0,0
btc_00008110,2024-04-23 12:10:42,Bitcoin > everything else. Change my mind 💪,on_chain_data,193,63,neutral,bitcoin everything else change my mind,"['bitcoin', 'everything', 'else', 'change', 'mind']",5,1,1,1
btc_00008111,2024-04-23 13:23:12,"Bitcoin scam, government will ban it! ⚠️",alt_hunter,117,27,negative,bitcoin scam government will ban it,"['bitcoin', 'scam', 'government', 'ban']",4,0,0,0
btc_00008112,2024-04-23 13:46:49,Tether FUD affecting Bitcoin price! Not good 😬,bitcoin_maxie,170,6,positive,tether fud affecting bitcoin price not good,"['tether', 'fud', 'affecting', 'bitcoin', 'price', 'not', 'good']",7,2,0,0
btc_00008113,2024-04-23 14:46:21,BULLISH ON #BITCOIN! TARGET: $73K 🚀,bear_market,496,166,positive,bullish on bitcoin target k,"['bullish', 'bitcoin', 'target']",3,2,1,1
btc_00008114,2024-04-23 14:52:06,Just stacked more sats! Bitcoin only 🧡,on_chain_data,230,202,neutral,just stacked more sats bitcoin only,"['stacked', 'more', 'sat', 'bitcoin']",4,1,1,1
btc_00008115,2024-04-23 14:12:25,Bitcoin adoption growing massively! Bullish 📊,crypto_analyst,414,174,positive,bitcoin adoption growing massively bullish,"['bitcoin', 'adoption', 'growing', 'massively', 'bullish']",5,2,2,2
btc_00008116,2024-04-23 15:53:15,Bitcoin crashing hard! Sell everything! 📉,hodl_gang,154,105,negative,bitcoin crashing hard sell everything,"['bitcoin', 'crashing', 'hard', 'sell', 'everything']",5,0,0,1
btc_00008117,2024-04-23 15:27:48,BTC pumping hard! This is just the beginning 🔥,technical_ta,820,72,neutral,btc pumping hard this is just the beginning,"['btc', 'pumping', 'hard', 'beginning']",4,1,0,1
btc_00008118,2024-04-23 15:17:55,"BTC DUMP INCOMING, GET OUT WHILE YOU CAN! 🔻",whale_watcher,382,135,negative,btc dump incoming get out while you can,"['btc', 'dump', 'incoming', 'get']",4,0,0,0
btc_00008119,2024-04-23 15:35:26,Bitcoin network upgrade scheduled for network congestion 🚨,technical_ta,44,13,neutral,bitcoin network upgrade scheduled for network congestion,"['bitcoin', 'network', 'upgrade', 'scheduled', 'network', 'congestion']",6,1,1,1
btc_00008120,2024-04-23 16:04:09,Bitcoin hash ribbons indicating Grayscale signal,chart_master,111,14,neutral,bitcoin hash ribbons indicating grayscale signal,"['bitcoin', 'hash', 'ribbon', 'indicating', 'grayscale', 'signal']",6,1,1,1
btc_00008121,2024-04-23 17:39:37,TECHNICAL ANALYSIS SHOWS BITCOIN CRASH TO $31 📉,sats_stacker,98,44,negative,technical analysis shows bitcoin crash to,"['technical', 'analysis', 'show', 'bitcoin', 'crash']",5,0,0,0
btc_00008122,2024-04-23 17:06:01,Bitcoin adoption growing massively! Bullish 📊,technical_ta,225,58,positive,bitcoin adoption growing massively bullish,"['bitcoin', 'adoption', 'growing', 'massively', 'bullish']",5,2,2,2
btc_00008123,2024-04-23 17:50:34,Bitcoin transaction fees too high! Unusable! 💸,fundamental,136,62,neutral,bitcoin transaction fees too high unusable,"['bitcoin', 'transaction', 'fee', 'high', 'unusable']",5,1,1,1
btc_00008124,2024-04-23 17:43:03,MARKET MANIPULATION! BITCOIN NOT ORGANIC GROWTH 😡,technical_ta,423,49,neutral,market manipulation bitcoin not organic growth,"['market', 'manipulation', 'bitcoin', 'not', 'organic', 'growth']",6,1,0,0
btc_00008125,2024-04-23 17:36:21,Market manipulation! Bitcoin not organic growth 😡,diamond_hands,113,15,neutral,market manipulation bitcoin not organic growth,"['market', 'manipulation', 'bitcoin', 'not', 'organic', 'growth']",6,1,0,0
btc_00008126,2024-04-23 18:22:57,"Crypto winter is here, Bitcoin going to $32 🥶",btc_hodler,172,34,neutral,crypto winter is here bitcoin going to,"['crypto', 'winter', 'bitcoin', 'going']",4,1,1,1
btc_00008127,2024-04-23 19:05:03,"Bitcoin will hit $68k this year, mark my words! 📈",nft_collector,206,124,neutral,bitcoin will hit k this year mark my words,"['bitcoin', 'hit', 'year', 'mark', 'word']",5,1,1,1
btc_00008128,2024-04-23 19:02:25,BITCOIN NETWORK UPGRADE SCHEDULED FOR MINING BAN,sats_stacker,54,67,neutral,bitcoin network upgrade scheduled for mining ban,"['bitcoin', 'network', 'upgrade', 'scheduled', 'mining', 'ban']",6,1,0,0
btc_00008129,2024-04-23 19:06:59,DCA into Bitcoin = winning strategy 📊,bitcoin_maxie,2568,3562,neutral,dca into bitcoin winning strategy,"['dca', 'bitcoin', 'winning', 'strategy']",4,1,2,2
btc_00008130,2024-04-23 19:48:58,Study shows: Bitcoin volatility decreasing over time,defi_degen,88,14,neutral,study shows bitcoin volatility decreasing over time,"['study', 'show', 'bitcoin', 'volatility', 'decreasing', 'time']",6,1,1,1
btc_00008131,2024-04-23 19:07:41,Interesting Bitcoin development: technology upgrade 🚨,crypto_news,166,21,neutral,interesting bitcoin development technology upgrade,"['interesting', 'bitcoin', 'development', 'technology', 'upgrade']",5,1,2,2
btc_00008132,2024-04-23 20:59:26,Bitcoin hash ribbons indicating Binance signal,bear_market,136,32,neutral,bitcoin hash ribbons indicating binance signal,"['bitcoin', 'hash', 'ribbon', 'indicating', 'binance', 'signal']",6,1,1,1
btc_00008133,2024-04-23 20:09:35,Bitcoin crashing hard! Sell everything! 📉,chart_master,438,10,negative,bitcoin crashing hard sell everything,"['bitcoin', 'crashing', 'hard', 'sell', 'everything']",5,0,0,1
btc_00008134,2024-04-23 20:46:02,"Crypto winter is here, Bitcoin going to $29 🥶",whale_watcher,273,55,neutral,crypto winter is here bitcoin going to,"['crypto', 'winter', 'bitcoin', 'going']",4,1,1,1
btc_00008135,2024-04-23 20:36:01,"Bitcoin scam, government will ban it! ⚠️",crypto_bull,316,103,negative,bitcoin scam government will ban it,"['bitcoin', 'scam', 'government', 'ban']",4,0,0,0
btc_00008136,2024-04-23 20:53:56,Bitcoin hashrate at ATH! Network security = bullish 🔒 💰,chart_master,216,155,positive,bitcoin hashrate at ath network security bullish,"['bitcoin', 'hashrate', 'ath', 'network', 'security', 'bullish']",6,2,2,2
btc_00008137,2024-04-23 21:13:17,"Bitcoin dead, time to move on 💀",crypto_trader,124,52,neutral,bitcoin dead time to move on,"['bitcoin', 'dead', 'time', 'move']",4,1,0,0
btc_00008138,2024-04-23 21:55:38,Lost 18% on Bitcoin this week... brutal 💔,crypto_skeptic,648,26,neutral,lost on bitcoin this week brutal,"['lost', 'bitcoin', 'week', 'brutal']",4,1,0,0
btc_00008139,2024-04-23 22:17:42,Interesting Bitcoin development: Tesla,fundamental,211,44,neutral,interesting bitcoin development tesla,"['interesting', 'bitcoin', 'development', 'tesla']",4,1,2,2
btc_00008140,2024-04-23 22:46:40,Bitcoin mining difficulty adjusted 49%,crypto_bull,86,28,neutral,bitcoin mining difficulty adjusted,"['bitcoin', 'mining', 'difficulty', 'adjusted']",4,1,0,0
btc_00008141,2024-04-23 22:20:29,"Bitcoin volume increasing, watching closely 👀",moon_soon,64,60,neutral,bitcoin volume increasing watching closely,"['bitcoin', 'volume', 'increasing', 'watching', 'closely']",5,1,1,1
btc_00008142,2024-04-23 23:29:25,Market update: Bitcoin sideways movement continues,btc_hodler,76,27,neutral,market update bitcoin sideways movement continues,"['market', 'update', 'bitcoin', 'sideways', 'movement', 'continues']",6,1,1,1
btc_00008143,2024-04-23 23:09:16,JUST STACKED MORE SATS! BITCOIN ONLY 🧡,btc_miner,513,150,neutral,just stacked more sats bitcoin only,"['stacked', 'more', 'sat', 'bitcoin']",4,1,1,1
btc_00008144,2024-04-23 23:35:21,BTC technical analysis shows strong uptrend ↗️,satoshi_fan,245,39,neutral,btc technical analysis shows strong uptrend,"['btc', 'technical', 'analysis', 'show', 'strong', 'uptrend']",6,1,2,2
btc_00008145,2024-04-23 23:52:38,Institutions buying Bitcoin = moon time 🌙,bear_market,46,33,positive,institutions buying bitcoin moon time,"['institution', 'buying', 'bitcoin', 'moon', 'time']",5,2,1,1
btc_00008146,2024-04-23 23:40:06,Smart money accumulating Bitcoin quietly 👀,hodl_gang,248,108,neutral,smart money accumulating bitcoin quietly,"['smart', 'money', 'accumulating', 'bitcoin', 'quietly']",5,1,2,2
btc_00008147,2024-04-24 00:16:07,Lost 22% on Bitcoin this week... brutal 💔 🚨,bitcoin_og,62,16,neutral,lost on bitcoin this week brutal,"['lost', 'bitcoin', 'week', 'brutal']",4,1,0,0
btc_00008148,2024-04-24 00:50:59,"Bearish on Bitcoin, downtrend confirmed 🐻",on_chain_data,66,34,negative,bearish on bitcoin downtrend confirmed,"['bearish', 'bitcoin', 'downtrend', 'confirmed']",4,0,1,1
btc_00008149,2024-04-24 00:55:22,Bitcoin stock-to-flow model update: ratio Square,defi_degen,32,11,neutral,bitcoin stocktoflow model update ratio square,"['bitcoin', 'stocktoflow', 'model', 'update', 'ratio', 'square']",6,1,1,1
btc_00008150,2024-04-24 00:49:21,Sold all my BTC before the crash! Dodged bullet 😅,bull_run,196,63,negative,sold all my btc before the crash dodged bullet,"['sold', 'btc', 'crash', 'dodged', 'bullet']",5,0,0,0
btc_00008151,2024-04-24 00:32:03,Just bought more $BTC! HODL strong 💎🙌,technical_ta,226,47,positive,just bought more btc hodl strong,"['bought', 'more', 'btc', 'hodl', 'strong']",5,2,2,2
btc_00008152,2024-04-24 01:13:52,NEW BITCOIN ETF FILING SUBMITTED BY MINING BAN,bitcoin_og,27,17,neutral,new bitcoin etf filing submitted by mining ban,"['new', 'bitcoin', 'etf', 'filing', 'submitted', 'mining', 'ban']",7,1,0,0
btc_00008153,2024-04-24 01:22:07,Bitcoin on-chain metrics showing mixed signals 📊,bitcoin_maxie,50,15,neutral,bitcoin onchain metrics showing mixed signals,"['bitcoin', 'onchain', 'metric', 'showing', 'mixed', 'signal']",6,1,1,1
btc_00008154,2024-04-24 01:48:01,Institutional Bitcoin holdings update: network congestion BTC,whale_watcher,63,19,neutral,institutional bitcoin holdings update network congestion btc,"['institutional', 'bitcoin', 'holding', 'update', 'network', 'congestion', 'btc']",7,1,1,1
btc_00008155,2024-04-24 01:00:32,Bitcoin to the moon! 🚀 #BTC #crypto,bull_run,138,45,positive,bitcoin to the moon btc crypto,"['bitcoin', 'moon', 'btc', 'crypto']",4,2,1,1
btc_00008156,2024-04-24 02:08:47,BITCOIN CURRENTLY TRADING AT $50412 📊,crypto_news,25,13,neutral,bitcoin currently trading at,"['bitcoin', 'currently', 'trading']",3,1,1,1
btc_00008157,2024-04-24 02:39:28,Bitcoin sentiment turning positive! Rally incoming 🚀,btc_miner,216,59,positive,bitcoin sentiment turning positive rally incoming,"['bitcoin', 'sentiment', 'turning', 'positive', 'rally', 'incoming']",6,2,2,2
btc_00008158,2024-04-24 02:26:08,Bitcoin correlation with stocks remains high 📊,bitcoin_maxie,29,1,neutral,bitcoin correlation with stocks remains high,"['bitcoin', 'correlation', 'stock', 'remains', 'high']",5,1,1,1
btc_00008159,2024-04-24 03:05:50,Study shows: Bitcoin volatility decreasing over time,bitcoin_og,37,2,neutral,study shows bitcoin volatility decreasing over time,"['study', 'show', 'bitcoin', 'volatility', 'decreasing', 'time']",6,1,1,1
btc_00008160,2024-04-24 03:50:28,Institutional Bitcoin holdings update: Grayscale BTC,crypto_analyst,12,22,neutral,institutional bitcoin holdings update grayscale btc,"['institutional', 'bitcoin', 'holding', 'update', 'grayscale', 'btc']",6,1,1,1
btc_00008161,2024-04-24 04:05:15,Institutions buying Bitcoin = moon time 🌙,moon_soon,425,17,positive,institutions buying bitcoin moon time,"['institution', 'buying', 'bitcoin', 'moon', 'time']",5,2,1,1
btc_00008162,2024-04-24 04:35:42,"Bitcoin dominance at 43%, altcoins struggling",whale_watcher,60,4,neutral,bitcoin dominance at altcoins struggling,"['bitcoin', 'dominance', 'altcoins', 'struggling']",4,1,0,1
btc_00008163,2024-04-24 05:40:31,Bitcoin trading range: $48406 - $50381,crypto_bull,25,6,neutral,bitcoin trading range,"['bitcoin', 'trading', 'range']",3,1,1,1
btc_00008164,2024-04-24 05:19:17,Institutional Bitcoin holdings update: Binance BTC,bull_run,27,8,neutral,institutional bitcoin holdings update binance btc,"['institutional', 'bitcoin', 'holding', 'update', 'binance', 'btc']",6,1,1,1
btc_00008165,2024-04-24 06:38:32,INTERESTING BITCOIN DEVELOPMENT: FIDELITY,crypto_bull,75,1,neutral,interesting bitcoin development fidelity,"['interesting', 'bitcoin', 'development', 'fidelity']",4,1,2,2
btc_00008166,2024-04-24 06:36:54,Bitcoin to the moon! 🚀 #BTC #crypto,satoshi_fan,286,79,positive,bitcoin to the moon btc crypto,"['bitcoin', 'moon', 'btc', 'crypto']",4,2,1,1
btc_00008167,2024-04-24 06:13:06,Best performing asset: #Bitcoin 🏆,whale_watcher,452,60,positive,best performing asset bitcoin,"['best', 'performing', 'asset', 'bitcoin']",4,2,2,2
btc_00008168,2024-04-24 06:29:44,"Bitcoin bubble bursting, warned you all 😱",sats_stacker,101,18,neutral,bitcoin bubble bursting warned you all,"['bitcoin', 'bubble', 'bursting', 'warned']",4,1,0,0
btc_00008169,2024-04-24 07:05:35,Lost so much on Bitcoin... never again 😭,crypto_news,152,82,neutral,lost so much on bitcoin never again,"['lost', 'much', 'bitcoin', 'never']",4,1,0,0
btc_00008170,2024-04-24 07:43:23,Bitcoin hash ribbons indicating ETF approval signal,crypto_bull,30,1,neutral,bitcoin hash ribbons indicating etf approval signal,"['bitcoin', 'hash', 'ribbon', 'indicating', 'etf', 'approval', 'signal']",7,1,2,2
btc_00008171,2024-04-24 08:55:58,Smart money accumulating Bitcoin quietly 👀,on_chain_data,368,48,neutral,smart money accumulating bitcoin quietly,"['smart', 'money', 'accumulating', 'bitcoin', 'quietly']",5,1,2,2
btc_00008172,2024-04-24 09:11:30,Bitcoin trading range: $53667 - $55858,defi_degen,46,8,neutral,bitcoin trading range,"['bitcoin', 'trading', 'range']",3,1,1,1
btc_00008173,2024-04-24 09:16:50,"Bearish on Bitcoin, downtrend confirmed 🐻 🔥",alt_hunter,39,60,negative,bearish on bitcoin downtrend confirmed,"['bearish', 'bitcoin', 'downtrend', 'confirmed']",4,0,1,1
btc_00008174,2024-04-24 09:31:29,Institutions buying Bitcoin = moon time 🌙,bitcoin_og,168,6,positive,institutions buying bitcoin moon time,"['institution', 'buying', 'bitcoin', 'moon', 'time']",5,2,1,1
btc_00008175,2024-04-24 09:25:30,New Bitcoin ETF filing submitted by network congestion,technical_ta,57,22,neutral,new bitcoin etf filing submitted by network congestion,"['new', 'bitcoin', 'etf', 'filing', 'submitted', 'network', 'congestion']",7,1,1,1
btc_00008176,2024-04-24 09:37:28,DCA into Bitcoin = winning strategy 📊,btc_miner,248,61,neutral,dca into bitcoin winning strategy,"['dca', 'bitcoin', 'winning', 'strategy']",4,1,2,2
btc_00008177,2024-04-24 09:56:54,Bitcoin network upgrade scheduled for adoption,btc_hodler,63,3,neutral,bitcoin network upgrade scheduled for adoption,"['bitcoin', 'network', 'upgrade', 'scheduled', 'adoption']",5,1,1,1
btc_00008178,2024-04-24 10:42:54,"Bitcoin = ponzi scheme, wake up people! ⚠️ 💯",technical_ta,104,33,neutral,bitcoin ponzi scheme wake up people,"['bitcoin', 'ponzi', 'scheme', 'wake', 'people']",5,1,1,1
btc_00008179,2024-04-24 10:09:20,Bitcoin trading range: $53084 - $55251 🔥,bull_run,16,26,neutral,bitcoin trading range,"['bitcoin', 'trading', 'range']",3,1,1,1
btc_00008180,2024-04-24 10:27:42,Study shows: Bitcoin volatility decreasing over time,alt_hunter,54,19,neutral,study shows bitcoin volatility decreasing over time,"['study', 'show', 'bitcoin', 'volatility', 'decreasing', 'time']",6,1,1,1
btc_00008181,2024-04-24 10:51:30,Consolidation phase for Bitcoin continues ⏸️,btc_miner,49,13,neutral,consolidation phase for bitcoin continues,"['consolidation', 'phase', 'bitcoin', 'continues']",4,1,1,1
btc_00008182,2024-04-24 11:59:47,MARKET MANIPULATION! BITCOIN NOT ORGANIC GROWTH 😡 🎯,moon_soon,158,28,neutral,market manipulation bitcoin not organic growth,"['market', 'manipulation', 'bitcoin', 'not', 'organic', 'growth']",6,1,0,0
btc_00008183,2024-04-24 11:45:59,Market manipulation! Bitcoin not organic growth 😡,moon_soon,125,8,neutral,market manipulation bitcoin not organic growth,"['market', 'manipulation', 'bitcoin', 'not', 'organic', 'growth']",6,1,0,0
btc_00008184,2024-04-24 11:33:51,Institutions buying Bitcoin = moon time 🌙,whale_watcher,298,64,positive,institutions buying bitcoin moon time,"['institution', 'buying', 'bitcoin', 'moon', 'time']",5,2,1,1
btc_00008185,2024-04-24 11:30:50,Technical analysis shows Bitcoin crash to $31 📉,diamond_hands,72,28,negative,technical analysis shows bitcoin crash to,"['technical', 'analysis', 'show', 'bitcoin', 'crash']",5,0,0,0
btc_00008186,2024-04-24 11:43:21,Bitcoin transaction fees too high! Unusable! 💸,bear_market,154,29,neutral,bitcoin transaction fees too high unusable,"['bitcoin', 'transaction', 'fee', 'high', 'unusable']",5,1,1,1
btc_00008187,2024-04-24 12:01:47,Regulatory pressure killing Bitcoin! Be careful! ⚖️,moon_soon,172,28,neutral,regulatory pressure killing bitcoin be careful,"['regulatory', 'pressure', 'killing', 'bitcoin', 'careful']",5,1,0,0
btc_00008188,2024-04-24 12:17:25,Just bought more $BTC! HODL strong 💎🙌,crypto_analyst,56,41,positive,just bought more btc hodl strong,"['bought', 'more', 'btc', 'hodl', 'strong']",5,2,2,2
btc_00008189,2024-04-24 13:49:18,Bitcoin adoption growing massively! Bullish 📊,technical_ta,358,58,positive,bitcoin adoption growing massively bullish,"['bitcoin', 'adoption', 'growing', 'massively', 'bullish']",5,2,2,2
btc_00008190,2024-04-24 13:31:40,Just bought more $BTC! HODL strong 💎🙌,sats_stacker,99,81,positive,just bought more btc hodl strong,"['bought', 'more', 'btc', 'hodl', 'strong']",5,2,2,2
btc_00008191,2024-04-24 13:55:27,"Bearish on Bitcoin, downtrend confirmed 🐻",crypto_analyst,192,31,negative,bearish on bitcoin downtrend confirmed,"['bearish', 'bitcoin', 'downtrend', 'confirmed']",4,0,1,1
btc_00008192,2024-04-24 13:43:16,Bitcoin breaking resistance! Bullish trend incoming 📈 🚨,bear_market,62,56,positive,bitcoin breaking resistance bullish trend incoming,"['bitcoin', 'breaking', 'resistance', 'bullish', 'trend', 'incoming']",6,2,1,1
btc_00008193,2024-04-24 14:17:50,Tether FUD affecting Bitcoin price! Not good 😬,defi_degen,364,22,positive,tether fud affecting bitcoin price not good,"['tether', 'fud', 'affecting', 'bitcoin', 'price', 'not', 'good']",7,2,0,0
btc_00008194,2024-04-24 15:11:16,Market manipulation! Bitcoin not organic growth 😡,btc_hodler,524,35,neutral,market manipulation bitcoin not organic growth,"['market', 'manipulation', 'bitcoin', 'not', 'organic', 'growth']",6,1,0,0
btc_00008195,2024-04-24 16:07:50,Amazing gains on Bitcoin today! Up 3% 🎉,defi_degen,538,203,neutral,amazing gains on bitcoin today up,"['amazing', 'gain', 'bitcoin', 'today']",4,1,2,2
btc_00008196,2024-04-24 17:13:18,Best performing asset: #Bitcoin 🏆,btc_hodler,359,60,positive,best performing asset bitcoin,"['best', 'performing', 'asset', 'bitcoin']",4,2,2,2
btc_00008197,2024-04-24 17:09:47,BITCOIN ON-CHAIN METRICS SHOWING MIXED SIGNALS 📊,btc_miner,221,53,neutral,bitcoin onchain metrics showing mixed signals,"['bitcoin', 'onchain', 'metric', 'showing', 'mixed', 'signal']",6,1,1,1
btc_00008198,2024-04-24 18:28:43,BITCOIN ADOPTION GROWING MASSIVELY! BULLISH 📊,trading_pro,778,229,positive,bitcoin adoption growing massively bullish,"['bitcoin', 'adoption', 'growing', 'massively', 'bullish']",5,2,2,2
btc_00008199,2024-04-24 18:41:40,Bitcoin network upgrade scheduled for mining ban,btc_hodler,164,28,neutral,bitcoin network upgrade scheduled for mining ban,"['bitcoin', 'network', 'upgrade', 'scheduled', 'mining', 'ban']",6,1,0,0
btc_00008200,2024-04-24 18:01:04,Bitcoin crashing hard! Sell everything! 📉,whale_watcher,466,126,negative,bitcoin crashing hard sell everything,"['bitcoin', 'crashing', 'hard', 'sell', 'everything']",5,0,0,1
btc_00008201,2024-04-24 18:35:41,Just bought more $BTC! HODL strong 💎🙌 👀,fundamental,727,236,positive,just bought more btc hodl strong,"['bought', 'more', 'btc', 'hodl', 'strong']",5,2,2,2
btc_00008202,2024-04-24 19:20:51,"Bitcoin dominance at 59%, altcoins struggling",crypto_analyst,46,42,neutral,bitcoin dominance at altcoins struggling,"['bitcoin', 'dominance', 'altcoins', 'struggling']",4,1,0,1
btc_00008203,2024-04-24 20:36:22,Bitcoin stock-to-flow model update: ratio regulation 🚨,crypto_news,107,16,neutral,bitcoin stocktoflow model update ratio regulation,"['bitcoin', 'stocktoflow', 'model', 'update', 'ratio', 'regulation']",6,1,1,1
btc_00008204,2024-04-24 20:14:06,Market update: Bitcoin sideways movement continues,hodl_gang,132,15,neutral,market update bitcoin sideways movement continues,"['market', 'update', 'bitcoin', 'sideways', 'movement', 'continues']",6,1,1,1
btc_00008205,2024-04-24 21:35:48,Just bought more $BTC! HODL strong 💎🙌,bitcoin_maxie,134,191,positive,just bought more btc hodl strong,"['bought', 'more', 'btc', 'hodl', 'strong']",5,2,2,2
btc_00008206,2024-04-24 21:08:56,Bitcoin stock-to-flow model update: ratio Tesla,nft_collector,81,64,neutral,bitcoin stocktoflow model update ratio tesla,"['bitcoin', 'stocktoflow', 'model', 'update', 'ratio', 'tesla']",6,1,1,1
btc_00008207,2024-04-24 21:41:48,Institutions buying Bitcoin = moon time 🌙 👀,technical_ta,780,1428,positive,institutions buying bitcoin moon time,"['institution', 'buying', 'bitcoin', 'moon', 'time']",5,2,1,1
btc_00008208,2024-04-24 22:15:36,Bitcoin currently trading at $49992 📊,sats_stacker,115,33,neutral,bitcoin currently trading at,"['bitcoin', 'currently', 'trading']",3,1,1,1
btc_00008209,2024-04-24 22:08:32,Bitcoin breaking resistance! Bullish trend incoming 📈,crypto_analyst,748,39,positive,bitcoin breaking resistance bullish trend incoming,"['bitcoin', 'breaking', 'resistance', 'bullish', 'trend', 'incoming']",6,2,1,1
btc_00008210,2024-04-24 23:16:28,Institutional Bitcoin holdings update: Square BTC,fundamental,60,4,neutral,institutional bitcoin holdings update square btc,"['institutional', 'bitcoin', 'holding', 'update', 'square', 'btc']",6,1,1,1
btc_00008211,2024-04-24 23:27:17,Bitcoin > everything else. Change my mind 💪,crypto_trader,103,84,neutral,bitcoin everything else change my mind,"['bitcoin', 'everything', 'else', 'change', 'mind']",5,1,1,1
btc_00008212,2024-04-24 23:06:22,Study shows: Bitcoin volatility decreasing over time,sats_stacker,44,14,neutral,study shows bitcoin volatility decreasing over time,"['study', 'show', 'bitcoin', 'volatility', 'decreasing', 'time']",6,1,1,1
btc_00008213,2024-04-25 00:36:21,Bitcoin breaking resistance! Bullish trend incoming 📈,bitcoin_og,438,120,positive,bitcoin breaking resistance bullish trend incoming,"['bitcoin', 'breaking', 'resistance', 'bullish', 'trend', 'incoming']",6,2,1,1
btc_00008214,2024-04-25 00:13:31,Best decision ever: buying Bitcoin! 🙌,sats_stacker,61,40,positive,best decision ever buying bitcoin,"['best', 'decision', 'ever', 'buying', 'bitcoin']",5,2,2,2
btc_00008215,2024-04-25 01:02:06,Lost 17% on Bitcoin this week... brutal 💔,technical_ta,2520,459,neutral,lost on bitcoin this week brutal,"['lost', 'bitcoin', 'week', 'brutal']",4,1,0,0
btc_00008216,2024-04-25 01:40:27,Whales dumping BTC! Retail getting rekt 🐋,crypto_analyst,143,53,neutral,whales dumping btc retail getting rekt,"['whale', 'dumping', 'btc', 'retail', 'getting', 'rekt']",6,1,0,0
btc_00008217,2024-04-25 02:16:28,Technical analysis shows Bitcoin crash to $37 📉,bear_market,190,51,negative,technical analysis shows bitcoin crash to,"['technical', 'analysis', 'show', 'bitcoin', 'crash']",5,0,0,0
btc_00008218,2024-04-25 02:43:42,Lost so much on Bitcoin... never again 😭,crypto_analyst,1120,868,neutral,lost so much on bitcoin never again,"['lost', 'much', 'bitcoin', 'never']",4,1,0,0
btc_00008219,2024-04-25 02:09:07,Bitcoin breaking resistance! Bullish trend incoming 📈,crypto_trader,177,52,positive,bitcoin breaking resistance bullish trend incoming,"['bitcoin', 'breaking', 'resistance', 'bullish', 'trend', 'incoming']",6,2,1,1
btc_00008220,2024-04-25 02:12:09,BTC hodlers being rewarded! Diamond hands win 💎,chart_master,100,92,neutral,btc hodlers being rewarded diamond hands win,"['btc', 'hodlers', 'rewarded', 'diamond', 'hand', 'win']",6,1,2,2
btc_00008221,2024-04-25 02:38:18,"Bitcoin dominance at 43%, altcoins struggling",satoshi_fan,38,6,neutral,bitcoin dominance at altcoins struggling,"['bitcoin', 'dominance', 'altcoins', 'struggling']",4,1,0,1
btc_00008222,2024-04-25 03:31:52,Tether FUD affecting Bitcoin price! Not good 😬,fundamental,59,28,positive,tether fud affecting bitcoin price not good,"['tether', 'fud', 'affecting', 'bitcoin', 'price', 'not', 'good']",7,2,0,0
btc_00008223,2024-04-25 03:48:12,Bitcoin transaction fees too high! Unusable! 💸,crypto_trader,113,86,neutral,bitcoin transaction fees too high unusable,"['bitcoin', 'transaction', 'fee', 'high', 'unusable']",5,1,1,1
btc_00008224,2024-04-25 03:13:35,Bitcoin currently trading at $50117 📊,trading_pro,46,3,neutral,bitcoin currently trading at,"['bitcoin', 'currently', 'trading']",3,1,1,1
btc_00008225,2024-04-25 03:35:18,Bitcoin transaction fees too high! Unusable! 💸,crypto_skeptic,84,24,neutral,bitcoin transaction fees too high unusable,"['bitcoin', 'transaction', 'fee', 'high', 'unusable']",5,1,1,1
btc_00008226,2024-04-25 04:54:03,"Bitcoin scam, government will ban it! ⚠️",hodl_gang,151,43,negative,bitcoin scam government will ban it,"['bitcoin', 'scam', 'government', 'ban']",4,0,0,0
btc_00008227,2024-04-25 04:30:48,DCA into Bitcoin = winning strategy 📊,on_chain_data,179,56,neutral,dca into bitcoin winning strategy,"['dca', 'bitcoin', 'winning', 'strategy']",4,1,2,2
btc_00008228,2024-04-25 04:32:45,Study shows: Bitcoin volatility decreasing over time,crypto_analyst,44,12,neutral,study shows bitcoin volatility decreasing over time,"['study', 'show', 'bitcoin', 'volatility', 'decreasing', 'time']",6,1,1,1
btc_00008229,2024-04-25 04:40:27,"Bitcoin dead, time to move on 💀",alt_hunter,25,34,neutral,bitcoin dead time to move on,"['bitcoin', 'dead', 'time', 'move']",4,1,0,0
btc_00008230,2024-04-25 04:22:47,Bitcoin looking strong at $61 resistance broken!,bitcoin_og,198,69,neutral,bitcoin looking strong at resistance broken,"['bitcoin', 'looking', 'strong', 'resistance', 'broken']",5,1,2,2
btc_00008231,2024-04-25 05:16:28,Sold all my BTC before the crash! Dodged bullet 😅 ⚡,hodl_gang,221,55,negative,sold all my btc before the crash dodged bullet,"['sold', 'btc', 'crash', 'dodged', 'bullet']",5,0,0,0
btc_00008232,2024-04-25 05:47:43,Bitcoin crashing hard! Sell everything! 📉,chart_master,65,33,negative,bitcoin crashing hard sell everything,"['bitcoin', 'crashing', 'hard', 'sell', 'everything']",5,0,0,1
btc_00008233,2024-04-25 06:57:32,Regulatory pressure killing Bitcoin! Be careful! ⚖️,btc_hodler,51,7,neutral,regulatory pressure killing bitcoin be careful,"['regulatory', 'pressure', 'killing', 'bitcoin', 'careful']",5,1,0,0
btc_00008234,2024-04-25 06:24:52,Market update: Bitcoin sideways movement continues,alt_hunter,8,6,neutral,market update bitcoin sideways movement continues,"['market', 'update', 'bitcoin', 'sideways', 'movement', 'continues']",6,1,1,1
btc_00008235,2024-04-25 06:06:41,"Bitcoin bubble bursting, warned you all 😱",alt_hunter,3344,784,neutral,bitcoin bubble bursting warned you all,"['bitcoin', 'bubble', 'bursting', 'warned']",4,1,0,0
btc_00008236,2024-04-25 07:34:50,"Bitcoin volume increasing, watching closely 👀",fundamental,58,20,neutral,bitcoin volume increasing watching closely,"['bitcoin', 'volume', 'increasing', 'watching', 'closely']",5,1,1,1
btc_00008237,2024-04-25 07:10:17,Bitcoin breaking resistance! Bullish trend incoming 📈 🎯,crypto_trader,307,82,positive,bitcoin breaking resistance bullish trend incoming,"['bitcoin', 'breaking', 'resistance', 'bullish', 'trend', 'incoming']",6,2,1,1
btc_00008238,2024-04-25 08:01:30,Bitcoin mining centralization = big problem ⚠️,satoshi_fan,31,49,neutral,bitcoin mining centralization big problem,"['bitcoin', 'mining', 'centralization', 'big', 'problem']",5,1,0,0
btc_00008239,2024-04-25 08:53:02,Long-term Bitcoin holders not selling 🔒,fundamental,28,4,neutral,longterm bitcoin holders not selling,"['longterm', 'bitcoin', 'holder', 'not', 'selling']",5,1,1,1
btc_00008240,2024-04-25 08:52:29,Market update: Bitcoin sideways movement continues,trading_pro,40,9,neutral,market update bitcoin sideways movement continues,"['market', 'update', 'bitcoin', 'sideways', 'movement', 'continues']",6,1,1,1
btc_00008241,2024-04-25 08:09:31,Institutions buying Bitcoin = moon time 🌙,defi_degen,472,45,positive,institutions buying bitcoin moon time,"['institution', 'buying', 'bitcoin', 'moon', 'time']",5,2,1,1
btc_00008242,2024-04-25 09:02:32,Bitcoin crashing hard! Sell everything! 📉,on_chain_data,166,6,negative,bitcoin crashing hard sell everything,"['bitcoin', 'crashing', 'hard', 'sell', 'everything']",5,0,0,1
btc_00008243,2024-04-25 09:48:58,New Bitcoin ETF filing submitted by adoption,bitcoin_og,82,20,neutral,new bitcoin etf filing submitted by adoption,"['new', 'bitcoin', 'etf', 'filing', 'submitted', 'adoption']",6,1,1,1
btc_00008244,2024-04-25 09:16:38,Bitcoin fear & greed at extreme levels! Crash coming 😰,chart_master,257,66,negative,bitcoin fear greed at extreme levels crash coming,"['bitcoin', 'fear', 'greed', 'extreme', 'level', 'crash', 'coming']",7,0,0,0
btc_00008245,2024-04-25 09:30:15,"Bitcoin scam, government will ban it! ⚠️",sats_stacker,34,21,negative,bitcoin scam government will ban it,"['bitcoin', 'scam', 'government', 'ban']",4,0,0,0
btc_00008246,2024-04-25 10:25:52,Bitcoin sentiment turning positive! Rally incoming 🚀,nft_collector,233,118,positive,bitcoin sentiment turning positive rally incoming,"['bitcoin', 'sentiment', 'turning', 'positive', 'rally', 'incoming']",6,2,2,2
btc_00008247,2024-04-25 10:18:33,Best decision ever: buying Bitcoin! 🙌,crypto_analyst,302,137,positive,best decision ever buying bitcoin,"['best', 'decision', 'ever', 'buying', 'bitcoin']",5,2,2,2
btc_00008248,2024-04-25 10:12:01,Best decision ever: buying Bitcoin! 🙌,on_chain_data,270,25,positive,best decision ever buying bitcoin,"['best', 'decision', 'ever', 'buying', 'bitcoin']",5,2,2,2
btc_00008249,2024-04-25 10:32:03,Bitcoin mining difficulty adjusted 59%,moon_soon,16,15,neutral,bitcoin mining difficulty adjusted,"['bitcoin', 'mining', 'difficulty', 'adjusted']",4,1,0,0
btc_00008250,2024-04-25 10:28:56,Bullish on #Bitcoin! Target: $64k 🚀,trading_pro,93,48,positive,bullish on bitcoin target k,"['bullish', 'bitcoin', 'target']",3,2,1,1
btc_00008251,2024-04-25 10:19:17,Bitcoin > everything else. Change my mind 💪 ⚡,crypto_news,351,145,neutral,bitcoin everything else change my mind,"['bitcoin', 'everything', 'else', 'change', 'mind']",5,1,1,1
btc_00008252,2024-04-25 11:14:20,Lost 20% on Bitcoin this week... brutal 💔,hodl_gang,112,30,neutral,lost on bitcoin this week brutal,"['lost', 'bitcoin', 'week', 'brutal']",4,1,0,0
btc_00008253,2024-04-25 12:20:10,Bitcoin mining difficulty adjusted 52%,crypto_analyst,71,25,neutral,bitcoin mining difficulty adjusted,"['bitcoin', 'mining', 'difficulty', 'adjusted']",4,1,0,0
btc_00008254,2024-04-25 12:56:36,Bitcoin > everything else. Change my mind 💪,diamond_hands,960,405,neutral,bitcoin everything else change my mind,"['bitcoin', 'everything', 'else', 'change', 'mind']",5,1,1,1
btc_00008255,2024-04-25 12:27:41,"Bitcoin dead, time to move on 💀",whale_watcher,48,7,neutral,bitcoin dead time to move on,"['bitcoin', 'dead', 'time', 'move']",4,1,0,0
btc_00008256,2024-04-25 12:14:41,BITCOIN CORRELATION WITH STOCKS REMAINS HIGH 📊,whale_watcher,53,5,neutral,bitcoin correlation with stocks remains high,"['bitcoin', 'correlation', 'stock', 'remains', 'high']",5,1,1,1
btc_00008257,2024-04-25 13:28:40,Bitcoin on-chain metrics showing mixed signals 📊,nft_collector,26,23,neutral,bitcoin onchain metrics showing mixed signals,"['bitcoin', 'onchain', 'metric', 'showing', 'mixed', 'signal']",6,1,1,1
btc_00008258,2024-04-25 13:44:07,Smart money accumulating Bitcoin quietly 👀,trading_pro,321,140,neutral,smart money accumulating bitcoin quietly,"['smart', 'money', 'accumulating', 'bitcoin', 'quietly']",5,1,2,2
btc_00008259,2024-04-25 14:22:10,"Bitcoin = ponzi scheme, wake up people! ⚠️",chart_master,473,65,neutral,bitcoin ponzi scheme wake up people,"['bitcoin', 'ponzi', 'scheme', 'wake', 'people']",5,1,1,1
btc_00008260,2024-04-25 14:41:31,Lost 24% on Bitcoin this week... brutal 💔 🔥,crypto_analyst,461,85,neutral,lost on bitcoin this week brutal,"['lost', 'bitcoin', 'week', 'brutal']",4,1,0,0
btc_00008261,2024-04-25 15:27:44,New Bitcoin ETF filing submitted by adoption,bitcoin_og,173,43,neutral,new bitcoin etf filing submitted by adoption,"['new', 'bitcoin', 'etf', 'filing', 'submitted', 'adoption']",6,1,1,1
btc_00008262,2024-04-25 16:57:15,Bitcoin on-chain metrics showing mixed signals 📊 🎯,bitcoin_og,163,40,neutral,bitcoin onchain metrics showing mixed signals,"['bitcoin', 'onchain', 'metric', 'showing', 'mixed', 'signal']",6,1,1,1
btc_00008263,2024-04-25 16:47:49,"Bitcoin = ponzi scheme, wake up people! ⚠️",nft_collector,64,97,neutral,bitcoin ponzi scheme wake up people,"['bitcoin', 'ponzi', 'scheme', 'wake', 'people']",5,1,1,1
btc_00008264,2024-04-25 17:08:13,Bitcoin fear & greed at extreme levels! Crash coming 😰,fundamental,374,57,negative,bitcoin fear greed at extreme levels crash coming,"['bitcoin', 'fear', 'greed', 'extreme', 'level', 'crash', 'coming']",7,0,0,0
btc_00008265,2024-04-25 17:52:32,Regulatory pressure killing Bitcoin! Be careful! ⚖️,bull_run,219,103,neutral,regulatory pressure killing bitcoin be careful,"['regulatory', 'pressure', 'killing', 'bitcoin', 'careful']",5,1,0,0
btc_00008266,2024-04-25 17:54:32,Bitcoin to the moon! 🚀 #BTC #crypto,moon_soon,6498,2685,positive,bitcoin to the moon btc crypto,"['bitcoin', 'moon', 'btc', 'crypto']",4,2,1,1
btc_00008267,2024-04-25 17:08:34,JUST BOUGHT MORE $BTC! HODL STRONG 💎🙌,bear_market,255,218,positive,just bought more btc hodl strong,"['bought', 'more', 'btc', 'hodl', 'strong']",5,2,2,2
btc_00008268,2024-04-25 17:06:19,Survey: 46% of investors hold Bitcoin,technical_ta,39,45,neutral,survey of investors hold bitcoin,"['survey', 'investor', 'hold', 'bitcoin']",4,1,1,1
btc_00008269,2024-04-25 17:22:51,Consolidation phase for Bitcoin continues ⏸️ 🔥,fundamental,81,27,neutral,consolidation phase for bitcoin continues,"['consolidation', 'phase', 'bitcoin', 'continues']",4,1,1,1
btc_00008270,2024-04-25 18:31:15,Tether FUD affecting Bitcoin price! Not good 😬 🚨,diamond_hands,315,12,positive,tether fud affecting bitcoin price not good,"['tether', 'fud', 'affecting', 'bitcoin', 'price', 'not', 'good']",7,2,0,0
btc_00008271,2024-04-25 18:07:56,"Bitcoin dominance at 45%, altcoins struggling",whale_watcher,133,61,neutral,bitcoin dominance at altcoins struggling,"['bitcoin', 'dominance', 'altcoins', 'struggling']",4,1,0,1
btc_00008272,2024-04-25 19:32:15,Survey: 47% of investors hold Bitcoin,trading_pro,101,58,neutral,survey of investors hold bitcoin,"['survey', 'investor', 'hold', 'bitcoin']",4,1,1,1
btc_00008273,2024-04-25 20:45:03,Bitcoin adoption growing massively! Bullish 📊,bitcoin_maxie,477,66,positive,bitcoin adoption growing massively bullish,"['bitcoin', 'adoption', 'growing', 'massively', 'bullish']",5,2,2,2
btc_00008274,2024-04-25 21:31:06,Study shows: Bitcoin volatility decreasing over time,crypto_news,123,26,neutral,study shows bitcoin volatility decreasing over time,"['study', 'show', 'bitcoin', 'volatility', 'decreasing', 'time']",6,1,1,1
btc_00008275,2024-04-25 21:20:26,Lost so much on Bitcoin... never again 😭,alt_hunter,99,143,neutral,lost so much on bitcoin never again,"['lost', 'much', 'bitcoin', 'never']",4,1,0,0
btc_00008276,2024-04-25 22:14:19,Bitcoin adoption growing massively! Bullish 📊,alt_hunter,185,99,positive,bitcoin adoption growing massively bullish,"['bitcoin', 'adoption', 'growing', 'massively', 'bullish']",5,2,2,2
btc_00008277,2024-04-25 22:16:44,Bitcoin network upgrade scheduled for Tesla,bull_run,3460,572,neutral,bitcoin network upgrade scheduled for tesla,"['bitcoin', 'network', 'upgrade', 'scheduled', 'tesla']",5,1,1,1
btc_00008278,2024-04-25 22:32:04,"Bitcoin dominance at 56%, altcoins struggling",bitcoin_maxie,162,18,neutral,bitcoin dominance at altcoins struggling,"['bitcoin', 'dominance', 'altcoins', 'struggling']",4,1,0,1
btc_00008279,2024-04-25 23:31:34,Bullish on #Bitcoin! Target: $68k 🚀,fundamental,400,41,positive,bullish on bitcoin target k,"['bullish', 'bitcoin', 'target']",3,2,1,1
btc_00008280,2024-04-25 23:15:15,"Bitcoin dominance at 43%, altcoins struggling",hodl_gang,8,6,neutral,bitcoin dominance at altcoins struggling,"['bitcoin', 'dominance', 'altcoins', 'struggling']",4,1,0,1
btc_00008281,2024-04-26 00:01:29,"Bitcoin dominance at 58%, altcoins struggling",crypto_news,30,4,neutral,bitcoin dominance at altcoins struggling,"['bitcoin', 'dominance', 'altcoins', 'struggling']",4,1,0,1
btc_00008282,2024-04-26 00:33:13,Institutional Bitcoin holdings update: network congestion BTC,crypto_analyst,40,9,neutral,institutional bitcoin holdings update network congestion btc,"['institutional', 'bitcoin', 'holding', 'update', 'network', 'congestion', 'btc']",7,1,1,1
btc_00008283,2024-04-26 00:17:24,Bitcoin adoption growing massively! Bullish 📊,defi_degen,264,15,positive,bitcoin adoption growing massively bullish,"['bitcoin', 'adoption', 'growing', 'massively', 'bullish']",5,2,2,2
btc_00008284,2024-04-26 01:52:45,Best performing asset: #Bitcoin 🏆 🚨,diamond_hands,2178,108,positive,best performing asset bitcoin,"['best', 'performing', 'asset', 'bitcoin']",4,2,2,2
btc_00008285,2024-04-26 02:28:58,Institutional Bitcoin holdings update: Blackrock BTC,moon_soon,37,9,neutral,institutional bitcoin holdings update blackrock btc,"['institutional', 'bitcoin', 'holding', 'update', 'blackrock', 'btc']",6,1,1,1
btc_00008286,2024-04-26 02:27:13,Just stacked more sats! Bitcoin only 🧡 🔥,bitcoin_maxie,172,73,neutral,just stacked more sats bitcoin only,"['stacked', 'more', 'sat', 'bitcoin']",4,1,1,1
btc_00008287,2024-04-26 03:41:47,"Bitcoin dead, time to move on 💀",technical_ta,53,74,neutral,bitcoin dead time to move on,"['bitcoin', 'dead', 'time', 'move']",4,1,0,0
btc_00008288,2024-04-26 03:23:22,MARKET MANIPULATION! BITCOIN NOT ORGANIC GROWTH 😡 🔥,whale_watcher,89,21,neutral,market manipulation bitcoin not organic growth,"['market', 'manipulation', 'bitcoin', 'not', 'organic', 'growth']",6,1,0,0
btc_00008289,2024-04-26 04:46:15,"Bitcoin dominance at 50%, altcoins struggling",crypto_news,85,17,neutral,bitcoin dominance at altcoins struggling,"['bitcoin', 'dominance', 'altcoins', 'struggling']",4,1,0,1
btc_00008290,2024-04-26 04:21:57,Survey: 59% of investors hold Bitcoin,on_chain_data,22,11,neutral,survey of investors hold bitcoin,"['survey', 'investor', 'hold', 'bitcoin']",4,1,1,1
btc_00008291,2024-04-26 05:13:53,Technical analysis shows Bitcoin crash to $39 📉,bull_run,104,59,negative,technical analysis shows bitcoin crash to,"['technical', 'analysis', 'show', 'bitcoin', 'crash']",5,0,0,0
btc_00008292,2024-04-26 05:36:53,"Bitcoin dead, time to move on 💀",satoshi_fan,178,31,neutral,bitcoin dead time to move on,"['bitcoin', 'dead', 'time', 'move']",4,1,0,0
btc_00008293,2024-04-26 05:56:58,Bitcoin network upgrade scheduled for Tesla,alt_hunter,57,9,neutral,bitcoin network upgrade scheduled for tesla,"['bitcoin', 'network', 'upgrade', 'scheduled', 'tesla']",5,1,1,1
btc_00008294,2024-04-26 06:05:54,DCA into Bitcoin = winning strategy 📊,chart_master,1491,91,neutral,dca into bitcoin winning strategy,"['dca', 'bitcoin', 'winning', 'strategy']",4,1,2,2
btc_00008295,2024-04-26 06:02:56,"Bitcoin will hit $61k this year, mark my words! 📈",nft_collector,176,33,neutral,bitcoin will hit k this year mark my words,"['bitcoin', 'hit', 'year', 'mark', 'word']",5,1,1,1
btc_00008296,2024-04-26 07:28:06,Long-term Bitcoin holders not selling 🔒,chart_master,79,24,neutral,longterm bitcoin holders not selling,"['longterm', 'bitcoin', 'holder', 'not', 'selling']",5,1,1,1
btc_00008297,2024-04-26 08:19:18,Bitcoin trading range: $47474 - $49412,btc_hodler,610,40,neutral,bitcoin trading range,"['bitcoin', 'trading', 'range']",3,1,1,1
btc_00008298,2024-04-26 08:53:06,Analyzing Bitcoin chart patterns today 📈,bull_run,80,13,neutral,analyzing bitcoin chart patterns today,"['analyzing', 'bitcoin', 'chart', 'pattern', 'today']",5,1,1,1
btc_00008299,2024-04-26 09:48:05,BTC hodlers being rewarded! Diamond hands win 💎,diamond_hands,53,36,neutral,btc hodlers being rewarded diamond hands win,"['btc', 'hodlers', 'rewarded', 'diamond', 'hand', 'win']",6,1,2,2
btc_00008300,2024-04-26 09:18:28,DCA INTO BITCOIN = WINNING STRATEGY 📊,crypto_analyst,242,64,neutral,dca into bitcoin winning strategy,"['dca', 'bitcoin', 'winning', 'strategy']",4,1,2,2
btc_00008301,2024-04-26 09:21:43,Bitcoin looking strong at $64 resistance broken!,crypto_news,289,50,neutral,bitcoin looking strong at resistance broken,"['bitcoin', 'looking', 'strong', 'resistance', 'broken']",5,1,2,2
btc_00008302,2024-04-26 10:48:03,Long-term Bitcoin holders not selling 🔒,alt_hunter,47,13,neutral,longterm bitcoin holders not selling,"['longterm', 'bitcoin', 'holder', 'not', 'selling']",5,1,1,1
btc_00008303,2024-04-26 11:56:42,Study shows: Bitcoin volatility decreasing over time,chart_master,35,23,neutral,study shows bitcoin volatility decreasing over time,"['study', 'show', 'bitcoin', 'volatility', 'decreasing', 'time']",6,1,1,1
btc_00008304,2024-04-26 11:35:07,Analyzing Bitcoin chart patterns today 📈,crypto_trader,67,10,neutral,analyzing bitcoin chart patterns today,"['analyzing', 'bitcoin', 'chart', 'pattern', 'today']",5,1,1,1
btc_00008305,2024-04-26 12:05:21,"Bitcoin bubble bursting, warned you all 😱",btc_miner,19,27,neutral,bitcoin bubble bursting warned you all,"['bitcoin', 'bubble', 'bursting', 'warned']",4,1,0,0
btc_00008306,2024-04-26 13:10:24,SURVEY: 46% OF INVESTORS HOLD BITCOIN,chart_master,27,20,neutral,survey of investors hold bitcoin,"['survey', 'investor', 'hold', 'bitcoin']",4,1,1,1
btc_00008307,2024-04-26 13:21:01,Bitcoin trading range: $49903 - $51939,defi_degen,8,4,neutral,bitcoin trading range,"['bitcoin', 'trading', 'range']",3,1,1,1
btc_00008308,2024-04-26 14:40:59,Bitcoin crashing hard! Sell everything! 📉,bear_market,599,131,negative,bitcoin crashing hard sell everything,"['bitcoin', 'crashing', 'hard', 'sell', 'everything']",5,0,0,1
btc_00008309,2024-04-26 14:08:03,Smart money accumulating Bitcoin quietly 👀 🚨,crypto_news,177,193,neutral,smart money accumulating bitcoin quietly,"['smart', 'money', 'accumulating', 'bitcoin', 'quietly']",5,1,2,2
btc_00008310,2024-04-26 14:31:56,Study shows: Bitcoin volatility decreasing over time,crypto_news,43,19,neutral,study shows bitcoin volatility decreasing over time,"['study', 'show', 'bitcoin', 'volatility', 'decreasing', 'time']",6,1,1,1
btc_00008311,2024-04-26 14:03:50,Bitcoin trading range: $49191 - $51199,satoshi_fan,92,46,neutral,bitcoin trading range,"['bitcoin', 'trading', 'range']",3,1,1,1
btc_00008312,2024-04-26 15:42:58,Interesting Bitcoin development: Blackrock 👀,bitcoin_maxie,200,54,neutral,interesting bitcoin development blackrock,"['interesting', 'bitcoin', 'development', 'blackrock']",4,1,2,2
btc_00008313,2024-04-26 15:01:30,Best decision ever: buying Bitcoin! 🙌,crypto_analyst,220,74,positive,best decision ever buying bitcoin,"['best', 'decision', 'ever', 'buying', 'bitcoin']",5,2,2,2
btc_00008314,2024-04-26 15:19:00,Bitcoin hashrate at ATH! Network security = bullish 🔒,fundamental,836,29,positive,bitcoin hashrate at ath network security bullish,"['bitcoin', 'hashrate', 'ath', 'network', 'security', 'bullish']",6,2,2,2
btc_00008315,2024-04-26 15:28:11,Bitcoin stock-to-flow model update: ratio mining ban,on_chain_data,64,34,neutral,bitcoin stocktoflow model update ratio mining ban,"['bitcoin', 'stocktoflow', 'model', 'update', 'ratio', 'mining', 'ban']",7,1,0,0
btc_00008316,2024-04-26 16:26:16,Bitcoin adoption growing massively! Bullish 📊 🔥,defi_degen,576,43,positive,bitcoin adoption growing massively bullish,"['bitcoin', 'adoption', 'growing', 'massively', 'bullish']",5,2,2,2
btc_00008317,2024-04-26 16:38:38,"Bitcoin volume increasing, watching closely 👀",bull_run,93,17,neutral,bitcoin volume increasing watching closely,"['bitcoin', 'volume', 'increasing', 'watching', 'closely']",5,1,1,1
btc_00008318,2024-04-26 16:53:30,Regulatory pressure killing Bitcoin! Be careful! ⚖️ ⚡,defi_degen,147,151,neutral,regulatory pressure killing bitcoin be careful,"['regulatory', 'pressure', 'killing', 'bitcoin', 'careful']",5,1,0,0
btc_00008319,2024-04-26 16:13:22,Bitcoin transaction fees too high! Unusable! 💸 ⚡,sats_stacker,206,60,neutral,bitcoin transaction fees too high unusable,"['bitcoin', 'transaction', 'fee', 'high', 'unusable']",5,1,1,1
btc_00008320,2024-04-26 17:18:00,Amazing gains on Bitcoin today! Up 14% 🎉,alt_hunter,804,154,neutral,amazing gains on bitcoin today up,"['amazing', 'gain', 'bitcoin', 'today']",4,1,2,2
btc_00008321,2024-04-26 17:33:47,Bitcoin hashrate at ATH! Network security = bullish 🔒 ⚡,moon_soon,1067,120,positive,bitcoin hashrate at ath network security bullish,"['bitcoin', 'hashrate', 'ath', 'network', 'security', 'bullish']",6,2,2,2
btc_00008322,2024-04-26 17:46:10,Bitcoin currently trading at $48490 📊,bitcoin_maxie,204,60,neutral,bitcoin currently trading at,"['bitcoin', 'currently', 'trading']",3,1,1,1
btc_00008323,2024-04-26 18:30:17,BTC holding steady at network congestion support level,bear_market,81,59,neutral,btc holding steady at network congestion support level,"['btc', 'holding', 'steady', 'network', 'congestion', 'support', 'level']",7,1,2,2
btc_00008324,2024-04-26 18:35:15,Lost so much on Bitcoin... never again 😭,bear_market,201,118,neutral,lost so much on bitcoin never again,"['lost', 'much', 'bitcoin', 'never']",4,1,0,0
btc_00008325,2024-04-26 18:18:04,Bitcoin > everything else. Change my mind 💪,sats_stacker,587,125,neutral,bitcoin everything else change my mind,"['bitcoin', 'everything', 'else', 'change', 'mind']",5,1,1,1
btc_00008326,2024-04-26 19:33:15,Bitcoin trading range: $50397 - $52454,chart_master,28,45,neutral,bitcoin trading range,"['bitcoin', 'trading', 'range']",3,1,1,1
btc_00008327,2024-04-26 19:42:24,Bitcoin stock-to-flow model update: ratio Fidelity,fundamental,158,23,neutral,bitcoin stocktoflow model update ratio fidelity,"['bitcoin', 'stocktoflow', 'model', 'update', 'ratio', 'fidelity']",6,1,1,1
btc_00008328,2024-04-26 19:47:11,Bullish on #Bitcoin! Target: $62k 🚀,crypto_analyst,225,184,positive,bullish on bitcoin target k,"['bullish', 'bitcoin', 'target']",3,2,1,1
btc_00008329,2024-04-26 20:35:02,Just bought more $BTC! HODL strong 💎🙌,diamond_hands,493,80,positive,just bought more btc hodl strong,"['bought', 'more', 'btc', 'hodl', 'strong']",5,2,2,2
btc_00008330,2024-04-26 21:12:42,Bitcoin looking strong at $70 resistance broken!,crypto_trader,445,123,neutral,bitcoin looking strong at resistance broken,"['bitcoin', 'looking', 'strong', 'resistance', 'broken']",5,1,2,2
btc_00008331,2024-04-26 21:39:41,Bitcoin adoption growing massively! Bullish 📊,chart_master,101,149,positive,bitcoin adoption growing massively bullish,"['bitcoin', 'adoption', 'growing', 'massively', 'bullish']",5,2,2,2
btc_00008332,2024-04-26 21:53:58,Just stacked more sats! Bitcoin only 🧡,whale_watcher,627,32,neutral,just stacked more sats bitcoin only,"['stacked', 'more', 'sat', 'bitcoin']",4,1,1,1
btc_00008333,2024-04-26 21:21:17,Bitcoin sentiment turning positive! Rally incoming 🚀 🎯,bear_market,273,180,positive,bitcoin sentiment turning positive rally incoming,"['bitcoin', 'sentiment', 'turning', 'positive', 'rally', 'incoming']",6,2,2,2
btc_00008334,2024-04-26 21:41:25,"Bitcoin volume increasing, watching closely 👀 👀",nft_collector,103,52,neutral,bitcoin volume increasing watching closely,"['bitcoin', 'volume', 'increasing', 'watching', 'closely']",5,1,1,1
btc_00008335,2024-04-26 22:57:40,Long-term Bitcoin holders not selling 🔒,sats_stacker,168,6,neutral,longterm bitcoin holders not selling,"['longterm', 'bitcoin', 'holder', 'not', 'selling']",5,1,1,1
btc_00008336,2024-04-26 22:11:13,Bitcoin to the moon! 🚀 #BTC #crypto,on_chain_data,797,68,positive,bitcoin to the moon btc crypto,"['bitcoin', 'moon', 'btc', 'crypto']",4,2,1,1
btc_00008337,2024-04-26 22:17:45,Regulatory pressure killing Bitcoin! Be careful! ⚖️,alt_hunter,532,155,neutral,regulatory pressure killing bitcoin be careful,"['regulatory', 'pressure', 'killing', 'bitcoin', 'careful']",5,1,0,0
btc_00008338,2024-04-26 22:23:29,BTC holding steady at Kraken support level,btc_hodler,152,34,neutral,btc holding steady at kraken support level,"['btc', 'holding', 'steady', 'kraken', 'support', 'level']",6,1,2,2
btc_00008339,2024-04-26 23:00:16,Market manipulation! Bitcoin not organic growth 😡,btc_hodler,102,49,neutral,market manipulation bitcoin not organic growth,"['market', 'manipulation', 'bitcoin', 'not', 'organic', 'growth']",6,1,0,0
btc_00008340,2024-04-26 23:57:24,Best decision ever: buying Bitcoin! 🙌,technical_ta,236,21,positive,best decision ever buying bitcoin,"['best', 'decision', 'ever', 'buying', 'bitcoin']",5,2,2,2
btc_00008341,2024-04-26 23:13:25,BTC technical analysis shows strong uptrend ↗️,crypto_trader,538,147,neutral,btc technical analysis shows strong uptrend,"['btc', 'technical', 'analysis', 'show', 'strong', 'uptrend']",6,1,2,2
btc_00008342,2024-04-27 00:52:30,Bitcoin hash ribbons indicating Tesla signal,crypto_skeptic,76,2,neutral,bitcoin hash ribbons indicating tesla signal,"['bitcoin', 'hash', 'ribbon', 'indicating', 'tesla', 'signal']",6,1,1,1
btc_00008343,2024-04-27 00:50:22,Bitcoin hashrate at ATH! Network security = bullish 🔒,technical_ta,244,57,positive,bitcoin hashrate at ath network security bullish,"['bitcoin', 'hashrate', 'ath', 'network', 'security', 'bullish']",6,2,2,2
btc_00008344,2024-04-27 01:29:50,Bitcoin sentiment turning positive! Rally incoming 🚀,trading_pro,155,73,positive,bitcoin sentiment turning positive rally incoming,"['bitcoin', 'sentiment', 'turning', 'positive', 'rally', 'incoming']",6,2,2,2
btc_00008345,2024-04-27 02:41:47,BTC hodlers being rewarded! Diamond hands win 💎,btc_hodler,91,87,neutral,btc hodlers being rewarded diamond hands win,"['btc', 'hodlers', 'rewarded', 'diamond', 'hand', 'win']",6,1,2,2
btc_00008346,2024-04-27 02:04:40,Bitcoin correlation with stocks remains high 📊,whale_watcher,77,7,neutral,bitcoin correlation with stocks remains high,"['bitcoin', 'correlation', 'stock', 'remains', 'high']",5,1,1,1
btc_00008347,2024-04-27 02:26:21,Bitcoin overvalued at current prices! Correction needed ⬇️,btc_hodler,171,8,neutral,bitcoin overvalued at current prices correction needed,"['bitcoin', 'overvalued', 'current', 'price', 'correction', 'needed']",6,1,1,1
btc_00008348,2024-04-27 02:10:27,"BITCOIN DOMINANCE AT 47%, ALTCOINS STRUGGLING 👀",crypto_trader,1224,450,neutral,bitcoin dominance at altcoins struggling,"['bitcoin', 'dominance', 'altcoins', 'struggling']",4,1,0,1
btc_00008349,2024-04-27 03:21:35,"Crypto winter is here, Bitcoin going to $30 🥶",diamond_hands,151,11,neutral,crypto winter is here bitcoin going to,"['crypto', 'winter', 'bitcoin', 'going']",4,1,1,1
btc_00008350,2024-04-27 04:33:55,Bitcoin mining difficulty adjusted 52%,satoshi_fan,74,21,neutral,bitcoin mining difficulty adjusted,"['bitcoin', 'mining', 'difficulty', 'adjusted']",4,1,0,0
btc_00008351,2024-04-27 05:27:18,Amazing gains on Bitcoin today! Up 13% 🎉,crypto_bull,382,75,neutral,amazing gains on bitcoin today up,"['amazing', 'gain', 'bitcoin', 'today']",4,1,2,2
btc_00008352,2024-04-27 05:38:47,Bitcoin to the moon! 🚀 #BTC #crypto,sats_stacker,199,23,positive,bitcoin to the moon btc crypto,"['bitcoin', 'moon', 'btc', 'crypto']",4,2,1,1
btc_00008353,2024-04-27 06:27:14,"Bitcoin = ponzi scheme, wake up people! ⚠️",hodl_gang,31,35,neutral,bitcoin ponzi scheme wake up people,"['bitcoin', 'ponzi', 'scheme', 'wake', 'people']",5,1,1,1
btc_00008354,2024-04-27 06:03:17,"Bearish on Bitcoin, downtrend confirmed 🐻",diamond_hands,155,20,negative,bearish on bitcoin downtrend confirmed,"['bearish', 'bitcoin', 'downtrend', 'confirmed']",4,0,1,1
btc_00008355,2024-04-27 06:15:00,Lost so much on Bitcoin... never again 😭,whale_watcher,286,72,neutral,lost so much on bitcoin never again,"['lost', 'much', 'bitcoin', 'never']",4,1,0,0
btc_00008356,2024-04-27 06:34:35,Market manipulation! Bitcoin not organic growth 😡 👀,chart_master,191,51,neutral,market manipulation bitcoin not organic growth,"['market', 'manipulation', 'bitcoin', 'not', 'organic', 'growth']",6,1,0,0
btc_00008357,2024-04-27 07:56:39,Amazing gains on Bitcoin today! Up 7% 🎉,crypto_bull,72,96,neutral,amazing gains on bitcoin today up,"['amazing', 'gain', 'bitcoin', 'today']",4,1,2,2
btc_00008358,2024-04-27 07:46:22,Institutions buying Bitcoin = moon time 🌙,technical_ta,336,52,positive,institutions buying bitcoin moon time,"['institution', 'buying', 'bitcoin', 'moon', 'time']",5,2,1,1
btc_00008359,2024-04-27 07:25:58,Interesting Bitcoin development: Binance,fundamental,23,20,neutral,interesting bitcoin development binance,"['interesting', 'bitcoin', 'development', 'binance']",4,1,2,2
btc_00008360,2024-04-27 08:20:32,Institutions buying Bitcoin = moon time 🌙,btc_hodler,235,110,positive,institutions buying bitcoin moon time,"['institution', 'buying', 'bitcoin', 'moon', 'time']",5,2,1,1
btc_00008361,2024-04-27 08:18:33,Bullish on #Bitcoin! Target: $59k 🚀,on_chain_data,2160,1515,positive,bullish on bitcoin target k,"['bullish', 'bitcoin', 'target']",3,2,1,1
btc_00008362,2024-04-27 09:38:59,BTC technical analysis shows strong uptrend ↗️ 💰,crypto_skeptic,252,79,neutral,btc technical analysis shows strong uptrend,"['btc', 'technical', 'analysis', 'show', 'strong', 'uptrend']",6,1,2,2
btc_00008363,2024-04-27 09:14:47,Bullish on #Bitcoin! Target: $67k 🚀,bitcoin_maxie,178,6,positive,bullish on bitcoin target k,"['bullish', 'bitcoin', 'target']",3,2,1,1
btc_00008364,2024-04-27 09:28:34,Bitcoin network upgrade scheduled for network congestion 🔥,crypto_analyst,63,18,neutral,bitcoin network upgrade scheduled for network congestion,"['bitcoin', 'network', 'upgrade', 'scheduled', 'network', 'congestion']",6,1,1,1
btc_00008365,2024-04-27 09:14:13,Bitcoin crashing hard! Sell everything! 📉 🔥,bear_market,262,55,negative,bitcoin crashing hard sell everything,"['bitcoin', 'crashing', 'hard', 'sell', 'everything']",5,0,0,1
btc_00008366,2024-04-27 10:13:22,BTC hodlers being rewarded! Diamond hands win 💎,fundamental,269,80,neutral,btc hodlers being rewarded diamond hands win,"['btc', 'hodlers', 'rewarded', 'diamond', 'hand', 'win']",6,1,2,2
btc_00008367,2024-04-27 11:38:10,Institutions buying Bitcoin = moon time 🌙,bear_market,133,23,positive,institutions buying bitcoin moon time,"['institution', 'buying', 'bitcoin', 'moon', 'time']",5,2,1,1
btc_00008368,2024-04-27 12:23:41,Bitcoin mining difficulty adjusted 46% ⚡,alt_hunter,22,5,neutral,bitcoin mining difficulty adjusted,"['bitcoin', 'mining', 'difficulty', 'adjusted']",4,1,0,0
btc_00008369,2024-04-27 12:49:38,BTC hodlers being rewarded! Diamond hands win 💎,diamond_hands,343,42,neutral,btc hodlers being rewarded diamond hands win,"['btc', 'hodlers', 'rewarded', 'diamond', 'hand', 'win']",6,1,2,2
btc_00008370,2024-04-27 12:12:47,DCA into Bitcoin = winning strategy 📊,diamond_hands,241,33,neutral,dca into bitcoin winning strategy,"['dca', 'bitcoin', 'winning', 'strategy']",4,1,2,2
btc_00008371,2024-04-27 13:23:40,DCA into Bitcoin = winning strategy 📊,crypto_skeptic,293,31,neutral,dca into bitcoin winning strategy,"['dca', 'bitcoin', 'winning', 'strategy']",4,1,2,2
btc_00008372,2024-04-27 13:07:18,"Bitcoin = ponzi scheme, wake up people! ⚠️",bitcoin_maxie,66,6,neutral,bitcoin ponzi scheme wake up people,"['bitcoin', 'ponzi', 'scheme', 'wake', 'people']",5,1,1,1
btc_00008373,2024-04-27 13:28:04,Just bought more $BTC! HODL strong 💎🙌,bull_run,263,91,positive,just bought more btc hodl strong,"['bought', 'more', 'btc', 'hodl', 'strong']",5,2,2,2
btc_00008374,2024-04-27 13:00:34,Market manipulation! Bitcoin not organic growth 😡,sats_stacker,239,23,neutral,market manipulation bitcoin not organic growth,"['market', 'manipulation', 'bitcoin', 'not', 'organic', 'growth']",6,1,0,0
btc_00008375,2024-04-27 13:51:40,"Bitcoin bubble bursting, warned you all 😱",crypto_analyst,90,38,neutral,bitcoin bubble bursting warned you all,"['bitcoin', 'bubble', 'bursting', 'warned']",4,1,0,0
btc_00008376,2024-04-27 14:41:31,BITCOIN ON-CHAIN METRICS SHOWING MIXED SIGNALS 📊,btc_hodler,35,16,neutral,bitcoin onchain metrics showing mixed signals,"['bitcoin', 'onchain', 'metric', 'showing', 'mixed', 'signal']",6,1,1,1
btc_00008377,2024-04-27 14:25:04,Bitcoin mining difficulty adjusted 42%,crypto_bull,83,37,neutral,bitcoin mining difficulty adjusted,"['bitcoin', 'mining', 'difficulty', 'adjusted']",4,1,0,0
btc_00008378,2024-04-27 15:37:27,Bitcoin on-chain metrics showing mixed signals 📊,bitcoin_maxie,138,49,neutral,bitcoin onchain metrics showing mixed signals,"['bitcoin', 'onchain', 'metric', 'showing', 'mixed', 'signal']",6,1,1,1
btc_00008379,2024-04-27 15:38:26,"BITCOIN DOMINANCE AT 56%, ALTCOINS STRUGGLING",technical_ta,56,52,neutral,bitcoin dominance at altcoins struggling,"['bitcoin', 'dominance', 'altcoins', 'struggling']",4,1,0,1
btc_00008380,2024-04-27 16:06:17,Bitcoin to the moon! 🚀 #BTC #crypto,sats_stacker,7799,1477,positive,bitcoin to the moon btc crypto,"['bitcoin', 'moon', 'btc', 'crypto']",4,2,1,1
btc_00008381,2024-04-27 16:31:45,"Bitcoin volume increasing, watching closely 👀",crypto_news,190,37,neutral,bitcoin volume increasing watching closely,"['bitcoin', 'volume', 'increasing', 'watching', 'closely']",5,1,1,1
btc_00008382,2024-04-27 17:05:59,Bitcoin transaction fees too high! Unusable! 💸,bitcoin_og,222,64,neutral,bitcoin transaction fees too high unusable,"['bitcoin', 'transaction', 'fee', 'high', 'unusable']",5,1,1,1
btc_00008383,2024-04-27 17:44:57,Whales dumping BTC! Retail getting rekt 🐋 🚨,defi_degen,157,126,neutral,whales dumping btc retail getting rekt,"['whale', 'dumping', 'btc', 'retail', 'getting', 'rekt']",6,1,0,0
btc_00008384,2024-04-27 18:16:11,Smart money accumulating Bitcoin quietly 👀,sats_stacker,299,94,neutral,smart money accumulating bitcoin quietly,"['smart', 'money', 'accumulating', 'bitcoin', 'quietly']",5,1,2,2
btc_00008385,2024-04-27 19:53:27,BTC technical analysis shows strong uptrend ↗️,sats_stacker,119,59,neutral,btc technical analysis shows strong uptrend,"['btc', 'technical', 'analysis', 'show', 'strong', 'uptrend']",6,1,2,2
btc_00008386,2024-04-27 19:27:04,"Bitcoin will hit $60k this year, mark my words! 📈",defi_degen,826,29,neutral,bitcoin will hit k this year mark my words,"['bitcoin', 'hit', 'year', 'mark', 'word']",5,1,1,1
btc_00008387,2024-04-27 19:36:24,"Bitcoin volume increasing, watching closely 👀",on_chain_data,77,38,neutral,bitcoin volume increasing watching closely,"['bitcoin', 'volume', 'increasing', 'watching', 'closely']",5,1,1,1
btc_00008388,2024-04-27 19:19:00,Tether FUD affecting Bitcoin price! Not good 😬,bitcoin_og,379,89,positive,tether fud affecting bitcoin price not good,"['tether', 'fud', 'affecting', 'bitcoin', 'price', 'not', 'good']",7,2,0,0
btc_00008389,2024-04-27 20:54:28,Lost 12% on Bitcoin this week... brutal 💔,fundamental,333,86,neutral,lost on bitcoin this week brutal,"['lost', 'bitcoin', 'week', 'brutal']",4,1,0,0
btc_00008390,2024-04-27 21:12:39,Bitcoin fear & greed at extreme levels! Crash coming 😰,crypto_bull,157,46,negative,bitcoin fear greed at extreme levels crash coming,"['bitcoin', 'fear', 'greed', 'extreme', 'level', 'crash', 'coming']",7,0,0,0
btc_00008391,2024-04-27 21:14:50,"Bearish on Bitcoin, downtrend confirmed 🐻",bitcoin_og,482,55,negative,bearish on bitcoin downtrend confirmed,"['bearish', 'bitcoin', 'downtrend', 'confirmed']",4,0,1,1
btc_00008392,2024-04-27 21:00:40,Bitcoin to the moon! 🚀 #BTC #crypto 🔥,satoshi_fan,836,112,positive,bitcoin to the moon btc crypto,"['bitcoin', 'moon', 'btc', 'crypto']",4,2,1,1
btc_00008393,2024-04-27 22:27:23,Market update: Bitcoin sideways movement continues,btc_hodler,21,63,neutral,market update bitcoin sideways movement continues,"['market', 'update', 'bitcoin', 'sideways', 'movement', 'continues']",6,1,1,1
btc_00008394,2024-04-27 23:05:33,Bitcoin transaction fees too high! Unusable! 💸,bitcoin_og,147,3,neutral,bitcoin transaction fees too high unusable,"['bitcoin', 'transaction', 'fee', 'high', 'unusable']",5,1,1,1
btc_00008395,2024-04-27 23:14:13,Bitcoin correlation with stocks remains high 📊,crypto_analyst,33,17,neutral,bitcoin correlation with stocks remains high,"['bitcoin', 'correlation', 'stock', 'remains', 'high']",5,1,1,1
btc_00008396,2024-04-27 23:18:09,Market update: Bitcoin sideways movement continues,bitcoin_og,38,2,neutral,market update bitcoin sideways movement continues,"['market', 'update', 'bitcoin', 'sideways', 'movement', 'continues']",6,1,1,1
btc_00008397,2024-04-28 00:20:43,BTC hodlers being rewarded! Diamond hands win 💎,crypto_analyst,431,44,neutral,btc hodlers being rewarded diamond hands win,"['btc', 'hodlers', 'rewarded', 'diamond', 'hand', 'win']",6,1,2,2
btc_00008398,2024-04-28 00:01:31,Survey: 41% of investors hold Bitcoin,whale_watcher,60,5,neutral,survey of investors hold bitcoin,"['survey', 'investor', 'hold', 'bitcoin']",4,1,1,1
btc_00008399,2024-04-28 00:00:48,Survey: 59% of investors hold Bitcoin 💰,on_chain_data,330,156,neutral,survey of investors hold bitcoin,"['survey', 'investor', 'hold', 'bitcoin']",4,1,1,1
btc_00008400,2024-04-28 01:00:19,Bitcoin breaking resistance! Bullish trend incoming 📈,sats_stacker,158,31,positive,bitcoin breaking resistance bullish trend incoming,"['bitcoin', 'breaking', 'resistance', 'bullish', 'trend', 'incoming']",6,2,1,1
btc_00008401,2024-04-28 01:28:53,BTC technical analysis shows strong uptrend ↗️ ⚡,crypto_bull,106,76,neutral,btc technical analysis shows strong uptrend,"['btc', 'technical', 'analysis', 'show', 'strong', 'uptrend']",6,1,2,2
btc_00008402,2024-04-28 01:26:01,Bitcoin sentiment turning positive! Rally incoming 🚀 🚨,satoshi_fan,381,36,positive,bitcoin sentiment turning positive rally incoming,"['bitcoin', 'sentiment', 'turning', 'positive', 'rally', 'incoming']",6,2,2,2
btc_00008403,2024-04-28 01:33:04,Bitcoin > everything else. Change my mind 💪,technical_ta,247,63,neutral,bitcoin everything else change my mind,"['bitcoin', 'everything', 'else', 'change', 'mind']",5,1,1,1
btc_00008404,2024-04-28 02:17:58,Smart money accumulating Bitcoin quietly 👀,satoshi_fan,2033,1176,neutral,smart money accumulating bitcoin quietly,"['smart', 'money', 'accumulating', 'bitcoin', 'quietly']",5,1,2,2
btc_00008405,2024-04-28 02:43:12,New Bitcoin ETF filing submitted by regulation,sats_stacker,29,5,neutral,new bitcoin etf filing submitted by regulation,"['new', 'bitcoin', 'etf', 'filing', 'submitted', 'regulation']",6,1,1,1
btc_00008406,2024-04-28 02:56:16,Best decision ever: buying Bitcoin! 🙌,nft_collector,182,89,positive,best decision ever buying bitcoin,"['best', 'decision', 'ever', 'buying', 'bitcoin']",5,2,2,2
btc_00008407,2024-04-28 03:24:51,Market manipulation! Bitcoin not organic growth 😡,hodl_gang,67,47,neutral,market manipulation bitcoin not organic growth,"['market', 'manipulation', 'bitcoin', 'not', 'organic', 'growth']",6,1,0,0
btc_00008408,2024-04-28 03:05:03,Bitcoin trading range: $51122 - $53208,trading_pro,45,18,neutral,bitcoin trading range,"['bitcoin', 'trading', 'range']",3,1,1,1
btc_00008409,2024-04-28 03:05:43,"Bitcoin scam, government will ban it! ⚠️",sats_stacker,96,24,negative,bitcoin scam government will ban it,"['bitcoin', 'scam', 'government', 'ban']",4,0,0,0
btc_00008410,2024-04-28 03:59:00,Market update: Bitcoin sideways movement continues,trading_pro,21,16,neutral,market update bitcoin sideways movement continues,"['market', 'update', 'bitcoin', 'sideways', 'movement', 'continues']",6,1,1,1
btc_00008411,2024-04-28 04:24:09,Institutional Bitcoin holdings update: Kraken BTC,bear_market,156,40,neutral,institutional bitcoin holdings update kraken btc,"['institutional', 'bitcoin', 'holding', 'update', 'kraken', 'btc']",6,1,1,1
btc_00008412,2024-04-28 05:23:34,Bullish on #Bitcoin! Target: $67k 🚀,nft_collector,113,15,positive,bullish on bitcoin target k,"['bullish', 'bitcoin', 'target']",3,2,1,1
btc_00008413,2024-04-28 05:44:14,Bitcoin currently trading at $51679 📊,btc_hodler,35,29,neutral,bitcoin currently trading at,"['bitcoin', 'currently', 'trading']",3,1,1,1
btc_00008414,2024-04-28 06:14:12,"Bitcoin volume increasing, watching closely 👀",nft_collector,51,4,neutral,bitcoin volume increasing watching closely,"['bitcoin', 'volume', 'increasing', 'watching', 'closely']",5,1,1,1
btc_00008415,2024-04-28 06:27:34,"Bearish on Bitcoin, downtrend confirmed 🐻",crypto_trader,128,72,negative,bearish on bitcoin downtrend confirmed,"['bearish', 'bitcoin', 'downtrend', 'confirmed']",4,0,1,1
btc_00008416,2024-04-28 06:02:57,Bullish on #Bitcoin! Target: $71k 🚀 💯,bitcoin_og,154,80,positive,bullish on bitcoin target k,"['bullish', 'bitcoin', 'target']",3,2,1,1
btc_00008417,2024-04-28 06:27:25,"Bitcoin dead, time to move on 💀",bitcoin_og,27,20,neutral,bitcoin dead time to move on,"['bitcoin', 'dead', 'time', 'move']",4,1,0,0
btc_00008418,2024-04-28 07:34:04,Consolidation phase for Bitcoin continues ⏸️,nft_collector,8,1,neutral,consolidation phase for bitcoin continues,"['consolidation', 'phase', 'bitcoin', 'continues']",4,1,1,1
btc_00008419,2024-04-28 07:12:55,Bitcoin correlation with stocks remains high 📊 🎯,moon_soon,19,1,neutral,bitcoin correlation with stocks remains high,"['bitcoin', 'correlation', 'stock', 'remains', 'high']",5,1,1,1
btc_00008420,2024-04-28 08:51:45,BITCOIN BREAKING RESISTANCE! BULLISH TREND INCOMING 📈 🎯,on_chain_data,237,69,positive,bitcoin breaking resistance bullish trend incoming,"['bitcoin', 'breaking', 'resistance', 'bullish', 'trend', 'incoming']",6,2,1,1
btc_00008421,2024-04-28 08:31:44,New Bitcoin ETF filing submitted by ETF approval,bitcoin_maxie,57,19,neutral,new bitcoin etf filing submitted by etf approval,"['new', 'bitcoin', 'etf', 'filing', 'submitted', 'etf', 'approval']",7,1,2,2
btc_00008422,2024-04-28 09:36:27,Just bought more $BTC! HODL strong 💎🙌,bear_market,1164,99,positive,just bought more btc hodl strong,"['bought', 'more', 'btc', 'hodl', 'strong']",5,2,2,2
btc_00008423,2024-04-28 09:07:11,Bitcoin overvalued at current prices! Correction needed ⬇️,diamond_hands,268,47,neutral,bitcoin overvalued at current prices correction needed,"['bitcoin', 'overvalued', 'current', 'price', 'correction', 'needed']",6,1,1,1
btc_00008424,2024-04-28 10:57:05,Bitcoin hash ribbons indicating Grayscale signal,bull_run,76,19,neutral,bitcoin hash ribbons indicating grayscale signal,"['bitcoin', 'hash', 'ribbon', 'indicating', 'grayscale', 'signal']",6,1,1,1
btc_00008425,2024-04-28 10:02:43,Lost so much on Bitcoin... never again 😭,btc_miner,148,10,neutral,lost so much on bitcoin never again,"['lost', 'much', 'bitcoin', 'never']",4,1,0,0
btc_00008426,2024-04-28 11:11:14,Bitcoin looking strong at $65 resistance broken!,bitcoin_maxie,66,62,neutral,bitcoin looking strong at resistance broken,"['bitcoin', 'looking', 'strong', 'resistance', 'broken']",5,1,2,2
btc_00008427,2024-04-28 11:29:54,DCA into Bitcoin = winning strategy 📊 🚨,satoshi_fan,5928,312,neutral,dca into bitcoin winning strategy,"['dca', 'bitcoin', 'winning', 'strategy']",4,1,2,2
btc_00008428,2024-04-28 12:19:44,BITCOIN FEAR & GREED AT EXTREME LEVELS! CRASH COMING 😰,bitcoin_maxie,352,225,negative,bitcoin fear greed at extreme levels crash coming,"['bitcoin', 'fear', 'greed', 'extreme', 'level', 'crash', 'coming']",7,0,0,0
btc_00008429,2024-04-28 12:42:26,"Crypto winter is here, Bitcoin going to $30 🥶 💯",crypto_bull,155,28,neutral,crypto winter is here bitcoin going to,"['crypto', 'winter', 'bitcoin', 'going']",4,1,1,1
btc_00008430,2024-04-28 13:51:28,Just bought more $BTC! HODL strong 💎🙌,hodl_gang,246,22,positive,just bought more btc hodl strong,"['bought', 'more', 'btc', 'hodl', 'strong']",5,2,2,2
btc_00008431,2024-04-28 14:39:00,Bitcoin crashing hard! Sell everything! 📉 🚨,crypto_analyst,625,124,negative,bitcoin crashing hard sell everything,"['bitcoin', 'crashing', 'hard', 'sell', 'everything']",5,0,0,1
btc_00008432,2024-04-28 15:21:05,Bitcoin fear & greed at extreme levels! Crash coming 😰 ⚡,crypto_news,580,105,negative,bitcoin fear greed at extreme levels crash coming,"['bitcoin', 'fear', 'greed', 'extreme', 'level', 'crash', 'coming']",7,0,0,0
btc_00008433,2024-04-28 15:48:54,"Bitcoin bubble bursting, warned you all 😱",nft_collector,411,128,neutral,bitcoin bubble bursting warned you all,"['bitcoin', 'bubble', 'bursting', 'warned']",4,1,0,0
btc_00008434,2024-04-28 16:02:42,Study shows: Bitcoin volatility decreasing over time,defi_degen,197,12,neutral,study shows bitcoin volatility decreasing over time,"['study', 'show', 'bitcoin', 'volatility', 'decreasing', 'time']",6,1,1,1
btc_00008435,2024-04-28 16:38:58,LONG-TERM BITCOIN HOLDERS NOT SELLING 🔒,satoshi_fan,82,48,neutral,longterm bitcoin holders not selling,"['longterm', 'bitcoin', 'holder', 'not', 'selling']",5,1,1,1
btc_00008436,2024-04-28 16:00:09,INSTITUTIONAL BITCOIN HOLDINGS UPDATE: PAYPAL BTC,nft_collector,114,47,neutral,institutional bitcoin holdings update paypal btc,"['institutional', 'bitcoin', 'holding', 'update', 'paypal', 'btc']",6,1,1,1
btc_00008437,2024-04-28 16:41:16,BITCOIN CRASHING HARD! SELL EVERYTHING! 📉,crypto_news,360,62,negative,bitcoin crashing hard sell everything,"['bitcoin', 'crashing', 'hard', 'sell', 'everything']",5,0,0,1
btc_00008438,2024-04-28 17:06:51,"Crypto winter is here, Bitcoin going to $32 🥶",crypto_bull,90,114,neutral,crypto winter is here bitcoin going to,"['crypto', 'winter', 'bitcoin', 'going']",4,1,1,1
btc_00008439,2024-04-28 17:26:11,BITCOIN CRASHING HARD! SELL EVERYTHING! 📉,btc_hodler,213,93,negative,bitcoin crashing hard sell everything,"['bitcoin', 'crashing', 'hard', 'sell', 'everything']",5,0,0,1
btc_00008440,2024-04-28 17:14:45,Bitcoin mining centralization = big problem ⚠️,alt_hunter,585,51,neutral,bitcoin mining centralization big problem,"['bitcoin', 'mining', 'centralization', 'big', 'problem']",5,1,0,0
btc_00008441,2024-04-28 18:50:07,"Bearish on Bitcoin, downtrend confirmed 🐻 🔥",crypto_trader,464,91,negative,bearish on bitcoin downtrend confirmed,"['bearish', 'bitcoin', 'downtrend', 'confirmed']",4,0,1,1
btc_00008442,2024-04-28 18:09:01,BTC TECHNICAL ANALYSIS SHOWS STRONG UPTREND ↗️,crypto_skeptic,991,87,neutral,btc technical analysis shows strong uptrend,"['btc', 'technical', 'analysis', 'show', 'strong', 'uptrend']",6,1,2,2
btc_00008443,2024-04-28 18:04:54,Bitcoin adoption growing massively! Bullish 📊,bitcoin_maxie,233,95,positive,bitcoin adoption growing massively bullish,"['bitcoin', 'adoption', 'growing', 'massively', 'bullish']",5,2,2,2
btc_00008444,2024-04-28 18:08:26,Bitcoin hashrate at ATH! Network security = bullish 🔒,nft_collector,916,285,positive,bitcoin hashrate at ath network security bullish,"['bitcoin', 'hashrate', 'ath', 'network', 'security', 'bullish']",6,2,2,2
btc_00008445,2024-04-28 18:47:18,Bitcoin correlation with stocks remains high 📊,technical_ta,37,18,neutral,bitcoin correlation with stocks remains high,"['bitcoin', 'correlation', 'stock', 'remains', 'high']",5,1,1,1
btc_00008446,2024-04-28 18:24:04,Bitcoin mining difficulty adjusted 41%,fundamental,105,34,neutral,bitcoin mining difficulty adjusted,"['bitcoin', 'mining', 'difficulty', 'adjusted']",4,1,0,0
btc_00008447,2024-04-28 19:35:52,"Bitcoin will hit $59k this year, mark my words! 📈",trading_pro,912,139,neutral,bitcoin will hit k this year mark my words,"['bitcoin', 'hit', 'year', 'mark', 'word']",5,1,1,1
btc_00008448,2024-04-28 19:22:58,Market manipulation! Bitcoin not organic growth 😡,crypto_skeptic,446,91,neutral,market manipulation bitcoin not organic growth,"['market', 'manipulation', 'bitcoin', 'not', 'organic', 'growth']",6,1,0,0
btc_00008449,2024-04-28 20:12:36,Lost 22% on Bitcoin this week... brutal 💔 👀,bitcoin_maxie,180,39,neutral,lost on bitcoin this week brutal,"['lost', 'bitcoin', 'week', 'brutal']",4,1,0,0
btc_00008450,2024-04-28 20:01:42,Bitcoin fear & greed at extreme levels! Crash coming 😰,moon_soon,282,148,negative,bitcoin fear greed at extreme levels crash coming,"['bitcoin', 'fear', 'greed', 'extreme', 'level', 'crash', 'coming']",7,0,0,0
btc_00008451,2024-04-28 20:10:29,BTC technical analysis shows strong uptrend ↗️ 💯,whale_watcher,649,34,neutral,btc technical analysis shows strong uptrend,"['btc', 'technical', 'analysis', 'show', 'strong', 'uptrend']",6,1,2,2
btc_00008452,2024-04-28 20:41:18,"Crypto winter is here, Bitcoin going to $25 🥶",crypto_news,294,126,neutral,crypto winter is here bitcoin going to,"['crypto', 'winter', 'bitcoin', 'going']",4,1,1,1
btc_00008453,2024-04-28 21:08:28,Market manipulation! Bitcoin not organic growth 😡,hodl_gang,571,142,neutral,market manipulation bitcoin not organic growth,"['market', 'manipulation', 'bitcoin', 'not', 'organic', 'growth']",6,1,0,0
btc_00008454,2024-04-28 21:49:12,"BTC dump incoming, get out while you can! 🔻",diamond_hands,396,76,negative,btc dump incoming get out while you can,"['btc', 'dump', 'incoming', 'get']",4,0,0,0
btc_00008455,2024-04-28 22:10:10,BITCOIN OVERVALUED AT CURRENT PRICES! CORRECTION NEEDED ⬇️,whale_watcher,342,42,neutral,bitcoin overvalued at current prices correction needed,"['bitcoin', 'overvalued', 'current', 'price', 'correction', 'needed']",6,1,1,1
btc_00008456,2024-04-28 22:10:47,Bullish on #Bitcoin! Target: $56k 🚀,crypto_skeptic,106,23,positive,bullish on bitcoin target k,"['bullish', 'bitcoin', 'target']",3,2,1,1
btc_00008457,2024-04-28 22:27:41,Bitcoin > everything else. Change my mind 💪,crypto_news,391,26,neutral,bitcoin everything else change my mind,"['bitcoin', 'everything', 'else', 'change', 'mind']",5,1,1,1
btc_00008458,2024-04-28 23:47:04,"BEARISH ON BITCOIN, DOWNTREND CONFIRMED 🐻",whale_watcher,74,3,negative,bearish on bitcoin downtrend confirmed,"['bearish', 'bitcoin', 'downtrend', 'confirmed']",4,0,1,1
btc_00008459,2024-04-28 23:11:18,Lost so much on Bitcoin... never again 😭,trading_pro,103,47,neutral,lost so much on bitcoin never again,"['lost', 'much', 'bitcoin', 'never']",4,1,0,0
btc_00008460,2024-04-29 00:08:52,Just bought more $BTC! HODL strong 💎🙌,moon_soon,72,50,positive,just bought more btc hodl strong,"['bought', 'more', 'btc', 'hodl', 'strong']",5,2,2,2
btc_00008461,2024-04-29 00:06:46,Bitcoin stock-to-flow model update: ratio network congestion 🔥,crypto_skeptic,16,29,neutral,bitcoin stocktoflow model update ratio network congestion,"['bitcoin', 'stocktoflow', 'model', 'update', 'ratio', 'network', 'congestion']",7,1,1,1
btc_00008462,2024-04-29 01:47:05,Bitcoin mining difficulty adjusted 54% 🎯,on_chain_data,35,1,neutral,bitcoin mining difficulty adjusted,"['bitcoin', 'mining', 'difficulty', 'adjusted']",4,1,0,0
btc_00008463,2024-04-29 01:14:32,"Crypto winter is here, Bitcoin going to $39 🥶",bitcoin_og,285,77,neutral,crypto winter is here bitcoin going to,"['crypto', 'winter', 'bitcoin', 'going']",4,1,1,1
btc_00008464,2024-04-29 01:20:55,Sold all my BTC before the crash! Dodged bullet 😅,btc_hodler,238,31,negative,sold all my btc before the crash dodged bullet,"['sold', 'btc', 'crash', 'dodged', 'bullet']",5,0,0,0
btc_00008465,2024-04-29 01:19:11,Bitcoin hashrate at ATH! Network security = bullish 🔒,nft_collector,262,10,positive,bitcoin hashrate at ath network security bullish,"['bitcoin', 'hashrate', 'ath', 'network', 'security', 'bullish']",6,2,2,2
btc_00008466,2024-04-29 01:07:36,"BTC dump incoming, get out while you can! 🔻",moon_soon,105,23,negative,btc dump incoming get out while you can,"['btc', 'dump', 'incoming', 'get']",4,0,0,0
btc_00008467,2024-04-29 02:46:34,Study shows: Bitcoin volatility decreasing over time,nft_collector,14,3,neutral,study shows bitcoin volatility decreasing over time,"['study', 'show', 'bitcoin', 'volatility', 'decreasing', 'time']",6,1,1,1
btc_00008468,2024-04-29 03:06:09,Bullish on #Bitcoin! Target: $73k 🚀 💰,crypto_trader,59,100,positive,bullish on bitcoin target k,"['bullish', 'bitcoin', 'target']",3,2,1,1
btc_00008469,2024-04-29 03:58:18,Bitcoin stock-to-flow model update: ratio MicroStrategy 💰,fundamental,56,23,neutral,bitcoin stocktoflow model update ratio microstrategy,"['bitcoin', 'stocktoflow', 'model', 'update', 'ratio', 'microstrategy']",6,1,1,1
btc_00008470,2024-04-29 03:11:25,Market update: Bitcoin sideways movement continues,crypto_analyst,21,5,neutral,market update bitcoin sideways movement continues,"['market', 'update', 'bitcoin', 'sideways', 'movement', 'continues']",6,1,1,1
btc_00008471,2024-04-29 03:56:48,Bullish on #Bitcoin! Target: $59k 🚀,chart_master,195,50,positive,bullish on bitcoin target k,"['bullish', 'bitcoin', 'target']",3,2,1,1
btc_00008472,2024-04-29 04:58:09,Bitcoin breaking resistance! Bullish trend incoming 📈,alt_hunter,140,45,positive,bitcoin breaking resistance bullish trend incoming,"['bitcoin', 'breaking', 'resistance', 'bullish', 'trend', 'incoming']",6,2,1,1
btc_00008473,2024-04-29 04:32:16,BTC pumping hard! This is just the beginning 🔥,satoshi_fan,324,16,neutral,btc pumping hard this is just the beginning,"['btc', 'pumping', 'hard', 'beginning']",4,1,0,1
btc_00008474,2024-04-29 04:35:44,Bitcoin breaking resistance! Bullish trend incoming 📈,sats_stacker,272,28,positive,bitcoin breaking resistance bullish trend incoming,"['bitcoin', 'breaking', 'resistance', 'bullish', 'trend', 'incoming']",6,2,1,1
btc_00008475,2024-04-29 05:02:19,Regulatory pressure killing Bitcoin! Be careful! ⚖️,chart_master,68,5,neutral,regulatory pressure killing bitcoin be careful,"['regulatory', 'pressure', 'killing', 'bitcoin', 'careful']",5,1,0,0
btc_00008476,2024-04-29 05:04:33,"Crypto winter is here, Bitcoin going to $36 🥶",bitcoin_maxie,161,25,neutral,crypto winter is here bitcoin going to,"['crypto', 'winter', 'bitcoin', 'going']",4,1,1,1
btc_00008477,2024-04-29 06:29:06,Bitcoin trading range: $45890 - $47763,fundamental,33,16,neutral,bitcoin trading range,"['bitcoin', 'trading', 'range']",3,1,1,1
btc_00008478,2024-04-29 06:17:04,Tether FUD affecting Bitcoin price! Not good 😬,sats_stacker,93,21,positive,tether fud affecting bitcoin price not good,"['tether', 'fud', 'affecting', 'bitcoin', 'price', 'not', 'good']",7,2,0,0
btc_00008479,2024-04-29 06:59:34,Bitcoin > everything else. Change my mind 💪,crypto_analyst,546,41,neutral,bitcoin everything else change my mind,"['bitcoin', 'everything', 'else', 'change', 'mind']",5,1,1,1
btc_00008480,2024-04-29 06:09:41,BEST DECISION EVER: BUYING BITCOIN! 🙌,crypto_trader,122,92,positive,best decision ever buying bitcoin,"['best', 'decision', 'ever', 'buying', 'bitcoin']",5,2,2,2
btc_00008481,2024-04-29 07:12:44,Sold all my BTC before the crash! Dodged bullet 😅 🚨,satoshi_fan,178,31,negative,sold all my btc before the crash dodged bullet,"['sold', 'btc', 'crash', 'dodged', 'bullet']",5,0,0,0
btc_00008482,2024-04-29 07:05:57,Bitcoin trading range: $50061 - $52105 💯,technical_ta,102,5,neutral,bitcoin trading range,"['bitcoin', 'trading', 'range']",3,1,1,1
btc_00008483,2024-04-29 08:19:04,Bitcoin fear & greed at extreme levels! Crash coming 😰,nft_collector,208,46,negative,bitcoin fear greed at extreme levels crash coming,"['bitcoin', 'fear', 'greed', 'extreme', 'level', 'crash', 'coming']",7,0,0,0
btc_00008484,2024-04-29 09:20:26,WHALES DUMPING BTC! RETAIL GETTING REKT 🐋 💯,bitcoin_og,167,34,neutral,whales dumping btc retail getting rekt,"['whale', 'dumping', 'btc', 'retail', 'getting', 'rekt']",6,1,0,0
btc_00008485,2024-04-29 09:41:40,Lost 11% on Bitcoin this week... brutal 💔,bear_market,126,20,neutral,lost on bitcoin this week brutal,"['lost', 'bitcoin', 'week', 'brutal']",4,1,0,0
btc_00008486,2024-04-29 09:01:49,Analyzing Bitcoin chart patterns today 📈,satoshi_fan,32,8,neutral,analyzing bitcoin chart patterns today,"['analyzing', 'bitcoin', 'chart', 'pattern', 'today']",5,1,1,1
btc_00008487,2024-04-29 10:04:43,Technical analysis shows Bitcoin crash to $41 📉,crypto_trader,22,54,negative,technical analysis shows bitcoin crash to,"['technical', 'analysis', 'show', 'bitcoin', 'crash']",5,0,0,0
btc_00008488,2024-04-29 10:50:48,Best decision ever: buying Bitcoin! 🙌,bull_run,105,34,positive,best decision ever buying bitcoin,"['best', 'decision', 'ever', 'buying', 'bitcoin']",5,2,2,2
btc_00008489,2024-04-29 10:19:16,Bitcoin to the moon! 🚀 #BTC #crypto,crypto_skeptic,157,43,positive,bitcoin to the moon btc crypto,"['bitcoin', 'moon', 'btc', 'crypto']",4,2,1,1
btc_00008490,2024-04-29 10:35:24,Bitcoin sentiment turning positive! Rally incoming 🚀,bear_market,442,148,positive,bitcoin sentiment turning positive rally incoming,"['bitcoin', 'sentiment', 'turning', 'positive', 'rally', 'incoming']",6,2,2,2
btc_00008491,2024-04-29 10:10:23,Amazing gains on Bitcoin today! Up 11% 🎉 💯,crypto_analyst,183,45,neutral,amazing gains on bitcoin today up,"['amazing', 'gain', 'bitcoin', 'today']",4,1,2,2
btc_00008492,2024-04-29 10:25:45,Best decision ever: buying Bitcoin! 🙌,btc_miner,350,113,positive,best decision ever buying bitcoin,"['best', 'decision', 'ever', 'buying', 'bitcoin']",5,2,2,2
btc_00008493,2024-04-29 11:44:19,BTC hodlers being rewarded! Diamond hands win 💎,fundamental,135,41,neutral,btc hodlers being rewarded diamond hands win,"['btc', 'hodlers', 'rewarded', 'diamond', 'hand', 'win']",6,1,2,2
btc_00008494,2024-04-29 11:19:03,Technical analysis shows Bitcoin crash to $32 📉,technical_ta,255,735,negative,technical analysis shows bitcoin crash to,"['technical', 'analysis', 'show', 'bitcoin', 'crash']",5,0,0,0
btc_00008495,2024-04-29 12:02:32,Bullish on #Bitcoin! Target: $74k 🚀,crypto_skeptic,255,114,positive,bullish on bitcoin target k,"['bullish', 'bitcoin', 'target']",3,2,1,1
btc_00008496,2024-04-29 12:13:21,"Bitcoin = ponzi scheme, wake up people! ⚠️",bear_market,145,72,neutral,bitcoin ponzi scheme wake up people,"['bitcoin', 'ponzi', 'scheme', 'wake', 'people']",5,1,1,1
btc_00008497,2024-04-29 12:00:16,BITCOIN MINING CENTRALIZATION = BIG PROBLEM ⚠️,nft_collector,192,24,neutral,bitcoin mining centralization big problem,"['bitcoin', 'mining', 'centralization', 'big', 'problem']",5,1,0,0
btc_00008498,2024-04-29 12:22:51,"Bearish on Bitcoin, downtrend confirmed 🐻 🔥",alt_hunter,68,13,negative,bearish on bitcoin downtrend confirmed,"['bearish', 'bitcoin', 'downtrend', 'confirmed']",4,0,1,1
btc_00008499,2024-04-29 12:52:50,Long-term Bitcoin holders not selling 🔒 👀,btc_miner,195,54,neutral,longterm bitcoin holders not selling,"['longterm', 'bitcoin', 'holder', 'not', 'selling']",5,1,1,1
btc_00008500,2024-04-29 12:30:48,Bitcoin stock-to-flow model update: ratio Fidelity,diamond_hands,84,23,neutral,bitcoin stocktoflow model update ratio fidelity,"['bitcoin', 'stocktoflow', 'model', 'update', 'ratio', 'fidelity']",6,1,1,1
btc_00008501,2024-04-29 13:20:44,Technical analysis shows Bitcoin crash to $37 📉,moon_soon,29,37,negative,technical analysis shows bitcoin crash to,"['technical', 'analysis', 'show', 'bitcoin', 'crash']",5,0,0,0
btc_00008502,2024-04-29 13:09:00,Bitcoin on-chain metrics showing mixed signals 📊,crypto_bull,34,24,neutral,bitcoin onchain metrics showing mixed signals,"['bitcoin', 'onchain', 'metric', 'showing', 'mixed', 'signal']",6,1,1,1
btc_00008503,2024-04-29 14:18:50,Tether FUD affecting Bitcoin price! Not good 😬,bull_run,323,47,positive,tether fud affecting bitcoin price not good,"['tether', 'fud', 'affecting', 'bitcoin', 'price', 'not', 'good']",7,2,0,0
btc_00008504,2024-04-29 14:11:32,SURVEY: 53% OF INVESTORS HOLD BITCOIN,on_chain_data,75,16,neutral,survey of investors hold bitcoin,"['survey', 'investor', 'hold', 'bitcoin']",4,1,1,1
btc_00008505,2024-04-29 14:33:00,BITCOIN CURRENTLY TRADING AT $49734 📊 💰,crypto_analyst,59,20,neutral,bitcoin currently trading at,"['bitcoin', 'currently', 'trading']",3,1,1,1
btc_00008506,2024-04-29 15:40:10,BITCOIN CORRELATION WITH STOCKS REMAINS HIGH 📊,moon_soon,108,36,neutral,bitcoin correlation with stocks remains high,"['bitcoin', 'correlation', 'stock', 'remains', 'high']",5,1,1,1
btc_00008507,2024-04-29 15:14:30,BTC PUMPING HARD! THIS IS JUST THE BEGINNING 🔥,crypto_bull,676,140,neutral,btc pumping hard this is just the beginning,"['btc', 'pumping', 'hard', 'beginning']",4,1,0,1
btc_00008508,2024-04-29 15:55:29,Lost 24% on Bitcoin this week... brutal 💔 🔥,hodl_gang,195,48,neutral,lost on bitcoin this week brutal,"['lost', 'bitcoin', 'week', 'brutal']",4,1,0,0
btc_00008509,2024-04-29 15:32:05,Whales dumping BTC! Retail getting rekt 🐋,on_chain_data,161,63,neutral,whales dumping btc retail getting rekt,"['whale', 'dumping', 'btc', 'retail', 'getting', 'rekt']",6,1,0,0
btc_00008510,2024-04-29 16:35:09,Survey: 49% of investors hold Bitcoin,fundamental,29,21,neutral,survey of investors hold bitcoin,"['survey', 'investor', 'hold', 'bitcoin']",4,1,1,1
btc_00008511,2024-04-29 16:57:13,Bitcoin currently trading at $52163 📊,alt_hunter,57,6,neutral,bitcoin currently trading at,"['bitcoin', 'currently', 'trading']",3,1,1,1
btc_00008512,2024-04-29 16:16:38,BTC holding steady at Grayscale support level,fundamental,36,16,neutral,btc holding steady at grayscale support level,"['btc', 'holding', 'steady', 'grayscale', 'support', 'level']",6,1,2,2
btc_00008513,2024-04-29 16:14:22,JUST STACKED MORE SATS! BITCOIN ONLY 🧡,satoshi_fan,802,223,neutral,just stacked more sats bitcoin only,"['stacked', 'more', 'sat', 'bitcoin']",4,1,1,1
btc_00008514,2024-04-29 17:13:14,Market manipulation! Bitcoin not organic growth 😡,crypto_bull,102,82,neutral,market manipulation bitcoin not organic growth,"['market', 'manipulation', 'bitcoin', 'not', 'organic', 'growth']",6,1,0,0
btc_00008515,2024-04-29 18:44:36,"Bitcoin scam, government will ban it! ⚠️",alt_hunter,415,91,negative,bitcoin scam government will ban it,"['bitcoin', 'scam', 'government', 'ban']",4,0,0,0
btc_00008516,2024-04-29 19:13:36,"Bitcoin will hit $73k this year, mark my words! 📈",nft_collector,139,27,neutral,bitcoin will hit k this year mark my words,"['bitcoin', 'hit', 'year', 'mark', 'word']",5,1,1,1
btc_00008517,2024-04-29 19:00:56,Market update: Bitcoin sideways movement continues,crypto_skeptic,1192,429,neutral,market update bitcoin sideways movement continues,"['market', 'update', 'bitcoin', 'sideways', 'movement', 'continues']",6,1,1,1
btc_00008518,2024-04-29 19:50:02,BTC HOLDING STEADY AT GRAYSCALE SUPPORT LEVEL,btc_miner,227,45,neutral,btc holding steady at grayscale support level,"['btc', 'holding', 'steady', 'grayscale', 'support', 'level']",6,1,2,2
btc_00008519,2024-04-29 20:09:56,"Bitcoin will hit $61k this year, mark my words! 📈",moon_soon,172,101,neutral,bitcoin will hit k this year mark my words,"['bitcoin', 'hit', 'year', 'mark', 'word']",5,1,1,1
btc_00008520,2024-04-29 20:29:58,WHALES DUMPING BTC! RETAIL GETTING REKT 🐋,bear_market,158,47,neutral,whales dumping btc retail getting rekt,"['whale', 'dumping', 'btc', 'retail', 'getting', 'rekt']",6,1,0,0
btc_00008521,2024-04-29 21:52:12,"Bitcoin bubble bursting, warned you all 😱",defi_degen,170,31,neutral,bitcoin bubble bursting warned you all,"['bitcoin', 'bubble', 'bursting', 'warned']",4,1,0,0
btc_00008522,2024-04-29 21:57:37,BTC hodlers being rewarded! Diamond hands win 💎,alt_hunter,1091,109,neutral,btc hodlers being rewarded diamond hands win,"['btc', 'hodlers', 'rewarded', 'diamond', 'hand', 'win']",6,1,2,2
btc_00008523,2024-04-29 22:56:16,BTC holding steady at Blackrock support level 👀,crypto_trader,70,53,neutral,btc holding steady at blackrock support level,"['btc', 'holding', 'steady', 'blackrock', 'support', 'level']",6,1,2,2
btc_00008524,2024-04-29 22:10:28,LOST 23% ON BITCOIN THIS WEEK... BRUTAL 💔,nft_collector,92,119,neutral,lost on bitcoin this week brutal,"['lost', 'bitcoin', 'week', 'brutal']",4,1,0,0
btc_00008525,2024-04-29 22:15:43,Regulatory pressure killing Bitcoin! Be careful! ⚖️,hodl_gang,159,71,neutral,regulatory pressure killing bitcoin be careful,"['regulatory', 'pressure', 'killing', 'bitcoin', 'careful']",5,1,0,0
btc_00008526,2024-04-29 23:55:23,"Bitcoin will hit $76k this year, mark my words! 📈",btc_miner,3122,1144,neutral,bitcoin will hit k this year mark my words,"['bitcoin', 'hit', 'year', 'mark', 'word']",5,1,1,1
btc_00008527,2024-04-29 23:08:58,Bitcoin sentiment turning positive! Rally incoming 🚀,btc_hodler,176,111,positive,bitcoin sentiment turning positive rally incoming,"['bitcoin', 'sentiment', 'turning', 'positive', 'rally', 'incoming']",6,2,2,2
btc_00008528,2024-04-29 23:30:21,Institutional Bitcoin holdings update: Kraken BTC,nft_collector,97,5,neutral,institutional bitcoin holdings update kraken btc,"['institutional', 'bitcoin', 'holding', 'update', 'kraken', 'btc']",6,1,1,1
btc_00008529,2024-04-30 00:14:49,DCA into Bitcoin = winning strategy 📊,btc_miner,331,33,neutral,dca into bitcoin winning strategy,"['dca', 'bitcoin', 'winning', 'strategy']",4,1,2,2
btc_00008530,2024-04-30 01:49:38,Consolidation phase for Bitcoin continues ⏸️,defi_degen,63,12,neutral,consolidation phase for bitcoin continues,"['consolidation', 'phase', 'bitcoin', 'continues']",4,1,1,1
btc_00008531,2024-04-30 01:42:38,Interesting Bitcoin development: Blackrock,chart_master,60,30,neutral,interesting bitcoin development blackrock,"['interesting', 'bitcoin', 'development', 'blackrock']",4,1,2,2
btc_00008532,2024-04-30 02:14:35,"Bitcoin volume increasing, watching closely 👀",satoshi_fan,63,20,neutral,bitcoin volume increasing watching closely,"['bitcoin', 'volume', 'increasing', 'watching', 'closely']",5,1,1,1
btc_00008533,2024-04-30 02:07:12,Bitcoin overvalued at current prices! Correction needed ⬇️,crypto_news,264,34,neutral,bitcoin overvalued at current prices correction needed,"['bitcoin', 'overvalued', 'current', 'price', 'correction', 'needed']",6,1,1,1
btc_00008534,2024-04-30 03:30:18,BTC holding steady at MicroStrategy support level,nft_collector,63,15,neutral,btc holding steady at microstrategy support level,"['btc', 'holding', 'steady', 'microstrategy', 'support', 'level']",6,1,2,2
btc_00008535,2024-04-30 03:37:23,Bitcoin transaction fees too high! Unusable! 💸,crypto_trader,129,33,neutral,bitcoin transaction fees too high unusable,"['bitcoin', 'transaction', 'fee', 'high', 'unusable']",5,1,1,1
btc_00008536,2024-04-30 03:16:28,Bitcoin fear & greed at extreme levels! Crash coming 😰,chart_master,30,11,negative,bitcoin fear greed at extreme levels crash coming,"['bitcoin', 'fear', 'greed', 'extreme', 'level', 'crash', 'coming']",7,0,0,0
btc_00008537,2024-04-30 04:50:22,Amazing gains on Bitcoin today! Up 11% 🎉 ⚡,bitcoin_og,315,114,neutral,amazing gains on bitcoin today up,"['amazing', 'gain', 'bitcoin', 'today']",4,1,2,2
btc_00008538,2024-04-30 04:50:58,Study shows: Bitcoin volatility decreasing over time,crypto_bull,51,19,neutral,study shows bitcoin volatility decreasing over time,"['study', 'show', 'bitcoin', 'volatility', 'decreasing', 'time']",6,1,1,1
btc_00008539,2024-04-30 05:38:44,Just bought more $BTC! HODL strong 💎🙌 🚨,whale_watcher,323,61,positive,just bought more btc hodl strong,"['bought', 'more', 'btc', 'hodl', 'strong']",5,2,2,2
btc_00008540,2024-04-30 05:46:18,Lost so much on Bitcoin... never again 😭 🎯,btc_hodler,64,49,neutral,lost so much on bitcoin never again,"['lost', 'much', 'bitcoin', 'never']",4,1,0,0
btc_00008541,2024-04-30 05:59:54,BITCOIN SENTIMENT TURNING POSITIVE! RALLY INCOMING 🚀,nft_collector,127,65,positive,bitcoin sentiment turning positive rally incoming,"['bitcoin', 'sentiment', 'turning', 'positive', 'rally', 'incoming']",6,2,2,2
btc_00008542,2024-04-30 06:55:33,Best performing asset: #Bitcoin 🏆,diamond_hands,300,71,positive,best performing asset bitcoin,"['best', 'performing', 'asset', 'bitcoin']",4,2,2,2
btc_00008543,2024-04-30 06:15:49,STUDY SHOWS: BITCOIN VOLATILITY DECREASING OVER TIME,crypto_skeptic,20,8,neutral,study shows bitcoin volatility decreasing over time,"['study', 'show', 'bitcoin', 'volatility', 'decreasing', 'time']",6,1,1,1
btc_00008544,2024-04-30 06:08:09,Bitcoin stock-to-flow model update: ratio adoption,crypto_skeptic,67,6,neutral,bitcoin stocktoflow model update ratio adoption,"['bitcoin', 'stocktoflow', 'model', 'update', 'ratio', 'adoption']",6,1,1,1
btc_00008545,2024-04-30 06:48:56,Best performing asset: #Bitcoin 🏆 💯,moon_soon,407,126,positive,best performing asset bitcoin,"['best', 'performing', 'asset', 'bitcoin']",4,2,2,2
btc_00008546,2024-04-30 07:46:25,Best decision ever: buying Bitcoin! 🙌 🔥,moon_soon,297,106,positive,best decision ever buying bitcoin,"['best', 'decision', 'ever', 'buying', 'bitcoin']",5,2,2,2
btc_00008547,2024-04-30 07:06:52,Bitcoin sentiment turning positive! Rally incoming 🚀,bear_market,140,48,positive,bitcoin sentiment turning positive rally incoming,"['bitcoin', 'sentiment', 'turning', 'positive', 'rally', 'incoming']",6,2,2,2
btc_00008548,2024-04-30 07:10:55,Bitcoin hashrate at ATH! Network security = bullish 🔒 💰,fundamental,63,31,positive,bitcoin hashrate at ath network security bullish,"['bitcoin', 'hashrate', 'ath', 'network', 'security', 'bullish']",6,2,2,2
btc_00008549,2024-04-30 07:47:14,"Bitcoin dominance at 51%, altcoins struggling",fundamental,7,2,neutral,bitcoin dominance at altcoins struggling,"['bitcoin', 'dominance', 'altcoins', 'struggling']",4,1,0,1
btc_00008550,2024-04-30 08:19:01,Study shows: Bitcoin volatility decreasing over time,sats_stacker,55,7,neutral,study shows bitcoin volatility decreasing over time,"['study', 'show', 'bitcoin', 'volatility', 'decreasing', 'time']",6,1,1,1
btc_00008551,2024-04-30 08:00:14,Bitcoin on-chain metrics showing mixed signals 📊,crypto_news,51,21,neutral,bitcoin onchain metrics showing mixed signals,"['bitcoin', 'onchain', 'metric', 'showing', 'mixed', 'signal']",6,1,1,1
btc_00008552,2024-04-30 08:25:18,Institutional Bitcoin holdings update: Binance BTC,crypto_news,14,7,neutral,institutional bitcoin holdings update binance btc,"['institutional', 'bitcoin', 'holding', 'update', 'binance', 'btc']",6,1,1,1
btc_00008553,2024-04-30 08:21:44,Bitcoin mining centralization = big problem ⚠️ 💰,bull_run,1485,195,neutral,bitcoin mining centralization big problem,"['bitcoin', 'mining', 'centralization', 'big', 'problem']",5,1,0,0
btc_00008554,2024-04-30 08:18:41,Best decision ever: buying Bitcoin! 🙌,fundamental,433,152,positive,best decision ever buying bitcoin,"['best', 'decision', 'ever', 'buying', 'bitcoin']",5,2,2,2
btc_00008555,2024-04-30 09:12:11,Bitcoin hash ribbons indicating regulation signal,defi_degen,24,17,neutral,bitcoin hash ribbons indicating regulation signal,"['bitcoin', 'hash', 'ribbon', 'indicating', 'regulation', 'signal']",6,1,1,1
btc_00008556,2024-04-30 09:32:00,"Bitcoin bubble bursting, warned you all 😱",on_chain_data,114,80,neutral,bitcoin bubble bursting warned you all,"['bitcoin', 'bubble', 'bursting', 'warned']",4,1,0,0
btc_00008557,2024-04-30 09:10:36,Best decision ever: buying Bitcoin! 🙌,satoshi_fan,131,61,positive,best decision ever buying bitcoin,"['best', 'decision', 'ever', 'buying', 'bitcoin']",5,2,2,2
btc_00008558,2024-04-30 09:18:15,Long-term Bitcoin holders not selling 🔒,crypto_analyst,40,5,neutral,longterm bitcoin holders not selling,"['longterm', 'bitcoin', 'holder', 'not', 'selling']",5,1,1,1
btc_00008559,2024-04-30 10:09:58,Analyzing Bitcoin chart patterns today 📈,crypto_trader,27,24,neutral,analyzing bitcoin chart patterns today,"['analyzing', 'bitcoin', 'chart', 'pattern', 'today']",5,1,1,1
btc_00008560,2024-04-30 10:32:21,Consolidation phase for Bitcoin continues ⏸️,diamond_hands,59,22,neutral,consolidation phase for bitcoin continues,"['consolidation', 'phase', 'bitcoin', 'continues']",4,1,1,1
btc_00008561,2024-04-30 10:15:40,Survey: 47% of investors hold Bitcoin,crypto_news,54,22,neutral,survey of investors hold bitcoin,"['survey', 'investor', 'hold', 'bitcoin']",4,1,1,1
btc_00008562,2024-04-30 11:39:15,Bitcoin looking strong at $55 resistance broken!,chart_master,529,138,neutral,bitcoin looking strong at resistance broken,"['bitcoin', 'looking', 'strong', 'resistance', 'broken']",5,1,2,2
btc_00008563,2024-04-30 11:11:11,Amazing gains on Bitcoin today! Up 12% 🎉,hodl_gang,244,174,neutral,amazing gains on bitcoin today up,"['amazing', 'gain', 'bitcoin', 'today']",4,1,2,2
btc_00008564,2024-04-30 12:57:46,Amazing gains on Bitcoin today! Up 5% 🎉,satoshi_fan,75,20,neutral,amazing gains on bitcoin today up,"['amazing', 'gain', 'bitcoin', 'today']",4,1,2,2
btc_00008565,2024-04-30 12:23:44,Bitcoin fear & greed at extreme levels! Crash coming 😰,crypto_news,47,40,negative,bitcoin fear greed at extreme levels crash coming,"['bitcoin', 'fear', 'greed', 'extreme', 'level', 'crash', 'coming']",7,0,0,0
btc_00008566,2024-04-30 12:46:35,Bitcoin crashing hard! Sell everything! 📉 💰,bull_run,32,20,negative,bitcoin crashing hard sell everything,"['bitcoin', 'crashing', 'hard', 'sell', 'everything']",5,0,0,1
btc_00008567,2024-04-30 12:11:53,Bitcoin stock-to-flow model update: ratio Fidelity,satoshi_fan,832,10,neutral,bitcoin stocktoflow model update ratio fidelity,"['bitcoin', 'stocktoflow', 'model', 'update', 'ratio', 'fidelity']",6,1,1,1
btc_00008568,2024-04-30 13:57:14,Bitcoin mining difficulty adjusted 48% 🚨,whale_watcher,68,5,neutral,bitcoin mining difficulty adjusted,"['bitcoin', 'mining', 'difficulty', 'adjusted']",4,1,0,0
btc_00008569,2024-04-30 13:47:25,BTC technical analysis shows strong uptrend ↗️ 🚨,nft_collector,278,76,neutral,btc technical analysis shows strong uptrend,"['btc', 'technical', 'analysis', 'show', 'strong', 'uptrend']",6,1,2,2
btc_00008570,2024-04-30 14:47:31,BTC holding steady at PayPal support level,alt_hunter,140,53,neutral,btc holding steady at paypal support level,"['btc', 'holding', 'steady', 'paypal', 'support', 'level']",6,1,2,2
btc_00008571,2024-04-30 14:36:06,BTC PUMPING HARD! THIS IS JUST THE BEGINNING 🔥 🚨,sats_stacker,337,201,neutral,btc pumping hard this is just the beginning,"['btc', 'pumping', 'hard', 'beginning']",4,1,0,1
btc_00008572,2024-04-30 14:30:31,Bitcoin mining difficulty adjusted 40%,crypto_analyst,190,19,neutral,bitcoin mining difficulty adjusted,"['bitcoin', 'mining', 'difficulty', 'adjusted']",4,1,0,0
btc_00008573,2024-04-30 15:31:26,"Crypto winter is here, Bitcoin going to $38 🥶",defi_degen,295,20,neutral,crypto winter is here bitcoin going to,"['crypto', 'winter', 'bitcoin', 'going']",4,1,1,1
btc_00008574,2024-04-30 15:59:03,Technical analysis shows Bitcoin crash to $27 📉 🔥,bitcoin_og,197,77,negative,technical analysis shows bitcoin crash to,"['technical', 'analysis', 'show', 'bitcoin', 'crash']",5,0,0,0
btc_00008575,2024-04-30 15:32:58,Institutional Bitcoin holdings update: Coinbase BTC,fundamental,70,8,neutral,institutional bitcoin holdings update coinbase btc,"['institutional', 'bitcoin', 'holding', 'update', 'coinbase', 'btc']",6,1,1,1
btc_00008576,2024-04-30 15:02:30,Bitcoin mining difficulty adjusted 42%,whale_watcher,78,21,neutral,bitcoin mining difficulty adjusted,"['bitcoin', 'mining', 'difficulty', 'adjusted']",4,1,0,0
btc_00008577,2024-04-30 15:16:56,Bitcoin on-chain metrics showing mixed signals 📊,moon_soon,50,36,neutral,bitcoin onchain metrics showing mixed signals,"['bitcoin', 'onchain', 'metric', 'showing', 'mixed', 'signal']",6,1,1,1
btc_00008578,2024-04-30 16:47:06,BTC pumping hard! This is just the beginning 🔥 🔥,defi_degen,613,91,neutral,btc pumping hard this is just the beginning,"['btc', 'pumping', 'hard', 'beginning']",4,1,0,1
btc_00008579,2024-04-30 16:18:53,Best performing asset: #Bitcoin 🏆 👀,crypto_bull,838,164,positive,best performing asset bitcoin,"['best', 'performing', 'asset', 'bitcoin']",4,2,2,2
btc_00008580,2024-04-30 17:26:12,Bitcoin transaction fees too high! Unusable! 💸,bull_run,633,79,neutral,bitcoin transaction fees too high unusable,"['bitcoin', 'transaction', 'fee', 'high', 'unusable']",5,1,1,1
btc_00008581,2024-04-30 17:40:29,BTC technical analysis shows strong uptrend ↗️,moon_soon,893,305,neutral,btc technical analysis shows strong uptrend,"['btc', 'technical', 'analysis', 'show', 'strong', 'uptrend']",6,1,2,2
btc_00008582,2024-04-30 17:47:07,Bitcoin mining difficulty adjusted 49%,fundamental,85,41,neutral,bitcoin mining difficulty adjusted,"['bitcoin', 'mining', 'difficulty', 'adjusted']",4,1,0,0
btc_00008583,2024-04-30 18:59:41,Bitcoin on-chain metrics showing mixed signals 📊 🚨,alt_hunter,108,23,neutral,bitcoin onchain metrics showing mixed signals,"['bitcoin', 'onchain', 'metric', 'showing', 'mixed', 'signal']",6,1,1,1
btc_00008584,2024-04-30 18:54:33,Just bought more $BTC! HODL strong 💎🙌,crypto_news,706,251,positive,just bought more btc hodl strong,"['bought', 'more', 'btc', 'hodl', 'strong']",5,2,2,2
btc_00008585,2024-04-30 18:55:02,DCA into Bitcoin = winning strategy 📊,crypto_skeptic,761,30,neutral,dca into bitcoin winning strategy,"['dca', 'bitcoin', 'winning', 'strategy']",4,1,2,2
btc_00008586,2024-04-30 18:41:37,BTC technical analysis shows strong uptrend ↗️,satoshi_fan,554,57,neutral,btc technical analysis shows strong uptrend,"['btc', 'technical', 'analysis', 'show', 'strong', 'uptrend']",6,1,2,2
btc_00008587,2024-04-30 19:44:35,Institutions buying Bitcoin = moon time 🌙,crypto_bull,490,210,positive,institutions buying bitcoin moon time,"['institution', 'buying', 'bitcoin', 'moon', 'time']",5,2,1,1
btc_00008588,2024-04-30 19:07:47,"Bitcoin = ponzi scheme, wake up people! ⚠️ 🚨",bull_run,546,122,neutral,bitcoin ponzi scheme wake up people,"['bitcoin', 'ponzi', 'scheme', 'wake', 'people']",5,1,1,1
btc_00008589,2024-04-30 19:58:20,Bitcoin adoption growing massively! Bullish 📊,technical_ta,554,32,positive,bitcoin adoption growing massively bullish,"['bitcoin', 'adoption', 'growing', 'massively', 'bullish']",5,2,2,2
btc_00008590,2024-04-30 19:47:18,Bitcoin breaking resistance! Bullish trend incoming 📈,satoshi_fan,680,215,positive,bitcoin breaking resistance bullish trend incoming,"['bitcoin', 'breaking', 'resistance', 'bullish', 'trend', 'incoming']",6,2,1,1
btc_00008591,2024-04-30 20:41:00,Institutional Bitcoin holdings update: technology upgrade BTC,sats_stacker,166,42,neutral,institutional bitcoin holdings update technology upgrade btc,"['institutional', 'bitcoin', 'holding', 'update', 'technology', 'upgrade', 'btc']",7,1,1,1
btc_00008592,2024-04-30 20:30:38,Whales dumping BTC! Retail getting rekt 🐋,bitcoin_og,407,103,neutral,whales dumping btc retail getting rekt,"['whale', 'dumping', 'btc', 'retail', 'getting', 'rekt']",6,1,0,0
btc_00008593,2024-04-30 20:49:36,"Bitcoin dominance at 52%, altcoins struggling",nft_collector,178,30,neutral,bitcoin dominance at altcoins struggling,"['bitcoin', 'dominance', 'altcoins', 'struggling']",4,1,0,1
btc_00008594,2024-04-30 21:56:07,Bitcoin hash ribbons indicating network congestion signal ⚡,bear_market,56,58,neutral,bitcoin hash ribbons indicating network congestion signal,"['bitcoin', 'hash', 'ribbon', 'indicating', 'network', 'congestion', 'signal']",7,1,1,1
btc_00008595,2024-04-30 21:03:36,Bitcoin breaking resistance! Bullish trend incoming 📈,chart_master,624,270,positive,bitcoin breaking resistance bullish trend incoming,"['bitcoin', 'breaking', 'resistance', 'bullish', 'trend', 'incoming']",6,2,1,1
btc_00008596,2024-04-30 21:54:23,Bitcoin overvalued at current prices! Correction needed ⬇️,nft_collector,446,28,neutral,bitcoin overvalued at current prices correction needed,"['bitcoin', 'overvalued', 'current', 'price', 'correction', 'needed']",6,1,1,1
btc_00008597,2024-04-30 21:34:12,Bullish on #Bitcoin! Target: $68k 🚀,on_chain_data,691,38,positive,bullish on bitcoin target k,"['bullish', 'bitcoin', 'target']",3,2,1,1
btc_00008598,2024-04-30 22:16:05,Just bought more $BTC! HODL strong 💎🙌,whale_watcher,2520,1428,positive,just bought more btc hodl strong,"['bought', 'more', 'btc', 'hodl', 'strong']",5,2,2,2
btc_00008599,2024-04-30 22:27:16,Lost 16% on Bitcoin this week... brutal 💔,btc_hodler,619,49,neutral,lost on bitcoin this week brutal,"['lost', 'bitcoin', 'week', 'brutal']",4,1,0,0
btc_00008600,2024-04-30 22:15:06,Just bought more $BTC! HODL strong 💎🙌,bitcoin_og,822,34,positive,just bought more btc hodl strong,"['bought', 'more', 'btc', 'hodl', 'strong']",5,2,2,2
btc_00008601,2024-04-30 22:43:28,"BTC dump incoming, get out while you can! 🔻",bitcoin_maxie,207,102,negative,btc dump incoming get out while you can,"['btc', 'dump', 'incoming', 'get']",4,0,0,0
btc_00008602,2024-04-30 23:10:53,BTC pumping hard! This is just the beginning 🔥,defi_degen,304,116,neutral,btc pumping hard this is just the beginning,"['btc', 'pumping', 'hard', 'beginning']",4,1,0,1
btc_00008603,2024-04-30 23:54:19,Bitcoin > everything else. Change my mind 💪,alt_hunter,458,104,neutral,bitcoin everything else change my mind,"['bitcoin', 'everything', 'else', 'change', 'mind']",5,1,1,1
btc_00008604,2024-04-30 23:36:29,Analyzing Bitcoin chart patterns today 📈,satoshi_fan,88,2,neutral,analyzing bitcoin chart patterns today,"['analyzing', 'bitcoin', 'chart', 'pattern', 'today']",5,1,1,1
btc_00008605,2024-05-01 00:23:51,"BITCOIN BUBBLE BURSTING, WARNED YOU ALL 😱",nft_collector,125,13,neutral,bitcoin bubble bursting warned you all,"['bitcoin', 'bubble', 'bursting', 'warned']",4,1,0,0
btc_00008606,2024-05-01 00:10:55,Bitcoin mining difficulty adjusted 40% 💰,moon_soon,47,6,neutral,bitcoin mining difficulty adjusted,"['bitcoin', 'mining', 'difficulty', 'adjusted']",4,1,0,0
btc_00008607,2024-05-01 00:07:49,Best decision ever: buying Bitcoin! 🙌 ⚡,defi_degen,300,17,positive,best decision ever buying bitcoin,"['best', 'decision', 'ever', 'buying', 'bitcoin']",5,2,2,2
btc_00008608,2024-05-01 00:30:16,"Bitcoin dominance at 45%, altcoins struggling",on_chain_data,32,20,neutral,bitcoin dominance at altcoins struggling,"['bitcoin', 'dominance', 'altcoins', 'struggling']",4,1,0,1
btc_00008609,2024-05-01 00:26:36,BITCOIN > EVERYTHING ELSE. CHANGE MY MIND 💪,trading_pro,403,12,neutral,bitcoin everything else change my mind,"['bitcoin', 'everything', 'else', 'change', 'mind']",5,1,1,1
btc_00008610,2024-05-01 01:11:20,Bitcoin mining centralization = big problem ⚠️ 🔥,on_chain_data,177,59,neutral,bitcoin mining centralization big problem,"['bitcoin', 'mining', 'centralization', 'big', 'problem']",5,1,0,0
btc_00008611,2024-05-01 01:25:15,Sold all my BTC before the crash! Dodged bullet 😅,bitcoin_maxie,137,60,negative,sold all my btc before the crash dodged bullet,"['sold', 'btc', 'crash', 'dodged', 'bullet']",5,0,0,0
btc_00008612,2024-05-01 02:05:11,Bitcoin on-chain metrics showing mixed signals 📊,btc_miner,39,2,neutral,bitcoin onchain metrics showing mixed signals,"['bitcoin', 'onchain', 'metric', 'showing', 'mixed', 'signal']",6,1,1,1
btc_00008613,2024-05-01 02:55:43,Consolidation phase for Bitcoin continues ⏸️ 💰,btc_hodler,21,27,neutral,consolidation phase for bitcoin continues,"['consolidation', 'phase', 'bitcoin', 'continues']",4,1,1,1
btc_00008614,2024-05-01 02:55:22,"Bearish on Bitcoin, downtrend confirmed 🐻",whale_watcher,173,74,negative,bearish on bitcoin downtrend confirmed,"['bearish', 'bitcoin', 'downtrend', 'confirmed']",4,0,1,1
btc_00008615,2024-05-01 02:17:00,"Crypto winter is here, Bitcoin going to $26 🥶",nft_collector,25,24,neutral,crypto winter is here bitcoin going to,"['crypto', 'winter', 'bitcoin', 'going']",4,1,1,1
btc_00008616,2024-05-01 03:30:36,Institutional Bitcoin holdings update: Coinbase BTC,trading_pro,44,17,neutral,institutional bitcoin holdings update coinbase btc,"['institutional', 'bitcoin', 'holding', 'update', 'coinbase', 'btc']",6,1,1,1
btc_00008617,2024-05-01 03:53:57,DCA into Bitcoin = winning strategy 📊 🎯,bull_run,172,61,neutral,dca into bitcoin winning strategy,"['dca', 'bitcoin', 'winning', 'strategy']",4,1,2,2
btc_00008618,2024-05-01 03:24:52,Survey: 45% of investors hold Bitcoin 🔥,crypto_bull,150,120,neutral,survey of investors hold bitcoin,"['survey', 'investor', 'hold', 'bitcoin']",4,1,1,1
btc_00008619,2024-05-01 04:31:52,Bitcoin hashrate at ATH! Network security = bullish 🔒 ⚡,crypto_trader,517,157,positive,bitcoin hashrate at ath network security bullish,"['bitcoin', 'hashrate', 'ath', 'network', 'security', 'bullish']",6,2,2,2
btc_00008620,2024-05-01 04:40:13,Tether FUD affecting Bitcoin price! Not good 😬,diamond_hands,162,33,positive,tether fud affecting bitcoin price not good,"['tether', 'fud', 'affecting', 'bitcoin', 'price', 'not', 'good']",7,2,0,0
btc_00008621,2024-05-01 05:29:36,"Bitcoin = ponzi scheme, wake up people! ⚠️",nft_collector,98,52,neutral,bitcoin ponzi scheme wake up people,"['bitcoin', 'ponzi', 'scheme', 'wake', 'people']",5,1,1,1
btc_00008622,2024-05-01 06:07:16,"Bitcoin = ponzi scheme, wake up people! ⚠️",technical_ta,93,56,neutral,bitcoin ponzi scheme wake up people,"['bitcoin', 'ponzi', 'scheme', 'wake', 'people']",5,1,1,1
btc_00008623,2024-05-01 07:03:57,Best decision ever: buying Bitcoin! 🙌,btc_miner,120,104,positive,best decision ever buying bitcoin,"['best', 'decision', 'ever', 'buying', 'bitcoin']",5,2,2,2
btc_00008624,2024-05-01 07:22:26,Bitcoin on-chain metrics showing mixed signals 📊,moon_soon,20,4,neutral,bitcoin onchain metrics showing mixed signals,"['bitcoin', 'onchain', 'metric', 'showing', 'mixed', 'signal']",6,1,1,1
btc_00008625,2024-05-01 08:17:35,Bitcoin overvalued at current prices! Correction needed ⬇️,defi_degen,23,21,neutral,bitcoin overvalued at current prices correction needed,"['bitcoin', 'overvalued', 'current', 'price', 'correction', 'needed']",6,1,1,1
btc_00008626,2024-05-01 08:27:47,Bullish on #Bitcoin! Target: $66k 🚀 🎯,hodl_gang,37,70,positive,bullish on bitcoin target k,"['bullish', 'bitcoin', 'target']",3,2,1,1
btc_00008627,2024-05-01 09:45:50,Bitcoin network upgrade scheduled for MicroStrategy,chart_master,75,30,neutral,bitcoin network upgrade scheduled for microstrategy,"['bitcoin', 'network', 'upgrade', 'scheduled', 'microstrategy']",5,1,1,1
btc_00008628,2024-05-01 09:31:52,Bitcoin on-chain metrics showing mixed signals 📊 💰,satoshi_fan,608,130,neutral,bitcoin onchain metrics showing mixed signals,"['bitcoin', 'onchain', 'metric', 'showing', 'mixed', 'signal']",6,1,1,1
btc_00008629,2024-05-01 10:25:21,Sold all my BTC before the crash! Dodged bullet 😅,alt_hunter,72,67,negative,sold all my btc before the crash dodged bullet,"['sold', 'btc', 'crash', 'dodged', 'bullet']",5,0,0,0
btc_00008630,2024-05-01 10:31:50,Regulatory pressure killing Bitcoin! Be careful! ⚖️ 🚨,on_chain_data,64,46,neutral,regulatory pressure killing bitcoin be careful,"['regulatory', 'pressure', 'killing', 'bitcoin', 'careful']",5,1,0,0
btc_00008631,2024-05-01 11:44:32,NEW BITCOIN ETF FILING SUBMITTED BY REGULATION,nft_collector,40,10,neutral,new bitcoin etf filing submitted by regulation,"['new', 'bitcoin', 'etf', 'filing', 'submitted', 'regulation']",6,1,1,1
btc_00008632,2024-05-01 11:38:00,Tether FUD affecting Bitcoin price! Not good 😬,crypto_skeptic,116,48,positive,tether fud affecting bitcoin price not good,"['tether', 'fud', 'affecting', 'bitcoin', 'price', 'not', 'good']",7,2,0,0
btc_00008633,2024-05-01 11:44:01,Bitcoin overvalued at current prices! Correction needed ⬇️,chart_master,127,14,neutral,bitcoin overvalued at current prices correction needed,"['bitcoin', 'overvalued', 'current', 'price', 'correction', 'needed']",6,1,1,1
btc_00008634,2024-05-01 11:32:04,Lost 22% on Bitcoin this week... brutal 💔,crypto_analyst,56,8,neutral,lost on bitcoin this week brutal,"['lost', 'bitcoin', 'week', 'brutal']",4,1,0,0
btc_00008635,2024-05-01 12:56:36,BTC pumping hard! This is just the beginning 🔥,btc_hodler,359,38,neutral,btc pumping hard this is just the beginning,"['btc', 'pumping', 'hard', 'beginning']",4,1,0,1
btc_00008636,2024-05-01 13:52:50,Lost 21% on Bitcoin this week... brutal 💔,moon_soon,847,570,neutral,lost on bitcoin this week brutal,"['lost', 'bitcoin', 'week', 'brutal']",4,1,0,0
btc_00008637,2024-05-01 14:06:46,"Bitcoin volume increasing, watching closely 👀",diamond_hands,51,21,neutral,bitcoin volume increasing watching closely,"['bitcoin', 'volume', 'increasing', 'watching', 'closely']",5,1,1,1
btc_00008638,2024-05-01 15:51:03,DCA into Bitcoin = winning strategy 📊,hodl_gang,297,222,neutral,dca into bitcoin winning strategy,"['dca', 'bitcoin', 'winning', 'strategy']",4,1,2,2
btc_00008639,2024-05-01 15:55:36,Long-term Bitcoin holders not selling 🔒,technical_ta,144,22,neutral,longterm bitcoin holders not selling,"['longterm', 'bitcoin', 'holder', 'not', 'selling']",5,1,1,1
btc_00008640,2024-05-01 16:30:03,Best performing asset: #Bitcoin 🏆 🎯,btc_hodler,1013,43,positive,best performing asset bitcoin,"['best', 'performing', 'asset', 'bitcoin']",4,2,2,2
btc_00008641,2024-05-01 16:56:11,Analyzing Bitcoin chart patterns today 📈,trading_pro,168,40,neutral,analyzing bitcoin chart patterns today,"['analyzing', 'bitcoin', 'chart', 'pattern', 'today']",5,1,1,1
btc_00008642,2024-05-01 16:56:57,"BTC dump incoming, get out while you can! 🔻",diamond_hands,298,61,negative,btc dump incoming get out while you can,"['btc', 'dump', 'incoming', 'get']",4,0,0,0
btc_00008643,2024-05-01 16:38:34,Market update: Bitcoin sideways movement continues,satoshi_fan,223,64,neutral,market update bitcoin sideways movement continues,"['market', 'update', 'bitcoin', 'sideways', 'movement', 'continues']",6,1,1,1
btc_00008644,2024-05-01 17:57:09,"Bitcoin will hit $59k this year, mark my words! 📈",crypto_skeptic,646,67,neutral,bitcoin will hit k this year mark my words,"['bitcoin', 'hit', 'year', 'mark', 'word']",5,1,1,1
btc_00008645,2024-05-01 17:00:18,Bitcoin > everything else. Change my mind 💪,bear_market,827,63,neutral,bitcoin everything else change my mind,"['bitcoin', 'everything', 'else', 'change', 'mind']",5,1,1,1
btc_00008646,2024-05-01 17:55:56,DCA into Bitcoin = winning strategy 📊,btc_miner,702,184,neutral,dca into bitcoin winning strategy,"['dca', 'bitcoin', 'winning', 'strategy']",4,1,2,2
btc_00008647,2024-05-01 18:42:24,"Bitcoin will hit $57k this year, mark my words! 📈",defi_degen,441,204,neutral,bitcoin will hit k this year mark my words,"['bitcoin', 'hit', 'year', 'mark', 'word']",5,1,1,1
btc_00008648,2024-05-01 18:30:19,New Bitcoin ETF filing submitted by regulation 💰,trading_pro,118,10,neutral,new bitcoin etf filing submitted by regulation,"['new', 'bitcoin', 'etf', 'filing', 'submitted', 'regulation']",6,1,1,1
btc_00008649,2024-05-01 18:44:57,Bitcoin crashing hard! Sell everything! 📉,technical_ta,546,116,negative,bitcoin crashing hard sell everything,"['bitcoin', 'crashing', 'hard', 'sell', 'everything']",5,0,0,1
btc_00008650,2024-05-01 18:10:10,Interesting Bitcoin development: PayPal 🎯,chart_master,201,52,neutral,interesting bitcoin development paypal,"['interesting', 'bitcoin', 'development', 'paypal']",4,1,2,2
btc_00008651,2024-05-01 19:29:07,Survey: 43% of investors hold Bitcoin,bitcoin_maxie,229,69,neutral,survey of investors hold bitcoin,"['survey', 'investor', 'hold', 'bitcoin']",4,1,1,1
btc_00008652,2024-05-01 19:15:49,Bitcoin breaking resistance! Bullish trend incoming 📈,satoshi_fan,544,266,positive,bitcoin breaking resistance bullish trend incoming,"['bitcoin', 'breaking', 'resistance', 'bullish', 'trend', 'incoming']",6,2,1,1
btc_00008653,2024-05-01 19:39:37,"BITCOIN VOLUME INCREASING, WATCHING CLOSELY 👀",crypto_news,146,10,neutral,bitcoin volume increasing watching closely,"['bitcoin', 'volume', 'increasing', 'watching', 'closely']",5,1,1,1
btc_00008654,2024-05-01 20:32:20,Bitcoin hash ribbons indicating Fidelity signal,bitcoin_maxie,144,55,neutral,bitcoin hash ribbons indicating fidelity signal,"['bitcoin', 'hash', 'ribbon', 'indicating', 'fidelity', 'signal']",6,1,1,1
btc_00008655,2024-05-01 21:51:24,BTC technical analysis shows strong uptrend ↗️,chart_master,422,110,neutral,btc technical analysis shows strong uptrend,"['btc', 'technical', 'analysis', 'show', 'strong', 'uptrend']",6,1,2,2
btc_00008656,2024-05-01 21:29:36,"Bitcoin will hit $55k this year, mark my words! 📈",chart_master,501,136,neutral,bitcoin will hit k this year mark my words,"['bitcoin', 'hit', 'year', 'mark', 'word']",5,1,1,1
btc_00008657,2024-05-01 21:04:19,Whales dumping BTC! Retail getting rekt 🐋,crypto_news,363,94,neutral,whales dumping btc retail getting rekt,"['whale', 'dumping', 'btc', 'retail', 'getting', 'rekt']",6,1,0,0
btc_00008658,2024-05-01 22:45:31,"Bitcoin volume increasing, watching closely 👀 👀",crypto_trader,178,7,neutral,bitcoin volume increasing watching closely,"['bitcoin', 'volume', 'increasing', 'watching', 'closely']",5,1,1,1
btc_00008659,2024-05-01 23:36:21,Analyzing Bitcoin chart patterns today 📈,crypto_analyst,32,7,neutral,analyzing bitcoin chart patterns today,"['analyzing', 'bitcoin', 'chart', 'pattern', 'today']",5,1,1,1
btc_00008660,2024-05-01 23:46:24,"Bitcoin volume increasing, watching closely 👀",btc_miner,73,9,neutral,bitcoin volume increasing watching closely,"['bitcoin', 'volume', 'increasing', 'watching', 'closely']",5,1,1,1
btc_00008661,2024-05-01 23:11:58,Lost so much on Bitcoin... never again 😭,nft_collector,1819,115,neutral,lost so much on bitcoin never again,"['lost', 'much', 'bitcoin', 'never']",4,1,0,0
btc_00008662,2024-05-01 23:46:15,Institutional Bitcoin holdings update: Binance BTC,bear_market,57,10,neutral,institutional bitcoin holdings update binance btc,"['institutional', 'bitcoin', 'holding', 'update', 'binance', 'btc']",6,1,1,1
btc_00008663,2024-05-02 00:35:42,Survey: 40% of investors hold Bitcoin,bull_run,47,3,neutral,survey of investors hold bitcoin,"['survey', 'investor', 'hold', 'bitcoin']",4,1,1,1
btc_00008664,2024-05-02 00:29:57,Smart money accumulating Bitcoin quietly 👀,crypto_news,303,122,neutral,smart money accumulating bitcoin quietly,"['smart', 'money', 'accumulating', 'bitcoin', 'quietly']",5,1,2,2
btc_00008665,2024-05-02 00:06:56,Institutions buying Bitcoin = moon time 🌙,bull_run,149,21,positive,institutions buying bitcoin moon time,"['institution', 'buying', 'bitcoin', 'moon', 'time']",5,2,1,1
btc_00008666,2024-05-02 00:22:55,Bitcoin looking strong at $65 resistance broken!,crypto_skeptic,223,20,neutral,bitcoin looking strong at resistance broken,"['bitcoin', 'looking', 'strong', 'resistance', 'broken']",5,1,2,2
btc_00008667,2024-05-02 00:56:48,Bitcoin breaking resistance! Bullish trend incoming 📈,bear_market,511,137,positive,bitcoin breaking resistance bullish trend incoming,"['bitcoin', 'breaking', 'resistance', 'bullish', 'trend', 'incoming']",6,2,1,1
btc_00008668,2024-05-02 01:29:16,"Bitcoin will hit $64k this year, mark my words! 📈",trading_pro,256,43,neutral,bitcoin will hit k this year mark my words,"['bitcoin', 'hit', 'year', 'mark', 'word']",5,1,1,1
btc_00008669,2024-05-02 01:38:42,Regulatory pressure killing Bitcoin! Be careful! ⚖️ 🚨,satoshi_fan,199,81,neutral,regulatory pressure killing bitcoin be careful,"['regulatory', 'pressure', 'killing', 'bitcoin', 'careful']",5,1,0,0
btc_00008670,2024-05-02 01:28:06,Consolidation phase for Bitcoin continues ⏸️,crypto_analyst,14,7,neutral,consolidation phase for bitcoin continues,"['consolidation', 'phase', 'bitcoin', 'continues']",4,1,1,1
btc_00008671,2024-05-02 01:50:21,Sold all my BTC before the crash! Dodged bullet 😅,diamond_hands,48,25,negative,sold all my btc before the crash dodged bullet,"['sold', 'btc', 'crash', 'dodged', 'bullet']",5,0,0,0
btc_00008672,2024-05-02 02:18:36,Smart money accumulating Bitcoin quietly 👀,defi_degen,219,82,neutral,smart money accumulating bitcoin quietly,"['smart', 'money', 'accumulating', 'bitcoin', 'quietly']",5,1,2,2
btc_00008673,2024-05-02 02:14:55,New Bitcoin ETF filing submitted by Grayscale,alt_hunter,64,9,neutral,new bitcoin etf filing submitted by grayscale,"['new', 'bitcoin', 'etf', 'filing', 'submitted', 'grayscale']",6,1,1,1
btc_00008674,2024-05-02 02:30:03,"Bitcoin will hit $76k this year, mark my words! 📈",defi_degen,470,20,neutral,bitcoin will hit k this year mark my words,"['bitcoin', 'hit', 'year', 'mark', 'word']",5,1,1,1
btc_00008675,2024-05-02 03:37:44,BTC HOLDING STEADY AT BLACKROCK SUPPORT LEVEL,on_chain_data,29,16,neutral,btc holding steady at blackrock support level,"['btc', 'holding', 'steady', 'blackrock', 'support', 'level']",6,1,2,2
btc_00008676,2024-05-02 03:19:14,Consolidation phase for Bitcoin continues ⏸️,btc_hodler,53,2,neutral,consolidation phase for bitcoin continues,"['consolidation', 'phase', 'bitcoin', 'continues']",4,1,1,1
btc_00008677,2024-05-02 03:17:07,"Bitcoin scam, government will ban it! ⚠️",trading_pro,181,8,negative,bitcoin scam government will ban it,"['bitcoin', 'scam', 'government', 'ban']",4,0,0,0
btc_00008678,2024-05-02 03:53:55,STUDY SHOWS: BITCOIN VOLATILITY DECREASING OVER TIME,bull_run,47,1,neutral,study shows bitcoin volatility decreasing over time,"['study', 'show', 'bitcoin', 'volatility', 'decreasing', 'time']",6,1,1,1
btc_00008679,2024-05-02 04:59:39,Interesting Bitcoin development: Kraken,crypto_news,54,11,neutral,interesting bitcoin development kraken,"['interesting', 'bitcoin', 'development', 'kraken']",4,1,2,2
btc_00008680,2024-05-02 04:09:17,Bitcoin on-chain metrics showing mixed signals 📊,diamond_hands,47,7,neutral,bitcoin onchain metrics showing mixed signals,"['bitcoin', 'onchain', 'metric', 'showing', 'mixed', 'signal']",6,1,1,1
btc_00008681,2024-05-02 04:43:05,"Bitcoin volume increasing, watching closely 👀 💯",trading_pro,63,18,neutral,bitcoin volume increasing watching closely,"['bitcoin', 'volume', 'increasing', 'watching', 'closely']",5,1,1,1
btc_00008682,2024-05-02 04:44:46,Interesting Bitcoin development: Blackrock,bitcoin_og,195,28,neutral,interesting bitcoin development blackrock,"['interesting', 'bitcoin', 'development', 'blackrock']",4,1,2,2
btc_00008683,2024-05-02 04:24:52,Just bought more $BTC! HODL strong 💎🙌,chart_master,70,104,positive,just bought more btc hodl strong,"['bought', 'more', 'btc', 'hodl', 'strong']",5,2,2,2
btc_00008684,2024-05-02 04:49:44,BTC pumping hard! This is just the beginning 🔥,crypto_analyst,1008,450,neutral,btc pumping hard this is just the beginning,"['btc', 'pumping', 'hard', 'beginning']",4,1,0,1
btc_00008685,2024-05-02 05:01:18,"Bitcoin scam, government will ban it! ⚠️",bitcoin_maxie,163,8,negative,bitcoin scam government will ban it,"['bitcoin', 'scam', 'government', 'ban']",4,0,0,0
btc_00008686,2024-05-02 05:27:12,Institutions buying Bitcoin = moon time 🌙,satoshi_fan,162,19,positive,institutions buying bitcoin moon time,"['institution', 'buying', 'bitcoin', 'moon', 'time']",5,2,1,1
btc_00008687,2024-05-02 05:58:22,"Bitcoin bubble bursting, warned you all 😱 ⚡",diamond_hands,60,76,neutral,bitcoin bubble bursting warned you all,"['bitcoin', 'bubble', 'bursting', 'warned']",4,1,0,0
btc_00008688,2024-05-02 05:38:44,Consolidation phase for Bitcoin continues ⏸️,crypto_news,31,8,neutral,consolidation phase for bitcoin continues,"['consolidation', 'phase', 'bitcoin', 'continues']",4,1,1,1
btc_00008689,2024-05-02 06:00:11,BITCOIN MINING DIFFICULTY ADJUSTED 50%,bitcoin_og,31,6,neutral,bitcoin mining difficulty adjusted,"['bitcoin', 'mining', 'difficulty', 'adjusted']",4,1,0,0
btc_00008690,2024-05-02 06:10:51,Amazing gains on Bitcoin today! Up 14% 🎉 🚨,crypto_analyst,207,40,neutral,amazing gains on bitcoin today up,"['amazing', 'gain', 'bitcoin', 'today']",4,1,2,2
btc_00008691,2024-05-02 07:16:36,ANALYZING BITCOIN CHART PATTERNS TODAY 📈,technical_ta,21,4,neutral,analyzing bitcoin chart patterns today,"['analyzing', 'bitcoin', 'chart', 'pattern', 'today']",5,1,1,1
btc_00008692,2024-05-02 07:05:45,Bitcoin hashrate at ATH! Network security = bullish 🔒,diamond_hands,372,80,positive,bitcoin hashrate at ath network security bullish,"['bitcoin', 'hashrate', 'ath', 'network', 'security', 'bullish']",6,2,2,2
btc_00008693,2024-05-02 07:09:22,"Bitcoin scam, government will ban it! ⚠️ 🎯",crypto_analyst,146,7,negative,bitcoin scam government will ban it,"['bitcoin', 'scam', 'government', 'ban']",4,0,0,0
btc_00008694,2024-05-02 08:22:38,Bitcoin stock-to-flow model update: ratio Tesla,btc_hodler,63,25,neutral,bitcoin stocktoflow model update ratio tesla,"['bitcoin', 'stocktoflow', 'model', 'update', 'ratio', 'tesla']",6,1,1,1
btc_00008695,2024-05-02 08:10:25,"Bitcoin volume increasing, watching closely 👀",crypto_news,18,16,neutral,bitcoin volume increasing watching closely,"['bitcoin', 'volume', 'increasing', 'watching', 'closely']",5,1,1,1
btc_00008696,2024-05-02 08:17:06,Bitcoin network upgrade scheduled for mining ban,btc_hodler,19,17,neutral,bitcoin network upgrade scheduled for mining ban,"['bitcoin', 'network', 'upgrade', 'scheduled', 'mining', 'ban']",6,1,0,0
btc_00008697,2024-05-02 09:16:15,Consolidation phase for Bitcoin continues ⏸️,crypto_news,18,16,neutral,consolidation phase for bitcoin continues,"['consolidation', 'phase', 'bitcoin', 'continues']",4,1,1,1
btc_00008698,2024-05-02 09:57:03,Institutions buying Bitcoin = moon time 🌙,trading_pro,142,96,positive,institutions buying bitcoin moon time,"['institution', 'buying', 'bitcoin', 'moon', 'time']",5,2,1,1
btc_00008699,2024-05-02 09:00:34,Bitcoin mining centralization = big problem ⚠️,bitcoin_og,142,3,neutral,bitcoin mining centralization big problem,"['bitcoin', 'mining', 'centralization', 'big', 'problem']",5,1,0,0
btc_00008700,2024-05-02 09:39:23,"Bitcoin scam, government will ban it! ⚠️",chart_master,69,44,negative,bitcoin scam government will ban it,"['bitcoin', 'scam', 'government', 'ban']",4,0,0,0
btc_00008701,2024-05-02 10:49:23,Best performing asset: #Bitcoin 🏆,defi_degen,70,34,positive,best performing asset bitcoin,"['best', 'performing', 'asset', 'bitcoin']",4,2,2,2
btc_00008702,2024-05-02 10:34:19,Analyzing Bitcoin chart patterns today 📈 💯,bitcoin_maxie,38,2,neutral,analyzing bitcoin chart patterns today,"['analyzing', 'bitcoin', 'chart', 'pattern', 'today']",5,1,1,1
btc_00008703,2024-05-02 10:23:32,Bitcoin looking strong at $71 resistance broken!,crypto_analyst,184,43,neutral,bitcoin looking strong at resistance broken,"['bitcoin', 'looking', 'strong', 'resistance', 'broken']",5,1,2,2
btc_00008704,2024-05-02 10:41:15,Bitcoin looking strong at $73 resistance broken!,crypto_skeptic,516,135,neutral,bitcoin looking strong at resistance broken,"['bitcoin', 'looking', 'strong', 'resistance', 'broken']",5,1,2,2
btc_00008705,2024-05-02 11:28:13,Bitcoin overvalued at current prices! Correction needed ⬇️,bitcoin_maxie,67,20,neutral,bitcoin overvalued at current prices correction needed,"['bitcoin', 'overvalued', 'current', 'price', 'correction', 'needed']",6,1,1,1
btc_00008706,2024-05-02 11:48:45,Bitcoin hash ribbons indicating institutional buying signal 💯,trading_pro,113,19,neutral,bitcoin hash ribbons indicating institutional buying signal,"['bitcoin', 'hash', 'ribbon', 'indicating', 'institutional', 'buying', 'signal']",7,1,1,1
btc_00008707,2024-05-02 11:49:31,Bitcoin mining centralization = big problem ⚠️,satoshi_fan,152,33,neutral,bitcoin mining centralization big problem,"['bitcoin', 'mining', 'centralization', 'big', 'problem']",5,1,0,0
btc_00008708,2024-05-02 11:56:59,BITCOIN OVERVALUED AT CURRENT PRICES! CORRECTION NEEDED ⬇️ 💯,nft_collector,45,56,neutral,bitcoin overvalued at current prices correction needed,"['bitcoin', 'overvalued', 'current', 'price', 'correction', 'needed']",6,1,1,1
btc_00008709,2024-05-02 12:27:50,"BITCOIN WILL HIT $61K THIS YEAR, MARK MY WORDS! 📈 💯",whale_watcher,90,27,neutral,bitcoin will hit k this year mark my words,"['bitcoin', 'hit', 'year', 'mark', 'word']",5,1,1,1
btc_00008710,2024-05-02 12:41:21,Just stacked more sats! Bitcoin only 🧡,sats_stacker,324,16,neutral,just stacked more sats bitcoin only,"['stacked', 'more', 'sat', 'bitcoin']",4,1,1,1
btc_00008711,2024-05-02 13:12:07,"Bitcoin bubble bursting, warned you all 😱",crypto_analyst,104,14,neutral,bitcoin bubble bursting warned you all,"['bitcoin', 'bubble', 'bursting', 'warned']",4,1,0,0
btc_00008712,2024-05-02 13:10:13,"Bearish on Bitcoin, downtrend confirmed 🐻",defi_degen,157,15,negative,bearish on bitcoin downtrend confirmed,"['bearish', 'bitcoin', 'downtrend', 'confirmed']",4,0,1,1
btc_00008713,2024-05-02 13:05:11,Best performing asset: #Bitcoin 🏆,crypto_bull,423,57,positive,best performing asset bitcoin,"['best', 'performing', 'asset', 'bitcoin']",4,2,2,2
btc_00008714,2024-05-02 13:56:07,Bitcoin sentiment turning positive! Rally incoming 🚀,nft_collector,110,66,positive,bitcoin sentiment turning positive rally incoming,"['bitcoin', 'sentiment', 'turning', 'positive', 'rally', 'incoming']",6,2,2,2
btc_00008715,2024-05-02 13:15:07,"Bitcoin dead, time to move on 💀",crypto_skeptic,321,16,neutral,bitcoin dead time to move on,"['bitcoin', 'dead', 'time', 'move']",4,1,0,0
btc_00008716,2024-05-02 13:46:41,Bitcoin network upgrade scheduled for Fidelity 👀,whale_watcher,49,1,neutral,bitcoin network upgrade scheduled for fidelity,"['bitcoin', 'network', 'upgrade', 'scheduled', 'fidelity']",5,1,1,1
btc_00008717,2024-05-02 14:01:19,Bitcoin looking strong at $73 resistance broken! 🔥,whale_watcher,341,96,neutral,bitcoin looking strong at resistance broken,"['bitcoin', 'looking', 'strong', 'resistance', 'broken']",5,1,2,2
btc_00008718,2024-05-02 14:06:07,Bitcoin transaction fees too high! Unusable! 💸,btc_hodler,79,47,neutral,bitcoin transaction fees too high unusable,"['bitcoin', 'transaction', 'fee', 'high', 'unusable']",5,1,1,1
btc_00008719,2024-05-02 14:23:24,"Bitcoin dominance at 56%, altcoins struggling",bitcoin_og,35,45,neutral,bitcoin dominance at altcoins struggling,"['bitcoin', 'dominance', 'altcoins', 'struggling']",4,1,0,1
btc_00008720,2024-05-02 14:27:56,Bitcoin overvalued at current prices! Correction needed ⬇️ 💯,alt_hunter,159,67,neutral,bitcoin overvalued at current prices correction needed,"['bitcoin', 'overvalued', 'current', 'price', 'correction', 'needed']",6,1,1,1
btc_00008721,2024-05-02 14:25:18,Interesting Bitcoin development: institutional buying,nft_collector,151,46,neutral,interesting bitcoin development institutional buying,"['interesting', 'bitcoin', 'development', 'institutional', 'buying']",5,1,2,2
btc_00008722,2024-05-02 14:36:47,"Bitcoin bubble bursting, warned you all 😱",moon_soon,284,108,neutral,bitcoin bubble bursting warned you all,"['bitcoin', 'bubble', 'bursting', 'warned']",4,1,0,0
btc_00008723,2024-05-02 15:15:16,Bitcoin trading range: $49725 - $51754,whale_watcher,25,7,neutral,bitcoin trading range,"['bitcoin', 'trading', 'range']",3,1,1,1
btc_00008724,2024-05-02 15:50:09,Bullish on #Bitcoin! Target: $72k 🚀,crypto_skeptic,389,304,positive,bullish on bitcoin target k,"['bullish', 'bitcoin', 'target']",3,2,1,1
btc_00008725,2024-05-02 16:09:52,Lost so much on Bitcoin... never again 😭,crypto_bull,387,130,neutral,lost so much on bitcoin never again,"['lost', 'much', 'bitcoin', 'never']",4,1,0,0
btc_00008726,2024-05-02 16:19:12,Best decision ever: buying Bitcoin! 🙌,on_chain_data,742,93,positive,best decision ever buying bitcoin,"['best', 'decision', 'ever', 'buying', 'bitcoin']",5,2,2,2
btc_00008727,2024-05-02 17:50:24,"Crypto winter is here, Bitcoin going to $36 🥶",hodl_gang,125,133,neutral,crypto winter is here bitcoin going to,"['crypto', 'winter', 'bitcoin', 'going']",4,1,1,1
btc_00008728,2024-05-02 17:01:55,Bitcoin to the moon! 🚀 #BTC #crypto,technical_ta,671,100,positive,bitcoin to the moon btc crypto,"['bitcoin', 'moon', 'btc', 'crypto']",4,2,1,1
btc_00008729,2024-05-02 18:11:24,Interesting Bitcoin development: regulation,bitcoin_maxie,148,16,neutral,interesting bitcoin development regulation,"['interesting', 'bitcoin', 'development', 'regulation']",4,1,2,2
btc_00008730,2024-05-02 18:24:46,SOLD ALL MY BTC BEFORE THE CRASH! DODGED BULLET 😅,bull_run,636,124,negative,sold all my btc before the crash dodged bullet,"['sold', 'btc', 'crash', 'dodged', 'bullet']",5,0,0,0
btc_00008731,2024-05-02 18:15:50,"Bitcoin dominance at 52%, altcoins struggling",trading_pro,43,46,neutral,bitcoin dominance at altcoins struggling,"['bitcoin', 'dominance', 'altcoins', 'struggling']",4,1,0,1
btc_00008732,2024-05-02 18:08:55,Bitcoin adoption growing massively! Bullish 📊 ⚡,trading_pro,832,117,positive,bitcoin adoption growing massively bullish,"['bitcoin', 'adoption', 'growing', 'massively', 'bullish']",5,2,2,2
btc_00008733,2024-05-02 18:22:41,Just bought more $BTC! HODL strong 💎🙌,moon_soon,464,216,positive,just bought more btc hodl strong,"['bought', 'more', 'btc', 'hodl', 'strong']",5,2,2,2
btc_00008734,2024-05-02 19:25:20,Regulatory pressure killing Bitcoin! Be careful! ⚖️,chart_master,185,34,neutral,regulatory pressure killing bitcoin be careful,"['regulatory', 'pressure', 'killing', 'bitcoin', 'careful']",5,1,0,0
btc_00008735,2024-05-02 19:10:10,Bitcoin transaction fees too high! Unusable! 💸,nft_collector,354,122,neutral,bitcoin transaction fees too high unusable,"['bitcoin', 'transaction', 'fee', 'high', 'unusable']",5,1,1,1
btc_00008736,2024-05-02 20:23:21,Bitcoin adoption growing massively! Bullish 📊,btc_miner,328,52,positive,bitcoin adoption growing massively bullish,"['bitcoin', 'adoption', 'growing', 'massively', 'bullish']",5,2,2,2
btc_00008737,2024-05-02 20:01:53,Study shows: Bitcoin volatility decreasing over time,satoshi_fan,105,9,neutral,study shows bitcoin volatility decreasing over time,"['study', 'show', 'bitcoin', 'volatility', 'decreasing', 'time']",6,1,1,1
btc_00008738,2024-05-02 21:05:20,Bitcoin > everything else. Change my mind 💪,trading_pro,382,98,neutral,bitcoin everything else change my mind,"['bitcoin', 'everything', 'else', 'change', 'mind']",5,1,1,1
btc_00008739,2024-05-02 22:04:26,Lost so much on Bitcoin... never again 😭,on_chain_data,519,63,neutral,lost so much on bitcoin never again,"['lost', 'much', 'bitcoin', 'never']",4,1,0,0
btc_00008740,2024-05-02 22:34:53,Bitcoin breaking resistance! Bullish trend incoming 📈,satoshi_fan,513,240,positive,bitcoin breaking resistance bullish trend incoming,"['bitcoin', 'breaking', 'resistance', 'bullish', 'trend', 'incoming']",6,2,1,1
btc_00008741,2024-05-02 23:36:55,Bitcoin stock-to-flow model update: ratio Grayscale,bitcoin_og,58,14,neutral,bitcoin stocktoflow model update ratio grayscale,"['bitcoin', 'stocktoflow', 'model', 'update', 'ratio', 'grayscale']",6,1,1,1
btc_00008742,2024-05-02 23:17:59,Interesting Bitcoin development: MicroStrategy,crypto_bull,61,25,neutral,interesting bitcoin development microstrategy,"['interesting', 'bitcoin', 'development', 'microstrategy']",4,1,2,2
btc_00008743,2024-05-02 23:14:33,Amazing gains on Bitcoin today! Up 14% 🎉,alt_hunter,438,132,neutral,amazing gains on bitcoin today up,"['amazing', 'gain', 'bitcoin', 'today']",4,1,2,2
btc_00008744,2024-05-02 23:41:54,Whales dumping BTC! Retail getting rekt 🐋 💯,alt_hunter,86,24,neutral,whales dumping btc retail getting rekt,"['whale', 'dumping', 'btc', 'retail', 'getting', 'rekt']",6,1,0,0
btc_00008745,2024-05-03 00:32:22,Best performing asset: #Bitcoin 🏆,btc_hodler,238,50,positive,best performing asset bitcoin,"['best', 'performing', 'asset', 'bitcoin']",4,2,2,2
btc_00008746,2024-05-03 00:08:58,Bitcoin looking strong at $77 resistance broken!,trading_pro,235,98,neutral,bitcoin looking strong at resistance broken,"['bitcoin', 'looking', 'strong', 'resistance', 'broken']",5,1,2,2
btc_00008747,2024-05-03 00:02:46,"Bitcoin will hit $62k this year, mark my words! 📈",bitcoin_og,191,87,neutral,bitcoin will hit k this year mark my words,"['bitcoin', 'hit', 'year', 'mark', 'word']",5,1,1,1
btc_00008748,2024-05-03 00:15:30,Bitcoin hash ribbons indicating ETF approval signal,bitcoin_maxie,30,1,neutral,bitcoin hash ribbons indicating etf approval signal,"['bitcoin', 'hash', 'ribbon', 'indicating', 'etf', 'approval', 'signal']",7,1,2,2
btc_00008749,2024-05-03 00:12:46,"Bitcoin scam, government will ban it! ⚠️",btc_miner,25,5,negative,bitcoin scam government will ban it,"['bitcoin', 'scam', 'government', 'ban']",4,0,0,0
btc_00008750,2024-05-03 00:18:57,"Bitcoin will hit $78k this year, mark my words! 📈",chart_master,482,178,neutral,bitcoin will hit k this year mark my words,"['bitcoin', 'hit', 'year', 'mark', 'word']",5,1,1,1
btc_00008751,2024-05-03 01:06:37,"Bitcoin dead, time to move on 💀",crypto_trader,262,33,neutral,bitcoin dead time to move on,"['bitcoin', 'dead', 'time', 'move']",4,1,0,0
btc_00008752,2024-05-03 01:30:59,Regulatory pressure killing Bitcoin! Be careful! ⚖️,chart_master,232,10,neutral,regulatory pressure killing bitcoin be careful,"['regulatory', 'pressure', 'killing', 'bitcoin', 'careful']",5,1,0,0
btc_00008753,2024-05-03 02:14:39,Market update: Bitcoin sideways movement continues 🚨,diamond_hands,62,7,neutral,market update bitcoin sideways movement continues,"['market', 'update', 'bitcoin', 'sideways', 'movement', 'continues']",6,1,1,1
btc_00008754,2024-05-03 02:12:29,Bitcoin overvalued at current prices! Correction needed ⬇️,whale_watcher,285,74,neutral,bitcoin overvalued at current prices correction needed,"['bitcoin', 'overvalued', 'current', 'price', 'correction', 'needed']",6,1,1,1
btc_00008755,2024-05-03 02:46:30,Amazing gains on Bitcoin today! Up 5% 🎉,btc_hodler,242,15,neutral,amazing gains on bitcoin today up,"['amazing', 'gain', 'bitcoin', 'today']",4,1,2,2
btc_00008756,2024-05-03 03:56:05,Market update: Bitcoin sideways movement continues,moon_soon,27,18,neutral,market update bitcoin sideways movement continues,"['market', 'update', 'bitcoin', 'sideways', 'movement', 'continues']",6,1,1,1
btc_00008757,2024-05-03 03:41:48,"Bitcoin bubble bursting, warned you all 😱",hodl_gang,98,41,neutral,bitcoin bubble bursting warned you all,"['bitcoin', 'bubble', 'bursting', 'warned']",4,1,0,0
btc_00008758,2024-05-03 03:12:55,Smart money accumulating Bitcoin quietly 👀 💯,crypto_news,278,19,neutral,smart money accumulating bitcoin quietly,"['smart', 'money', 'accumulating', 'bitcoin', 'quietly']",5,1,2,2
btc_00008759,2024-05-03 04:38:09,Lost 8% on Bitcoin this week... brutal 💔 👀,nft_collector,77,26,neutral,lost on bitcoin this week brutal,"['lost', 'bitcoin', 'week', 'brutal']",4,1,0,0
btc_00008760,2024-05-03 04:55:59,Best decision ever: buying Bitcoin! 🙌 💯,technical_ta,41,39,positive,best decision ever buying bitcoin,"['best', 'decision', 'ever', 'buying', 'bitcoin']",5,2,2,2
btc_00008761,2024-05-03 05:48:19,"Bitcoin volume increasing, watching closely 👀",nft_collector,34,1,neutral,bitcoin volume increasing watching closely,"['bitcoin', 'volume', 'increasing', 'watching', 'closely']",5,1,1,1
btc_00008762,2024-05-03 05:59:51,"CRYPTO WINTER IS HERE, BITCOIN GOING TO $29 🥶",crypto_news,209,71,neutral,crypto winter is here bitcoin going to,"['crypto', 'winter', 'bitcoin', 'going']",4,1,1,1
btc_00008763,2024-05-03 05:04:46,Just stacked more sats! Bitcoin only 🧡,diamond_hands,269,103,neutral,just stacked more sats bitcoin only,"['stacked', 'more', 'sat', 'bitcoin']",4,1,1,1
btc_00008764,2024-05-03 06:31:25,DCA into Bitcoin = winning strategy 📊,satoshi_fan,86,105,neutral,dca into bitcoin winning strategy,"['dca', 'bitcoin', 'winning', 'strategy']",4,1,2,2
btc_00008765,2024-05-03 07:27:21,Bitcoin transaction fees too high! Unusable! 💸,trading_pro,223,45,neutral,bitcoin transaction fees too high unusable,"['bitcoin', 'transaction', 'fee', 'high', 'unusable']",5,1,1,1
btc_00008766,2024-05-03 07:02:16,Bitcoin network upgrade scheduled for mining ban,nft_collector,35,1,neutral,bitcoin network upgrade scheduled for mining ban,"['bitcoin', 'network', 'upgrade', 'scheduled', 'mining', 'ban']",6,1,0,0
btc_00008767,2024-05-03 07:18:48,Bullish on #Bitcoin! Target: $70k 🚀,bear_market,559,123,positive,bullish on bitcoin target k,"['bullish', 'bitcoin', 'target']",3,2,1,1
btc_00008768,2024-05-03 08:15:30,Bitcoin mining difficulty adjusted 48%,defi_degen,9,7,neutral,bitcoin mining difficulty adjusted,"['bitcoin', 'mining', 'difficulty', 'adjusted']",4,1,0,0
btc_00008769,2024-05-03 08:42:19,New Bitcoin ETF filing submitted by PayPal,btc_miner,32,25,neutral,new bitcoin etf filing submitted by paypal,"['new', 'bitcoin', 'etf', 'filing', 'submitted', 'paypal']",6,1,1,1
btc_00008770,2024-05-03 08:54:41,Market manipulation! Bitcoin not organic growth 😡 🎯,chart_master,2790,616,neutral,market manipulation bitcoin not organic growth,"['market', 'manipulation', 'bitcoin', 'not', 'organic', 'growth']",6,1,0,0
btc_00008771,2024-05-03 08:44:20,"Bitcoin dead, time to move on 💀",moon_soon,147,19,neutral,bitcoin dead time to move on,"['bitcoin', 'dead', 'time', 'move']",4,1,0,0
btc_00008772,2024-05-03 09:55:18,Just bought more $BTC! HODL strong 💎🙌 💯,bitcoin_og,243,66,positive,just bought more btc hodl strong,"['bought', 'more', 'btc', 'hodl', 'strong']",5,2,2,2
btc_00008773,2024-05-03 09:02:31,Market update: Bitcoin sideways movement continues,nft_collector,29,5,neutral,market update bitcoin sideways movement continues,"['market', 'update', 'bitcoin', 'sideways', 'movement', 'continues']",6,1,1,1
btc_00008774,2024-05-03 09:58:55,Regulatory pressure killing Bitcoin! Be careful! ⚖️,btc_miner,276,30,neutral,regulatory pressure killing bitcoin be careful,"['regulatory', 'pressure', 'killing', 'bitcoin', 'careful']",5,1,0,0
btc_00008775,2024-05-03 10:38:41,BTC pumping hard! This is just the beginning 🔥,crypto_trader,284,36,neutral,btc pumping hard this is just the beginning,"['btc', 'pumping', 'hard', 'beginning']",4,1,0,1
btc_00008776,2024-05-03 10:31:09,Interesting Bitcoin development: ETF approval,whale_watcher,26,5,neutral,interesting bitcoin development etf approval,"['interesting', 'bitcoin', 'development', 'etf', 'approval']",5,1,2,2
btc_00008777,2024-05-03 10:33:07,"Bitcoin dominance at 45%, altcoins struggling",trading_pro,7,11,neutral,bitcoin dominance at altcoins struggling,"['bitcoin', 'dominance', 'altcoins', 'struggling']",4,1,0,1
btc_00008778,2024-05-03 10:24:44,Bitcoin breaking resistance! Bullish trend incoming 📈,crypto_skeptic,202,86,positive,bitcoin breaking resistance bullish trend incoming,"['bitcoin', 'breaking', 'resistance', 'bullish', 'trend', 'incoming']",6,2,1,1
btc_00008779,2024-05-03 11:03:38,Institutional Bitcoin holdings update: Fidelity BTC,crypto_trader,12,19,neutral,institutional bitcoin holdings update fidelity btc,"['institutional', 'bitcoin', 'holding', 'update', 'fidelity', 'btc']",6,1,1,1
btc_00008780,2024-05-03 11:47:03,New Bitcoin ETF filing submitted by Fidelity,alt_hunter,51,15,neutral,new bitcoin etf filing submitted by fidelity,"['new', 'bitcoin', 'etf', 'filing', 'submitted', 'fidelity']",6,1,1,1
btc_00008781,2024-05-03 11:40:03,BTC hodlers being rewarded! Diamond hands win 💎 🎯,btc_hodler,270,25,neutral,btc hodlers being rewarded diamond hands win,"['btc', 'hodlers', 'rewarded', 'diamond', 'hand', 'win']",6,1,2,2
btc_00008782,2024-05-03 11:39:21,"Bitcoin scam, government will ban it! ⚠️",btc_hodler,216,33,negative,bitcoin scam government will ban it,"['bitcoin', 'scam', 'government', 'ban']",4,0,0,0
btc_00008783,2024-05-03 12:58:36,Technical analysis shows Bitcoin crash to $38 📉,bull_run,1640,195,negative,technical analysis shows bitcoin crash to,"['technical', 'analysis', 'show', 'bitcoin', 'crash']",5,0,0,0
btc_00008784,2024-05-03 12:27:26,Bitcoin trading range: $50478 - $52539,bear_market,13,17,neutral,bitcoin trading range,"['bitcoin', 'trading', 'range']",3,1,1,1
btc_00008785,2024-05-03 12:25:30,Bitcoin breaking resistance! Bullish trend incoming 📈,whale_watcher,464,131,positive,bitcoin breaking resistance bullish trend incoming,"['bitcoin', 'breaking', 'resistance', 'bullish', 'trend', 'incoming']",6,2,1,1
btc_00008786,2024-05-03 12:04:52,New Bitcoin ETF filing submitted by mining ban,chart_master,15,8,neutral,new bitcoin etf filing submitted by mining ban,"['new', 'bitcoin', 'etf', 'filing', 'submitted', 'mining', 'ban']",7,1,0,0
btc_00008787,2024-05-03 13:57:17,"BTC dump incoming, get out while you can! 🔻",fundamental,1050,140,negative,btc dump incoming get out while you can,"['btc', 'dump', 'incoming', 'get']",4,0,0,0
btc_00008788,2024-05-03 14:45:30,"Crypto winter is here, Bitcoin going to $26 🥶",bear_market,228,74,neutral,crypto winter is here bitcoin going to,"['crypto', 'winter', 'bitcoin', 'going']",4,1,1,1
btc_00008789,2024-05-03 14:11:13,"BTC dump incoming, get out while you can! 🔻",fundamental,536,152,negative,btc dump incoming get out while you can,"['btc', 'dump', 'incoming', 'get']",4,0,0,0
btc_00008790,2024-05-03 14:39:59,Bitcoin fear & greed at extreme levels! Crash coming 😰 💯,nft_collector,99,152,negative,bitcoin fear greed at extreme levels crash coming,"['bitcoin', 'fear', 'greed', 'extreme', 'level', 'crash', 'coming']",7,0,0,0
btc_00008791,2024-05-03 14:51:27,BITCOIN TRANSACTION FEES TOO HIGH! UNUSABLE! 💸,whale_watcher,381,48,neutral,bitcoin transaction fees too high unusable,"['bitcoin', 'transaction', 'fee', 'high', 'unusable']",5,1,1,1
btc_00008792,2024-05-03 15:32:40,Bitcoin hashrate at ATH! Network security = bullish 🔒,alt_hunter,1103,369,positive,bitcoin hashrate at ath network security bullish,"['bitcoin', 'hashrate', 'ath', 'network', 'security', 'bullish']",6,2,2,2
btc_00008793,2024-05-03 15:56:21,Bitcoin currently trading at $50686 📊,chart_master,144,15,neutral,bitcoin currently trading at,"['bitcoin', 'currently', 'trading']",3,1,1,1
btc_00008794,2024-05-03 15:58:21,Bitcoin trading range: $49672 - $51699,crypto_news,50,25,neutral,bitcoin trading range,"['bitcoin', 'trading', 'range']",3,1,1,1
btc_00008795,2024-05-03 15:33:59,Institutions buying Bitcoin = moon time 🌙,bitcoin_og,907,112,positive,institutions buying bitcoin moon time,"['institution', 'buying', 'bitcoin', 'moon', 'time']",5,2,1,1
btc_00008796,2024-05-03 15:35:09,"Bitcoin dead, time to move on 💀",chart_master,501,98,neutral,bitcoin dead time to move on,"['bitcoin', 'dead', 'time', 'move']",4,1,0,0
btc_00008797,2024-05-03 15:03:21,DCA INTO BITCOIN = WINNING STRATEGY 📊,satoshi_fan,469,131,neutral,dca into bitcoin winning strategy,"['dca', 'bitcoin', 'winning', 'strategy']",4,1,2,2
btc_00008798,2024-05-03 16:54:29,Bitcoin hash ribbons indicating Square signal,fundamental,42,54,neutral,bitcoin hash ribbons indicating square signal,"['bitcoin', 'hash', 'ribbon', 'indicating', 'square', 'signal']",6,1,1,1
btc_00008799,2024-05-03 16:23:30,Market manipulation! Bitcoin not organic growth 😡,alt_hunter,315,118,neutral,market manipulation bitcoin not organic growth,"['market', 'manipulation', 'bitcoin', 'not', 'organic', 'growth']",6,1,0,0
btc_00008800,2024-05-03 17:21:58,Regulatory pressure killing Bitcoin! Be careful! ⚖️,moon_soon,406,59,neutral,regulatory pressure killing bitcoin be careful,"['regulatory', 'pressure', 'killing', 'bitcoin', 'careful']",5,1,0,0
btc_00008801,2024-05-03 17:11:12,Institutional Bitcoin holdings update: ETF approval BTC ⚡,on_chain_data,123,8,neutral,institutional bitcoin holdings update etf approval btc,"['institutional', 'bitcoin', 'holding', 'update', 'etf', 'approval', 'btc']",7,1,2,2
btc_00008802,2024-05-03 17:33:48,Bitcoin to the moon! 🚀 #BTC #crypto,bull_run,6800,1250,positive,bitcoin to the moon btc crypto,"['bitcoin', 'moon', 'btc', 'crypto']",4,2,1,1
btc_00008803,2024-05-03 18:04:39,Whales dumping BTC! Retail getting rekt 🐋,btc_hodler,392,116,neutral,whales dumping btc retail getting rekt,"['whale', 'dumping', 'btc', 'retail', 'getting', 'rekt']",6,1,0,0
btc_00008804,2024-05-03 18:23:25,Whales dumping BTC! Retail getting rekt 🐋,whale_watcher,299,142,neutral,whales dumping btc retail getting rekt,"['whale', 'dumping', 'btc', 'retail', 'getting', 'rekt']",6,1,0,0
btc_00008805,2024-05-03 18:38:44,Survey: 51% of investors hold Bitcoin,whale_watcher,117,19,neutral,survey of investors hold bitcoin,"['survey', 'investor', 'hold', 'bitcoin']",4,1,1,1
btc_00008806,2024-05-03 19:58:42,Market update: Bitcoin sideways movement continues,defi_degen,50,34,neutral,market update bitcoin sideways movement continues,"['market', 'update', 'bitcoin', 'sideways', 'movement', 'continues']",6,1,1,1
btc_00008807,2024-05-03 19:17:15,Interesting Bitcoin development: PayPal,crypto_news,43,72,neutral,interesting bitcoin development paypal,"['interesting', 'bitcoin', 'development', 'paypal']",4,1,2,2
btc_00008808,2024-05-03 19:54:50,Bitcoin to the moon! 🚀 #BTC #crypto,btc_miner,1212,166,positive,bitcoin to the moon btc crypto,"['bitcoin', 'moon', 'btc', 'crypto']",4,2,1,1
btc_00008809,2024-05-03 20:46:11,REGULATORY PRESSURE KILLING BITCOIN! BE CAREFUL! ⚖️,crypto_skeptic,880,805,neutral,regulatory pressure killing bitcoin be careful,"['regulatory', 'pressure', 'killing', 'bitcoin', 'careful']",5,1,0,0
btc_00008810,2024-05-03 20:47:19,Bitcoin stock-to-flow model update: ratio PayPal,bitcoin_og,55,55,neutral,bitcoin stocktoflow model update ratio paypal,"['bitcoin', 'stocktoflow', 'model', 'update', 'ratio', 'paypal']",6,1,1,1
btc_00008811,2024-05-03 20:24:19,MARKET UPDATE: BITCOIN SIDEWAYS MOVEMENT CONTINUES,fundamental,222,73,neutral,market update bitcoin sideways movement continues,"['market', 'update', 'bitcoin', 'sideways', 'movement', 'continues']",6,1,1,1
btc_00008812,2024-05-03 21:01:57,"BITCOIN = PONZI SCHEME, WAKE UP PEOPLE! ⚠️",crypto_news,311,180,neutral,bitcoin ponzi scheme wake up people,"['bitcoin', 'ponzi', 'scheme', 'wake', 'people']",5,1,1,1
btc_00008813,2024-05-03 21:26:24,Bitcoin on-chain metrics showing mixed signals 📊,moon_soon,35,21,neutral,bitcoin onchain metrics showing mixed signals,"['bitcoin', 'onchain', 'metric', 'showing', 'mixed', 'signal']",6,1,1,1
btc_00008814,2024-05-03 21:26:30,Bitcoin hash ribbons indicating regulation signal,diamond_hands,58,40,neutral,bitcoin hash ribbons indicating regulation signal,"['bitcoin', 'hash', 'ribbon', 'indicating', 'regulation', 'signal']",6,1,1,1
btc_00008815,2024-05-03 21:41:15,Bitcoin currently trading at $54821 📊,crypto_skeptic,149,62,neutral,bitcoin currently trading at,"['bitcoin', 'currently', 'trading']",3,1,1,1
btc_00008816,2024-05-03 21:44:50,Bitcoin breaking resistance! Bullish trend incoming 📈,crypto_skeptic,718,183,positive,bitcoin breaking resistance bullish trend incoming,"['bitcoin', 'breaking', 'resistance', 'bullish', 'trend', 'incoming']",6,2,1,1
btc_00008817,2024-05-03 22:04:54,"BTC DUMP INCOMING, GET OUT WHILE YOU CAN! 🔻 💯",alt_hunter,415,98,negative,btc dump incoming get out while you can,"['btc', 'dump', 'incoming', 'get']",4,0,0,0
btc_00008818,2024-05-03 22:14:14,Long-term Bitcoin holders not selling 🔒 💰,btc_miner,193,28,neutral,longterm bitcoin holders not selling,"['longterm', 'bitcoin', 'holder', 'not', 'selling']",5,1,1,1
btc_00008819,2024-05-03 23:52:41,Survey: 47% of investors hold Bitcoin,alt_hunter,60,15,neutral,survey of investors hold bitcoin,"['survey', 'investor', 'hold', 'bitcoin']",4,1,1,1
btc_00008820,2024-05-03 23:46:09,BTC pumping hard! This is just the beginning 🔥,trading_pro,346,79,neutral,btc pumping hard this is just the beginning,"['btc', 'pumping', 'hard', 'beginning']",4,1,0,1
btc_00008821,2024-05-03 23:37:15,Whales dumping BTC! Retail getting rekt 🐋,satoshi_fan,128,30,neutral,whales dumping btc retail getting rekt,"['whale', 'dumping', 'btc', 'retail', 'getting', 'rekt']",6,1,0,0
btc_00008822,2024-05-03 23:35:53,Consolidation phase for Bitcoin continues ⏸️ 💰,defi_degen,35,7,neutral,consolidation phase for bitcoin continues,"['consolidation', 'phase', 'bitcoin', 'continues']",4,1,1,1
btc_00008823,2024-05-04 00:19:59,MARKET MANIPULATION! BITCOIN NOT ORGANIC GROWTH 😡 👀,trading_pro,122,30,neutral,market manipulation bitcoin not organic growth,"['market', 'manipulation', 'bitcoin', 'not', 'organic', 'growth']",6,1,0,0
btc_00008824,2024-05-04 00:04:46,Market manipulation! Bitcoin not organic growth 😡,chart_master,203,27,neutral,market manipulation bitcoin not organic growth,"['market', 'manipulation', 'bitcoin', 'not', 'organic', 'growth']",6,1,0,0
btc_00008825,2024-05-04 00:53:00,Bitcoin > everything else. Change my mind 💪,bitcoin_maxie,283,55,neutral,bitcoin everything else change my mind,"['bitcoin', 'everything', 'else', 'change', 'mind']",5,1,1,1
btc_00008826,2024-05-04 00:45:33,BTC pumping hard! This is just the beginning 🔥,fundamental,177,57,neutral,btc pumping hard this is just the beginning,"['btc', 'pumping', 'hard', 'beginning']",4,1,0,1
btc_00008827,2024-05-04 01:56:21,Bitcoin hashrate at ATH! Network security = bullish 🔒,alt_hunter,194,142,positive,bitcoin hashrate at ath network security bullish,"['bitcoin', 'hashrate', 'ath', 'network', 'security', 'bullish']",6,2,2,2
btc_00008828,2024-05-04 01:31:00,Bitcoin correlation with stocks remains high 📊 🚨,technical_ta,900,100,neutral,bitcoin correlation with stocks remains high,"['bitcoin', 'correlation', 'stock', 'remains', 'high']",5,1,1,1
btc_00008829,2024-05-04 01:39:48,Lost so much on Bitcoin... never again 😭 🚨,nft_collector,47,17,neutral,lost so much on bitcoin never again,"['lost', 'much', 'bitcoin', 'never']",4,1,0,0
btc_00008830,2024-05-04 02:18:57,DCA into Bitcoin = winning strategy 📊 👀,sats_stacker,228,61,neutral,dca into bitcoin winning strategy,"['dca', 'bitcoin', 'winning', 'strategy']",4,1,2,2
btc_00008831,2024-05-04 02:30:42,Bullish on #Bitcoin! Target: $58k 🚀,bull_run,129,60,positive,bullish on bitcoin target k,"['bullish', 'bitcoin', 'target']",3,2,1,1
btc_00008832,2024-05-04 02:33:38,Best performing asset: #Bitcoin 🏆,btc_miner,383,100,positive,best performing asset bitcoin,"['best', 'performing', 'asset', 'bitcoin']",4,2,2,2
btc_00008833,2024-05-04 02:53:51,BITCOIN CRASHING HARD! SELL EVERYTHING! 📉 🚨,technical_ta,128,18,negative,bitcoin crashing hard sell everything,"['bitcoin', 'crashing', 'hard', 'sell', 'everything']",5,0,0,1
btc_00008834,2024-05-04 03:17:53,"Bitcoin will hit $59k this year, mark my words! 📈",sats_stacker,351,15,neutral,bitcoin will hit k this year mark my words,"['bitcoin', 'hit', 'year', 'mark', 'word']",5,1,1,1
btc_00008835,2024-05-04 03:38:53,Market update: Bitcoin sideways movement continues,technical_ta,17,30,neutral,market update bitcoin sideways movement continues,"['market', 'update', 'bitcoin', 'sideways', 'movement', 'continues']",6,1,1,1
btc_00008836,2024-05-04 03:50:14,Bitcoin hash ribbons indicating adoption signal,crypto_news,38,12,neutral,bitcoin hash ribbons indicating adoption signal,"['bitcoin', 'hash', 'ribbon', 'indicating', 'adoption', 'signal']",6,1,1,1
btc_00008837,2024-05-04 03:40:14,Interesting Bitcoin development: Tesla,diamond_hands,58,5,neutral,interesting bitcoin development tesla,"['interesting', 'bitcoin', 'development', 'tesla']",4,1,2,2
btc_00008838,2024-05-04 04:01:36,BITCOIN HASHRATE AT ATH! NETWORK SECURITY = BULLISH 🔒,diamond_hands,2896,336,positive,bitcoin hashrate at ath network security bullish,"['bitcoin', 'hashrate', 'ath', 'network', 'security', 'bullish']",6,2,2,2
btc_00008839,2024-05-04 04:19:29,Long-term Bitcoin holders not selling 🔒,diamond_hands,52,12,neutral,longterm bitcoin holders not selling,"['longterm', 'bitcoin', 'holder', 'not', 'selling']",5,1,1,1
btc_00008840,2024-05-04 05:17:06,Lost so much on Bitcoin... never again 😭,crypto_bull,133,72,neutral,lost so much on bitcoin never again,"['lost', 'much', 'bitcoin', 'never']",4,1,0,0
btc_00008841,2024-05-04 05:13:03,Technical analysis shows Bitcoin crash to $36 📉,bull_run,118,6,negative,technical analysis shows bitcoin crash to,"['technical', 'analysis', 'show', 'bitcoin', 'crash']",5,0,0,0
btc_00008842,2024-05-04 06:28:15,Whales dumping BTC! Retail getting rekt 🐋 💯,nft_collector,49,40,neutral,whales dumping btc retail getting rekt,"['whale', 'dumping', 'btc', 'retail', 'getting', 'rekt']",6,1,0,0
btc_00008843,2024-05-04 06:25:48,Market manipulation! Bitcoin not organic growth 😡,moon_soon,179,44,neutral,market manipulation bitcoin not organic growth,"['market', 'manipulation', 'bitcoin', 'not', 'organic', 'growth']",6,1,0,0
btc_00008844,2024-05-04 06:53:33,Bitcoin to the moon! 🚀 #BTC #crypto ⚡,btc_hodler,296,79,positive,bitcoin to the moon btc crypto,"['bitcoin', 'moon', 'btc', 'crypto']",4,2,1,1
btc_00008845,2024-05-04 06:54:03,"Bitcoin scam, government will ban it! ⚠️",moon_soon,78,26,negative,bitcoin scam government will ban it,"['bitcoin', 'scam', 'government', 'ban']",4,0,0,0
btc_00008846,2024-05-04 07:09:28,BITCOIN LOOKING STRONG AT $70 RESISTANCE BROKEN!,hodl_gang,150,69,neutral,bitcoin looking strong at resistance broken,"['bitcoin', 'looking', 'strong', 'resistance', 'broken']",5,1,2,2
btc_00008847,2024-05-04 08:29:35,Just bought more $BTC! HODL strong 💎🙌,on_chain_data,529,117,positive,just bought more btc hodl strong,"['bought', 'more', 'btc', 'hodl', 'strong']",5,2,2,2
btc_00008848,2024-05-04 08:47:23,Analyzing Bitcoin chart patterns today 📈,crypto_bull,11,13,neutral,analyzing bitcoin chart patterns today,"['analyzing', 'bitcoin', 'chart', 'pattern', 'today']",5,1,1,1
btc_00008849,2024-05-04 09:29:10,Lost 18% on Bitcoin this week... brutal 💔,on_chain_data,42,73,neutral,lost on bitcoin this week brutal,"['lost', 'bitcoin', 'week', 'brutal']",4,1,0,0
btc_00008850,2024-05-04 10:21:55,Bitcoin currently trading at $52267 📊,on_chain_data,97,19,neutral,bitcoin currently trading at,"['bitcoin', 'currently', 'trading']",3,1,1,1
btc_00008851,2024-05-04 10:11:54,Study shows: Bitcoin volatility decreasing over time ⚡,crypto_news,59,10,neutral,study shows bitcoin volatility decreasing over time,"['study', 'show', 'bitcoin', 'volatility', 'decreasing', 'time']",6,1,1,1
btc_00008852,2024-05-04 10:37:22,BEST DECISION EVER: BUYING BITCOIN! 🙌,hodl_gang,419,54,positive,best decision ever buying bitcoin,"['best', 'decision', 'ever', 'buying', 'bitcoin']",5,2,2,2
btc_00008853,2024-05-04 10:56:44,Bitcoin looking strong at $75 resistance broken!,fundamental,96,120,neutral,bitcoin looking strong at resistance broken,"['bitcoin', 'looking', 'strong', 'resistance', 'broken']",5,1,2,2
btc_00008854,2024-05-04 11:15:51,Bitcoin currently trading at $52245 📊,bear_market,77,10,neutral,bitcoin currently trading at,"['bitcoin', 'currently', 'trading']",3,1,1,1
btc_00008855,2024-05-04 11:35:37,Institutions buying Bitcoin = moon time 🌙,crypto_analyst,121,81,positive,institutions buying bitcoin moon time,"['institution', 'buying', 'bitcoin', 'moon', 'time']",5,2,1,1
btc_00008856,2024-05-04 12:45:26,"Bitcoin bubble bursting, warned you all 😱",bitcoin_og,207,26,neutral,bitcoin bubble bursting warned you all,"['bitcoin', 'bubble', 'bursting', 'warned']",4,1,0,0
btc_00008857,2024-05-04 12:08:39,"BTC dump incoming, get out while you can! 🔻",bitcoin_maxie,205,57,negative,btc dump incoming get out while you can,"['btc', 'dump', 'incoming', 'get']",4,0,0,0
btc_00008858,2024-05-04 12:14:02,Tether FUD affecting Bitcoin price! Not good 😬,bitcoin_maxie,100,16,positive,tether fud affecting bitcoin price not good,"['tether', 'fud', 'affecting', 'bitcoin', 'price', 'not', 'good']",7,2,0,0
btc_00008859,2024-05-04 12:36:55,"Bitcoin bubble bursting, warned you all 😱",moon_soon,30,5,neutral,bitcoin bubble bursting warned you all,"['bitcoin', 'bubble', 'bursting', 'warned']",4,1,0,0
btc_00008860,2024-05-04 12:33:30,"Bitcoin = ponzi scheme, wake up people! ⚠️",chart_master,238,54,neutral,bitcoin ponzi scheme wake up people,"['bitcoin', 'ponzi', 'scheme', 'wake', 'people']",5,1,1,1
btc_00008861,2024-05-04 13:20:34,Bitcoin network upgrade scheduled for Fidelity,crypto_bull,51,13,neutral,bitcoin network upgrade scheduled for fidelity,"['bitcoin', 'network', 'upgrade', 'scheduled', 'fidelity']",5,1,1,1
btc_00008862,2024-05-04 13:55:55,Bitcoin overvalued at current prices! Correction needed ⬇️,satoshi_fan,188,39,neutral,bitcoin overvalued at current prices correction needed,"['bitcoin', 'overvalued', 'current', 'price', 'correction', 'needed']",6,1,1,1
btc_00008863,2024-05-04 13:19:30,Long-term Bitcoin holders not selling 🔒,bitcoin_maxie,33,25,neutral,longterm bitcoin holders not selling,"['longterm', 'bitcoin', 'holder', 'not', 'selling']",5,1,1,1
btc_00008864,2024-05-04 14:41:37,Smart money accumulating Bitcoin quietly 👀,crypto_news,251,20,neutral,smart money accumulating bitcoin quietly,"['smart', 'money', 'accumulating', 'bitcoin', 'quietly']",5,1,2,2
btc_00008865,2024-05-04 14:05:11,"Bitcoin dominance at 50%, altcoins struggling ⚡",trading_pro,37,3,neutral,bitcoin dominance at altcoins struggling,"['bitcoin', 'dominance', 'altcoins', 'struggling']",4,1,0,1
btc_00008866,2024-05-04 15:20:34,Technical analysis shows Bitcoin crash to $28 📉,technical_ta,551,73,negative,technical analysis shows bitcoin crash to,"['technical', 'analysis', 'show', 'bitcoin', 'crash']",5,0,0,0
btc_00008867,2024-05-04 15:38:35,"BITCOIN WILL HIT $73K THIS YEAR, MARK MY WORDS! 📈",crypto_skeptic,10716,1092,neutral,bitcoin will hit k this year mark my words,"['bitcoin', 'hit', 'year', 'mark', 'word']",5,1,1,1
btc_00008868,2024-05-04 16:11:09,Interesting Bitcoin development: MicroStrategy 💰,on_chain_data,164,70,neutral,interesting bitcoin development microstrategy,"['interesting', 'bitcoin', 'development', 'microstrategy']",4,1,2,2
btc_00008869,2024-05-04 17:57:57,Bullish on #Bitcoin! Target: $64k 🚀 🔥,bitcoin_og,828,343,positive,bullish on bitcoin target k,"['bullish', 'bitcoin', 'target']",3,2,1,1
btc_00008870,2024-05-04 18:54:02,"Bitcoin dominance at 50%, altcoins struggling 💯",diamond_hands,90,7,neutral,bitcoin dominance at altcoins struggling,"['bitcoin', 'dominance', 'altcoins', 'struggling']",4,1,0,1
btc_00008871,2024-05-04 18:43:55,Bitcoin adoption growing massively! Bullish 📊,bitcoin_maxie,351,59,positive,bitcoin adoption growing massively bullish,"['bitcoin', 'adoption', 'growing', 'massively', 'bullish']",5,2,2,2
btc_00008872,2024-05-04 19:59:42,Bitcoin currently trading at $50591 📊,sats_stacker,1462,780,neutral,bitcoin currently trading at,"['bitcoin', 'currently', 'trading']",3,1,1,1
btc_00008873,2024-05-04 20:33:15,Just stacked more sats! Bitcoin only 🧡,on_chain_data,259,73,neutral,just stacked more sats bitcoin only,"['stacked', 'more', 'sat', 'bitcoin']",4,1,1,1
btc_00008874,2024-05-04 20:39:31,Study shows: Bitcoin volatility decreasing over time 🔥,bitcoin_maxie,134,5,neutral,study shows bitcoin volatility decreasing over time,"['study', 'show', 'bitcoin', 'volatility', 'decreasing', 'time']",6,1,1,1
btc_00008875,2024-05-04 20:59:57,Bitcoin mining difficulty adjusted 54%,crypto_analyst,156,49,neutral,bitcoin mining difficulty adjusted,"['bitcoin', 'mining', 'difficulty', 'adjusted']",4,1,0,0
btc_00008876,2024-05-04 20:54:21,Consolidation phase for Bitcoin continues ⏸️,chart_master,152,18,neutral,consolidation phase for bitcoin continues,"['consolidation', 'phase', 'bitcoin', 'continues']",4,1,1,1
btc_00008877,2024-05-04 21:26:47,Technical analysis shows Bitcoin crash to $26 📉,fundamental,196,14,negative,technical analysis shows bitcoin crash to,"['technical', 'analysis', 'show', 'bitcoin', 'crash']",5,0,0,0
btc_00008878,2024-05-04 21:50:12,DCA into Bitcoin = winning strategy 📊,bitcoin_og,249,219,neutral,dca into bitcoin winning strategy,"['dca', 'bitcoin', 'winning', 'strategy']",4,1,2,2
btc_00008879,2024-05-04 21:38:33,"Bitcoin dead, time to move on 💀",technical_ta,221,23,neutral,bitcoin dead time to move on,"['bitcoin', 'dead', 'time', 'move']",4,1,0,0
btc_00008880,2024-05-04 21:43:40,Institutional Bitcoin holdings update: ETF approval BTC 🚨,crypto_analyst,125,60,neutral,institutional bitcoin holdings update etf approval btc,"['institutional', 'bitcoin', 'holding', 'update', 'etf', 'approval', 'btc']",7,1,2,2
btc_00008881,2024-05-04 22:54:05,LOST SO MUCH ON BITCOIN... NEVER AGAIN 😭,on_chain_data,241,43,neutral,lost so much on bitcoin never again,"['lost', 'much', 'bitcoin', 'never']",4,1,0,0
btc_00008882,2024-05-04 22:50:12,Long-term Bitcoin holders not selling 🔒,crypto_news,51,6,neutral,longterm bitcoin holders not selling,"['longterm', 'bitcoin', 'holder', 'not', 'selling']",5,1,1,1
btc_00008883,2024-05-04 22:20:07,Bitcoin sentiment turning positive! Rally incoming 🚀,alt_hunter,158,79,positive,bitcoin sentiment turning positive rally incoming,"['bitcoin', 'sentiment', 'turning', 'positive', 'rally', 'incoming']",6,2,2,2
btc_00008884,2024-05-04 22:34:28,Bitcoin breaking resistance! Bullish trend incoming 📈,bull_run,3420,1008,positive,bitcoin breaking resistance bullish trend incoming,"['bitcoin', 'breaking', 'resistance', 'bullish', 'trend', 'incoming']",6,2,1,1
btc_00008885,2024-05-04 23:07:49,Bitcoin on-chain metrics showing mixed signals 📊,fundamental,70,10,neutral,bitcoin onchain metrics showing mixed signals,"['bitcoin', 'onchain', 'metric', 'showing', 'mixed', 'signal']",6,1,1,1
btc_00008886,2024-05-04 23:16:30,BTC pumping hard! This is just the beginning 🔥,btc_miner,268,82,neutral,btc pumping hard this is just the beginning,"['btc', 'pumping', 'hard', 'beginning']",4,1,0,1
btc_00008887,2024-05-04 23:25:18,Long-term Bitcoin holders not selling 🔒,nft_collector,28,17,neutral,longterm bitcoin holders not selling,"['longterm', 'bitcoin', 'holder', 'not', 'selling']",5,1,1,1
btc_00008888,2024-05-04 23:02:10,Institutional Bitcoin holdings update: Blackrock BTC,hodl_gang,59,14,neutral,institutional bitcoin holdings update blackrock btc,"['institutional', 'bitcoin', 'holding', 'update', 'blackrock', 'btc']",6,1,1,1
btc_00008889,2024-05-05 00:04:19,Bitcoin transaction fees too high! Unusable! 💸 🎯,hodl_gang,86,48,neutral,bitcoin transaction fees too high unusable,"['bitcoin', 'transaction', 'fee', 'high', 'unusable']",5,1,1,1
btc_00008890,2024-05-05 00:25:09,BITCOIN ON-CHAIN METRICS SHOWING MIXED SIGNALS 📊 🚨,bitcoin_maxie,12,2,neutral,bitcoin onchain metrics showing mixed signals,"['bitcoin', 'onchain', 'metric', 'showing', 'mixed', 'signal']",6,1,1,1
btc_00008891,2024-05-05 01:39:20,Bitcoin network upgrade scheduled for Fidelity,crypto_analyst,88,27,neutral,bitcoin network upgrade scheduled for fidelity,"['bitcoin', 'network', 'upgrade', 'scheduled', 'fidelity']",5,1,1,1
btc_00008892,2024-05-05 01:25:02,Bitcoin sentiment turning positive! Rally incoming 🚀,chart_master,446,132,positive,bitcoin sentiment turning positive rally incoming,"['bitcoin', 'sentiment', 'turning', 'positive', 'rally', 'incoming']",6,2,2,2
btc_00008893,2024-05-05 01:34:11,Bitcoin trading range: $51318 - $53412 ⚡,trading_pro,11,10,neutral,bitcoin trading range,"['bitcoin', 'trading', 'range']",3,1,1,1
btc_00008894,2024-05-05 01:49:22,BTC PUMPING HARD! THIS IS JUST THE BEGINNING 🔥,nft_collector,64,63,neutral,btc pumping hard this is just the beginning,"['btc', 'pumping', 'hard', 'beginning']",4,1,0,1
btc_00008895,2024-05-05 02:35:12,Tether FUD affecting Bitcoin price! Not good 😬,bitcoin_og,108,24,positive,tether fud affecting bitcoin price not good,"['tether', 'fud', 'affecting', 'bitcoin', 'price', 'not', 'good']",7,2,0,0
btc_00008896,2024-05-05 02:06:20,"Crypto winter is here, Bitcoin going to $38 🥶",hodl_gang,180,35,neutral,crypto winter is here bitcoin going to,"['crypto', 'winter', 'bitcoin', 'going']",4,1,1,1
btc_00008897,2024-05-05 03:30:04,Interesting Bitcoin development: ETF approval,btc_miner,109,28,neutral,interesting bitcoin development etf approval,"['interesting', 'bitcoin', 'development', 'etf', 'approval']",5,1,2,2
btc_00008898,2024-05-05 03:06:24,Institutions buying Bitcoin = moon time 🌙,satoshi_fan,226,84,positive,institutions buying bitcoin moon time,"['institution', 'buying', 'bitcoin', 'moon', 'time']",5,2,1,1
btc_00008899,2024-05-05 04:02:46,BTC technical analysis shows strong uptrend ↗️,bear_market,117,130,neutral,btc technical analysis shows strong uptrend,"['btc', 'technical', 'analysis', 'show', 'strong', 'uptrend']",6,1,2,2
btc_00008900,2024-05-05 04:36:43,BTC pumping hard! This is just the beginning 🔥,sats_stacker,2520,638,neutral,btc pumping hard this is just the beginning,"['btc', 'pumping', 'hard', 'beginning']",4,1,0,1
btc_00008901,2024-05-05 04:06:44,Analyzing Bitcoin chart patterns today 📈 👀,diamond_hands,28,21,neutral,analyzing bitcoin chart patterns today,"['analyzing', 'bitcoin', 'chart', 'pattern', 'today']",5,1,1,1
btc_00008902,2024-05-05 04:27:41,New Bitcoin ETF filing submitted by Square,trading_pro,57,9,neutral,new bitcoin etf filing submitted by square,"['new', 'bitcoin', 'etf', 'filing', 'submitted', 'square']",6,1,1,1
btc_00008903,2024-05-05 05:21:53,Bitcoin to the moon! 🚀 #BTC #crypto,alt_hunter,408,97,positive,bitcoin to the moon btc crypto,"['bitcoin', 'moon', 'btc', 'crypto']",4,2,1,1
btc_00008904,2024-05-05 05:54:04,"Bitcoin dead, time to move on 💀",bull_run,102,50,neutral,bitcoin dead time to move on,"['bitcoin', 'dead', 'time', 'move']",4,1,0,0
btc_00008905,2024-05-05 05:43:35,Bitcoin hash ribbons indicating Tesla signal,btc_hodler,83,24,neutral,bitcoin hash ribbons indicating tesla signal,"['bitcoin', 'hash', 'ribbon', 'indicating', 'tesla', 'signal']",6,1,1,1
btc_00008906,2024-05-05 06:15:45,Market update: Bitcoin sideways movement continues 💯,crypto_trader,280,9,neutral,market update bitcoin sideways movement continues,"['market', 'update', 'bitcoin', 'sideways', 'movement', 'continues']",6,1,1,1
btc_00008907,2024-05-05 07:55:17,Institutions buying Bitcoin = moon time 🌙,satoshi_fan,513,41,positive,institutions buying bitcoin moon time,"['institution', 'buying', 'bitcoin', 'moon', 'time']",5,2,1,1
btc_00008908,2024-05-05 08:56:48,"Crypto winter is here, Bitcoin going to $28 🥶",technical_ta,164,11,neutral,crypto winter is here bitcoin going to,"['crypto', 'winter', 'bitcoin', 'going']",4,1,1,1
btc_00008909,2024-05-05 08:09:30,Bitcoin > everything else. Change my mind 💪 🚨,trading_pro,231,16,neutral,bitcoin everything else change my mind,"['bitcoin', 'everything', 'else', 'change', 'mind']",5,1,1,1
btc_00008910,2024-05-05 08:45:12,"Crypto winter is here, Bitcoin going to $29 🥶",hodl_gang,158,51,neutral,crypto winter is here bitcoin going to,"['crypto', 'winter', 'bitcoin', 'going']",4,1,1,1
btc_00008911,2024-05-05 09:48:42,Bitcoin looking strong at $56 resistance broken!,sats_stacker,710,645,neutral,bitcoin looking strong at resistance broken,"['bitcoin', 'looking', 'strong', 'resistance', 'broken']",5,1,2,2
btc_00008912,2024-05-05 09:11:01,"Crypto winter is here, Bitcoin going to $42 🥶",hodl_gang,184,39,neutral,crypto winter is here bitcoin going to,"['crypto', 'winter', 'bitcoin', 'going']",4,1,1,1
btc_00008913,2024-05-05 10:48:15,Bitcoin mining difficulty adjusted 54%,fundamental,42,14,neutral,bitcoin mining difficulty adjusted,"['bitcoin', 'mining', 'difficulty', 'adjusted']",4,1,0,0
btc_00008914,2024-05-05 10:51:28,BTC pumping hard! This is just the beginning 🔥,bitcoin_og,51,102,neutral,btc pumping hard this is just the beginning,"['btc', 'pumping', 'hard', 'beginning']",4,1,0,1
btc_00008915,2024-05-05 10:45:29,Amazing gains on Bitcoin today! Up 14% 🎉,sats_stacker,230,45,neutral,amazing gains on bitcoin today up,"['amazing', 'gain', 'bitcoin', 'today']",4,1,2,2
btc_00008916,2024-05-05 11:15:06,Bitcoin stock-to-flow model update: ratio mining ban,bitcoin_maxie,8,4,neutral,bitcoin stocktoflow model update ratio mining ban,"['bitcoin', 'stocktoflow', 'model', 'update', 'ratio', 'mining', 'ban']",7,1,0,0
btc_00008917,2024-05-05 11:39:06,Bitcoin stock-to-flow model update: ratio institutional buying,diamond_hands,77,17,neutral,bitcoin stocktoflow model update ratio institutional buying,"['bitcoin', 'stocktoflow', 'model', 'update', 'ratio', 'institutional', 'buying']",7,1,1,1
btc_00008918,2024-05-05 12:57:22,"Bitcoin volume increasing, watching closely 👀",bitcoin_maxie,672,99,neutral,bitcoin volume increasing watching closely,"['bitcoin', 'volume', 'increasing', 'watching', 'closely']",5,1,1,1
btc_00008919,2024-05-05 12:13:24,Tether FUD affecting Bitcoin price! Not good 😬,on_chain_data,250,9,positive,tether fud affecting bitcoin price not good,"['tether', 'fud', 'affecting', 'bitcoin', 'price', 'not', 'good']",7,2,0,0
btc_00008920,2024-05-05 13:57:42,Bitcoin network upgrade scheduled for Square,bitcoin_og,781,150,neutral,bitcoin network upgrade scheduled for square,"['bitcoin', 'network', 'upgrade', 'scheduled', 'square']",5,1,1,1
btc_00008921,2024-05-05 13:26:57,Best performing asset: #Bitcoin 🏆,bitcoin_og,447,141,positive,best performing asset bitcoin,"['best', 'performing', 'asset', 'bitcoin']",4,2,2,2
btc_00008922,2024-05-05 14:51:41,Bitcoin trading range: $50665 - $52733,btc_miner,71,13,neutral,bitcoin trading range,"['bitcoin', 'trading', 'range']",3,1,1,1
btc_00008923,2024-05-05 14:41:17,Bitcoin breaking resistance! Bullish trend incoming 📈,crypto_news,10800,1710,positive,bitcoin breaking resistance bullish trend incoming,"['bitcoin', 'breaking', 'resistance', 'bullish', 'trend', 'incoming']",6,2,1,1
btc_00008924,2024-05-05 15:20:54,DCA into Bitcoin = winning strategy 📊,bitcoin_og,587,168,neutral,dca into bitcoin winning strategy,"['dca', 'bitcoin', 'winning', 'strategy']",4,1,2,2
btc_00008925,2024-05-05 15:04:28,Institutional Bitcoin holdings update: Blackrock BTC,bear_market,196,33,neutral,institutional bitcoin holdings update blackrock btc,"['institutional', 'bitcoin', 'holding', 'update', 'blackrock', 'btc']",6,1,1,1
btc_00008926,2024-05-05 15:38:53,Bitcoin stock-to-flow model update: ratio MicroStrategy,technical_ta,177,33,neutral,bitcoin stocktoflow model update ratio microstrategy,"['bitcoin', 'stocktoflow', 'model', 'update', 'ratio', 'microstrategy']",6,1,1,1
btc_00008927,2024-05-05 16:19:31,Bitcoin overvalued at current prices! Correction needed ⬇️,satoshi_fan,614,90,neutral,bitcoin overvalued at current prices correction needed,"['bitcoin', 'overvalued', 'current', 'price', 'correction', 'needed']",6,1,1,1
btc_00008928,2024-05-05 16:47:56,Bitcoin mining difficulty adjusted 54%,fundamental,87,4,neutral,bitcoin mining difficulty adjusted,"['bitcoin', 'mining', 'difficulty', 'adjusted']",4,1,0,0
btc_00008929,2024-05-05 16:33:20,BITCOIN OVERVALUED AT CURRENT PRICES! CORRECTION NEEDED ⬇️,on_chain_data,106,46,neutral,bitcoin overvalued at current prices correction needed,"['bitcoin', 'overvalued', 'current', 'price', 'correction', 'needed']",6,1,1,1
btc_00008930,2024-05-05 16:20:56,"Bitcoin scam, government will ban it! ⚠️",crypto_news,208,53,negative,bitcoin scam government will ban it,"['bitcoin', 'scam', 'government', 'ban']",4,0,0,0
btc_00008931,2024-05-05 17:35:15,"Bitcoin will hit $75k this year, mark my words! 📈",chart_master,790,332,neutral,bitcoin will hit k this year mark my words,"['bitcoin', 'hit', 'year', 'mark', 'word']",5,1,1,1
btc_00008932,2024-05-05 18:15:12,BTC HOLDING STEADY AT SQUARE SUPPORT LEVEL,btc_hodler,137,16,neutral,btc holding steady at square support level,"['btc', 'holding', 'steady', 'square', 'support', 'level']",6,1,2,2
btc_00008933,2024-05-05 18:30:56,BTC hodlers being rewarded! Diamond hands win 💎,bitcoin_maxie,367,79,neutral,btc hodlers being rewarded diamond hands win,"['btc', 'hodlers', 'rewarded', 'diamond', 'hand', 'win']",6,1,2,2
btc_00008934,2024-05-05 19:04:22,Bitcoin fear & greed at extreme levels! Crash coming 😰 🚨,trading_pro,79,61,negative,bitcoin fear greed at extreme levels crash coming,"['bitcoin', 'fear', 'greed', 'extreme', 'level', 'crash', 'coming']",7,0,0,0
btc_00008935,2024-05-05 19:44:01,Interesting Bitcoin development: network congestion 🚨,crypto_trader,180,52,neutral,interesting bitcoin development network congestion,"['interesting', 'bitcoin', 'development', 'network', 'congestion']",5,1,2,2
btc_00008936,2024-05-05 19:04:58,Technical analysis shows Bitcoin crash to $30 📉,alt_hunter,235,95,negative,technical analysis shows bitcoin crash to,"['technical', 'analysis', 'show', 'bitcoin', 'crash']",5,0,0,0
btc_00008937,2024-05-05 20:06:44,Market update: Bitcoin sideways movement continues,fundamental,133,48,neutral,market update bitcoin sideways movement continues,"['market', 'update', 'bitcoin', 'sideways', 'movement', 'continues']",6,1,1,1
btc_00008938,2024-05-05 20:28:14,Bitcoin looking strong at $58 resistance broken!,sats_stacker,922,126,neutral,bitcoin looking strong at resistance broken,"['bitcoin', 'looking', 'strong', 'resistance', 'broken']",5,1,2,2
btc_00008939,2024-05-05 20:45:49,Market manipulation! Bitcoin not organic growth 😡,chart_master,126,76,neutral,market manipulation bitcoin not organic growth,"['market', 'manipulation', 'bitcoin', 'not', 'organic', 'growth']",6,1,0,0
btc_00008940,2024-05-05 21:49:52,Best performing asset: #Bitcoin 🏆,crypto_bull,464,33,positive,best performing asset bitcoin,"['best', 'performing', 'asset', 'bitcoin']",4,2,2,2
btc_00008941,2024-05-05 21:24:47,Institutions buying Bitcoin = moon time 🌙,moon_soon,1144,355,positive,institutions buying bitcoin moon time,"['institution', 'buying', 'bitcoin', 'moon', 'time']",5,2,1,1
btc_00008942,2024-05-05 21:34:22,Market update: Bitcoin sideways movement continues,crypto_bull,191,7,neutral,market update bitcoin sideways movement continues,"['market', 'update', 'bitcoin', 'sideways', 'movement', 'continues']",6,1,1,1
btc_00008943,2024-05-05 21:59:04,DCA into Bitcoin = winning strategy 📊,defi_degen,876,129,neutral,dca into bitcoin winning strategy,"['dca', 'bitcoin', 'winning', 'strategy']",4,1,2,2
btc_00008944,2024-05-05 22:18:40,Bullish on #Bitcoin! Target: $66k 🚀,bitcoin_maxie,508,118,positive,bullish on bitcoin target k,"['bullish', 'bitcoin', 'target']",3,2,1,1
btc_00008945,2024-05-05 22:14:45,BTC holding steady at Binance support level,technical_ta,129,32,neutral,btc holding steady at binance support level,"['btc', 'holding', 'steady', 'binance', 'support', 'level']",6,1,2,2
btc_00008946,2024-05-05 22:18:03,Just bought more $BTC! HODL strong 💎🙌,bull_run,572,151,positive,just bought more btc hodl strong,"['bought', 'more', 'btc', 'hodl', 'strong']",5,2,2,2
btc_00008947,2024-05-05 22:16:16,Bitcoin hash ribbons indicating regulation signal,crypto_analyst,33,31,neutral,bitcoin hash ribbons indicating regulation signal,"['bitcoin', 'hash', 'ribbon', 'indicating', 'regulation', 'signal']",6,1,1,1
btc_00008948,2024-05-05 22:34:20,Sold all my BTC before the crash! Dodged bullet 😅,nft_collector,658,153,negative,sold all my btc before the crash dodged bullet,"['sold', 'btc', 'crash', 'dodged', 'bullet']",5,0,0,0
btc_00008949,2024-05-05 23:32:17,Regulatory pressure killing Bitcoin! Be careful! ⚖️,on_chain_data,50,26,neutral,regulatory pressure killing bitcoin be careful,"['regulatory', 'pressure', 'killing', 'bitcoin', 'careful']",5,1,0,0
btc_00008950,2024-05-05 23:41:11,"Bitcoin bubble bursting, warned you all 😱",chart_master,308,51,neutral,bitcoin bubble bursting warned you all,"['bitcoin', 'bubble', 'bursting', 'warned']",4,1,0,0
btc_00008951,2024-05-05 23:33:10,Bitcoin mining centralization = big problem ⚠️,fundamental,752,264,neutral,bitcoin mining centralization big problem,"['bitcoin', 'mining', 'centralization', 'big', 'problem']",5,1,0,0
btc_00008952,2024-05-05 23:44:15,Bitcoin network upgrade scheduled for Grayscale,btc_hodler,91,19,neutral,bitcoin network upgrade scheduled for grayscale,"['bitcoin', 'network', 'upgrade', 'scheduled', 'grayscale']",5,1,1,1
btc_00008953,2024-05-06 00:44:32,Interesting Bitcoin development: mining ban 👀,technical_ta,9,16,neutral,interesting bitcoin development mining ban,"['interesting', 'bitcoin', 'development', 'mining', 'ban']",5,1,0,1
btc_00008954,2024-05-06 00:16:36,BTC pumping hard! This is just the beginning 🔥 🚨,crypto_trader,200,21,neutral,btc pumping hard this is just the beginning,"['btc', 'pumping', 'hard', 'beginning']",4,1,0,1
btc_00008955,2024-05-06 00:16:36,"BITCOIN SCAM, GOVERNMENT WILL BAN IT! ⚠️",crypto_news,2340,910,negative,bitcoin scam government will ban it,"['bitcoin', 'scam', 'government', 'ban']",4,0,0,0
btc_00008956,2024-05-06 00:48:19,BTC PUMPING HARD! THIS IS JUST THE BEGINNING 🔥,on_chain_data,315,77,neutral,btc pumping hard this is just the beginning,"['btc', 'pumping', 'hard', 'beginning']",4,1,0,1
btc_00008957,2024-05-06 01:25:46,Just bought more $BTC! HODL strong 💎🙌 🚨,crypto_bull,167,13,positive,just bought more btc hodl strong,"['bought', 'more', 'btc', 'hodl', 'strong']",5,2,2,2
btc_00008958,2024-05-06 01:22:29,Whales dumping BTC! Retail getting rekt 🐋,crypto_analyst,199,41,neutral,whales dumping btc retail getting rekt,"['whale', 'dumping', 'btc', 'retail', 'getting', 'rekt']",6,1,0,0
btc_00008959,2024-05-06 01:00:59,"Bitcoin bubble bursting, warned you all 😱 👀",technical_ta,89,6,neutral,bitcoin bubble bursting warned you all,"['bitcoin', 'bubble', 'bursting', 'warned']",4,1,0,0
btc_00008960,2024-05-06 01:14:20,Bitcoin stock-to-flow model update: ratio ETF approval,nft_collector,46,25,neutral,bitcoin stocktoflow model update ratio etf approval,"['bitcoin', 'stocktoflow', 'model', 'update', 'ratio', 'etf', 'approval']",7,1,2,2
btc_00008961,2024-05-06 01:28:29,"Bitcoin bubble bursting, warned you all 😱",technical_ta,40,21,neutral,bitcoin bubble bursting warned you all,"['bitcoin', 'bubble', 'bursting', 'warned']",4,1,0,0
btc_00008962,2024-05-06 02:34:53,Long-term Bitcoin holders not selling 🔒,sats_stacker,9,16,neutral,longterm bitcoin holders not selling,"['longterm', 'bitcoin', 'holder', 'not', 'selling']",5,1,1,1
btc_00008963,2024-05-06 03:09:57,"Bitcoin dominance at 54%, altcoins struggling",bear_market,62,13,neutral,bitcoin dominance at altcoins struggling,"['bitcoin', 'dominance', 'altcoins', 'struggling']",4,1,0,1
btc_00008964,2024-05-06 03:26:58,Just bought more $BTC! HODL strong 💎🙌,hodl_gang,6226,465,positive,just bought more btc hodl strong,"['bought', 'more', 'btc', 'hodl', 'strong']",5,2,2,2
btc_00008965,2024-05-06 03:25:11,Technical analysis shows Bitcoin crash to $44 📉 🔥,defi_degen,112,48,negative,technical analysis shows bitcoin crash to,"['technical', 'analysis', 'show', 'bitcoin', 'crash']",5,0,0,0
btc_00008966,2024-05-06 04:30:41,Technical analysis shows Bitcoin crash to $30 📉,diamond_hands,150,23,negative,technical analysis shows bitcoin crash to,"['technical', 'analysis', 'show', 'bitcoin', 'crash']",5,0,0,0
btc_00008967,2024-05-06 04:25:57,Lost so much on Bitcoin... never again 😭,crypto_skeptic,129,30,neutral,lost so much on bitcoin never again,"['lost', 'much', 'bitcoin', 'never']",4,1,0,0
btc_00008968,2024-05-06 04:03:57,Bitcoin overvalued at current prices! Correction needed ⬇️,bitcoin_og,218,55,neutral,bitcoin overvalued at current prices correction needed,"['bitcoin', 'overvalued', 'current', 'price', 'correction', 'needed']",6,1,1,1
btc_00008969,2024-05-06 04:25:50,Whales dumping BTC! Retail getting rekt 🐋 🔥,sats_stacker,1496,462,neutral,whales dumping btc retail getting rekt,"['whale', 'dumping', 'btc', 'retail', 'getting', 'rekt']",6,1,0,0
btc_00008970,2024-05-06 05:07:32,Study shows: Bitcoin volatility decreasing over time ⚡,crypto_news,24,33,neutral,study shows bitcoin volatility decreasing over time,"['study', 'show', 'bitcoin', 'volatility', 'decreasing', 'time']",6,1,1,1
btc_00008971,2024-05-06 05:11:42,Interesting Bitcoin development: network congestion,trading_pro,5,2,neutral,interesting bitcoin development network congestion,"['interesting', 'bitcoin', 'development', 'network', 'congestion']",5,1,2,2
btc_00008972,2024-05-06 05:35:43,Analyzing Bitcoin chart patterns today 📈 🚨,crypto_skeptic,39,15,neutral,analyzing bitcoin chart patterns today,"['analyzing', 'bitcoin', 'chart', 'pattern', 'today']",5,1,1,1
btc_00008973,2024-05-06 05:21:14,Consolidation phase for Bitcoin continues ⏸️,crypto_skeptic,35,2,neutral,consolidation phase for bitcoin continues,"['consolidation', 'phase', 'bitcoin', 'continues']",4,1,1,1
btc_00008974,2024-05-06 06:02:31,Sold all my BTC before the crash! Dodged bullet 😅,chart_master,234,45,negative,sold all my btc before the crash dodged bullet,"['sold', 'btc', 'crash', 'dodged', 'bullet']",5,0,0,0
btc_00008975,2024-05-06 06:36:33,Market manipulation! Bitcoin not organic growth 😡,chart_master,72,36,neutral,market manipulation bitcoin not organic growth,"['market', 'manipulation', 'bitcoin', 'not', 'organic', 'growth']",6,1,0,0
btc_00008976,2024-05-06 06:14:51,Bitcoin transaction fees too high! Unusable! 💸,sats_stacker,229,59,neutral,bitcoin transaction fees too high unusable,"['bitcoin', 'transaction', 'fee', 'high', 'unusable']",5,1,1,1
btc_00008977,2024-05-06 06:26:40,Best performing asset: #Bitcoin 🏆,bitcoin_maxie,406,14,positive,best performing asset bitcoin,"['best', 'performing', 'asset', 'bitcoin']",4,2,2,2
btc_00008978,2024-05-06 06:18:38,Bitcoin mining centralization = big problem ⚠️ 💰,whale_watcher,44,51,neutral,bitcoin mining centralization big problem,"['bitcoin', 'mining', 'centralization', 'big', 'problem']",5,1,0,0
btc_00008979,2024-05-06 07:42:49,Best performing asset: #Bitcoin 🏆,crypto_skeptic,119,57,positive,best performing asset bitcoin,"['best', 'performing', 'asset', 'bitcoin']",4,2,2,2
btc_00008980,2024-05-06 07:11:45,Market manipulation! Bitcoin not organic growth 😡,btc_miner,117,42,neutral,market manipulation bitcoin not organic growth,"['market', 'manipulation', 'bitcoin', 'not', 'organic', 'growth']",6,1,0,0
btc_00008981,2024-05-06 07:53:30,Bitcoin looking strong at $59 resistance broken!,on_chain_data,154,66,neutral,bitcoin looking strong at resistance broken,"['bitcoin', 'looking', 'strong', 'resistance', 'broken']",5,1,2,2
btc_00008982,2024-05-06 07:42:38,BITCOIN TRADING RANGE: $49103 - $51107 👀,sats_stacker,62,12,neutral,bitcoin trading range,"['bitcoin', 'trading', 'range']",3,1,1,1
btc_00008983,2024-05-06 07:41:53,Smart money accumulating Bitcoin quietly 👀,whale_watcher,146,26,neutral,smart money accumulating bitcoin quietly,"['smart', 'money', 'accumulating', 'bitcoin', 'quietly']",5,1,2,2
btc_00008984,2024-05-06 07:37:09,Bitcoin breaking resistance! Bullish trend incoming 📈,hodl_gang,457,20,positive,bitcoin breaking resistance bullish trend incoming,"['bitcoin', 'breaking', 'resistance', 'bullish', 'trend', 'incoming']",6,2,1,1
btc_00008985,2024-05-06 08:49:50,Amazing gains on Bitcoin today! Up 13% 🎉 💯,btc_hodler,323,23,neutral,amazing gains on bitcoin today up,"['amazing', 'gain', 'bitcoin', 'today']",4,1,2,2
btc_00008986,2024-05-06 08:06:09,Bitcoin to the moon! 🚀 #BTC #crypto,hodl_gang,136,123,positive,bitcoin to the moon btc crypto,"['bitcoin', 'moon', 'btc', 'crypto']",4,2,1,1
btc_00008987,2024-05-06 08:22:04,"BTC dump incoming, get out while you can! 🔻",diamond_hands,928,832,negative,btc dump incoming get out while you can,"['btc', 'dump', 'incoming', 'get']",4,0,0,0
btc_00008988,2024-05-06 08:32:20,BTC technical analysis shows strong uptrend ↗️ 👀,satoshi_fan,113,11,neutral,btc technical analysis shows strong uptrend,"['btc', 'technical', 'analysis', 'show', 'strong', 'uptrend']",6,1,2,2
btc_00008989,2024-05-06 09:52:02,Bitcoin to the moon! 🚀 #BTC #crypto 👀,whale_watcher,88,63,positive,bitcoin to the moon btc crypto,"['bitcoin', 'moon', 'btc', 'crypto']",4,2,1,1
btc_00008990,2024-05-06 09:08:24,Bitcoin network upgrade scheduled for Fidelity,technical_ta,240,168,neutral,bitcoin network upgrade scheduled for fidelity,"['bitcoin', 'network', 'upgrade', 'scheduled', 'fidelity']",5,1,1,1
btc_00008991,2024-05-06 09:46:24,Bitcoin network upgrade scheduled for institutional buying,sats_stacker,46,29,neutral,bitcoin network upgrade scheduled for institutional buying,"['bitcoin', 'network', 'upgrade', 'scheduled', 'institutional', 'buying']",6,1,1,1
btc_00008992,2024-05-06 10:53:37,Bitcoin correlation with stocks remains high 📊,bull_run,28,7,neutral,bitcoin correlation with stocks remains high,"['bitcoin', 'correlation', 'stock', 'remains', 'high']",5,1,1,1
btc_00008993,2024-05-06 11:31:46,Bitcoin hash ribbons indicating network congestion signal,hodl_gang,55,31,neutral,bitcoin hash ribbons indicating network congestion signal,"['bitcoin', 'hash', 'ribbon', 'indicating', 'network', 'congestion', 'signal']",7,1,1,1
btc_00008994,2024-05-06 12:31:06,Bitcoin correlation with stocks remains high 📊 ⚡,bitcoin_maxie,43,16,neutral,bitcoin correlation with stocks remains high,"['bitcoin', 'correlation', 'stock', 'remains', 'high']",5,1,1,1
btc_00008995,2024-05-06 12:41:06,"BTC dump incoming, get out while you can! 🔻",trading_pro,43,48,negative,btc dump incoming get out while you can,"['btc', 'dump', 'incoming', 'get']",4,0,0,0
btc_00008996,2024-05-06 13:28:27,BTC hodlers being rewarded! Diamond hands win 💎,hodl_gang,327,47,neutral,btc hodlers being rewarded diamond hands win,"['btc', 'hodlers', 'rewarded', 'diamond', 'hand', 'win']",6,1,2,2
btc_00008997,2024-05-06 14:42:09,"Bitcoin dominance at 43%, altcoins struggling",btc_miner,64,5,neutral,bitcoin dominance at altcoins struggling,"['bitcoin', 'dominance', 'altcoins', 'struggling']",4,1,0,1
btc_00008998,2024-05-06 14:57:31,Bitcoin crashing hard! Sell everything! 📉,diamond_hands,542,137,negative,bitcoin crashing hard sell everything,"['bitcoin', 'crashing', 'hard', 'sell', 'everything']",5,0,0,1
btc_00008999,2024-05-06 15:10:18,SMART MONEY ACCUMULATING BITCOIN QUIETLY 👀,on_chain_data,747,60,neutral,smart money accumulating bitcoin quietly,"['smart', 'money', 'accumulating', 'bitcoin', 'quietly']",5,1,2,2
btc_00009000,2024-05-06 15:17:02,Tether FUD affecting Bitcoin price! Not good 😬,hodl_gang,228,173,positive,tether fud affecting bitcoin price not good,"['tether', 'fud', 'affecting', 'bitcoin', 'price', 'not', 'good']",7,2,0,0
btc_00009001,2024-05-06 15:20:56,Bitcoin transaction fees too high! Unusable! 💸 💯,btc_miner,369,13,neutral,bitcoin transaction fees too high unusable,"['bitcoin', 'transaction', 'fee', 'high', 'unusable']",5,1,1,1
btc_00009002,2024-05-06 16:02:31,Bitcoin mining centralization = big problem ⚠️ 💯,alt_hunter,329,12,neutral,bitcoin mining centralization big problem,"['bitcoin', 'mining', 'centralization', 'big', 'problem']",5,1,0,0
btc_00009003,2024-05-06 16:38:48,Bitcoin hashrate at ATH! Network security = bullish 🔒 🎯,moon_soon,821,24,positive,bitcoin hashrate at ath network security bullish,"['bitcoin', 'hashrate', 'ath', 'network', 'security', 'bullish']",6,2,2,2
btc_00009004,2024-05-06 16:36:53,Lost so much on Bitcoin... never again 😭,btc_miner,91,90,neutral,lost so much on bitcoin never again,"['lost', 'much', 'bitcoin', 'never']",4,1,0,0
btc_00009005,2024-05-06 17:40:21,Consolidation phase for Bitcoin continues ⏸️ 💰,sats_stacker,92,53,neutral,consolidation phase for bitcoin continues,"['consolidation', 'phase', 'bitcoin', 'continues']",4,1,1,1
btc_00009006,2024-05-06 17:18:14,Bitcoin looking strong at $71 resistance broken!,btc_hodler,410,78,neutral,bitcoin looking strong at resistance broken,"['bitcoin', 'looking', 'strong', 'resistance', 'broken']",5,1,2,2
btc_00009007,2024-05-06 17:04:47,Best performing asset: #Bitcoin 🏆,technical_ta,1145,63,positive,best performing asset bitcoin,"['best', 'performing', 'asset', 'bitcoin']",4,2,2,2
btc_00009008,2024-05-06 17:55:57,Study shows: Bitcoin volatility decreasing over time,bitcoin_maxie,34,47,neutral,study shows bitcoin volatility decreasing over time,"['study', 'show', 'bitcoin', 'volatility', 'decreasing', 'time']",6,1,1,1
btc_00009009,2024-05-06 17:07:39,Study shows: Bitcoin volatility decreasing over time 💯,crypto_news,31,29,neutral,study shows bitcoin volatility decreasing over time,"['study', 'show', 'bitcoin', 'volatility', 'decreasing', 'time']",6,1,1,1
btc_00009010,2024-05-06 18:35:39,BTC HOLDING STEADY AT TESLA SUPPORT LEVEL ⚡,crypto_bull,110,43,neutral,btc holding steady at tesla support level,"['btc', 'holding', 'steady', 'tesla', 'support', 'level']",6,1,2,2
btc_00009011,2024-05-06 18:40:48,"Bitcoin bubble bursting, warned you all 😱",crypto_trader,537,65,neutral,bitcoin bubble bursting warned you all,"['bitcoin', 'bubble', 'bursting', 'warned']",4,1,0,0
btc_00009012,2024-05-06 18:07:25,BITCOIN MINING CENTRALIZATION = BIG PROBLEM ⚠️,on_chain_data,499,130,neutral,bitcoin mining centralization big problem,"['bitcoin', 'mining', 'centralization', 'big', 'problem']",5,1,0,0
btc_00009013,2024-05-06 19:35:28,"Bitcoin will hit $66k this year, mark my words! 📈",diamond_hands,305,205,neutral,bitcoin will hit k this year mark my words,"['bitcoin', 'hit', 'year', 'mark', 'word']",5,1,1,1
btc_00009014,2024-05-06 19:33:08,Bitcoin adoption growing massively! Bullish 📊,on_chain_data,241,66,positive,bitcoin adoption growing massively bullish,"['bitcoin', 'adoption', 'growing', 'massively', 'bullish']",5,2,2,2
btc_00009015,2024-05-06 19:00:42,Bitcoin breaking resistance! Bullish trend incoming 📈 🚨,technical_ta,1170,339,positive,bitcoin breaking resistance bullish trend incoming,"['bitcoin', 'breaking', 'resistance', 'bullish', 'trend', 'incoming']",6,2,1,1
btc_00009016,2024-05-06 19:22:37,Amazing gains on Bitcoin today! Up 9% 🎉 💯,on_chain_data,322,193,neutral,amazing gains on bitcoin today up,"['amazing', 'gain', 'bitcoin', 'today']",4,1,2,2
btc_00009017,2024-05-06 20:03:24,Best performing asset: #Bitcoin 🏆,chart_master,989,107,positive,best performing asset bitcoin,"['best', 'performing', 'asset', 'bitcoin']",4,2,2,2
btc_00009018,2024-05-06 21:26:47,Whales dumping BTC! Retail getting rekt 🐋,bitcoin_maxie,146,61,neutral,whales dumping btc retail getting rekt,"['whale', 'dumping', 'btc', 'retail', 'getting', 'rekt']",6,1,0,0
btc_00009019,2024-05-06 21:40:59,DCA into Bitcoin = winning strategy 📊 🔥,crypto_skeptic,842,233,neutral,dca into bitcoin winning strategy,"['dca', 'bitcoin', 'winning', 'strategy']",4,1,2,2
btc_00009020,2024-05-06 21:32:46,Institutional Bitcoin holdings update: Blackrock BTC,btc_hodler,125,62,neutral,institutional bitcoin holdings update blackrock btc,"['institutional', 'bitcoin', 'holding', 'update', 'blackrock', 'btc']",6,1,1,1
btc_00009021,2024-05-06 21:10:34,Bitcoin crashing hard! Sell everything! 📉,crypto_analyst,285,62,negative,bitcoin crashing hard sell everything,"['bitcoin', 'crashing', 'hard', 'sell', 'everything']",5,0,0,1
btc_00009022,2024-05-06 21:00:52,Consolidation phase for Bitcoin continues ⏸️,chart_master,117,64,neutral,consolidation phase for bitcoin continues,"['consolidation', 'phase', 'bitcoin', 'continues']",4,1,1,1
btc_00009023,2024-05-06 21:46:46,BTC holding steady at Coinbase support level,chart_master,111,58,neutral,btc holding steady at coinbase support level,"['btc', 'holding', 'steady', 'coinbase', 'support', 'level']",6,1,2,2
btc_00009024,2024-05-06 22:47:03,BTC hodlers being rewarded! Diamond hands win 💎,trading_pro,794,145,neutral,btc hodlers being rewarded diamond hands win,"['btc', 'hodlers', 'rewarded', 'diamond', 'hand', 'win']",6,1,2,2
btc_00009025,2024-05-06 22:54:36,INSTITUTIONS BUYING BITCOIN = MOON TIME 🌙,fundamental,640,58,positive,institutions buying bitcoin moon time,"['institution', 'buying', 'bitcoin', 'moon', 'time']",5,2,1,1
btc_00009026,2024-05-06 22:57:15,"Bitcoin volume increasing, watching closely 👀",on_chain_data,95,55,neutral,bitcoin volume increasing watching closely,"['bitcoin', 'volume', 'increasing', 'watching', 'closely']",5,1,1,1
btc_00009027,2024-05-06 22:35:06,Bitcoin > everything else. Change my mind 💪,whale_watcher,408,202,neutral,bitcoin everything else change my mind,"['bitcoin', 'everything', 'else', 'change', 'mind']",5,1,1,1
btc_00009028,2024-05-06 23:57:29,Technical analysis shows Bitcoin crash to $33 📉,crypto_skeptic,68,40,negative,technical analysis shows bitcoin crash to,"['technical', 'analysis', 'show', 'bitcoin', 'crash']",5,0,0,0
btc_00009029,2024-05-06 23:49:04,Market update: Bitcoin sideways movement continues,technical_ta,52,20,neutral,market update bitcoin sideways movement continues,"['market', 'update', 'bitcoin', 'sideways', 'movement', 'continues']",6,1,1,1
btc_00009030,2024-05-06 23:09:58,BTC holding steady at MicroStrategy support level,crypto_analyst,35,7,neutral,btc holding steady at microstrategy support level,"['btc', 'holding', 'steady', 'microstrategy', 'support', 'level']",6,1,2,2
btc_00009031,2024-05-07 00:28:08,Tether FUD affecting Bitcoin price! Not good 😬,alt_hunter,79,31,positive,tether fud affecting bitcoin price not good,"['tether', 'fud', 'affecting', 'bitcoin', 'price', 'not', 'good']",7,2,0,0
btc_00009032,2024-05-07 00:45:36,Whales dumping BTC! Retail getting rekt 🐋,btc_hodler,210,48,neutral,whales dumping btc retail getting rekt,"['whale', 'dumping', 'btc', 'retail', 'getting', 'rekt']",6,1,0,0
btc_00009033,2024-05-07 00:47:27,Institutions buying Bitcoin = moon time 🌙 💯,crypto_trader,117,31,positive,institutions buying bitcoin moon time,"['institution', 'buying', 'bitcoin', 'moon', 'time']",5,2,1,1
btc_00009034,2024-05-07 00:19:17,Regulatory pressure killing Bitcoin! Be careful! ⚖️,fundamental,15,24,neutral,regulatory pressure killing bitcoin be careful,"['regulatory', 'pressure', 'killing', 'bitcoin', 'careful']",5,1,0,0
btc_00009035,2024-05-07 01:25:51,BITCOIN CRASHING HARD! SELL EVERYTHING! 📉,bear_market,235,33,negative,bitcoin crashing hard sell everything,"['bitcoin', 'crashing', 'hard', 'sell', 'everything']",5,0,0,1
btc_00009036,2024-05-07 01:33:56,BITCOIN HASHRATE AT ATH! NETWORK SECURITY = BULLISH 🔒,crypto_bull,160,9,positive,bitcoin hashrate at ath network security bullish,"['bitcoin', 'hashrate', 'ath', 'network', 'security', 'bullish']",6,2,2,2
btc_00009037,2024-05-07 02:10:29,Bitcoin hashrate at ATH! Network security = bullish 🔒,chart_master,116,36,positive,bitcoin hashrate at ath network security bullish,"['bitcoin', 'hashrate', 'ath', 'network', 'security', 'bullish']",6,2,2,2
btc_00009038,2024-05-07 02:48:05,Just stacked more sats! Bitcoin only 🧡,fundamental,129,102,neutral,just stacked more sats bitcoin only,"['stacked', 'more', 'sat', 'bitcoin']",4,1,1,1
btc_00009039,2024-05-07 02:17:54,Survey: 41% of investors hold Bitcoin,whale_watcher,34,11,neutral,survey of investors hold bitcoin,"['survey', 'investor', 'hold', 'bitcoin']",4,1,1,1
btc_00009040,2024-05-07 02:06:58,Consolidation phase for Bitcoin continues ⏸️,crypto_trader,34,5,neutral,consolidation phase for bitcoin continues,"['consolidation', 'phase', 'bitcoin', 'continues']",4,1,1,1
btc_00009041,2024-05-07 02:59:46,SMART MONEY ACCUMULATING BITCOIN QUIETLY 👀,moon_soon,76,16,neutral,smart money accumulating bitcoin quietly,"['smart', 'money', 'accumulating', 'bitcoin', 'quietly']",5,1,2,2
btc_00009042,2024-05-07 03:01:34,Lost so much on Bitcoin... never again 😭,satoshi_fan,50,4,neutral,lost so much on bitcoin never again,"['lost', 'much', 'bitcoin', 'never']",4,1,0,0
btc_00009043,2024-05-07 04:13:10,"Bitcoin bubble bursting, warned you all 😱",crypto_trader,166,29,neutral,bitcoin bubble bursting warned you all,"['bitcoin', 'bubble', 'bursting', 'warned']",4,1,0,0
btc_00009044,2024-05-07 04:30:15,Market update: Bitcoin sideways movement continues 🔥,fundamental,53,10,neutral,market update bitcoin sideways movement continues,"['market', 'update', 'bitcoin', 'sideways', 'movement', 'continues']",6,1,1,1
btc_00009045,2024-05-07 04:17:18,BITCOIN CURRENTLY TRADING AT $51937 📊,whale_watcher,65,6,neutral,bitcoin currently trading at,"['bitcoin', 'currently', 'trading']",3,1,1,1
btc_00009046,2024-05-07 04:56:33,Smart money accumulating Bitcoin quietly 👀 🔥,crypto_bull,90,18,neutral,smart money accumulating bitcoin quietly,"['smart', 'money', 'accumulating', 'bitcoin', 'quietly']",5,1,2,2
btc_00009047,2024-05-07 05:29:10,"BTC dump incoming, get out while you can! 🔻",technical_ta,119,26,negative,btc dump incoming get out while you can,"['btc', 'dump', 'incoming', 'get']",4,0,0,0
btc_00009048,2024-05-07 05:35:01,Whales dumping BTC! Retail getting rekt 🐋,fundamental,183,14,neutral,whales dumping btc retail getting rekt,"['whale', 'dumping', 'btc', 'retail', 'getting', 'rekt']",6,1,0,0
btc_00009049,2024-05-07 06:32:07,"Bitcoin dominance at 42%, altcoins struggling",crypto_skeptic,31,6,neutral,bitcoin dominance at altcoins struggling,"['bitcoin', 'dominance', 'altcoins', 'struggling']",4,1,0,1
btc_00009050,2024-05-07 07:17:42,Bitcoin overvalued at current prices! Correction needed ⬇️,on_chain_data,126,43,neutral,bitcoin overvalued at current prices correction needed,"['bitcoin', 'overvalued', 'current', 'price', 'correction', 'needed']",6,1,1,1
btc_00009051,2024-05-07 07:24:21,Bitcoin hashrate at ATH! Network security = bullish 🔒,sats_stacker,344,101,positive,bitcoin hashrate at ath network security bullish,"['bitcoin', 'hashrate', 'ath', 'network', 'security', 'bullish']",6,2,2,2
btc_00009052,2024-05-07 08:46:47,Just bought more $BTC! HODL strong 💎🙌 🔥,crypto_trader,318,49,positive,just bought more btc hodl strong,"['bought', 'more', 'btc', 'hodl', 'strong']",5,2,2,2
btc_00009053,2024-05-07 09:25:05,Bitcoin looking strong at $66 resistance broken!,defi_degen,100,59,neutral,bitcoin looking strong at resistance broken,"['bitcoin', 'looking', 'strong', 'resistance', 'broken']",5,1,2,2
btc_00009054,2024-05-07 09:28:00,Bullish on #Bitcoin! Target: $76k 🚀,chart_master,419,89,positive,bullish on bitcoin target k,"['bullish', 'bitcoin', 'target']",3,2,1,1
btc_00009055,2024-05-07 10:38:55,BITCOIN MINING DIFFICULTY ADJUSTED 52%,diamond_hands,57,23,neutral,bitcoin mining difficulty adjusted,"['bitcoin', 'mining', 'difficulty', 'adjusted']",4,1,0,0
btc_00009056,2024-05-07 11:07:58,Bitcoin fear & greed at extreme levels! Crash coming 😰,moon_soon,1827,300,negative,bitcoin fear greed at extreme levels crash coming,"['bitcoin', 'fear', 'greed', 'extreme', 'level', 'crash', 'coming']",7,0,0,0
btc_00009057,2024-05-07 11:14:27,Survey: 42% of investors hold Bitcoin,satoshi_fan,26,21,neutral,survey of investors hold bitcoin,"['survey', 'investor', 'hold', 'bitcoin']",4,1,1,1
btc_00009058,2024-05-07 11:24:10,Whales dumping BTC! Retail getting rekt 🐋,diamond_hands,225,51,neutral,whales dumping btc retail getting rekt,"['whale', 'dumping', 'btc', 'retail', 'getting', 'rekt']",6,1,0,0
btc_00009059,2024-05-07 12:28:46,"Bearish on Bitcoin, downtrend confirmed 🐻",bitcoin_og,253,60,negative,bearish on bitcoin downtrend confirmed,"['bearish', 'bitcoin', 'downtrend', 'confirmed']",4,0,1,1
btc_00009060,2024-05-07 12:52:28,Lost so much on Bitcoin... never again 😭,hodl_gang,235,27,neutral,lost so much on bitcoin never again,"['lost', 'much', 'bitcoin', 'never']",4,1,0,0
btc_00009061,2024-05-07 12:58:34,Bullish on #Bitcoin! Target: $67k 🚀,technical_ta,421,127,positive,bullish on bitcoin target k,"['bullish', 'bitcoin', 'target']",3,2,1,1
btc_00009062,2024-05-07 12:31:03,"Bitcoin = ponzi scheme, wake up people! ⚠️",crypto_analyst,51,55,neutral,bitcoin ponzi scheme wake up people,"['bitcoin', 'ponzi', 'scheme', 'wake', 'people']",5,1,1,1
btc_00009063,2024-05-07 13:30:12,ANALYZING BITCOIN CHART PATTERNS TODAY 📈,technical_ta,42,22,neutral,analyzing bitcoin chart patterns today,"['analyzing', 'bitcoin', 'chart', 'pattern', 'today']",5,1,1,1
btc_00009064,2024-05-07 13:34:42,BTC pumping hard! This is just the beginning 🔥,btc_hodler,286,35,neutral,btc pumping hard this is just the beginning,"['btc', 'pumping', 'hard', 'beginning']",4,1,0,1
btc_00009065,2024-05-07 13:07:39,"Bitcoin dead, time to move on 💀",moon_soon,176,10,neutral,bitcoin dead time to move on,"['bitcoin', 'dead', 'time', 'move']",4,1,0,0
btc_00009066,2024-05-07 13:34:17,Smart money accumulating Bitcoin quietly 👀 💰,fundamental,174,54,neutral,smart money accumulating bitcoin quietly,"['smart', 'money', 'accumulating', 'bitcoin', 'quietly']",5,1,2,2
btc_00009067,2024-05-07 14:23:44,"Bitcoin will hit $74k this year, mark my words! 📈",on_chain_data,625,150,neutral,bitcoin will hit k this year mark my words,"['bitcoin', 'hit', 'year', 'mark', 'word']",5,1,1,1
btc_00009068,2024-05-07 14:05:55,BTC pumping hard! This is just the beginning 🔥,whale_watcher,903,236,neutral,btc pumping hard this is just the beginning,"['btc', 'pumping', 'hard', 'beginning']",4,1,0,1
btc_00009069,2024-05-07 14:54:20,BTC TECHNICAL ANALYSIS SHOWS STRONG UPTREND ↗️,btc_miner,393,168,neutral,btc technical analysis shows strong uptrend,"['btc', 'technical', 'analysis', 'show', 'strong', 'uptrend']",6,1,2,2
btc_00009070,2024-05-07 15:54:22,BTC technical analysis shows strong uptrend ↗️,on_chain_data,286,272,neutral,btc technical analysis shows strong uptrend,"['btc', 'technical', 'analysis', 'show', 'strong', 'uptrend']",6,1,2,2
btc_00009071,2024-05-07 15:51:21,Interesting Bitcoin development: technology upgrade,crypto_analyst,156,54,neutral,interesting bitcoin development technology upgrade,"['interesting', 'bitcoin', 'development', 'technology', 'upgrade']",5,1,2,2
btc_00009072,2024-05-07 15:58:37,Just bought more $BTC! HODL strong 💎🙌 👀,alt_hunter,427,213,positive,just bought more btc hodl strong,"['bought', 'more', 'btc', 'hodl', 'strong']",5,2,2,2
btc_00009073,2024-05-07 15:26:18,Bitcoin > everything else. Change my mind 💪,chart_master,833,259,neutral,bitcoin everything else change my mind,"['bitcoin', 'everything', 'else', 'change', 'mind']",5,1,1,1
btc_00009074,2024-05-07 16:32:31,Just stacked more sats! Bitcoin only 🧡,defi_degen,397,185,neutral,just stacked more sats bitcoin only,"['stacked', 'more', 'sat', 'bitcoin']",4,1,1,1
btc_00009075,2024-05-07 16:29:42,Technical analysis shows Bitcoin crash to $44 📉,alt_hunter,298,135,negative,technical analysis shows bitcoin crash to,"['technical', 'analysis', 'show', 'bitcoin', 'crash']",5,0,0,0
btc_00009076,2024-05-07 17:22:51,Sold all my BTC before the crash! Dodged bullet 😅,hodl_gang,403,192,negative,sold all my btc before the crash dodged bullet,"['sold', 'btc', 'crash', 'dodged', 'bullet']",5,0,0,0
btc_00009077,2024-05-07 17:27:05,Bitcoin correlation with stocks remains high 📊,satoshi_fan,205,60,neutral,bitcoin correlation with stocks remains high,"['bitcoin', 'correlation', 'stock', 'remains', 'high']",5,1,1,1
btc_00009078,2024-05-07 18:51:55,BTC hodlers being rewarded! Diamond hands win 💎,bitcoin_maxie,211,110,neutral,btc hodlers being rewarded diamond hands win,"['btc', 'hodlers', 'rewarded', 'diamond', 'hand', 'win']",6,1,2,2
btc_00009079,2024-05-07 18:31:36,"Bitcoin will hit $76k this year, mark my words! 📈",crypto_news,425,332,neutral,bitcoin will hit k this year mark my words,"['bitcoin', 'hit', 'year', 'mark', 'word']",5,1,1,1
btc_00009080,2024-05-07 18:43:13,BTC technical analysis shows strong uptrend ↗️ 🚨,on_chain_data,533,109,neutral,btc technical analysis shows strong uptrend,"['btc', 'technical', 'analysis', 'show', 'strong', 'uptrend']",6,1,2,2
btc_00009081,2024-05-07 19:31:00,BTC technical analysis shows strong uptrend ↗️,alt_hunter,555,76,neutral,btc technical analysis shows strong uptrend,"['btc', 'technical', 'analysis', 'show', 'strong', 'uptrend']",6,1,2,2
btc_00009082,2024-05-07 20:34:32,Institutions buying Bitcoin = moon time 🌙,crypto_analyst,422,183,positive,institutions buying bitcoin moon time,"['institution', 'buying', 'bitcoin', 'moon', 'time']",5,2,1,1
btc_00009083,2024-05-07 20:12:12,Institutions buying Bitcoin = moon time 🌙,diamond_hands,624,93,positive,institutions buying bitcoin moon time,"['institution', 'buying', 'bitcoin', 'moon', 'time']",5,2,1,1
btc_00009084,2024-05-07 20:37:24,Bitcoin mining difficulty adjusted 59%,satoshi_fan,91,71,neutral,bitcoin mining difficulty adjusted,"['bitcoin', 'mining', 'difficulty', 'adjusted']",4,1,0,0
btc_00009085,2024-05-07 20:46:17,"Bitcoin dominance at 42%, altcoins struggling 🚨",btc_hodler,31,31,neutral,bitcoin dominance at altcoins struggling,"['bitcoin', 'dominance', 'altcoins', 'struggling']",4,1,0,1
btc_00009086,2024-05-07 21:48:24,BITCOIN CURRENTLY TRADING AT $52510 📊 ⚡,crypto_trader,101,35,neutral,bitcoin currently trading at,"['bitcoin', 'currently', 'trading']",3,1,1,1
btc_00009087,2024-05-07 21:00:58,Bitcoin trading range: $51460 - $53561,satoshi_fan,68,34,neutral,bitcoin trading range,"['bitcoin', 'trading', 'range']",3,1,1,1
btc_00009088,2024-05-07 22:02:44,Long-term Bitcoin holders not selling 🔒,bitcoin_og,1134,180,neutral,longterm bitcoin holders not selling,"['longterm', 'bitcoin', 'holder', 'not', 'selling']",5,1,1,1
btc_00009089,2024-05-07 22:25:49,Analyzing Bitcoin chart patterns today 📈,defi_degen,154,33,neutral,analyzing bitcoin chart patterns today,"['analyzing', 'bitcoin', 'chart', 'pattern', 'today']",5,1,1,1
btc_00009090,2024-05-07 22:57:27,Bitcoin stock-to-flow model update: ratio Coinbase,bitcoin_og,86,56,neutral,bitcoin stocktoflow model update ratio coinbase,"['bitcoin', 'stocktoflow', 'model', 'update', 'ratio', 'coinbase']",6,1,1,1
btc_00009091,2024-05-07 22:21:02,Survey: 42% of investors hold Bitcoin ⚡,bitcoin_og,106,45,neutral,survey of investors hold bitcoin,"['survey', 'investor', 'hold', 'bitcoin']",4,1,1,1
btc_00009092,2024-05-07 23:35:18,"Bearish on Bitcoin, downtrend confirmed 🐻",bitcoin_maxie,25,46,negative,bearish on bitcoin downtrend confirmed,"['bearish', 'bitcoin', 'downtrend', 'confirmed']",4,0,1,1
btc_00009093,2024-05-07 23:24:49,Bitcoin crashing hard! Sell everything! 📉,crypto_news,170,21,negative,bitcoin crashing hard sell everything,"['bitcoin', 'crashing', 'hard', 'sell', 'everything']",5,0,0,1
btc_00009094,2024-05-07 23:34:25,Bitcoin breaking resistance! Bullish trend incoming 📈,diamond_hands,512,42,positive,bitcoin breaking resistance bullish trend incoming,"['bitcoin', 'breaking', 'resistance', 'bullish', 'trend', 'incoming']",6,2,1,1
btc_00009095,2024-05-07 23:09:50,Regulatory pressure killing Bitcoin! Be careful! ⚖️,alt_hunter,89,44,neutral,regulatory pressure killing bitcoin be careful,"['regulatory', 'pressure', 'killing', 'bitcoin', 'careful']",5,1,0,0
btc_00009096,2024-05-08 00:16:42,Amazing gains on Bitcoin today! Up 11% 🎉,sats_stacker,86,41,neutral,amazing gains on bitcoin today up,"['amazing', 'gain', 'bitcoin', 'today']",4,1,2,2
btc_00009097,2024-05-08 01:48:55,Bitcoin currently trading at $52133 📊,sats_stacker,58,16,neutral,bitcoin currently trading at,"['bitcoin', 'currently', 'trading']",3,1,1,1
btc_00009098,2024-05-08 01:33:13,Bitcoin on-chain metrics showing mixed signals 📊,sats_stacker,125,24,neutral,bitcoin onchain metrics showing mixed signals,"['bitcoin', 'onchain', 'metric', 'showing', 'mixed', 'signal']",6,1,1,1
btc_00009099,2024-05-08 01:42:08,Bitcoin hashrate at ATH! Network security = bullish 🔒 💯,hodl_gang,271,92,positive,bitcoin hashrate at ath network security bullish,"['bitcoin', 'hashrate', 'ath', 'network', 'security', 'bullish']",6,2,2,2
btc_00009100,2024-05-08 02:35:42,Consolidation phase for Bitcoin continues ⏸️,alt_hunter,57,14,neutral,consolidation phase for bitcoin continues,"['consolidation', 'phase', 'bitcoin', 'continues']",4,1,1,1
btc_00009101,2024-05-08 02:09:10,Bitcoin > everything else. Change my mind 💪 💯,whale_watcher,482,24,neutral,bitcoin everything else change my mind,"['bitcoin', 'everything', 'else', 'change', 'mind']",5,1,1,1
btc_00009102,2024-05-08 02:12:29,Bitcoin stock-to-flow model update: ratio Square 💰,chart_master,22,16,neutral,bitcoin stocktoflow model update ratio square,"['bitcoin', 'stocktoflow', 'model', 'update', 'ratio', 'square']",6,1,1,1
btc_00009103,2024-05-08 03:03:52,Bitcoin correlation with stocks remains high 📊 👀,trading_pro,14,23,neutral,bitcoin correlation with stocks remains high,"['bitcoin', 'correlation', 'stock', 'remains', 'high']",5,1,1,1
btc_00009104,2024-05-08 03:15:23,Bitcoin fear & greed at extreme levels! Crash coming 😰 🔥,technical_ta,43,29,negative,bitcoin fear greed at extreme levels crash coming,"['bitcoin', 'fear', 'greed', 'extreme', 'level', 'crash', 'coming']",7,0,0,0
btc_00009105,2024-05-08 03:13:11,Lost so much on Bitcoin... never again 😭,crypto_news,256,55,neutral,lost so much on bitcoin never again,"['lost', 'much', 'bitcoin', 'never']",4,1,0,0
btc_00009106,2024-05-08 03:31:21,Bitcoin sentiment turning positive! Rally incoming 🚀,crypto_news,229,49,positive,bitcoin sentiment turning positive rally incoming,"['bitcoin', 'sentiment', 'turning', 'positive', 'rally', 'incoming']",6,2,2,2
btc_00009107,2024-05-08 03:31:10,Bitcoin currently trading at $51801 📊,btc_miner,60,2,neutral,bitcoin currently trading at,"['bitcoin', 'currently', 'trading']",3,1,1,1
btc_00009108,2024-05-08 04:38:28,Survey: 53% of investors hold Bitcoin 💯,btc_hodler,28,6,neutral,survey of investors hold bitcoin,"['survey', 'investor', 'hold', 'bitcoin']",4,1,1,1
btc_00009109,2024-05-08 05:07:57,Bitcoin mining difficulty adjusted 44% 💰,bear_market,75,20,neutral,bitcoin mining difficulty adjusted,"['bitcoin', 'mining', 'difficulty', 'adjusted']",4,1,0,0
btc_00009110,2024-05-08 05:28:49,Sold all my BTC before the crash! Dodged bullet 😅 💰,bitcoin_maxie,53,16,negative,sold all my btc before the crash dodged bullet,"['sold', 'btc', 'crash', 'dodged', 'bullet']",5,0,0,0
btc_00009111,2024-05-08 05:34:07,Just stacked more sats! Bitcoin only 🧡,trading_pro,150,61,neutral,just stacked more sats bitcoin only,"['stacked', 'more', 'sat', 'bitcoin']",4,1,1,1
btc_00009112,2024-05-08 05:47:35,Bitcoin > everything else. Change my mind 💪 🔥,bear_market,32,35,neutral,bitcoin everything else change my mind,"['bitcoin', 'everything', 'else', 'change', 'mind']",5,1,1,1
btc_00009113,2024-05-08 05:21:58,"Bitcoin bubble bursting, warned you all 😱",bull_run,160,25,neutral,bitcoin bubble bursting warned you all,"['bitcoin', 'bubble', 'bursting', 'warned']",4,1,0,0
btc_00009114,2024-05-08 05:35:56,BITCOIN ON-CHAIN METRICS SHOWING MIXED SIGNALS 📊,nft_collector,22,35,neutral,bitcoin onchain metrics showing mixed signals,"['bitcoin', 'onchain', 'metric', 'showing', 'mixed', 'signal']",6,1,1,1
btc_00009115,2024-05-08 06:34:18,"BITCOIN VOLUME INCREASING, WATCHING CLOSELY 👀 🔥",fundamental,66,9,neutral,bitcoin volume increasing watching closely,"['bitcoin', 'volume', 'increasing', 'watching', 'closely']",5,1,1,1
btc_00009116,2024-05-08 06:35:51,Regulatory pressure killing Bitcoin! Be careful! ⚖️ 💰,on_chain_data,161,58,neutral,regulatory pressure killing bitcoin be careful,"['regulatory', 'pressure', 'killing', 'bitcoin', 'careful']",5,1,0,0
btc_00009117,2024-05-08 06:26:42,Bitcoin mining difficulty adjusted 53%,sats_stacker,11,13,neutral,bitcoin mining difficulty adjusted,"['bitcoin', 'mining', 'difficulty', 'adjusted']",4,1,0,0
btc_00009118,2024-05-08 07:02:12,BITCOIN SENTIMENT TURNING POSITIVE! RALLY INCOMING 🚀,bitcoin_og,240,83,positive,bitcoin sentiment turning positive rally incoming,"['bitcoin', 'sentiment', 'turning', 'positive', 'rally', 'incoming']",6,2,2,2
btc_00009119,2024-05-08 07:51:27,Bitcoin stock-to-flow model update: ratio Binance,crypto_analyst,59,3,neutral,bitcoin stocktoflow model update ratio binance,"['bitcoin', 'stocktoflow', 'model', 'update', 'ratio', 'binance']",6,1,1,1
btc_00009120,2024-05-08 08:43:33,BTC hodlers being rewarded! Diamond hands win 💎,alt_hunter,416,13,neutral,btc hodlers being rewarded diamond hands win,"['btc', 'hodlers', 'rewarded', 'diamond', 'hand', 'win']",6,1,2,2
btc_00009121,2024-05-08 09:04:21,Bitcoin mining difficulty adjusted 53%,nft_collector,19,12,neutral,bitcoin mining difficulty adjusted,"['bitcoin', 'mining', 'difficulty', 'adjusted']",4,1,0,0
btc_00009122,2024-05-08 09:53:41,Institutions buying Bitcoin = moon time 🌙,technical_ta,318,25,positive,institutions buying bitcoin moon time,"['institution', 'buying', 'bitcoin', 'moon', 'time']",5,2,1,1
btc_00009123,2024-05-08 09:54:57,Analyzing Bitcoin chart patterns today 📈,defi_degen,64,13,neutral,analyzing bitcoin chart patterns today,"['analyzing', 'bitcoin', 'chart', 'pattern', 'today']",5,1,1,1
btc_00009124,2024-05-08 09:02:55,Bitcoin fear & greed at extreme levels! Crash coming 😰 💯,hodl_gang,72,20,negative,bitcoin fear greed at extreme levels crash coming,"['bitcoin', 'fear', 'greed', 'extreme', 'level', 'crash', 'coming']",7,0,0,0
btc_00009125,2024-05-08 10:09:29,Study shows: Bitcoin volatility decreasing over time,nft_collector,110,9,neutral,study shows bitcoin volatility decreasing over time,"['study', 'show', 'bitcoin', 'volatility', 'decreasing', 'time']",6,1,1,1
btc_00009126,2024-05-08 10:43:20,"BTC dump incoming, get out while you can! 🔻",diamond_hands,182,47,negative,btc dump incoming get out while you can,"['btc', 'dump', 'incoming', 'get']",4,0,0,0
btc_00009127,2024-05-08 11:52:08,Analyzing Bitcoin chart patterns today 📈,technical_ta,54,13,neutral,analyzing bitcoin chart patterns today,"['analyzing', 'bitcoin', 'chart', 'pattern', 'today']",5,1,1,1
btc_00009128,2024-05-08 11:06:24,Bitcoin to the moon! 🚀 #BTC #crypto 🚨,defi_degen,184,50,positive,bitcoin to the moon btc crypto,"['bitcoin', 'moon', 'btc', 'crypto']",4,2,1,1
btc_00009129,2024-05-08 11:39:13,Bitcoin transaction fees too high! Unusable! 💸 🎯,chart_master,203,9,neutral,bitcoin transaction fees too high unusable,"['bitcoin', 'transaction', 'fee', 'high', 'unusable']",5,1,1,1
btc_00009130,2024-05-08 11:30:55,Interesting Bitcoin development: PayPal,bitcoin_maxie,40,10,neutral,interesting bitcoin development paypal,"['interesting', 'bitcoin', 'development', 'paypal']",4,1,2,2
btc_00009131,2024-05-08 12:38:07,Market update: Bitcoin sideways movement continues,technical_ta,86,6,neutral,market update bitcoin sideways movement continues,"['market', 'update', 'bitcoin', 'sideways', 'movement', 'continues']",6,1,1,1
btc_00009132,2024-05-08 12:08:41,Bitcoin > everything else. Change my mind 💪,technical_ta,231,60,neutral,bitcoin everything else change my mind,"['bitcoin', 'everything', 'else', 'change', 'mind']",5,1,1,1
btc_00009133,2024-05-08 12:04:24,BTC technical analysis shows strong uptrend ↗️,on_chain_data,84,59,neutral,btc technical analysis shows strong uptrend,"['btc', 'technical', 'analysis', 'show', 'strong', 'uptrend']",6,1,2,2
btc_00009134,2024-05-08 13:40:04,"Bitcoin dead, time to move on 💀 💯",trading_pro,178,12,neutral,bitcoin dead time to move on,"['bitcoin', 'dead', 'time', 'move']",4,1,0,0
btc_00009135,2024-05-08 13:13:16,Bitcoin > everything else. Change my mind 💪,crypto_news,355,98,neutral,bitcoin everything else change my mind,"['bitcoin', 'everything', 'else', 'change', 'mind']",5,1,1,1
btc_00009136,2024-05-08 13:38:23,Smart money accumulating Bitcoin quietly 👀,moon_soon,371,36,neutral,smart money accumulating bitcoin quietly,"['smart', 'money', 'accumulating', 'bitcoin', 'quietly']",5,1,2,2
btc_00009137,2024-05-08 13:14:58,Bitcoin stock-to-flow model update: ratio institutional buying,whale_watcher,31,1,neutral,bitcoin stocktoflow model update ratio institutional buying,"['bitcoin', 'stocktoflow', 'model', 'update', 'ratio', 'institutional', 'buying']",7,1,1,1
btc_00009138,2024-05-08 13:13:53,Bitcoin to the moon! 🚀 #BTC #crypto,crypto_news,94,60,positive,bitcoin to the moon btc crypto,"['bitcoin', 'moon', 'btc', 'crypto']",4,2,1,1
btc_00009139,2024-05-08 14:56:34,Market manipulation! Bitcoin not organic growth 😡,trading_pro,204,151,neutral,market manipulation bitcoin not organic growth,"['market', 'manipulation', 'bitcoin', 'not', 'organic', 'growth']",6,1,0,0
btc_00009140,2024-05-08 14:24:43,"Bitcoin scam, government will ban it! ⚠️ 🔥",whale_watcher,445,49,negative,bitcoin scam government will ban it,"['bitcoin', 'scam', 'government', 'ban']",4,0,0,0
btc_00009141,2024-05-08 14:47:27,Bitcoin correlation with stocks remains high 📊,crypto_bull,31,38,neutral,bitcoin correlation with stocks remains high,"['bitcoin', 'correlation', 'stock', 'remains', 'high']",5,1,1,1
btc_00009142,2024-05-08 15:00:51,Interesting Bitcoin development: ETF approval,btc_miner,57,9,neutral,interesting bitcoin development etf approval,"['interesting', 'bitcoin', 'development', 'etf', 'approval']",5,1,2,2
btc_00009143,2024-05-08 16:30:01,Bitcoin hashrate at ATH! Network security = bullish 🔒,satoshi_fan,424,131,positive,bitcoin hashrate at ath network security bullish,"['bitcoin', 'hashrate', 'ath', 'network', 'security', 'bullish']",6,2,2,2
btc_00009144,2024-05-08 16:23:05,Smart money accumulating Bitcoin quietly 👀 💰,fundamental,95,153,neutral,smart money accumulating bitcoin quietly,"['smart', 'money', 'accumulating', 'bitcoin', 'quietly']",5,1,2,2
btc_00009145,2024-05-08 17:43:05,Bitcoin transaction fees too high! Unusable! 💸,crypto_news,250,173,neutral,bitcoin transaction fees too high unusable,"['bitcoin', 'transaction', 'fee', 'high', 'unusable']",5,1,1,1
btc_00009146,2024-05-08 17:58:59,Tether FUD affecting Bitcoin price! Not good 😬,whale_watcher,573,38,positive,tether fud affecting bitcoin price not good,"['tether', 'fud', 'affecting', 'bitcoin', 'price', 'not', 'good']",7,2,0,0
btc_00009147,2024-05-08 17:11:21,Bitcoin transaction fees too high! Unusable! 💸,diamond_hands,152,50,neutral,bitcoin transaction fees too high unusable,"['bitcoin', 'transaction', 'fee', 'high', 'unusable']",5,1,1,1
btc_00009148,2024-05-08 18:08:51,Long-term Bitcoin holders not selling 🔒,bear_market,42,14,neutral,longterm bitcoin holders not selling,"['longterm', 'bitcoin', 'holder', 'not', 'selling']",5,1,1,1
btc_00009149,2024-05-08 18:02:54,Bullish on #Bitcoin! Target: $64k 🚀,diamond_hands,279,183,positive,bullish on bitcoin target k,"['bullish', 'bitcoin', 'target']",3,2,1,1
btc_00009150,2024-05-08 18:39:37,Bitcoin to the moon! 🚀 #BTC #crypto,on_chain_data,549,204,positive,bitcoin to the moon btc crypto,"['bitcoin', 'moon', 'btc', 'crypto']",4,2,1,1
btc_00009151,2024-05-08 19:49:43,Institutional Bitcoin holdings update: Tesla BTC,crypto_analyst,202,49,neutral,institutional bitcoin holdings update tesla btc,"['institutional', 'bitcoin', 'holding', 'update', 'tesla', 'btc']",6,1,1,1
btc_00009152,2024-05-08 19:08:40,Bitcoin transaction fees too high! Unusable! 💸 💰,fundamental,280,63,neutral,bitcoin transaction fees too high unusable,"['bitcoin', 'transaction', 'fee', 'high', 'unusable']",5,1,1,1
btc_00009153,2024-05-08 20:16:45,BTC TECHNICAL ANALYSIS SHOWS STRONG UPTREND ↗️,defi_degen,475,210,neutral,btc technical analysis shows strong uptrend,"['btc', 'technical', 'analysis', 'show', 'strong', 'uptrend']",6,1,2,2
btc_00009154,2024-05-08 20:00:39,Smart money accumulating Bitcoin quietly 👀,defi_degen,606,42,neutral,smart money accumulating bitcoin quietly,"['smart', 'money', 'accumulating', 'bitcoin', 'quietly']",5,1,2,2
btc_00009155,2024-05-08 20:29:44,Bitcoin overvalued at current prices! Correction needed ⬇️,sats_stacker,1881,1038,neutral,bitcoin overvalued at current prices correction needed,"['bitcoin', 'overvalued', 'current', 'price', 'correction', 'needed']",6,1,1,1
btc_00009156,2024-05-08 21:16:25,"Bearish on Bitcoin, downtrend confirmed 🐻",bitcoin_og,147,103,negative,bearish on bitcoin downtrend confirmed,"['bearish', 'bitcoin', 'downtrend', 'confirmed']",4,0,1,1
btc_00009157,2024-05-08 22:41:44,Bitcoin transaction fees too high! Unusable! 💸,diamond_hands,100,84,neutral,bitcoin transaction fees too high unusable,"['bitcoin', 'transaction', 'fee', 'high', 'unusable']",5,1,1,1
btc_00009158,2024-05-08 22:12:30,BTC pumping hard! This is just the beginning 🔥,nft_collector,211,282,neutral,btc pumping hard this is just the beginning,"['btc', 'pumping', 'hard', 'beginning']",4,1,0,1
btc_00009159,2024-05-08 23:19:22,Bitcoin breaking resistance! Bullish trend incoming 📈,crypto_skeptic,48,102,positive,bitcoin breaking resistance bullish trend incoming,"['bitcoin', 'breaking', 'resistance', 'bullish', 'trend', 'incoming']",6,2,1,1
btc_00009160,2024-05-08 23:41:29,Bitcoin crashing hard! Sell everything! 📉 💰,technical_ta,194,36,negative,bitcoin crashing hard sell everything,"['bitcoin', 'crashing', 'hard', 'sell', 'everything']",5,0,0,1
btc_00009161,2024-05-08 23:36:34,Tether FUD affecting Bitcoin price! Not good 😬,crypto_bull,114,60,positive,tether fud affecting bitcoin price not good,"['tether', 'fud', 'affecting', 'bitcoin', 'price', 'not', 'good']",7,2,0,0
btc_00009162,2024-05-08 23:14:30,BITCOIN TRANSACTION FEES TOO HIGH! UNUSABLE! 💸,sats_stacker,38,23,neutral,bitcoin transaction fees too high unusable,"['bitcoin', 'transaction', 'fee', 'high', 'unusable']",5,1,1,1
btc_00009163,2024-05-08 23:13:40,"Bitcoin scam, government will ban it! ⚠️ 💯",btc_hodler,172,30,negative,bitcoin scam government will ban it,"['bitcoin', 'scam', 'government', 'ban']",4,0,0,0
btc_00009164,2024-05-09 00:32:59,"Bitcoin volume increasing, watching closely 👀",technical_ta,23,10,neutral,bitcoin volume increasing watching closely,"['bitcoin', 'volume', 'increasing', 'watching', 'closely']",5,1,1,1
btc_00009165,2024-05-09 00:58:44,Bullish on #Bitcoin! Target: $58k 🚀,crypto_trader,367,11,positive,bullish on bitcoin target k,"['bullish', 'bitcoin', 'target']",3,2,1,1
btc_00009166,2024-05-09 00:31:01,Long-term Bitcoin holders not selling 🔒,moon_soon,21,12,neutral,longterm bitcoin holders not selling,"['longterm', 'bitcoin', 'holder', 'not', 'selling']",5,1,1,1
btc_00009167,2024-05-09 00:21:39,Lost so much on Bitcoin... never again 😭,crypto_bull,302,24,neutral,lost so much on bitcoin never again,"['lost', 'much', 'bitcoin', 'never']",4,1,0,0
btc_00009168,2024-05-09 01:26:32,Bitcoin trading range: $51082 - $53167,bitcoin_og,26,33,neutral,bitcoin trading range,"['bitcoin', 'trading', 'range']",3,1,1,1
btc_00009169,2024-05-09 01:56:32,BTC holding steady at Kraken support level,crypto_analyst,43,12,neutral,btc holding steady at kraken support level,"['btc', 'holding', 'steady', 'kraken', 'support', 'level']",6,1,2,2
btc_00009170,2024-05-09 02:15:10,New Bitcoin ETF filing submitted by Grayscale,on_chain_data,29,14,neutral,new bitcoin etf filing submitted by grayscale,"['new', 'bitcoin', 'etf', 'filing', 'submitted', 'grayscale']",6,1,1,1
btc_00009171,2024-05-09 02:28:12,Bitcoin correlation with stocks remains high 📊,btc_hodler,84,3,neutral,bitcoin correlation with stocks remains high,"['bitcoin', 'correlation', 'stock', 'remains', 'high']",5,1,1,1
btc_00009172,2024-05-09 02:15:37,"Bitcoin = ponzi scheme, wake up people! ⚠️",trading_pro,214,20,neutral,bitcoin ponzi scheme wake up people,"['bitcoin', 'ponzi', 'scheme', 'wake', 'people']",5,1,1,1
btc_00009173,2024-05-09 03:55:16,Analyzing Bitcoin chart patterns today 📈 💰,satoshi_fan,27,17,neutral,analyzing bitcoin chart patterns today,"['analyzing', 'bitcoin', 'chart', 'pattern', 'today']",5,1,1,1
btc_00009174,2024-05-09 04:52:14,Bitcoin on-chain metrics showing mixed signals 📊,moon_soon,62,11,neutral,bitcoin onchain metrics showing mixed signals,"['bitcoin', 'onchain', 'metric', 'showing', 'mixed', 'signal']",6,1,1,1
btc_00009175,2024-05-09 04:42:28,Amazing gains on Bitcoin today! Up 5% 🎉,moon_soon,410,152,neutral,amazing gains on bitcoin today up,"['amazing', 'gain', 'bitcoin', 'today']",4,1,2,2
btc_00009176,2024-05-09 05:23:47,Bitcoin adoption growing massively! Bullish 📊,sats_stacker,280,30,positive,bitcoin adoption growing massively bullish,"['bitcoin', 'adoption', 'growing', 'massively', 'bullish']",5,2,2,2
btc_00009177,2024-05-09 05:16:01,BTC technical analysis shows strong uptrend ↗️,crypto_skeptic,212,138,neutral,btc technical analysis shows strong uptrend,"['btc', 'technical', 'analysis', 'show', 'strong', 'uptrend']",6,1,2,2
btc_00009178,2024-05-09 05:27:18,Analyzing Bitcoin chart patterns today 📈,whale_watcher,94,15,neutral,analyzing bitcoin chart patterns today,"['analyzing', 'bitcoin', 'chart', 'pattern', 'today']",5,1,1,1
btc_00009179,2024-05-09 06:41:27,Bitcoin mining centralization = big problem ⚠️ 🔥,trading_pro,22,24,neutral,bitcoin mining centralization big problem,"['bitcoin', 'mining', 'centralization', 'big', 'problem']",5,1,0,0
btc_00009180,2024-05-09 06:48:19,"Bearish on Bitcoin, downtrend confirmed 🐻",crypto_trader,246,7,negative,bearish on bitcoin downtrend confirmed,"['bearish', 'bitcoin', 'downtrend', 'confirmed']",4,0,1,1
btc_00009181,2024-05-09 06:16:50,Bitcoin network upgrade scheduled for ETF approval,bear_market,11,16,neutral,bitcoin network upgrade scheduled for etf approval,"['bitcoin', 'network', 'upgrade', 'scheduled', 'etf', 'approval']",6,1,2,2
btc_00009182,2024-05-09 06:54:58,Technical analysis shows Bitcoin crash to $37 📉,fundamental,320,39,negative,technical analysis shows bitcoin crash to,"['technical', 'analysis', 'show', 'bitcoin', 'crash']",5,0,0,0
btc_00009183,2024-05-09 07:27:41,Bitcoin looking strong at $55 resistance broken! ⚡,bitcoin_og,68,9,neutral,bitcoin looking strong at resistance broken,"['bitcoin', 'looking', 'strong', 'resistance', 'broken']",5,1,2,2
btc_00009184,2024-05-09 07:35:55,Market update: Bitcoin sideways movement continues,technical_ta,60,21,neutral,market update bitcoin sideways movement continues,"['market', 'update', 'bitcoin', 'sideways', 'movement', 'continues']",6,1,1,1
btc_00009185,2024-05-09 07:58:41,"Bitcoin dead, time to move on 💀 👀",nft_collector,71,39,neutral,bitcoin dead time to move on,"['bitcoin', 'dead', 'time', 'move']",4,1,0,0
btc_00009186,2024-05-09 08:12:34,"Bitcoin dominance at 60%, altcoins struggling",crypto_trader,100,25,neutral,bitcoin dominance at altcoins struggling,"['bitcoin', 'dominance', 'altcoins', 'struggling']",4,1,0,1
btc_00009187,2024-05-09 09:55:35,New Bitcoin ETF filing submitted by technology upgrade 🚨,on_chain_data,27,11,neutral,new bitcoin etf filing submitted by technology upgrade,"['new', 'bitcoin', 'etf', 'filing', 'submitted', 'technology', 'upgrade']",7,1,1,1
btc_00009188,2024-05-09 09:00:28,"BTC dump incoming, get out while you can! 🔻",alt_hunter,58,3,negative,btc dump incoming get out while you can,"['btc', 'dump', 'incoming', 'get']",4,0,0,0
btc_00009189,2024-05-09 09:04:26,Just stacked more sats! Bitcoin only 🧡,crypto_analyst,485,155,neutral,just stacked more sats bitcoin only,"['stacked', 'more', 'sat', 'bitcoin']",4,1,1,1
btc_00009190,2024-05-09 09:04:31,Bullish on #Bitcoin! Target: $64k 🚀,on_chain_data,165,53,positive,bullish on bitcoin target k,"['bullish', 'bitcoin', 'target']",3,2,1,1
btc_00009191,2024-05-09 10:10:04,Interesting Bitcoin development: network congestion,crypto_trader,13,18,neutral,interesting bitcoin development network congestion,"['interesting', 'bitcoin', 'development', 'network', 'congestion']",5,1,2,2
btc_00009192,2024-05-09 11:08:42,Bullish on #Bitcoin! Target: $60k 🚀 💰,crypto_trader,252,57,positive,bullish on bitcoin target k,"['bullish', 'bitcoin', 'target']",3,2,1,1
btc_00009193,2024-05-09 11:43:47,Bitcoin fear & greed at extreme levels! Crash coming 😰,sats_stacker,414,128,negative,bitcoin fear greed at extreme levels crash coming,"['bitcoin', 'fear', 'greed', 'extreme', 'level', 'crash', 'coming']",7,0,0,0
btc_00009194,2024-05-09 11:19:24,"Bitcoin volume increasing, watching closely 👀",nft_collector,70,22,neutral,bitcoin volume increasing watching closely,"['bitcoin', 'volume', 'increasing', 'watching', 'closely']",5,1,1,1
btc_00009195,2024-05-09 12:35:41,Bitcoin hashrate at ATH! Network security = bullish 🔒,chart_master,147,113,positive,bitcoin hashrate at ath network security bullish,"['bitcoin', 'hashrate', 'ath', 'network', 'security', 'bullish']",6,2,2,2
btc_00009196,2024-05-09 12:43:53,Bitcoin hashrate at ATH! Network security = bullish 🔒,crypto_skeptic,66,16,positive,bitcoin hashrate at ath network security bullish,"['bitcoin', 'hashrate', 'ath', 'network', 'security', 'bullish']",6,2,2,2
btc_00009197,2024-05-09 12:57:25,"BITCOIN WILL HIT $65K THIS YEAR, MARK MY WORDS! 📈",diamond_hands,356,70,neutral,bitcoin will hit k this year mark my words,"['bitcoin', 'hit', 'year', 'mark', 'word']",5,1,1,1
btc_00009198,2024-05-09 12:05:14,Regulatory pressure killing Bitcoin! Be careful! ⚖️,technical_ta,65,6,neutral,regulatory pressure killing bitcoin be careful,"['regulatory', 'pressure', 'killing', 'bitcoin', 'careful']",5,1,0,0
btc_00009199,2024-05-09 13:30:44,Institutional Bitcoin holdings update: ETF approval BTC ⚡,crypto_bull,6,9,neutral,institutional bitcoin holdings update etf approval btc,"['institutional', 'bitcoin', 'holding', 'update', 'etf', 'approval', 'btc']",7,1,2,2
btc_00009200,2024-05-09 13:50:26,BTC hodlers being rewarded! Diamond hands win 💎,chart_master,125,131,neutral,btc hodlers being rewarded diamond hands win,"['btc', 'hodlers', 'rewarded', 'diamond', 'hand', 'win']",6,1,2,2
btc_00009201,2024-05-09 14:56:43,Bitcoin network upgrade scheduled for PayPal,nft_collector,29,14,neutral,bitcoin network upgrade scheduled for paypal,"['bitcoin', 'network', 'upgrade', 'scheduled', 'paypal']",5,1,1,1
btc_00009202,2024-05-09 14:07:03,Consolidation phase for Bitcoin continues ⏸️,satoshi_fan,90,29,neutral,consolidation phase for bitcoin continues,"['consolidation', 'phase', 'bitcoin', 'continues']",4,1,1,1
btc_00009203,2024-05-09 15:05:02,Study shows: Bitcoin volatility decreasing over time,trading_pro,104,32,neutral,study shows bitcoin volatility decreasing over time,"['study', 'show', 'bitcoin', 'volatility', 'decreasing', 'time']",6,1,1,1
btc_00009204,2024-05-09 15:38:39,Survey: 47% of investors hold Bitcoin,crypto_bull,149,50,neutral,survey of investors hold bitcoin,"['survey', 'investor', 'hold', 'bitcoin']",4,1,1,1
btc_00009205,2024-05-09 16:27:27,BTC holding steady at Fidelity support level,technical_ta,134,34,neutral,btc holding steady at fidelity support level,"['btc', 'holding', 'steady', 'fidelity', 'support', 'level']",6,1,2,2
btc_00009206,2024-05-09 16:41:18,Just stacked more sats! Bitcoin only 🧡,fundamental,285,206,neutral,just stacked more sats bitcoin only,"['stacked', 'more', 'sat', 'bitcoin']",4,1,1,1
btc_00009207,2024-05-09 16:34:03,Institutional Bitcoin holdings update: adoption BTC,fundamental,122,15,neutral,institutional bitcoin holdings update adoption btc,"['institutional', 'bitcoin', 'holding', 'update', 'adoption', 'btc']",6,1,1,1
btc_00009208,2024-05-09 16:14:43,Bitcoin hash ribbons indicating Fidelity signal 🚨,crypto_news,2760,351,neutral,bitcoin hash ribbons indicating fidelity signal,"['bitcoin', 'hash', 'ribbon', 'indicating', 'fidelity', 'signal']",6,1,1,1
btc_00009209,2024-05-09 17:06:10,DCA into Bitcoin = winning strategy 📊,bitcoin_og,331,247,neutral,dca into bitcoin winning strategy,"['dca', 'bitcoin', 'winning', 'strategy']",4,1,2,2
btc_00009210,2024-05-09 17:49:59,Bitcoin mining centralization = big problem ⚠️,technical_ta,471,93,neutral,bitcoin mining centralization big problem,"['bitcoin', 'mining', 'centralization', 'big', 'problem']",5,1,0,0
btc_00009211,2024-05-09 18:41:49,Best decision ever: buying Bitcoin! 🙌,trading_pro,743,40,positive,best decision ever buying bitcoin,"['best', 'decision', 'ever', 'buying', 'bitcoin']",5,2,2,2
btc_00009212,2024-05-09 18:48:50,Bitcoin hash ribbons indicating Grayscale signal,crypto_news,30,39,neutral,bitcoin hash ribbons indicating grayscale signal,"['bitcoin', 'hash', 'ribbon', 'indicating', 'grayscale', 'signal']",6,1,1,1
btc_00009213,2024-05-09 19:05:36,Consolidation phase for Bitcoin continues ⏸️ 💰,bitcoin_maxie,53,9,neutral,consolidation phase for bitcoin continues,"['consolidation', 'phase', 'bitcoin', 'continues']",4,1,1,1
btc_00009214,2024-05-09 19:30:32,Lost 16% on Bitcoin this week... brutal 💔,bull_run,472,46,neutral,lost on bitcoin this week brutal,"['lost', 'bitcoin', 'week', 'brutal']",4,1,0,0
btc_00009215,2024-05-09 19:56:05,"Bitcoin = ponzi scheme, wake up people! ⚠️",nft_collector,433,140,neutral,bitcoin ponzi scheme wake up people,"['bitcoin', 'ponzi', 'scheme', 'wake', 'people']",5,1,1,1
btc_00009216,2024-05-09 20:53:46,BTC HOLDING STEADY AT NETWORK CONGESTION SUPPORT LEVEL,fundamental,47,16,neutral,btc holding steady at network congestion support level,"['btc', 'holding', 'steady', 'network', 'congestion', 'support', 'level']",7,1,2,2
btc_00009217,2024-05-09 20:21:24,BTC HODLERS BEING REWARDED! DIAMOND HANDS WIN 💎,technical_ta,381,220,neutral,btc hodlers being rewarded diamond hands win,"['btc', 'hodlers', 'rewarded', 'diamond', 'hand', 'win']",6,1,2,2
btc_00009218,2024-05-09 21:41:30,"Bitcoin volume increasing, watching closely 👀 💯",technical_ta,149,16,neutral,bitcoin volume increasing watching closely,"['bitcoin', 'volume', 'increasing', 'watching', 'closely']",5,1,1,1
btc_00009219,2024-05-09 21:28:14,Long-term Bitcoin holders not selling 🔒,bitcoin_maxie,78,6,neutral,longterm bitcoin holders not selling,"['longterm', 'bitcoin', 'holder', 'not', 'selling']",5,1,1,1
btc_00009220,2024-05-09 22:18:23,Bitcoin to the moon! 🚀 #BTC #crypto,bull_run,3255,2366,positive,bitcoin to the moon btc crypto,"['bitcoin', 'moon', 'btc', 'crypto']",4,2,1,1
btc_00009221,2024-05-09 22:10:45,Analyzing Bitcoin chart patterns today 📈,bitcoin_maxie,63,22,neutral,analyzing bitcoin chart patterns today,"['analyzing', 'bitcoin', 'chart', 'pattern', 'today']",5,1,1,1
btc_00009222,2024-05-09 22:49:47,Bitcoin fear & greed at extreme levels! Crash coming 😰,btc_hodler,61,82,negative,bitcoin fear greed at extreme levels crash coming,"['bitcoin', 'fear', 'greed', 'extreme', 'level', 'crash', 'coming']",7,0,0,0
btc_00009223,2024-05-09 22:58:47,Sold all my BTC before the crash! Dodged bullet 😅,bull_run,341,19,negative,sold all my btc before the crash dodged bullet,"['sold', 'btc', 'crash', 'dodged', 'bullet']",5,0,0,0
btc_00009224,2024-05-09 23:01:35,Best performing asset: #Bitcoin 🏆,sats_stacker,466,151,positive,best performing asset bitcoin,"['best', 'performing', 'asset', 'bitcoin']",4,2,2,2
btc_00009225,2024-05-09 23:32:23,"Bearish on Bitcoin, downtrend confirmed 🐻 💰",on_chain_data,140,61,negative,bearish on bitcoin downtrend confirmed,"['bearish', 'bitcoin', 'downtrend', 'confirmed']",4,0,1,1
btc_00009226,2024-05-09 23:56:21,Bitcoin overvalued at current prices! Correction needed ⬇️,trading_pro,97,18,neutral,bitcoin overvalued at current prices correction needed,"['bitcoin', 'overvalued', 'current', 'price', 'correction', 'needed']",6,1,1,1
btc_00009227,2024-05-10 00:47:04,"Bitcoin dominance at 43%, altcoins struggling",whale_watcher,7,10,neutral,bitcoin dominance at altcoins struggling,"['bitcoin', 'dominance', 'altcoins', 'struggling']",4,1,0,1
btc_00009228,2024-05-10 00:23:21,Market manipulation! Bitcoin not organic growth 😡,chart_master,44,26,neutral,market manipulation bitcoin not organic growth,"['market', 'manipulation', 'bitcoin', 'not', 'organic', 'growth']",6,1,0,0
btc_00009229,2024-05-10 00:37:15,Market manipulation! Bitcoin not organic growth 😡,whale_watcher,35,26,neutral,market manipulation bitcoin not organic growth,"['market', 'manipulation', 'bitcoin', 'not', 'organic', 'growth']",6,1,0,0
btc_00009230,2024-05-10 00:55:13,"BTC dump incoming, get out while you can! 🔻",bitcoin_maxie,124,39,negative,btc dump incoming get out while you can,"['btc', 'dump', 'incoming', 'get']",4,0,0,0
btc_00009231,2024-05-10 00:17:52,"Bitcoin dominance at 56%, altcoins struggling ⚡",hodl_gang,73,14,neutral,bitcoin dominance at altcoins struggling,"['bitcoin', 'dominance', 'altcoins', 'struggling']",4,1,0,1
btc_00009232,2024-05-10 00:52:16,Bitcoin currently trading at $50095 📊,satoshi_fan,63,13,neutral,bitcoin currently trading at,"['bitcoin', 'currently', 'trading']",3,1,1,1
btc_00009233,2024-05-10 01:42:49,Bitcoin sentiment turning positive! Rally incoming 🚀,moon_soon,252,62,positive,bitcoin sentiment turning positive rally incoming,"['bitcoin', 'sentiment', 'turning', 'positive', 'rally', 'incoming']",6,2,2,2
btc_00009234,2024-05-10 01:51:28,BITCOIN ADOPTION GROWING MASSIVELY! BULLISH 📊,technical_ta,400,37,positive,bitcoin adoption growing massively bullish,"['bitcoin', 'adoption', 'growing', 'massively', 'bullish']",5,2,2,2
btc_00009235,2024-05-10 01:08:01,BTC technical analysis shows strong uptrend ↗️,chart_master,250,137,neutral,btc technical analysis shows strong uptrend,"['btc', 'technical', 'analysis', 'show', 'strong', 'uptrend']",6,1,2,2
btc_00009236,2024-05-10 01:16:19,Bitcoin currently trading at $51869 📊,btc_hodler,80,11,neutral,bitcoin currently trading at,"['bitcoin', 'currently', 'trading']",3,1,1,1
btc_00009237,2024-05-10 01:07:53,Smart money accumulating Bitcoin quietly 👀,nft_collector,411,25,neutral,smart money accumulating bitcoin quietly,"['smart', 'money', 'accumulating', 'bitcoin', 'quietly']",5,1,2,2
btc_00009238,2024-05-10 02:57:23,Bitcoin correlation with stocks remains high 📊 🔥,technical_ta,13,14,neutral,bitcoin correlation with stocks remains high,"['bitcoin', 'correlation', 'stock', 'remains', 'high']",5,1,1,1
btc_00009239,2024-05-10 03:41:46,Bitcoin on-chain metrics showing mixed signals 📊,fundamental,38,13,neutral,bitcoin onchain metrics showing mixed signals,"['bitcoin', 'onchain', 'metric', 'showing', 'mixed', 'signal']",6,1,1,1
btc_00009240,2024-05-10 03:39:46,NEW BITCOIN ETF FILING SUBMITTED BY BINANCE,btc_hodler,28,9,neutral,new bitcoin etf filing submitted by binance,"['new', 'bitcoin', 'etf', 'filing', 'submitted', 'binance']",6,1,1,1
btc_00009241,2024-05-10 03:19:59,Lost so much on Bitcoin... never again 😭 ⚡,crypto_bull,61,69,neutral,lost so much on bitcoin never again,"['lost', 'much', 'bitcoin', 'never']",4,1,0,0
btc_00009242,2024-05-10 04:26:19,Survey: 53% of investors hold Bitcoin,bitcoin_og,61,20,neutral,survey of investors hold bitcoin,"['survey', 'investor', 'hold', 'bitcoin']",4,1,1,1
btc_00009243,2024-05-10 04:07:25,Institutional Bitcoin holdings update: regulation BTC,crypto_bull,90,27,neutral,institutional bitcoin holdings update regulation btc,"['institutional', 'bitcoin', 'holding', 'update', 'regulation', 'btc']",6,1,1,1
btc_00009244,2024-05-10 04:08:44,Institutional Bitcoin holdings update: Blackrock BTC,technical_ta,20,20,neutral,institutional bitcoin holdings update blackrock btc,"['institutional', 'bitcoin', 'holding', 'update', 'blackrock', 'btc']",6,1,1,1
btc_00009245,2024-05-10 04:03:10,"Bitcoin dead, time to move on 💀",diamond_hands,99,24,neutral,bitcoin dead time to move on,"['bitcoin', 'dead', 'time', 'move']",4,1,0,0
btc_00009246,2024-05-10 05:09:27,BTC technical analysis shows strong uptrend ↗️ 👀,btc_hodler,434,40,neutral,btc technical analysis shows strong uptrend,"['btc', 'technical', 'analysis', 'show', 'strong', 'uptrend']",6,1,2,2
btc_00009247,2024-05-10 06:26:22,DCA into Bitcoin = winning strategy 📊,hodl_gang,279,96,neutral,dca into bitcoin winning strategy,"['dca', 'bitcoin', 'winning', 'strategy']",4,1,2,2
btc_00009248,2024-05-10 06:03:57,Institutional Bitcoin holdings update: technology upgrade BTC,bitcoin_maxie,33,28,neutral,institutional bitcoin holdings update technology upgrade btc,"['institutional', 'bitcoin', 'holding', 'update', 'technology', 'upgrade', 'btc']",7,1,1,1
btc_00009249,2024-05-10 06:03:26,Bitcoin stock-to-flow model update: ratio PayPal,whale_watcher,25,8,neutral,bitcoin stocktoflow model update ratio paypal,"['bitcoin', 'stocktoflow', 'model', 'update', 'ratio', 'paypal']",6,1,1,1
btc_00009250,2024-05-10 07:10:05,Regulatory pressure killing Bitcoin! Be careful! ⚖️,moon_soon,245,62,neutral,regulatory pressure killing bitcoin be careful,"['regulatory', 'pressure', 'killing', 'bitcoin', 'careful']",5,1,0,0
btc_00009251,2024-05-10 07:16:42,Bitcoin stock-to-flow model update: ratio Kraken,on_chain_data,16,17,neutral,bitcoin stocktoflow model update ratio kraken,"['bitcoin', 'stocktoflow', 'model', 'update', 'ratio', 'kraken']",6,1,1,1
btc_00009252,2024-05-10 07:48:08,Bitcoin currently trading at $50935 📊,sats_stacker,72,3,neutral,bitcoin currently trading at,"['bitcoin', 'currently', 'trading']",3,1,1,1
btc_00009253,2024-05-10 07:33:26,Whales dumping BTC! Retail getting rekt 🐋,technical_ta,106,7,neutral,whales dumping btc retail getting rekt,"['whale', 'dumping', 'btc', 'retail', 'getting', 'rekt']",6,1,0,0
btc_00009254,2024-05-10 07:59:40,"Bitcoin dead, time to move on 💀 🚨",alt_hunter,232,42,neutral,bitcoin dead time to move on,"['bitcoin', 'dead', 'time', 'move']",4,1,0,0
btc_00009255,2024-05-10 07:32:59,Interesting Bitcoin development: Binance,defi_degen,18,7,neutral,interesting bitcoin development binance,"['interesting', 'bitcoin', 'development', 'binance']",4,1,2,2
btc_00009256,2024-05-10 08:44:44,Best decision ever: buying Bitcoin! 🙌,technical_ta,168,49,positive,best decision ever buying bitcoin,"['best', 'decision', 'ever', 'buying', 'bitcoin']",5,2,2,2
btc_00009257,2024-05-10 09:45:21,Long-term Bitcoin holders not selling 🔒,bitcoin_maxie,41,5,neutral,longterm bitcoin holders not selling,"['longterm', 'bitcoin', 'holder', 'not', 'selling']",5,1,1,1
btc_00009258,2024-05-10 10:00:32,BTC pumping hard! This is just the beginning 🔥,btc_miner,526,90,neutral,btc pumping hard this is just the beginning,"['btc', 'pumping', 'hard', 'beginning']",4,1,0,1
btc_00009259,2024-05-10 10:19:09,Bitcoin correlation with stocks remains high 📊 🎯,satoshi_fan,54,7,neutral,bitcoin correlation with stocks remains high,"['bitcoin', 'correlation', 'stock', 'remains', 'high']",5,1,1,1
btc_00009260,2024-05-10 10:54:34,Analyzing Bitcoin chart patterns today 📈,fundamental,29,5,neutral,analyzing bitcoin chart patterns today,"['analyzing', 'bitcoin', 'chart', 'pattern', 'today']",5,1,1,1
btc_00009261,2024-05-10 10:25:39,Bitcoin crashing hard! Sell everything! 📉,bitcoin_maxie,312,66,negative,bitcoin crashing hard sell everything,"['bitcoin', 'crashing', 'hard', 'sell', 'everything']",5,0,0,1
btc_00009262,2024-05-10 11:36:26,BTC hodlers being rewarded! Diamond hands win 💎,trading_pro,84,121,neutral,btc hodlers being rewarded diamond hands win,"['btc', 'hodlers', 'rewarded', 'diamond', 'hand', 'win']",6,1,2,2
btc_00009263,2024-05-10 11:33:18,Bitcoin on-chain metrics showing mixed signals 📊,chart_master,93,32,neutral,bitcoin onchain metrics showing mixed signals,"['bitcoin', 'onchain', 'metric', 'showing', 'mixed', 'signal']",6,1,1,1
btc_00009264,2024-05-10 11:46:01,Lost 17% on Bitcoin this week... brutal 💔 🚨,bear_market,80,54,neutral,lost on bitcoin this week brutal,"['lost', 'bitcoin', 'week', 'brutal']",4,1,0,0
btc_00009265,2024-05-10 12:16:51,"Bitcoin scam, government will ban it! ⚠️ 🚨",bitcoin_maxie,302,18,negative,bitcoin scam government will ban it,"['bitcoin', 'scam', 'government', 'ban']",4,0,0,0
btc_00009266,2024-05-10 12:40:24,Bitcoin mining centralization = big problem ⚠️,bitcoin_og,99,16,neutral,bitcoin mining centralization big problem,"['bitcoin', 'mining', 'centralization', 'big', 'problem']",5,1,0,0
btc_00009267,2024-05-10 13:38:18,Bitcoin > everything else. Change my mind 💪,btc_miner,274,115,neutral,bitcoin everything else change my mind,"['bitcoin', 'everything', 'else', 'change', 'mind']",5,1,1,1
btc_00009268,2024-05-10 13:56:38,Just stacked more sats! Bitcoin only 🧡,alt_hunter,234,34,neutral,just stacked more sats bitcoin only,"['stacked', 'more', 'sat', 'bitcoin']",4,1,1,1
btc_00009269,2024-05-10 13:07:06,"Bitcoin = ponzi scheme, wake up people! ⚠️",sats_stacker,279,21,neutral,bitcoin ponzi scheme wake up people,"['bitcoin', 'ponzi', 'scheme', 'wake', 'people']",5,1,1,1
btc_00009270,2024-05-10 13:58:46,Study shows: Bitcoin volatility decreasing over time,btc_hodler,28,7,neutral,study shows bitcoin volatility decreasing over time,"['study', 'show', 'bitcoin', 'volatility', 'decreasing', 'time']",6,1,1,1
btc_00009271,2024-05-10 14:40:36,"BITCOIN DEAD, TIME TO MOVE ON 💀 🔥",diamond_hands,7315,808,neutral,bitcoin dead time to move on,"['bitcoin', 'dead', 'time', 'move']",4,1,0,0
btc_00009272,2024-05-10 15:55:53,Regulatory pressure killing Bitcoin! Be careful! ⚖️,alt_hunter,173,109,neutral,regulatory pressure killing bitcoin be careful,"['regulatory', 'pressure', 'killing', 'bitcoin', 'careful']",5,1,0,0
btc_00009273,2024-05-10 15:49:17,BTC holding steady at institutional buying support level 💯,technical_ta,107,33,neutral,btc holding steady at institutional buying support level,"['btc', 'holding', 'steady', 'institutional', 'buying', 'support', 'level']",7,1,2,2
btc_00009274,2024-05-10 16:33:34,Bitcoin correlation with stocks remains high 📊,bitcoin_og,130,29,neutral,bitcoin correlation with stocks remains high,"['bitcoin', 'correlation', 'stock', 'remains', 'high']",5,1,1,1
btc_00009275,2024-05-10 16:47:45,BTC TECHNICAL ANALYSIS SHOWS STRONG UPTREND ↗️,moon_soon,400,175,neutral,btc technical analysis shows strong uptrend,"['btc', 'technical', 'analysis', 'show', 'strong', 'uptrend']",6,1,2,2
btc_00009276,2024-05-10 16:23:17,Bitcoin currently trading at $53028 📊,moon_soon,620,105,neutral,bitcoin currently trading at,"['bitcoin', 'currently', 'trading']",3,1,1,1
btc_00009277,2024-05-10 17:12:07,Lost 13% on Bitcoin this week... brutal 💔,hodl_gang,170,99,neutral,lost on bitcoin this week brutal,"['lost', 'bitcoin', 'week', 'brutal']",4,1,0,0
btc_00009278,2024-05-10 17:44:16,Tether FUD affecting Bitcoin price! Not good 😬,bitcoin_maxie,142,104,positive,tether fud affecting bitcoin price not good,"['tether', 'fud', 'affecting', 'bitcoin', 'price', 'not', 'good']",7,2,0,0
btc_00009279,2024-05-10 17:50:45,"Bitcoin bubble bursting, warned you all 😱",bear_market,360,160,neutral,bitcoin bubble bursting warned you all,"['bitcoin', 'bubble', 'bursting', 'warned']",4,1,0,0
btc_00009280,2024-05-10 17:50:45,BTC pumping hard! This is just the beginning 🔥,fundamental,230,119,neutral,btc pumping hard this is just the beginning,"['btc', 'pumping', 'hard', 'beginning']",4,1,0,1
btc_00009281,2024-05-10 17:10:55,Bitcoin looking strong at $60 resistance broken!,btc_miner,831,79,neutral,bitcoin looking strong at resistance broken,"['bitcoin', 'looking', 'strong', 'resistance', 'broken']",5,1,2,2
btc_00009282,2024-05-10 17:47:02,Bitcoin crashing hard! Sell everything! 📉,bull_run,165,116,negative,bitcoin crashing hard sell everything,"['bitcoin', 'crashing', 'hard', 'sell', 'everything']",5,0,0,1
btc_00009283,2024-05-10 18:31:03,Best decision ever: buying Bitcoin! 🙌,nft_collector,591,78,positive,best decision ever buying bitcoin,"['best', 'decision', 'ever', 'buying', 'bitcoin']",5,2,2,2
btc_00009284,2024-05-10 18:04:11,Lost so much on Bitcoin... never again 😭,bull_run,598,94,neutral,lost so much on bitcoin never again,"['lost', 'much', 'bitcoin', 'never']",4,1,0,0
btc_00009285,2024-05-10 18:32:46,Smart money accumulating Bitcoin quietly 👀 🚨,technical_ta,458,197,neutral,smart money accumulating bitcoin quietly,"['smart', 'money', 'accumulating', 'bitcoin', 'quietly']",5,1,2,2
btc_00009286,2024-05-10 18:34:56,Bitcoin to the moon! 🚀 #BTC #crypto,bitcoin_maxie,791,132,positive,bitcoin to the moon btc crypto,"['bitcoin', 'moon', 'btc', 'crypto']",4,2,1,1
btc_00009287,2024-05-10 18:13:40,BEST DECISION EVER: BUYING BITCOIN! 🙌,on_chain_data,609,32,positive,best decision ever buying bitcoin,"['best', 'decision', 'ever', 'buying', 'bitcoin']",5,2,2,2
btc_00009288,2024-05-10 18:55:01,Interesting Bitcoin development: Kraken,bull_run,98,6,neutral,interesting bitcoin development kraken,"['interesting', 'bitcoin', 'development', 'kraken']",4,1,2,2
btc_00009289,2024-05-10 19:53:47,Bitcoin correlation with stocks remains high 📊,crypto_skeptic,20,38,neutral,bitcoin correlation with stocks remains high,"['bitcoin', 'correlation', 'stock', 'remains', 'high']",5,1,1,1
btc_00009290,2024-05-10 19:38:44,Sold all my BTC before the crash! Dodged bullet 😅,hodl_gang,399,146,negative,sold all my btc before the crash dodged bullet,"['sold', 'btc', 'crash', 'dodged', 'bullet']",5,0,0,0
btc_00009291,2024-05-10 19:26:05,Bitcoin correlation with stocks remains high 📊,btc_hodler,103,52,neutral,bitcoin correlation with stocks remains high,"['bitcoin', 'correlation', 'stock', 'remains', 'high']",5,1,1,1
btc_00009292,2024-05-10 19:25:33,BTC hodlers being rewarded! Diamond hands win 💎,chart_master,879,171,neutral,btc hodlers being rewarded diamond hands win,"['btc', 'hodlers', 'rewarded', 'diamond', 'hand', 'win']",6,1,2,2
btc_00009293,2024-05-10 19:36:16,Bitcoin fear & greed at extreme levels! Crash coming 😰,on_chain_data,334,17,negative,bitcoin fear greed at extreme levels crash coming,"['bitcoin', 'fear', 'greed', 'extreme', 'level', 'crash', 'coming']",7,0,0,0
btc_00009294,2024-05-10 19:49:56,"Crypto winter is here, Bitcoin going to $25 🥶",bitcoin_og,617,151,neutral,crypto winter is here bitcoin going to,"['crypto', 'winter', 'bitcoin', 'going']",4,1,1,1
btc_00009295,2024-05-10 20:33:09,Bitcoin correlation with stocks remains high 📊,crypto_trader,97,28,neutral,bitcoin correlation with stocks remains high,"['bitcoin', 'correlation', 'stock', 'remains', 'high']",5,1,1,1
btc_00009296,2024-05-10 20:11:47,Bitcoin mining centralization = big problem ⚠️ 🚨,moon_soon,212,57,neutral,bitcoin mining centralization big problem,"['bitcoin', 'mining', 'centralization', 'big', 'problem']",5,1,0,0
btc_00009297,2024-05-10 20:50:40,Bitcoin overvalued at current prices! Correction needed ⬇️,nft_collector,135,27,neutral,bitcoin overvalued at current prices correction needed,"['bitcoin', 'overvalued', 'current', 'price', 'correction', 'needed']",6,1,1,1
btc_00009298,2024-05-10 20:44:14,Bitcoin fear & greed at extreme levels! Crash coming 😰,technical_ta,620,116,negative,bitcoin fear greed at extreme levels crash coming,"['bitcoin', 'fear', 'greed', 'extreme', 'level', 'crash', 'coming']",7,0,0,0
btc_00009299,2024-05-10 21:30:38,Bitcoin on-chain metrics showing mixed signals 📊 💰,nft_collector,156,50,neutral,bitcoin onchain metrics showing mixed signals,"['bitcoin', 'onchain', 'metric', 'showing', 'mixed', 'signal']",6,1,1,1
btc_00009300,2024-05-10 21:44:14,Bitcoin overvalued at current prices! Correction needed ⬇️,bear_market,486,144,neutral,bitcoin overvalued at current prices correction needed,"['bitcoin', 'overvalued', 'current', 'price', 'correction', 'needed']",6,1,1,1
btc_00009301,2024-05-10 21:57:11,New Bitcoin ETF filing submitted by Tesla,crypto_news,58,23,neutral,new bitcoin etf filing submitted by tesla,"['new', 'bitcoin', 'etf', 'filing', 'submitted', 'tesla']",6,1,1,1
btc_00009302,2024-05-10 21:56:41,DCA into Bitcoin = winning strategy 📊 🎯,whale_watcher,484,114,neutral,dca into bitcoin winning strategy,"['dca', 'bitcoin', 'winning', 'strategy']",4,1,2,2
btc_00009303,2024-05-10 21:13:51,New Bitcoin ETF filing submitted by Binance,btc_miner,57,39,neutral,new bitcoin etf filing submitted by binance,"['new', 'bitcoin', 'etf', 'filing', 'submitted', 'binance']",6,1,1,1
btc_00009304,2024-05-10 22:16:07,Bitcoin currently trading at $53030 📊 🔥,crypto_news,54,26,neutral,bitcoin currently trading at,"['bitcoin', 'currently', 'trading']",3,1,1,1
btc_00009305,2024-05-10 22:01:25,Bitcoin correlation with stocks remains high 📊 ⚡,fundamental,18,41,neutral,bitcoin correlation with stocks remains high,"['bitcoin', 'correlation', 'stock', 'remains', 'high']",5,1,1,1
btc_00009306,2024-05-10 22:55:05,Consolidation phase for Bitcoin continues ⏸️ 🚨,chart_master,1716,105,neutral,consolidation phase for bitcoin continues,"['consolidation', 'phase', 'bitcoin', 'continues']",4,1,1,1
btc_00009307,2024-05-10 22:43:39,"Bitcoin volume increasing, watching closely 👀",crypto_analyst,42,30,neutral,bitcoin volume increasing watching closely,"['bitcoin', 'volume', 'increasing', 'watching', 'closely']",5,1,1,1
btc_00009308,2024-05-10 23:33:37,"Bitcoin dead, time to move on 💀",crypto_trader,248,27,neutral,bitcoin dead time to move on,"['bitcoin', 'dead', 'time', 'move']",4,1,0,0
btc_00009309,2024-05-10 23:20:35,Bitcoin fear & greed at extreme levels! Crash coming 😰,diamond_hands,130,38,negative,bitcoin fear greed at extreme levels crash coming,"['bitcoin', 'fear', 'greed', 'extreme', 'level', 'crash', 'coming']",7,0,0,0
btc_00009310,2024-05-10 23:57:01,Analyzing Bitcoin chart patterns today 📈,bear_market,31,3,neutral,analyzing bitcoin chart patterns today,"['analyzing', 'bitcoin', 'chart', 'pattern', 'today']",5,1,1,1
btc_00009311,2024-05-10 23:01:27,"Bitcoin will hit $57k this year, mark my words! 📈",bitcoin_maxie,329,89,neutral,bitcoin will hit k this year mark my words,"['bitcoin', 'hit', 'year', 'mark', 'word']",5,1,1,1
btc_00009312,2024-05-10 23:10:13,Technical analysis shows Bitcoin crash to $26 📉,bull_run,207,7,negative,technical analysis shows bitcoin crash to,"['technical', 'analysis', 'show', 'bitcoin', 'crash']",5,0,0,0
btc_00009313,2024-05-11 00:57:30,BTC technical analysis shows strong uptrend ↗️,hodl_gang,82,53,neutral,btc technical analysis shows strong uptrend,"['btc', 'technical', 'analysis', 'show', 'strong', 'uptrend']",6,1,2,2
btc_00009314,2024-05-11 00:58:29,Amazing gains on Bitcoin today! Up 15% 🎉,alt_hunter,102,20,neutral,amazing gains on bitcoin today up,"['amazing', 'gain', 'bitcoin', 'today']",4,1,2,2
btc_00009315,2024-05-11 01:10:32,Lost so much on Bitcoin... never again 😭 💰,chart_master,146,10,neutral,lost so much on bitcoin never again,"['lost', 'much', 'bitcoin', 'never']",4,1,0,0
btc_00009316,2024-05-11 01:51:47,BITCOIN FEAR & GREED AT EXTREME LEVELS! CRASH COMING 😰,crypto_trader,37,31,negative,bitcoin fear greed at extreme levels crash coming,"['bitcoin', 'fear', 'greed', 'extreme', 'level', 'crash', 'coming']",7,0,0,0
btc_00009317,2024-05-11 01:37:25,Whales dumping BTC! Retail getting rekt 🐋 🚨,technical_ta,25,48,neutral,whales dumping btc retail getting rekt,"['whale', 'dumping', 'btc', 'retail', 'getting', 'rekt']",6,1,0,0
btc_00009318,2024-05-11 02:08:51,"Bitcoin will hit $71k this year, mark my words! 📈 💯",crypto_news,388,37,neutral,bitcoin will hit k this year mark my words,"['bitcoin', 'hit', 'year', 'mark', 'word']",5,1,1,1
btc_00009319,2024-05-11 02:37:36,Market manipulation! Bitcoin not organic growth 😡,crypto_news,109,38,neutral,market manipulation bitcoin not organic growth,"['market', 'manipulation', 'bitcoin', 'not', 'organic', 'growth']",6,1,0,0
btc_00009320,2024-05-11 02:21:14,Bitcoin stock-to-flow model update: ratio regulation,bitcoin_maxie,63,22,neutral,bitcoin stocktoflow model update ratio regulation,"['bitcoin', 'stocktoflow', 'model', 'update', 'ratio', 'regulation']",6,1,1,1
btc_00009321,2024-05-11 02:51:17,Bitcoin breaking resistance! Bullish trend incoming 📈 💯,hodl_gang,370,65,positive,bitcoin breaking resistance bullish trend incoming,"['bitcoin', 'breaking', 'resistance', 'bullish', 'trend', 'incoming']",6,2,1,1
btc_00009322,2024-05-11 03:43:48,Bitcoin trading range: $49287 - $51298 💯,sats_stacker,38,9,neutral,bitcoin trading range,"['bitcoin', 'trading', 'range']",3,1,1,1
btc_00009323,2024-05-11 03:57:46,"Bearish on Bitcoin, downtrend confirmed 🐻 💯",btc_miner,184,8,negative,bearish on bitcoin downtrend confirmed,"['bearish', 'bitcoin', 'downtrend', 'confirmed']",4,0,1,1
btc_00009324,2024-05-11 03:40:22,DCA into Bitcoin = winning strategy 📊,bitcoin_og,298,153,neutral,dca into bitcoin winning strategy,"['dca', 'bitcoin', 'winning', 'strategy']",4,1,2,2
btc_00009325,2024-05-11 03:29:26,Bitcoin fear & greed at extreme levels! Crash coming 😰,crypto_bull,1507,297,negative,bitcoin fear greed at extreme levels crash coming,"['bitcoin', 'fear', 'greed', 'extreme', 'level', 'crash', 'coming']",7,0,0,0
btc_00009326,2024-05-11 04:43:45,Consolidation phase for Bitcoin continues ⏸️,trading_pro,374,242,neutral,consolidation phase for bitcoin continues,"['consolidation', 'phase', 'bitcoin', 'continues']",4,1,1,1
btc_00009327,2024-05-11 04:35:12,Whales dumping BTC! Retail getting rekt 🐋,bull_run,194,17,neutral,whales dumping btc retail getting rekt,"['whale', 'dumping', 'btc', 'retail', 'getting', 'rekt']",6,1,0,0
btc_00009328,2024-05-11 04:58:16,Bitcoin looking strong at $56 resistance broken!,satoshi_fan,537,128,neutral,bitcoin looking strong at resistance broken,"['bitcoin', 'looking', 'strong', 'resistance', 'broken']",5,1,2,2
btc_00009329,2024-05-11 04:15:27,"Bitcoin will hit $63k this year, mark my words! 📈",diamond_hands,201,44,neutral,bitcoin will hit k this year mark my words,"['bitcoin', 'hit', 'year', 'mark', 'word']",5,1,1,1
btc_00009330,2024-05-11 05:43:46,"Bitcoin dominance at 49%, altcoins struggling 🔥",whale_watcher,60,9,neutral,bitcoin dominance at altcoins struggling,"['bitcoin', 'dominance', 'altcoins', 'struggling']",4,1,0,1
btc_00009331,2024-05-11 05:43:46,"Bitcoin dead, time to move on 💀",moon_soon,176,37,neutral,bitcoin dead time to move on,"['bitcoin', 'dead', 'time', 'move']",4,1,0,0
btc_00009332,2024-05-11 05:38:14,Bitcoin trading range: $50545 - $52608,crypto_analyst,30,9,neutral,bitcoin trading range,"['bitcoin', 'trading', 'range']",3,1,1,1
btc_00009333,2024-05-11 06:36:48,Smart money accumulating Bitcoin quietly 👀,crypto_bull,229,75,neutral,smart money accumulating bitcoin quietly,"['smart', 'money', 'accumulating', 'bitcoin', 'quietly']",5,1,2,2
btc_00009334,2024-05-11 06:53:59,"Bitcoin dead, time to move on 💀",moon_soon,229,18,neutral,bitcoin dead time to move on,"['bitcoin', 'dead', 'time', 'move']",4,1,0,0
btc_00009335,2024-05-11 07:30:36,Bitcoin crashing hard! Sell everything! 📉,bitcoin_og,117,42,negative,bitcoin crashing hard sell everything,"['bitcoin', 'crashing', 'hard', 'sell', 'everything']",5,0,0,1
btc_00009336,2024-05-11 07:43:53,Lost 5% on Bitcoin this week... brutal 💔,hodl_gang,38,28,neutral,lost on bitcoin this week brutal,"['lost', 'bitcoin', 'week', 'brutal']",4,1,0,0
btc_00009337,2024-05-11 07:40:30,Interesting Bitcoin development: Coinbase 🚨,nft_collector,30,11,neutral,interesting bitcoin development coinbase,"['interesting', 'bitcoin', 'development', 'coinbase']",4,1,2,2
btc_00009338,2024-05-11 08:54:31,Bitcoin hashrate at ATH! Network security = bullish 🔒,trading_pro,95,126,positive,bitcoin hashrate at ath network security bullish,"['bitcoin', 'hashrate', 'ath', 'network', 'security', 'bullish']",6,2,2,2
btc_00009339,2024-05-11 08:15:22,Market update: Bitcoin sideways movement continues,btc_hodler,106,14,neutral,market update bitcoin sideways movement continues,"['market', 'update', 'bitcoin', 'sideways', 'movement', 'continues']",6,1,1,1
btc_00009340,2024-05-11 08:28:57,BTC hodlers being rewarded! Diamond hands win 💎,defi_degen,251,20,neutral,btc hodlers being rewarded diamond hands win,"['btc', 'hodlers', 'rewarded', 'diamond', 'hand', 'win']",6,1,2,2
btc_00009341,2024-05-11 09:31:29,Smart money accumulating Bitcoin quietly 👀,crypto_trader,506,81,neutral,smart money accumulating bitcoin quietly,"['smart', 'money', 'accumulating', 'bitcoin', 'quietly']",5,1,2,2
btc_00009342,2024-05-11 09:21:42,Bitcoin looking strong at $58 resistance broken!,bear_market,127,122,neutral,bitcoin looking strong at resistance broken,"['bitcoin', 'looking', 'strong', 'resistance', 'broken']",5,1,2,2
btc_00009343,2024-05-11 09:48:39,Bitcoin overvalued at current prices! Correction needed ⬇️ 👀,diamond_hands,312,21,neutral,bitcoin overvalued at current prices correction needed,"['bitcoin', 'overvalued', 'current', 'price', 'correction', 'needed']",6,1,1,1
btc_00009344,2024-05-11 09:38:09,Bitcoin mining centralization = big problem ⚠️,chart_master,72,40,neutral,bitcoin mining centralization big problem,"['bitcoin', 'mining', 'centralization', 'big', 'problem']",5,1,0,0
btc_00009345,2024-05-11 10:47:18,Bitcoin sentiment turning positive! Rally incoming 🚀,sats_stacker,246,48,positive,bitcoin sentiment turning positive rally incoming,"['bitcoin', 'sentiment', 'turning', 'positive', 'rally', 'incoming']",6,2,2,2
btc_00009346,2024-05-11 10:10:27,Bitcoin breaking resistance! Bullish trend incoming 📈,alt_hunter,54,108,positive,bitcoin breaking resistance bullish trend incoming,"['bitcoin', 'breaking', 'resistance', 'bullish', 'trend', 'incoming']",6,2,1,1
btc_00009347,2024-05-11 10:27:31,BTC technical analysis shows strong uptrend ↗️,moon_soon,265,6,neutral,btc technical analysis shows strong uptrend,"['btc', 'technical', 'analysis', 'show', 'strong', 'uptrend']",6,1,2,2
btc_00009348,2024-05-11 10:17:40,Amazing gains on Bitcoin today! Up 4% 🎉,crypto_analyst,163,119,neutral,amazing gains on bitcoin today up,"['amazing', 'gain', 'bitcoin', 'today']",4,1,2,2
btc_00009349,2024-05-11 10:39:10,DCA into Bitcoin = winning strategy 📊,defi_degen,283,84,neutral,dca into bitcoin winning strategy,"['dca', 'bitcoin', 'winning', 'strategy']",4,1,2,2
btc_00009350,2024-05-11 11:43:23,BTC technical analysis shows strong uptrend ↗️ 👀,hodl_gang,234,15,neutral,btc technical analysis shows strong uptrend,"['btc', 'technical', 'analysis', 'show', 'strong', 'uptrend']",6,1,2,2
btc_00009351,2024-05-11 11:42:51,Bitcoin > everything else. Change my mind 💪,moon_soon,262,133,neutral,bitcoin everything else change my mind,"['bitcoin', 'everything', 'else', 'change', 'mind']",5,1,1,1
btc_00009352,2024-05-11 12:24:36,Bitcoin mining difficulty adjusted 56%,whale_watcher,22,4,neutral,bitcoin mining difficulty adjusted,"['bitcoin', 'mining', 'difficulty', 'adjusted']",4,1,0,0
btc_00009353,2024-05-11 12:44:10,Bitcoin breaking resistance! Bullish trend incoming 📈,satoshi_fan,337,37,positive,bitcoin breaking resistance bullish trend incoming,"['bitcoin', 'breaking', 'resistance', 'bullish', 'trend', 'incoming']",6,2,1,1
btc_00009354,2024-05-11 12:29:35,Just stacked more sats! Bitcoin only 🧡,btc_miner,398,114,neutral,just stacked more sats bitcoin only,"['stacked', 'more', 'sat', 'bitcoin']",4,1,1,1
btc_00009355,2024-05-11 12:31:59,Bitcoin sentiment turning positive! Rally incoming 🚀,crypto_news,582,175,positive,bitcoin sentiment turning positive rally incoming,"['bitcoin', 'sentiment', 'turning', 'positive', 'rally', 'incoming']",6,2,2,2
btc_00009356,2024-05-11 13:49:02,Consolidation phase for Bitcoin continues ⏸️,sats_stacker,36,7,neutral,consolidation phase for bitcoin continues,"['consolidation', 'phase', 'bitcoin', 'continues']",4,1,1,1
btc_00009357,2024-05-11 13:48:51,"Crypto winter is here, Bitcoin going to $27 🥶",btc_miner,38,18,neutral,crypto winter is here bitcoin going to,"['crypto', 'winter', 'bitcoin', 'going']",4,1,1,1
btc_00009358,2024-05-11 13:03:16,Bitcoin on-chain metrics showing mixed signals 📊 💰,crypto_trader,46,10,neutral,bitcoin onchain metrics showing mixed signals,"['bitcoin', 'onchain', 'metric', 'showing', 'mixed', 'signal']",6,1,1,1
btc_00009359,2024-05-11 14:25:26,BTC hodlers being rewarded! Diamond hands win 💎,crypto_trader,1172,261,neutral,btc hodlers being rewarded diamond hands win,"['btc', 'hodlers', 'rewarded', 'diamond', 'hand', 'win']",6,1,2,2
btc_00009360,2024-05-11 14:15:54,BTC technical analysis shows strong uptrend ↗️ 💰,bear_market,632,203,neutral,btc technical analysis shows strong uptrend,"['btc', 'technical', 'analysis', 'show', 'strong', 'uptrend']",6,1,2,2
btc_00009361,2024-05-11 14:35:27,LONG-TERM BITCOIN HOLDERS NOT SELLING 🔒,btc_miner,123,44,neutral,longterm bitcoin holders not selling,"['longterm', 'bitcoin', 'holder', 'not', 'selling']",5,1,1,1
btc_00009362,2024-05-11 14:26:09,Amazing gains on Bitcoin today! Up 11% 🎉,on_chain_data,662,39,neutral,amazing gains on bitcoin today up,"['amazing', 'gain', 'bitcoin', 'today']",4,1,2,2
btc_00009363,2024-05-11 15:45:56,Bitcoin hash ribbons indicating Tesla signal,sats_stacker,34,67,neutral,bitcoin hash ribbons indicating tesla signal,"['bitcoin', 'hash', 'ribbon', 'indicating', 'tesla', 'signal']",6,1,1,1
btc_00009364,2024-05-11 15:15:29,Bitcoin transaction fees too high! Unusable! 💸,crypto_news,324,152,neutral,bitcoin transaction fees too high unusable,"['bitcoin', 'transaction', 'fee', 'high', 'unusable']",5,1,1,1
btc_00009365,2024-05-11 15:18:31,Bitcoin mining difficulty adjusted 44%,bull_run,179,23,neutral,bitcoin mining difficulty adjusted,"['bitcoin', 'mining', 'difficulty', 'adjusted']",4,1,0,0
btc_00009366,2024-05-11 15:47:24,Bitcoin to the moon! 🚀 #BTC #crypto 🚨,sats_stacker,575,144,positive,bitcoin to the moon btc crypto,"['bitcoin', 'moon', 'btc', 'crypto']",4,2,1,1
btc_00009367,2024-05-11 15:05:11,"Bitcoin volume increasing, watching closely 👀",hodl_gang,77,27,neutral,bitcoin volume increasing watching closely,"['bitcoin', 'volume', 'increasing', 'watching', 'closely']",5,1,1,1
btc_00009368,2024-05-11 15:13:25,Regulatory pressure killing Bitcoin! Be careful! ⚖️,diamond_hands,208,10,neutral,regulatory pressure killing bitcoin be careful,"['regulatory', 'pressure', 'killing', 'bitcoin', 'careful']",5,1,0,0
btc_00009369,2024-05-11 16:04:26,Bitcoin currently trading at $52043 📊,crypto_bull,160,20,neutral,bitcoin currently trading at,"['bitcoin', 'currently', 'trading']",3,1,1,1
btc_00009370,2024-05-11 16:33:11,"Bitcoin volume increasing, watching closely 👀",diamond_hands,156,46,neutral,bitcoin volume increasing watching closely,"['bitcoin', 'volume', 'increasing', 'watching', 'closely']",5,1,1,1
btc_00009371,2024-05-11 16:31:21,DCA into Bitcoin = winning strategy 📊,trading_pro,424,181,neutral,dca into bitcoin winning strategy,"['dca', 'bitcoin', 'winning', 'strategy']",4,1,2,2
btc_00009372,2024-05-11 16:45:38,"Bitcoin will hit $58k this year, mark my words! 📈",crypto_bull,527,57,neutral,bitcoin will hit k this year mark my words,"['bitcoin', 'hit', 'year', 'mark', 'word']",5,1,1,1
btc_00009373,2024-05-11 16:44:11,Sold all my BTC before the crash! Dodged bullet 😅,bear_market,136,126,negative,sold all my btc before the crash dodged bullet,"['sold', 'btc', 'crash', 'dodged', 'bullet']",5,0,0,0
btc_00009374,2024-05-11 17:27:05,Study shows: Bitcoin volatility decreasing over time,sats_stacker,68,41,neutral,study shows bitcoin volatility decreasing over time,"['study', 'show', 'bitcoin', 'volatility', 'decreasing', 'time']",6,1,1,1
btc_00009375,2024-05-11 18:56:50,Market update: Bitcoin sideways movement continues,nft_collector,127,37,neutral,market update bitcoin sideways movement continues,"['market', 'update', 'bitcoin', 'sideways', 'movement', 'continues']",6,1,1,1
btc_00009376,2024-05-11 18:51:32,Regulatory pressure killing Bitcoin! Be careful! ⚖️,whale_watcher,165,16,neutral,regulatory pressure killing bitcoin be careful,"['regulatory', 'pressure', 'killing', 'bitcoin', 'careful']",5,1,0,0
btc_00009377,2024-05-11 18:03:10,Bitcoin mining difficulty adjusted 57%,moon_soon,134,22,neutral,bitcoin mining difficulty adjusted,"['bitcoin', 'mining', 'difficulty', 'adjusted']",4,1,0,0
btc_00009378,2024-05-11 18:34:32,Institutional Bitcoin holdings update: Coinbase BTC,satoshi_fan,105,39,neutral,institutional bitcoin holdings update coinbase btc,"['institutional', 'bitcoin', 'holding', 'update', 'coinbase', 'btc']",6,1,1,1
btc_00009379,2024-05-11 18:39:12,Whales dumping BTC! Retail getting rekt 🐋,sats_stacker,191,23,neutral,whales dumping btc retail getting rekt,"['whale', 'dumping', 'btc', 'retail', 'getting', 'rekt']",6,1,0,0
btc_00009380,2024-05-11 19:36:13,Long-term Bitcoin holders not selling 🔒,chart_master,121,29,neutral,longterm bitcoin holders not selling,"['longterm', 'bitcoin', 'holder', 'not', 'selling']",5,1,1,1
btc_00009381,2024-05-11 19:06:44,Bitcoin stock-to-flow model update: ratio Binance,diamond_hands,123,58,neutral,bitcoin stocktoflow model update ratio binance,"['bitcoin', 'stocktoflow', 'model', 'update', 'ratio', 'binance']",6,1,1,1
btc_00009382,2024-05-11 20:11:54,"BITCOIN VOLUME INCREASING, WATCHING CLOSELY 👀 💰",hodl_gang,77,8,neutral,bitcoin volume increasing watching closely,"['bitcoin', 'volume', 'increasing', 'watching', 'closely']",5,1,1,1
btc_00009383,2024-05-11 20:35:01,BITCOIN CURRENTLY TRADING AT $51008 📊,whale_watcher,95,69,neutral,bitcoin currently trading at,"['bitcoin', 'currently', 'trading']",3,1,1,1
btc_00009384,2024-05-11 20:00:43,"BITCOIN DOMINANCE AT 52%, ALTCOINS STRUGGLING ⚡",fundamental,162,24,neutral,bitcoin dominance at altcoins struggling,"['bitcoin', 'dominance', 'altcoins', 'struggling']",4,1,0,1
btc_00009385,2024-05-11 20:23:06,"Bitcoin volume increasing, watching closely 👀",alt_hunter,208,62,neutral,bitcoin volume increasing watching closely,"['bitcoin', 'volume', 'increasing', 'watching', 'closely']",5,1,1,1
btc_00009386,2024-05-11 21:17:47,Bitcoin trading range: $51229 - $53320,crypto_skeptic,102,42,neutral,bitcoin trading range,"['bitcoin', 'trading', 'range']",3,1,1,1
btc_00009387,2024-05-11 21:26:43,Bitcoin mining difficulty adjusted 59% 🎯,technical_ta,148,14,neutral,bitcoin mining difficulty adjusted,"['bitcoin', 'mining', 'difficulty', 'adjusted']",4,1,0,0
btc_00009388,2024-05-11 21:45:36,Consolidation phase for Bitcoin continues ⏸️,fundamental,175,42,neutral,consolidation phase for bitcoin continues,"['consolidation', 'phase', 'bitcoin', 'continues']",4,1,1,1
btc_00009389,2024-05-11 21:34:56,BITCOIN HASHRATE AT ATH! NETWORK SECURITY = BULLISH 🔒,moon_soon,682,146,positive,bitcoin hashrate at ath network security bullish,"['bitcoin', 'hashrate', 'ath', 'network', 'security', 'bullish']",6,2,2,2
btc_00009390,2024-05-11 22:43:32,"Bitcoin will hit $62k this year, mark my words! 📈",hodl_gang,510,232,neutral,bitcoin will hit k this year mark my words,"['bitcoin', 'hit', 'year', 'mark', 'word']",5,1,1,1
btc_00009391,2024-05-11 22:48:16,Market update: Bitcoin sideways movement continues,trading_pro,171,14,neutral,market update bitcoin sideways movement continues,"['market', 'update', 'bitcoin', 'sideways', 'movement', 'continues']",6,1,1,1
btc_00009392,2024-05-11 22:47:05,Lost 24% on Bitcoin this week... brutal 💔 💯,defi_degen,544,176,neutral,lost on bitcoin this week brutal,"['lost', 'bitcoin', 'week', 'brutal']",4,1,0,0
btc_00009393,2024-05-11 23:29:09,Bitcoin crashing hard! Sell everything! 📉,btc_miner,199,66,negative,bitcoin crashing hard sell everything,"['bitcoin', 'crashing', 'hard', 'sell', 'everything']",5,0,0,1
btc_00009394,2024-05-11 23:40:26,Bitcoin transaction fees too high! Unusable! 💸,on_chain_data,136,31,neutral,bitcoin transaction fees too high unusable,"['bitcoin', 'transaction', 'fee', 'high', 'unusable']",5,1,1,1
btc_00009395,2024-05-11 23:59:14,"Bearish on Bitcoin, downtrend confirmed 🐻",fundamental,39,27,negative,bearish on bitcoin downtrend confirmed,"['bearish', 'bitcoin', 'downtrend', 'confirmed']",4,0,1,1
btc_00009396,2024-05-11 23:44:16,"Bitcoin dead, time to move on 💀",diamond_hands,35,8,neutral,bitcoin dead time to move on,"['bitcoin', 'dead', 'time', 'move']",4,1,0,0
btc_00009397,2024-05-12 00:56:54,Just stacked more sats! Bitcoin only 🧡,crypto_trader,322,46,neutral,just stacked more sats bitcoin only,"['stacked', 'more', 'sat', 'bitcoin']",4,1,1,1
btc_00009398,2024-05-12 01:34:43,Just stacked more sats! Bitcoin only 🧡,chart_master,585,45,neutral,just stacked more sats bitcoin only,"['stacked', 'more', 'sat', 'bitcoin']",4,1,1,1
btc_00009399,2024-05-12 01:47:18,Bitcoin to the moon! 🚀 #BTC #crypto,btc_miner,105,15,positive,bitcoin to the moon btc crypto,"['bitcoin', 'moon', 'btc', 'crypto']",4,2,1,1
btc_00009400,2024-05-12 01:22:25,DCA into Bitcoin = winning strategy 📊,diamond_hands,485,165,neutral,dca into bitcoin winning strategy,"['dca', 'bitcoin', 'winning', 'strategy']",4,1,2,2
btc_00009401,2024-05-12 02:35:21,Bitcoin sentiment turning positive! Rally incoming 🚀,crypto_bull,6160,427,positive,bitcoin sentiment turning positive rally incoming,"['bitcoin', 'sentiment', 'turning', 'positive', 'rally', 'incoming']",6,2,2,2
btc_00009402,2024-05-12 02:44:18,Market update: Bitcoin sideways movement continues,defi_degen,396,60,neutral,market update bitcoin sideways movement continues,"['market', 'update', 'bitcoin', 'sideways', 'movement', 'continues']",6,1,1,1
btc_00009403,2024-05-12 02:27:36,"Bitcoin dead, time to move on 💀",whale_watcher,318,78,neutral,bitcoin dead time to move on,"['bitcoin', 'dead', 'time', 'move']",4,1,0,0
btc_00009404,2024-05-12 02:00:36,Institutional Bitcoin holdings update: network congestion BTC 💯,sats_stacker,30,6,neutral,institutional bitcoin holdings update network congestion btc,"['institutional', 'bitcoin', 'holding', 'update', 'network', 'congestion', 'btc']",7,1,1,1
btc_00009405,2024-05-12 02:33:22,Tether FUD affecting Bitcoin price! Not good 😬 🚨,crypto_bull,179,29,positive,tether fud affecting bitcoin price not good,"['tether', 'fud', 'affecting', 'bitcoin', 'price', 'not', 'good']",7,2,0,0
btc_00009406,2024-05-12 03:59:09,BTC holding steady at Blackrock support level,sats_stacker,23,13,neutral,btc holding steady at blackrock support level,"['btc', 'holding', 'steady', 'blackrock', 'support', 'level']",6,1,2,2
btc_00009407,2024-05-12 03:01:10,Market update: Bitcoin sideways movement continues ⚡,satoshi_fan,11,11,neutral,market update bitcoin sideways movement continues,"['market', 'update', 'bitcoin', 'sideways', 'movement', 'continues']",6,1,1,1
btc_00009408,2024-05-12 03:23:35,Bitcoin > everything else. Change my mind 💪 💰,chart_master,153,120,neutral,bitcoin everything else change my mind,"['bitcoin', 'everything', 'else', 'change', 'mind']",5,1,1,1
btc_00009409,2024-05-12 03:32:53,Bitcoin on-chain metrics showing mixed signals 📊 🚨,crypto_trader,28,3,neutral,bitcoin onchain metrics showing mixed signals,"['bitcoin', 'onchain', 'metric', 'showing', 'mixed', 'signal']",6,1,1,1
btc_00009410,2024-05-12 03:44:34,Just bought more $BTC! HODL strong 💎🙌,bitcoin_maxie,82,26,positive,just bought more btc hodl strong,"['bought', 'more', 'btc', 'hodl', 'strong']",5,2,2,2
btc_00009411,2024-05-12 04:14:54,Consolidation phase for Bitcoin continues ⏸️,satoshi_fan,15,4,neutral,consolidation phase for bitcoin continues,"['consolidation', 'phase', 'bitcoin', 'continues']",4,1,1,1
btc_00009412,2024-05-12 04:45:03,Study shows: Bitcoin volatility decreasing over time,technical_ta,73,34,neutral,study shows bitcoin volatility decreasing over time,"['study', 'show', 'bitcoin', 'volatility', 'decreasing', 'time']",6,1,1,1
btc_00009413,2024-05-12 04:01:36,"Bitcoin dead, time to move on 💀",moon_soon,142,40,neutral,bitcoin dead time to move on,"['bitcoin', 'dead', 'time', 'move']",4,1,0,0
btc_00009414,2024-05-12 04:40:04,Survey: 58% of investors hold Bitcoin,crypto_trader,47,9,neutral,survey of investors hold bitcoin,"['survey', 'investor', 'hold', 'bitcoin']",4,1,1,1
btc_00009415,2024-05-12 05:10:02,"Bitcoin scam, government will ban it! ⚠️",crypto_bull,116,10,negative,bitcoin scam government will ban it,"['bitcoin', 'scam', 'government', 'ban']",4,0,0,0
btc_00009416,2024-05-12 06:58:16,Institutions buying Bitcoin = moon time 🌙 🎯,bull_run,125,62,positive,institutions buying bitcoin moon time,"['institution', 'buying', 'bitcoin', 'moon', 'time']",5,2,1,1
btc_00009417,2024-05-12 06:56:47,"Crypto winter is here, Bitcoin going to $32 🥶",crypto_news,28,17,neutral,crypto winter is here bitcoin going to,"['crypto', 'winter', 'bitcoin', 'going']",4,1,1,1
btc_00009418,2024-05-12 07:09:21,Long-term Bitcoin holders not selling 🔒 ⚡,sats_stacker,40,13,neutral,longterm bitcoin holders not selling,"['longterm', 'bitcoin', 'holder', 'not', 'selling']",5,1,1,1
btc_00009419,2024-05-12 07:40:45,DCA into Bitcoin = winning strategy 📊 ⚡,moon_soon,148,82,neutral,dca into bitcoin winning strategy,"['dca', 'bitcoin', 'winning', 'strategy']",4,1,2,2
btc_00009420,2024-05-12 08:51:38,Sold all my BTC before the crash! Dodged bullet 😅,bitcoin_maxie,173,50,negative,sold all my btc before the crash dodged bullet,"['sold', 'btc', 'crash', 'dodged', 'bullet']",5,0,0,0
btc_00009421,2024-05-12 08:07:35,"Bitcoin = ponzi scheme, wake up people! ⚠️",whale_watcher,117,17,neutral,bitcoin ponzi scheme wake up people,"['bitcoin', 'ponzi', 'scheme', 'wake', 'people']",5,1,1,1
btc_00009422,2024-05-12 09:32:23,Study shows: Bitcoin volatility decreasing over time,sats_stacker,26,22,neutral,study shows bitcoin volatility decreasing over time,"['study', 'show', 'bitcoin', 'volatility', 'decreasing', 'time']",6,1,1,1
btc_00009423,2024-05-12 09:20:59,Bitcoin breaking resistance! Bullish trend incoming 📈 👀,fundamental,162,74,positive,bitcoin breaking resistance bullish trend incoming,"['bitcoin', 'breaking', 'resistance', 'bullish', 'trend', 'incoming']",6,2,1,1
btc_00009424,2024-05-12 10:22:39,"Bitcoin dominance at 55%, altcoins struggling 💰",satoshi_fan,72,29,neutral,bitcoin dominance at altcoins struggling,"['bitcoin', 'dominance', 'altcoins', 'struggling']",4,1,0,1
btc_00009425,2024-05-12 10:27:24,Bitcoin to the moon! 🚀 #BTC #crypto,crypto_skeptic,450,74,positive,bitcoin to the moon btc crypto,"['bitcoin', 'moon', 'btc', 'crypto']",4,2,1,1
btc_00009426,2024-05-12 10:11:09,BTC holding steady at MicroStrategy support level,whale_watcher,7,15,neutral,btc holding steady at microstrategy support level,"['btc', 'holding', 'steady', 'microstrategy', 'support', 'level']",6,1,2,2
btc_00009427,2024-05-12 10:12:01,Market manipulation! Bitcoin not organic growth 😡,crypto_skeptic,50,27,neutral,market manipulation bitcoin not organic growth,"['market', 'manipulation', 'bitcoin', 'not', 'organic', 'growth']",6,1,0,0
btc_00009428,2024-05-12 11:05:40,"Bitcoin will hit $77k this year, mark my words! 📈",btc_miner,5951,1820,neutral,bitcoin will hit k this year mark my words,"['bitcoin', 'hit', 'year', 'mark', 'word']",5,1,1,1
btc_00009429,2024-05-12 12:11:51,Survey: 53% of investors hold Bitcoin,diamond_hands,37,7,neutral,survey of investors hold bitcoin,"['survey', 'investor', 'hold', 'bitcoin']",4,1,1,1
btc_00009430,2024-05-12 13:45:03,Just stacked more sats! Bitcoin only 🧡,alt_hunter,46,46,neutral,just stacked more sats bitcoin only,"['stacked', 'more', 'sat', 'bitcoin']",4,1,1,1
btc_00009431,2024-05-12 14:33:07,Lost 14% on Bitcoin this week... brutal 💔,whale_watcher,573,61,neutral,lost on bitcoin this week brutal,"['lost', 'bitcoin', 'week', 'brutal']",4,1,0,0
btc_00009432,2024-05-12 15:18:55,Study shows: Bitcoin volatility decreasing over time,btc_miner,29,29,neutral,study shows bitcoin volatility decreasing over time,"['study', 'show', 'bitcoin', 'volatility', 'decreasing', 'time']",6,1,1,1
btc_00009433,2024-05-12 15:20:31,"Bitcoin dead, time to move on 💀",btc_miner,447,83,neutral,bitcoin dead time to move on,"['bitcoin', 'dead', 'time', 'move']",4,1,0,0
btc_00009434,2024-05-12 16:16:54,Bitcoin network upgrade scheduled for Fidelity 🔥,technical_ta,62,22,neutral,bitcoin network upgrade scheduled for fidelity,"['bitcoin', 'network', 'upgrade', 'scheduled', 'fidelity']",5,1,1,1
btc_00009435,2024-05-12 17:20:26,Bullish on #Bitcoin! Target: $73k 🚀,diamond_hands,432,90,positive,bullish on bitcoin target k,"['bullish', 'bitcoin', 'target']",3,2,1,1
btc_00009436,2024-05-12 17:39:35,Best performing asset: #Bitcoin 🏆 👀,crypto_analyst,722,161,positive,best performing asset bitcoin,"['best', 'performing', 'asset', 'bitcoin']",4,2,2,2
btc_00009437,2024-05-12 18:06:10,Lost 12% on Bitcoin this week... brutal 💔,moon_soon,386,30,neutral,lost on bitcoin this week brutal,"['lost', 'bitcoin', 'week', 'brutal']",4,1,0,0
btc_00009438,2024-05-12 18:05:54,Bitcoin trading range: $50457 - $52516,bear_market,30,23,neutral,bitcoin trading range,"['bitcoin', 'trading', 'range']",3,1,1,1
btc_00009439,2024-05-12 18:04:50,"Bitcoin dominance at 41%, altcoins struggling",crypto_bull,18,12,neutral,bitcoin dominance at altcoins struggling,"['bitcoin', 'dominance', 'altcoins', 'struggling']",4,1,0,1
btc_00009440,2024-05-12 19:30:52,Bitcoin hashrate at ATH! Network security = bullish 🔒,bull_run,715,67,positive,bitcoin hashrate at ath network security bullish,"['bitcoin', 'hashrate', 'ath', 'network', 'security', 'bullish']",6,2,2,2
btc_00009441,2024-05-12 19:01:36,New Bitcoin ETF filing submitted by mining ban,crypto_skeptic,132,4,neutral,new bitcoin etf filing submitted by mining ban,"['new', 'bitcoin', 'etf', 'filing', 'submitted', 'mining', 'ban']",7,1,0,0
btc_00009442,2024-05-12 20:33:20,Interesting Bitcoin development: Grayscale,satoshi_fan,981,144,neutral,interesting bitcoin development grayscale,"['interesting', 'bitcoin', 'development', 'grayscale']",4,1,2,2
btc_00009443,2024-05-12 21:35:12,Survey: 45% of investors hold Bitcoin,hodl_gang,151,43,neutral,survey of investors hold bitcoin,"['survey', 'investor', 'hold', 'bitcoin']",4,1,1,1
btc_00009444,2024-05-12 21:41:58,Technical analysis shows Bitcoin crash to $39 📉,whale_watcher,74,123,negative,technical analysis shows bitcoin crash to,"['technical', 'analysis', 'show', 'bitcoin', 'crash']",5,0,0,0
btc_00009445,2024-05-12 22:28:19,Just bought more $BTC! HODL strong 💎🙌,diamond_hands,693,37,positive,just bought more btc hodl strong,"['bought', 'more', 'btc', 'hodl', 'strong']",5,2,2,2
btc_00009446,2024-05-12 22:34:15,Bitcoin currently trading at $51406 📊,crypto_bull,24,65,neutral,bitcoin currently trading at,"['bitcoin', 'currently', 'trading']",3,1,1,1
btc_00009447,2024-05-12 22:39:56,Sold all my BTC before the crash! Dodged bullet 😅,chart_master,335,96,negative,sold all my btc before the crash dodged bullet,"['sold', 'btc', 'crash', 'dodged', 'bullet']",5,0,0,0
btc_00009448,2024-05-12 22:43:54,Sold all my BTC before the crash! Dodged bullet 😅,crypto_skeptic,4992,658,negative,sold all my btc before the crash dodged bullet,"['sold', 'btc', 'crash', 'dodged', 'bullet']",5,0,0,0
btc_00009449,2024-05-12 23:48:23,Bitcoin > everything else. Change my mind 💪,on_chain_data,222,80,neutral,bitcoin everything else change my mind,"['bitcoin', 'everything', 'else', 'change', 'mind']",5,1,1,1
btc_00009450,2024-05-13 00:00:41,Lost 9% on Bitcoin this week... brutal 💔,alt_hunter,115,42,neutral,lost on bitcoin this week brutal,"['lost', 'bitcoin', 'week', 'brutal']",4,1,0,0
btc_00009451,2024-05-13 01:21:11,Bitcoin breaking resistance! Bullish trend incoming 📈,crypto_trader,423,22,positive,bitcoin breaking resistance bullish trend incoming,"['bitcoin', 'breaking', 'resistance', 'bullish', 'trend', 'incoming']",6,2,1,1
btc_00009452,2024-05-13 01:45:29,"Bitcoin will hit $62k this year, mark my words! 📈 💯",bitcoin_og,5115,210,neutral,bitcoin will hit k this year mark my words,"['bitcoin', 'hit', 'year', 'mark', 'word']",5,1,1,1
btc_00009453,2024-05-13 01:14:09,Bitcoin sentiment turning positive! Rally incoming 🚀,on_chain_data,185,82,positive,bitcoin sentiment turning positive rally incoming,"['bitcoin', 'sentiment', 'turning', 'positive', 'rally', 'incoming']",6,2,2,2
btc_00009454,2024-05-13 01:58:38,Interesting Bitcoin development: Coinbase,fundamental,14,5,neutral,interesting bitcoin development coinbase,"['interesting', 'bitcoin', 'development', 'coinbase']",4,1,2,2
btc_00009455,2024-05-13 02:13:20,Consolidation phase for Bitcoin continues ⏸️,hodl_gang,117,13,neutral,consolidation phase for bitcoin continues,"['consolidation', 'phase', 'bitcoin', 'continues']",4,1,1,1
btc_00009456,2024-05-13 02:02:09,Long-term Bitcoin holders not selling 🔒,crypto_trader,225,12,neutral,longterm bitcoin holders not selling,"['longterm', 'bitcoin', 'holder', 'not', 'selling']",5,1,1,1
btc_00009457,2024-05-13 02:52:34,DCA into Bitcoin = winning strategy 📊,diamond_hands,188,36,neutral,dca into bitcoin winning strategy,"['dca', 'bitcoin', 'winning', 'strategy']",4,1,2,2
btc_00009458,2024-05-13 02:53:57,Bitcoin on-chain metrics showing mixed signals 📊,chart_master,16,2,neutral,bitcoin onchain metrics showing mixed signals,"['bitcoin', 'onchain', 'metric', 'showing', 'mixed', 'signal']",6,1,1,1
btc_00009459,2024-05-13 02:02:33,"Bitcoin volume increasing, watching closely 👀",fundamental,53,10,neutral,bitcoin volume increasing watching closely,"['bitcoin', 'volume', 'increasing', 'watching', 'closely']",5,1,1,1
btc_00009460,2024-05-13 02:28:28,Interesting Bitcoin development: Tesla,whale_watcher,17,22,neutral,interesting bitcoin development tesla,"['interesting', 'bitcoin', 'development', 'tesla']",4,1,2,2
btc_00009461,2024-05-13 03:38:31,Institutions buying Bitcoin = moon time 🌙,moon_soon,351,25,positive,institutions buying bitcoin moon time,"['institution', 'buying', 'bitcoin', 'moon', 'time']",5,2,1,1
btc_00009462,2024-05-13 03:37:53,Long-term Bitcoin holders not selling 🔒,sats_stacker,440,77,neutral,longterm bitcoin holders not selling,"['longterm', 'bitcoin', 'holder', 'not', 'selling']",5,1,1,1
btc_00009463,2024-05-13 03:55:50,Best decision ever: buying Bitcoin! 🙌,defi_degen,348,9,positive,best decision ever buying bitcoin,"['best', 'decision', 'ever', 'buying', 'bitcoin']",5,2,2,2
btc_00009464,2024-05-13 04:38:08,Amazing gains on Bitcoin today! Up 7% 🎉,bitcoin_maxie,136,47,neutral,amazing gains on bitcoin today up,"['amazing', 'gain', 'bitcoin', 'today']",4,1,2,2
btc_00009465,2024-05-13 04:25:57,BTC pumping hard! This is just the beginning 🔥 ⚡,hodl_gang,520,37,neutral,btc pumping hard this is just the beginning,"['btc', 'pumping', 'hard', 'beginning']",4,1,0,1
btc_00009466,2024-05-13 04:23:02,Institutions buying Bitcoin = moon time 🌙,btc_hodler,198,31,positive,institutions buying bitcoin moon time,"['institution', 'buying', 'bitcoin', 'moon', 'time']",5,2,1,1
btc_00009467,2024-05-13 04:52:49,Just bought more $BTC! HODL strong 💎🙌,alt_hunter,93,117,positive,just bought more btc hodl strong,"['bought', 'more', 'btc', 'hodl', 'strong']",5,2,2,2
btc_00009468,2024-05-13 05:05:17,BITCOIN SENTIMENT TURNING POSITIVE! RALLY INCOMING 🚀 🔥,technical_ta,451,49,positive,bitcoin sentiment turning positive rally incoming,"['bitcoin', 'sentiment', 'turning', 'positive', 'rally', 'incoming']",6,2,2,2
btc_00009469,2024-05-13 05:30:28,Best decision ever: buying Bitcoin! 🙌,whale_watcher,196,17,positive,best decision ever buying bitcoin,"['best', 'decision', 'ever', 'buying', 'bitcoin']",5,2,2,2
btc_00009470,2024-05-13 06:06:08,Bitcoin overvalued at current prices! Correction needed ⬇️ 💰,crypto_trader,104,22,neutral,bitcoin overvalued at current prices correction needed,"['bitcoin', 'overvalued', 'current', 'price', 'correction', 'needed']",6,1,1,1
btc_00009471,2024-05-13 06:26:13,"Bearish on Bitcoin, downtrend confirmed 🐻",sats_stacker,89,22,negative,bearish on bitcoin downtrend confirmed,"['bearish', 'bitcoin', 'downtrend', 'confirmed']",4,0,1,1
btc_00009472,2024-05-13 07:22:52,"Bitcoin scam, government will ban it! ⚠️",sats_stacker,40,59,negative,bitcoin scam government will ban it,"['bitcoin', 'scam', 'government', 'ban']",4,0,0,0
btc_00009473,2024-05-13 07:09:45,Bitcoin transaction fees too high! Unusable! 💸,btc_hodler,241,26,neutral,bitcoin transaction fees too high unusable,"['bitcoin', 'transaction', 'fee', 'high', 'unusable']",5,1,1,1
btc_00009474,2024-05-13 07:42:34,Smart money accumulating Bitcoin quietly 👀,diamond_hands,337,54,neutral,smart money accumulating bitcoin quietly,"['smart', 'money', 'accumulating', 'bitcoin', 'quietly']",5,1,2,2
btc_00009475,2024-05-13 07:03:45,DCA into Bitcoin = winning strategy 📊,diamond_hands,444,19,neutral,dca into bitcoin winning strategy,"['dca', 'bitcoin', 'winning', 'strategy']",4,1,2,2
btc_00009476,2024-05-13 07:19:29,Study shows: Bitcoin volatility decreasing over time 🎯,satoshi_fan,32,13,neutral,study shows bitcoin volatility decreasing over time,"['study', 'show', 'bitcoin', 'volatility', 'decreasing', 'time']",6,1,1,1
btc_00009477,2024-05-13 08:53:11,BITCOIN TRANSACTION FEES TOO HIGH! UNUSABLE! 💸,bull_run,123,26,neutral,bitcoin transaction fees too high unusable,"['bitcoin', 'transaction', 'fee', 'high', 'unusable']",5,1,1,1
btc_00009478,2024-05-13 08:25:44,Bitcoin mining difficulty adjusted 44%,crypto_news,5,12,neutral,bitcoin mining difficulty adjusted,"['bitcoin', 'mining', 'difficulty', 'adjusted']",4,1,0,0
btc_00009479,2024-05-13 08:48:49,Market update: Bitcoin sideways movement continues,alt_hunter,45,25,neutral,market update bitcoin sideways movement continues,"['market', 'update', 'bitcoin', 'sideways', 'movement', 'continues']",6,1,1,1
btc_00009480,2024-05-13 09:46:07,Bitcoin stock-to-flow model update: ratio adoption,sats_stacker,9,12,neutral,bitcoin stocktoflow model update ratio adoption,"['bitcoin', 'stocktoflow', 'model', 'update', 'ratio', 'adoption']",6,1,1,1
btc_00009481,2024-05-13 09:01:06,"Bitcoin = ponzi scheme, wake up people! ⚠️",crypto_analyst,46,55,neutral,bitcoin ponzi scheme wake up people,"['bitcoin', 'ponzi', 'scheme', 'wake', 'people']",5,1,1,1
btc_00009482,2024-05-13 10:54:46,Bitcoin hash ribbons indicating network congestion signal,defi_degen,39,9,neutral,bitcoin hash ribbons indicating network congestion signal,"['bitcoin', 'hash', 'ribbon', 'indicating', 'network', 'congestion', 'signal']",7,1,1,1
btc_00009483,2024-05-13 10:46:13,New Bitcoin ETF filing submitted by network congestion,sats_stacker,54,19,neutral,new bitcoin etf filing submitted by network congestion,"['new', 'bitcoin', 'etf', 'filing', 'submitted', 'network', 'congestion']",7,1,1,1
btc_00009484,2024-05-13 11:31:02,Bitcoin on-chain metrics showing mixed signals 📊,technical_ta,58,5,neutral,bitcoin onchain metrics showing mixed signals,"['bitcoin', 'onchain', 'metric', 'showing', 'mixed', 'signal']",6,1,1,1
btc_00009485,2024-05-13 11:43:02,Bitcoin on-chain metrics showing mixed signals 📊 💯,crypto_skeptic,31,10,neutral,bitcoin onchain metrics showing mixed signals,"['bitcoin', 'onchain', 'metric', 'showing', 'mixed', 'signal']",6,1,1,1
btc_00009486,2024-05-13 12:13:59,Market manipulation! Bitcoin not organic growth 😡,bitcoin_maxie,72,23,neutral,market manipulation bitcoin not organic growth,"['market', 'manipulation', 'bitcoin', 'not', 'organic', 'growth']",6,1,0,0
btc_00009487,2024-05-13 12:44:01,Bitcoin on-chain metrics showing mixed signals 📊,btc_hodler,22,17,neutral,bitcoin onchain metrics showing mixed signals,"['bitcoin', 'onchain', 'metric', 'showing', 'mixed', 'signal']",6,1,1,1
btc_00009488,2024-05-13 13:22:18,Bitcoin network upgrade scheduled for regulation,crypto_analyst,78,21,neutral,bitcoin network upgrade scheduled for regulation,"['bitcoin', 'network', 'upgrade', 'scheduled', 'regulation']",5,1,1,1
btc_00009489,2024-05-13 13:13:37,Bitcoin to the moon! 🚀 #BTC #crypto,defi_degen,231,43,positive,bitcoin to the moon btc crypto,"['bitcoin', 'moon', 'btc', 'crypto']",4,2,1,1
btc_00009490,2024-05-13 13:18:28,Just stacked more sats! Bitcoin only 🧡,crypto_skeptic,112,19,neutral,just stacked more sats bitcoin only,"['stacked', 'more', 'sat', 'bitcoin']",4,1,1,1
btc_00009491,2024-05-13 14:13:29,Study shows: Bitcoin volatility decreasing over time,crypto_news,154,43,neutral,study shows bitcoin volatility decreasing over time,"['study', 'show', 'bitcoin', 'volatility', 'decreasing', 'time']",6,1,1,1
btc_00009492,2024-05-13 14:07:17,Institutions buying Bitcoin = moon time 🌙 🔥,crypto_skeptic,614,74,positive,institutions buying bitcoin moon time,"['institution', 'buying', 'bitcoin', 'moon', 'time']",5,2,1,1
btc_00009493,2024-05-13 15:08:02,Survey: 55% of investors hold Bitcoin,crypto_bull,95,55,neutral,survey of investors hold bitcoin,"['survey', 'investor', 'hold', 'bitcoin']",4,1,1,1
btc_00009494,2024-05-13 15:16:41,Bitcoin mining centralization = big problem ⚠️,crypto_analyst,464,73,neutral,bitcoin mining centralization big problem,"['bitcoin', 'mining', 'centralization', 'big', 'problem']",5,1,0,0
btc_00009495,2024-05-13 16:58:11,Interesting Bitcoin development: Grayscale,crypto_news,122,27,neutral,interesting bitcoin development grayscale,"['interesting', 'bitcoin', 'development', 'grayscale']",4,1,2,2
btc_00009496,2024-05-13 16:17:53,Market manipulation! Bitcoin not organic growth 😡,nft_collector,410,111,neutral,market manipulation bitcoin not organic growth,"['market', 'manipulation', 'bitcoin', 'not', 'organic', 'growth']",6,1,0,0
btc_00009497,2024-05-13 16:30:02,"Bitcoin = ponzi scheme, wake up people! ⚠️",btc_hodler,359,45,neutral,bitcoin ponzi scheme wake up people,"['bitcoin', 'ponzi', 'scheme', 'wake', 'people']",5,1,1,1
btc_00009498,2024-05-13 16:57:04,BITCOIN MINING CENTRALIZATION = BIG PROBLEM ⚠️,technical_ta,290,55,neutral,bitcoin mining centralization big problem,"['bitcoin', 'mining', 'centralization', 'big', 'problem']",5,1,0,0
btc_00009499,2024-05-13 17:45:28,Bitcoin mining difficulty adjusted 60% 👀,bull_run,159,13,neutral,bitcoin mining difficulty adjusted,"['bitcoin', 'mining', 'difficulty', 'adjusted']",4,1,0,0
btc_00009500,2024-05-13 17:27:13,Bitcoin stock-to-flow model update: ratio Kraken,hodl_gang,140,3,neutral,bitcoin stocktoflow model update ratio kraken,"['bitcoin', 'stocktoflow', 'model', 'update', 'ratio', 'kraken']",6,1,1,1
btc_00009501,2024-05-13 17:29:55,Market update: Bitcoin sideways movement continues ⚡,bitcoin_maxie,148,50,neutral,market update bitcoin sideways movement continues,"['market', 'update', 'bitcoin', 'sideways', 'movement', 'continues']",6,1,1,1
btc_00009502,2024-05-13 17:51:49,Sold all my BTC before the crash! Dodged bullet 😅 💯,trading_pro,590,97,negative,sold all my btc before the crash dodged bullet,"['sold', 'btc', 'crash', 'dodged', 'bullet']",5,0,0,0
btc_00009503,2024-05-13 18:38:55,"Bitcoin dead, time to move on 💀",moon_soon,473,137,neutral,bitcoin dead time to move on,"['bitcoin', 'dead', 'time', 'move']",4,1,0,0
btc_00009504,2024-05-13 18:35:03,Market manipulation! Bitcoin not organic growth 😡,trading_pro,265,66,neutral,market manipulation bitcoin not organic growth,"['market', 'manipulation', 'bitcoin', 'not', 'organic', 'growth']",6,1,0,0
btc_00009505,2024-05-13 18:43:33,"Crypto winter is here, Bitcoin going to $38 🥶",crypto_analyst,94,128,neutral,crypto winter is here bitcoin going to,"['crypto', 'winter', 'bitcoin', 'going']",4,1,1,1
btc_00009506,2024-05-13 18:28:45,"Bitcoin dead, time to move on 💀",moon_soon,181,40,neutral,bitcoin dead time to move on,"['bitcoin', 'dead', 'time', 'move']",4,1,0,0
btc_00009507,2024-05-13 19:50:11,Bitcoin currently trading at $52244 📊,crypto_skeptic,480,468,neutral,bitcoin currently trading at,"['bitcoin', 'currently', 'trading']",3,1,1,1
btc_00009508,2024-05-13 19:18:11,Bitcoin trading range: $51199 - $53289 🎯,whale_watcher,72,51,neutral,bitcoin trading range,"['bitcoin', 'trading', 'range']",3,1,1,1
btc_00009509,2024-05-13 19:57:51,Whales dumping BTC! Retail getting rekt 🐋,moon_soon,217,42,neutral,whales dumping btc retail getting rekt,"['whale', 'dumping', 'btc', 'retail', 'getting', 'rekt']",6,1,0,0
btc_00009510,2024-05-13 19:24:38,Bitcoin breaking resistance! Bullish trend incoming 📈,bitcoin_maxie,658,22,positive,bitcoin breaking resistance bullish trend incoming,"['bitcoin', 'breaking', 'resistance', 'bullish', 'trend', 'incoming']",6,2,1,1
btc_00009511,2024-05-13 19:58:44,"BITCOIN DOMINANCE AT 53%, ALTCOINS STRUGGLING",crypto_trader,63,47,neutral,bitcoin dominance at altcoins struggling,"['bitcoin', 'dominance', 'altcoins', 'struggling']",4,1,0,1
btc_00009512,2024-05-13 20:11:46,Bitcoin > everything else. Change my mind 💪,whale_watcher,145,32,neutral,bitcoin everything else change my mind,"['bitcoin', 'everything', 'else', 'change', 'mind']",5,1,1,1
btc_00009513,2024-05-13 20:43:28,Amazing gains on Bitcoin today! Up 9% 🎉,alt_hunter,411,133,neutral,amazing gains on bitcoin today up,"['amazing', 'gain', 'bitcoin', 'today']",4,1,2,2
btc_00009514,2024-05-13 21:25:56,NEW BITCOIN ETF FILING SUBMITTED BY TECHNOLOGY UPGRADE,btc_hodler,99,42,neutral,new bitcoin etf filing submitted by technology upgrade,"['new', 'bitcoin', 'etf', 'filing', 'submitted', 'technology', 'upgrade']",7,1,1,1
btc_00009515,2024-05-13 21:42:13,Market update: Bitcoin sideways movement continues,trading_pro,20,41,neutral,market update bitcoin sideways movement continues,"['market', 'update', 'bitcoin', 'sideways', 'movement', 'continues']",6,1,1,1
btc_00009516,2024-05-13 21:07:58,Institutional Bitcoin holdings update: Tesla BTC ⚡,diamond_hands,57,45,neutral,institutional bitcoin holdings update tesla btc,"['institutional', 'bitcoin', 'holding', 'update', 'tesla', 'btc']",6,1,1,1
btc_00009517,2024-05-13 22:49:53,BTC HODLERS BEING REWARDED! DIAMOND HANDS WIN 💎,moon_soon,90,256,neutral,btc hodlers being rewarded diamond hands win,"['btc', 'hodlers', 'rewarded', 'diamond', 'hand', 'win']",6,1,2,2
btc_00009518,2024-05-13 22:29:49,BTC pumping hard! This is just the beginning 🔥,whale_watcher,205,36,neutral,btc pumping hard this is just the beginning,"['btc', 'pumping', 'hard', 'beginning']",4,1,0,1
btc_00009519,2024-05-13 22:01:07,Bitcoin adoption growing massively! Bullish 📊,technical_ta,904,309,positive,bitcoin adoption growing massively bullish,"['bitcoin', 'adoption', 'growing', 'massively', 'bullish']",5,2,2,2
btc_00009520,2024-05-13 23:22:55,Bitcoin fear & greed at extreme levels! Crash coming 😰,bitcoin_maxie,107,38,negative,bitcoin fear greed at extreme levels crash coming,"['bitcoin', 'fear', 'greed', 'extreme', 'level', 'crash', 'coming']",7,0,0,0
btc_00009521,2024-05-13 23:40:22,Bitcoin network upgrade scheduled for Blackrock,sats_stacker,37,3,neutral,bitcoin network upgrade scheduled for blackrock,"['bitcoin', 'network', 'upgrade', 'scheduled', 'blackrock']",5,1,1,1
btc_00009522,2024-05-13 23:39:03,Bitcoin network upgrade scheduled for institutional buying,crypto_analyst,61,8,neutral,bitcoin network upgrade scheduled for institutional buying,"['bitcoin', 'network', 'upgrade', 'scheduled', 'institutional', 'buying']",6,1,1,1
btc_00009523,2024-05-14 00:18:59,"Bitcoin volume increasing, watching closely 👀",bull_run,7,11,neutral,bitcoin volume increasing watching closely,"['bitcoin', 'volume', 'increasing', 'watching', 'closely']",5,1,1,1
btc_00009524,2024-05-14 00:15:26,BITCOIN HASH RIBBONS INDICATING SQUARE SIGNAL,sats_stacker,43,1,neutral,bitcoin hash ribbons indicating square signal,"['bitcoin', 'hash', 'ribbon', 'indicating', 'square', 'signal']",6,1,1,1
btc_00009525,2024-05-14 01:39:50,Bitcoin overvalued at current prices! Correction needed ⬇️,bitcoin_og,161,28,neutral,bitcoin overvalued at current prices correction needed,"['bitcoin', 'overvalued', 'current', 'price', 'correction', 'needed']",6,1,1,1
btc_00009526,2024-05-14 01:41:43,TETHER FUD AFFECTING BITCOIN PRICE! NOT GOOD 😬,bitcoin_maxie,57,60,positive,tether fud affecting bitcoin price not good,"['tether', 'fud', 'affecting', 'bitcoin', 'price', 'not', 'good']",7,2,0,0
btc_00009527,2024-05-14 01:06:19,BITCOIN HASHRATE AT ATH! NETWORK SECURITY = BULLISH 🔒,crypto_news,108,38,positive,bitcoin hashrate at ath network security bullish,"['bitcoin', 'hashrate', 'ath', 'network', 'security', 'bullish']",6,2,2,2
btc_00009528,2024-05-14 01:44:07,"Bitcoin scam, government will ban it! ⚠️",satoshi_fan,169,10,negative,bitcoin scam government will ban it,"['bitcoin', 'scam', 'government', 'ban']",4,0,0,0
btc_00009529,2024-05-14 01:20:16,"BTC dump incoming, get out while you can! 🔻 ⚡",crypto_analyst,259,50,negative,btc dump incoming get out while you can,"['btc', 'dump', 'incoming', 'get']",4,0,0,0
btc_00009530,2024-05-14 01:30:55,BITCOIN > EVERYTHING ELSE. CHANGE MY MIND 💪,defi_degen,249,76,neutral,bitcoin everything else change my mind,"['bitcoin', 'everything', 'else', 'change', 'mind']",5,1,1,1
btc_00009531,2024-05-14 02:34:12,INTERESTING BITCOIN DEVELOPMENT: INSTITUTIONAL BUYING,on_chain_data,55,13,neutral,interesting bitcoin development institutional buying,"['interesting', 'bitcoin', 'development', 'institutional', 'buying']",5,1,2,2
btc_00009532,2024-05-14 02:13:46,"Bitcoin volume increasing, watching closely 👀",nft_collector,666,238,neutral,bitcoin volume increasing watching closely,"['bitcoin', 'volume', 'increasing', 'watching', 'closely']",5,1,1,1
btc_00009533,2024-05-14 02:30:11,Bitcoin network upgrade scheduled for regulation,whale_watcher,11,18,neutral,bitcoin network upgrade scheduled for regulation,"['bitcoin', 'network', 'upgrade', 'scheduled', 'regulation']",5,1,1,1
btc_00009534,2024-05-14 02:25:46,Market manipulation! Bitcoin not organic growth 😡,hodl_gang,180,51,neutral,market manipulation bitcoin not organic growth,"['market', 'manipulation', 'bitcoin', 'not', 'organic', 'growth']",6,1,0,0
btc_00009535,2024-05-14 03:14:57,Best decision ever: buying Bitcoin! 🙌 👀,btc_miner,623,84,positive,best decision ever buying bitcoin,"['best', 'decision', 'ever', 'buying', 'bitcoin']",5,2,2,2
btc_00009536,2024-05-14 03:59:35,"BTC dump incoming, get out while you can! 🔻",satoshi_fan,294,35,negative,btc dump incoming get out while you can,"['btc', 'dump', 'incoming', 'get']",4,0,0,0
btc_00009537,2024-05-14 04:19:31,Lost 14% on Bitcoin this week... brutal 💔 💰,on_chain_data,160,5,neutral,lost on bitcoin this week brutal,"['lost', 'bitcoin', 'week', 'brutal']",4,1,0,0
btc_00009538,2024-05-14 05:02:49,BTC technical analysis shows strong uptrend ↗️,crypto_skeptic,249,41,neutral,btc technical analysis shows strong uptrend,"['btc', 'technical', 'analysis', 'show', 'strong', 'uptrend']",6,1,2,2
btc_00009539,2024-05-14 05:03:13,Study shows: Bitcoin volatility decreasing over time,technical_ta,77,28,neutral,study shows bitcoin volatility decreasing over time,"['study', 'show', 'bitcoin', 'volatility', 'decreasing', 'time']",6,1,1,1
btc_00009540,2024-05-14 05:23:13,Bitcoin stock-to-flow model update: ratio Binance,hodl_gang,68,30,neutral,bitcoin stocktoflow model update ratio binance,"['bitcoin', 'stocktoflow', 'model', 'update', 'ratio', 'binance']",6,1,1,1
btc_00009541,2024-05-14 05:04:56,Technical analysis shows Bitcoin crash to $37 📉,satoshi_fan,113,22,negative,technical analysis shows bitcoin crash to,"['technical', 'analysis', 'show', 'bitcoin', 'crash']",5,0,0,0
btc_00009542,2024-05-14 06:28:24,BITCOIN > EVERYTHING ELSE. CHANGE MY MIND 💪,diamond_hands,226,88,neutral,bitcoin everything else change my mind,"['bitcoin', 'everything', 'else', 'change', 'mind']",5,1,1,1
btc_00009543,2024-05-14 06:50:39,Just stacked more sats! Bitcoin only 🧡,whale_watcher,401,67,neutral,just stacked more sats bitcoin only,"['stacked', 'more', 'sat', 'bitcoin']",4,1,1,1
btc_00009544,2024-05-14 06:18:13,Bitcoin mining centralization = big problem ⚠️,on_chain_data,1360,120,neutral,bitcoin mining centralization big problem,"['bitcoin', 'mining', 'centralization', 'big', 'problem']",5,1,0,0
btc_00009545,2024-05-14 06:55:19,Bitcoin adoption growing massively! Bullish 📊,btc_miner,176,37,positive,bitcoin adoption growing massively bullish,"['bitcoin', 'adoption', 'growing', 'massively', 'bullish']",5,2,2,2
btc_00009546,2024-05-14 07:15:21,Survey: 47% of investors hold Bitcoin,trading_pro,19,2,neutral,survey of investors hold bitcoin,"['survey', 'investor', 'hold', 'bitcoin']",4,1,1,1
btc_00009547,2024-05-14 07:58:02,"Bitcoin volume increasing, watching closely 👀",nft_collector,50,10,neutral,bitcoin volume increasing watching closely,"['bitcoin', 'volume', 'increasing', 'watching', 'closely']",5,1,1,1
btc_00009548,2024-05-14 07:42:54,"BTC dump incoming, get out while you can! 🔻",defi_degen,115,20,negative,btc dump incoming get out while you can,"['btc', 'dump', 'incoming', 'get']",4,0,0,0
btc_00009549,2024-05-14 08:49:41,Bitcoin adoption growing massively! Bullish 📊,fundamental,79,56,positive,bitcoin adoption growing massively bullish,"['bitcoin', 'adoption', 'growing', 'massively', 'bullish']",5,2,2,2
btc_00009550,2024-05-14 08:24:31,Bitcoin breaking resistance! Bullish trend incoming 📈,fundamental,474,122,positive,bitcoin breaking resistance bullish trend incoming,"['bitcoin', 'breaking', 'resistance', 'bullish', 'trend', 'incoming']",6,2,1,1
btc_00009551,2024-05-14 08:59:34,Institutional Bitcoin holdings update: Grayscale BTC 🚨,whale_watcher,74,4,neutral,institutional bitcoin holdings update grayscale btc,"['institutional', 'bitcoin', 'holding', 'update', 'grayscale', 'btc']",6,1,1,1
btc_00009552,2024-05-14 09:26:01,LOST 25% ON BITCOIN THIS WEEK... BRUTAL 💔,alt_hunter,119,19,neutral,lost on bitcoin this week brutal,"['lost', 'bitcoin', 'week', 'brutal']",4,1,0,0
btc_00009553,2024-05-14 10:05:54,Amazing gains on Bitcoin today! Up 9% 🎉,crypto_analyst,1416,858,neutral,amazing gains on bitcoin today up,"['amazing', 'gain', 'bitcoin', 'today']",4,1,2,2
btc_00009554,2024-05-14 10:43:36,"Bitcoin dead, time to move on 💀",diamond_hands,25,31,neutral,bitcoin dead time to move on,"['bitcoin', 'dead', 'time', 'move']",4,1,0,0
btc_00009555,2024-05-14 10:54:33,"Bitcoin dominance at 51%, altcoins struggling",fundamental,22,11,neutral,bitcoin dominance at altcoins struggling,"['bitcoin', 'dominance', 'altcoins', 'struggling']",4,1,0,1
btc_00009556,2024-05-14 10:57:46,Interesting Bitcoin development: regulation,satoshi_fan,22,3,neutral,interesting bitcoin development regulation,"['interesting', 'bitcoin', 'development', 'regulation']",4,1,2,2
btc_00009557,2024-05-14 10:48:28,Best performing asset: #Bitcoin 🏆,sats_stacker,2120,600,positive,best performing asset bitcoin,"['best', 'performing', 'asset', 'bitcoin']",4,2,2,2
btc_00009558,2024-05-14 11:34:00,BITCOIN HASH RIBBONS INDICATING TESLA SIGNAL ⚡,bull_run,9,15,neutral,bitcoin hash ribbons indicating tesla signal,"['bitcoin', 'hash', 'ribbon', 'indicating', 'tesla', 'signal']",6,1,1,1
btc_00009559,2024-05-14 11:37:35,Analyzing Bitcoin chart patterns today 📈 🎯,on_chain_data,40,15,neutral,analyzing bitcoin chart patterns today,"['analyzing', 'bitcoin', 'chart', 'pattern', 'today']",5,1,1,1
btc_00009560,2024-05-14 11:00:33,Bitcoin stock-to-flow model update: ratio institutional buying,crypto_trader,23,20,neutral,bitcoin stocktoflow model update ratio institutional buying,"['bitcoin', 'stocktoflow', 'model', 'update', 'ratio', 'institutional', 'buying']",7,1,1,1
btc_00009561,2024-05-14 12:07:37,Bitcoin transaction fees too high! Unusable! 💸,fundamental,37,55,neutral,bitcoin transaction fees too high unusable,"['bitcoin', 'transaction', 'fee', 'high', 'unusable']",5,1,1,1
btc_00009562,2024-05-14 12:23:03,BTC hodlers being rewarded! Diamond hands win 💎,bear_market,204,69,neutral,btc hodlers being rewarded diamond hands win,"['btc', 'hodlers', 'rewarded', 'diamond', 'hand', 'win']",6,1,2,2
btc_00009563,2024-05-14 12:17:38,Lost 19% on Bitcoin this week... brutal 💔,bitcoin_og,247,11,neutral,lost on bitcoin this week brutal,"['lost', 'bitcoin', 'week', 'brutal']",4,1,0,0
btc_00009564,2024-05-14 12:49:53,Whales dumping BTC! Retail getting rekt 🐋,trading_pro,115,7,neutral,whales dumping btc retail getting rekt,"['whale', 'dumping', 'btc', 'retail', 'getting', 'rekt']",6,1,0,0
btc_00009565,2024-05-14 12:49:54,"Bitcoin dominance at 60%, altcoins struggling",chart_master,94,13,neutral,bitcoin dominance at altcoins struggling,"['bitcoin', 'dominance', 'altcoins', 'struggling']",4,1,0,1
btc_00009566,2024-05-14 12:31:02,Bitcoin overvalued at current prices! Correction needed ⬇️,moon_soon,141,68,neutral,bitcoin overvalued at current prices correction needed,"['bitcoin', 'overvalued', 'current', 'price', 'correction', 'needed']",6,1,1,1
btc_00009567,2024-05-14 13:06:33,Bitcoin > everything else. Change my mind 💪,chart_master,137,152,neutral,bitcoin everything else change my mind,"['bitcoin', 'everything', 'else', 'change', 'mind']",5,1,1,1
btc_00009568,2024-05-14 13:50:40,Study shows: Bitcoin volatility decreasing over time,diamond_hands,23,11,neutral,study shows bitcoin volatility decreasing over time,"['study', 'show', 'bitcoin', 'volatility', 'decreasing', 'time']",6,1,1,1
btc_00009569,2024-05-14 13:27:23,BTC holding steady at PayPal support level 💯,btc_hodler,8,15,neutral,btc holding steady at paypal support level,"['btc', 'holding', 'steady', 'paypal', 'support', 'level']",6,1,2,2
btc_00009570,2024-05-14 13:09:54,Bitcoin looking strong at $76 resistance broken!,crypto_trader,174,77,neutral,bitcoin looking strong at resistance broken,"['bitcoin', 'looking', 'strong', 'resistance', 'broken']",5,1,2,2
btc_00009571,2024-05-14 14:43:16,Bitcoin network upgrade scheduled for Tesla 💯,sats_stacker,141,35,neutral,bitcoin network upgrade scheduled for tesla,"['bitcoin', 'network', 'upgrade', 'scheduled', 'tesla']",5,1,1,1
btc_00009572,2024-05-14 14:26:00,"CRYPTO WINTER IS HERE, BITCOIN GOING TO $31 🥶 👀",diamond_hands,466,116,neutral,crypto winter is here bitcoin going to,"['crypto', 'winter', 'bitcoin', 'going']",4,1,1,1
btc_00009573,2024-05-14 14:33:34,Institutions buying Bitcoin = moon time 🌙,bitcoin_og,166,171,positive,institutions buying bitcoin moon time,"['institution', 'buying', 'bitcoin', 'moon', 'time']",5,2,1,1
btc_00009574,2024-05-14 14:51:23,BTC pumping hard! This is just the beginning 🔥,crypto_analyst,206,109,neutral,btc pumping hard this is just the beginning,"['btc', 'pumping', 'hard', 'beginning']",4,1,0,1
btc_00009575,2024-05-14 14:03:05,Lost 8% on Bitcoin this week... brutal 💔,diamond_hands,501,174,neutral,lost on bitcoin this week brutal,"['lost', 'bitcoin', 'week', 'brutal']",4,1,0,0
btc_00009576,2024-05-14 15:49:11,"Bearish on Bitcoin, downtrend confirmed 🐻",diamond_hands,509,97,negative,bearish on bitcoin downtrend confirmed,"['bearish', 'bitcoin', 'downtrend', 'confirmed']",4,0,1,1
btc_00009577,2024-05-14 15:56:31,"Bearish on Bitcoin, downtrend confirmed 🐻",bitcoin_maxie,417,108,negative,bearish on bitcoin downtrend confirmed,"['bearish', 'bitcoin', 'downtrend', 'confirmed']",4,0,1,1
btc_00009578,2024-05-14 16:26:38,Lost 24% on Bitcoin this week... brutal 💔,bull_run,498,23,neutral,lost on bitcoin this week brutal,"['lost', 'bitcoin', 'week', 'brutal']",4,1,0,0
btc_00009579,2024-05-14 16:20:05,Institutional Bitcoin holdings update: PayPal BTC,diamond_hands,93,39,neutral,institutional bitcoin holdings update paypal btc,"['institutional', 'bitcoin', 'holding', 'update', 'paypal', 'btc']",6,1,1,1
btc_00009580,2024-05-14 16:40:21,"Bitcoin volume increasing, watching closely 👀",satoshi_fan,56,33,neutral,bitcoin volume increasing watching closely,"['bitcoin', 'volume', 'increasing', 'watching', 'closely']",5,1,1,1
btc_00009581,2024-05-14 17:07:26,LOST SO MUCH ON BITCOIN... NEVER AGAIN 😭,bitcoin_og,407,66,neutral,lost so much on bitcoin never again,"['lost', 'much', 'bitcoin', 'never']",4,1,0,0
btc_00009582,2024-05-14 17:33:41,Market manipulation! Bitcoin not organic growth 😡,bear_market,3610,280,neutral,market manipulation bitcoin not organic growth,"['market', 'manipulation', 'bitcoin', 'not', 'organic', 'growth']",6,1,0,0
btc_00009583,2024-05-14 17:47:01,Bitcoin mining difficulty adjusted 49%,bull_run,60,44,neutral,bitcoin mining difficulty adjusted,"['bitcoin', 'mining', 'difficulty', 'adjusted']",4,1,0,0
btc_00009584,2024-05-14 18:09:07,Lost so much on Bitcoin... never again 😭 💰,btc_hodler,122,10,neutral,lost so much on bitcoin never again,"['lost', 'much', 'bitcoin', 'never']",4,1,0,0
btc_00009585,2024-05-14 18:25:53,New Bitcoin ETF filing submitted by Coinbase ⚡,btc_hodler,47,29,neutral,new bitcoin etf filing submitted by coinbase,"['new', 'bitcoin', 'etf', 'filing', 'submitted', 'coinbase']",6,1,1,1
btc_00009586,2024-05-14 18:45:20,"Bitcoin dead, time to move on 💀",bitcoin_og,451,144,neutral,bitcoin dead time to move on,"['bitcoin', 'dead', 'time', 'move']",4,1,0,0
btc_00009587,2024-05-14 19:56:24,"Bearish on Bitcoin, downtrend confirmed 🐻 👀",chart_master,504,136,negative,bearish on bitcoin downtrend confirmed,"['bearish', 'bitcoin', 'downtrend', 'confirmed']",4,0,1,1
btc_00009588,2024-05-14 19:51:15,BITCOIN ON-CHAIN METRICS SHOWING MIXED SIGNALS 📊,trading_pro,170,48,neutral,bitcoin onchain metrics showing mixed signals,"['bitcoin', 'onchain', 'metric', 'showing', 'mixed', 'signal']",6,1,1,1
btc_00009589,2024-05-14 20:29:05,Bitcoin currently trading at $52254 📊,bull_run,21,21,neutral,bitcoin currently trading at,"['bitcoin', 'currently', 'trading']",3,1,1,1
btc_00009590,2024-05-14 20:27:29,Institutions buying Bitcoin = moon time 🌙,nft_collector,535,191,positive,institutions buying bitcoin moon time,"['institution', 'buying', 'bitcoin', 'moon', 'time']",5,2,1,1
btc_00009591,2024-05-14 21:45:20,BITCOIN CURRENTLY TRADING AT $51662 📊,bitcoin_og,97,34,neutral,bitcoin currently trading at,"['bitcoin', 'currently', 'trading']",3,1,1,1
btc_00009592,2024-05-14 22:45:44,REGULATORY PRESSURE KILLING BITCOIN! BE CAREFUL! ⚖️,fundamental,66,19,neutral,regulatory pressure killing bitcoin be careful,"['regulatory', 'pressure', 'killing', 'bitcoin', 'careful']",5,1,0,0
btc_00009593,2024-05-14 22:28:20,"BITCOIN DOMINANCE AT 43%, ALTCOINS STRUGGLING",crypto_analyst,191,32,neutral,bitcoin dominance at altcoins struggling,"['bitcoin', 'dominance', 'altcoins', 'struggling']",4,1,0,1
btc_00009594,2024-05-14 23:33:41,Best decision ever: buying Bitcoin! 🙌,btc_hodler,66,56,positive,best decision ever buying bitcoin,"['best', 'decision', 'ever', 'buying', 'bitcoin']",5,2,2,2
btc_00009595,2024-05-14 23:06:38,Sold all my BTC before the crash! Dodged bullet 😅 💯,satoshi_fan,188,37,negative,sold all my btc before the crash dodged bullet,"['sold', 'btc', 'crash', 'dodged', 'bullet']",5,0,0,0
btc_00009596,2024-05-14 23:58:09,"Bitcoin dominance at 44%, altcoins struggling",fundamental,34,11,neutral,bitcoin dominance at altcoins struggling,"['bitcoin', 'dominance', 'altcoins', 'struggling']",4,1,0,1
btc_00009597,2024-05-14 23:38:56,Bitcoin > everything else. Change my mind 💪,satoshi_fan,40,31,neutral,bitcoin everything else change my mind,"['bitcoin', 'everything', 'else', 'change', 'mind']",5,1,1,1
btc_00009598,2024-05-14 23:25:10,Lost 20% on Bitcoin this week... brutal 💔,trading_pro,2652,390,neutral,lost on bitcoin this week brutal,"['lost', 'bitcoin', 'week', 'brutal']",4,1,0,0
btc_00009599,2024-05-14 23:35:43,"Bitcoin scam, government will ban it! ⚠️",satoshi_fan,91,29,negative,bitcoin scam government will ban it,"['bitcoin', 'scam', 'government', 'ban']",4,0,0,0
btc_00009600,2024-05-15 00:21:01,"BTC dump incoming, get out while you can! 🔻",nft_collector,53,65,negative,btc dump incoming get out while you can,"['btc', 'dump', 'incoming', 'get']",4,0,0,0
btc_00009601,2024-05-15 00:33:53,"Bitcoin = ponzi scheme, wake up people! ⚠️ 👀",bull_run,209,26,neutral,bitcoin ponzi scheme wake up people,"['bitcoin', 'ponzi', 'scheme', 'wake', 'people']",5,1,1,1
btc_00009602,2024-05-15 00:56:32,Best decision ever: buying Bitcoin! 🙌,technical_ta,278,134,positive,best decision ever buying bitcoin,"['best', 'decision', 'ever', 'buying', 'bitcoin']",5,2,2,2
btc_00009603,2024-05-15 01:18:58,Institutional Bitcoin holdings update: Binance BTC,crypto_trader,40,4,neutral,institutional bitcoin holdings update binance btc,"['institutional', 'bitcoin', 'holding', 'update', 'binance', 'btc']",6,1,1,1
btc_00009604,2024-05-15 02:56:10,Bitcoin on-chain metrics showing mixed signals 📊,btc_hodler,70,27,neutral,bitcoin onchain metrics showing mixed signals,"['bitcoin', 'onchain', 'metric', 'showing', 'mixed', 'signal']",6,1,1,1
btc_00009605,2024-05-15 02:20:59,Best decision ever: buying Bitcoin! 🙌,defi_degen,550,149,positive,best decision ever buying bitcoin,"['best', 'decision', 'ever', 'buying', 'bitcoin']",5,2,2,2
btc_00009606,2024-05-15 03:36:47,"Crypto winter is here, Bitcoin going to $27 🥶",crypto_news,173,30,neutral,crypto winter is here bitcoin going to,"['crypto', 'winter', 'bitcoin', 'going']",4,1,1,1
btc_00009607,2024-05-15 03:53:04,Bitcoin mining difficulty adjusted 59%,chart_master,15,13,neutral,bitcoin mining difficulty adjusted,"['bitcoin', 'mining', 'difficulty', 'adjusted']",4,1,0,0
btc_00009608,2024-05-15 03:11:23,BTC hodlers being rewarded! Diamond hands win 💎,crypto_analyst,534,17,neutral,btc hodlers being rewarded diamond hands win,"['btc', 'hodlers', 'rewarded', 'diamond', 'hand', 'win']",6,1,2,2
btc_00009609,2024-05-15 03:50:25,New Bitcoin ETF filing submitted by Tesla,nft_collector,20,12,neutral,new bitcoin etf filing submitted by tesla,"['new', 'bitcoin', 'etf', 'filing', 'submitted', 'tesla']",6,1,1,1
btc_00009610,2024-05-15 04:45:22,Best decision ever: buying Bitcoin! 🙌,fundamental,240,138,positive,best decision ever buying bitcoin,"['best', 'decision', 'ever', 'buying', 'bitcoin']",5,2,2,2
btc_00009611,2024-05-15 04:07:02,Smart money accumulating Bitcoin quietly 👀,defi_degen,43,13,neutral,smart money accumulating bitcoin quietly,"['smart', 'money', 'accumulating', 'bitcoin', 'quietly']",5,1,2,2
btc_00009612,2024-05-15 04:05:19,Study shows: Bitcoin volatility decreasing over time,nft_collector,52,22,neutral,study shows bitcoin volatility decreasing over time,"['study', 'show', 'bitcoin', 'volatility', 'decreasing', 'time']",6,1,1,1
btc_00009613,2024-05-15 05:59:22,Bitcoin breaking resistance! Bullish trend incoming 📈,moon_soon,270,6,positive,bitcoin breaking resistance bullish trend incoming,"['bitcoin', 'breaking', 'resistance', 'bullish', 'trend', 'incoming']",6,2,1,1
btc_00009614,2024-05-15 05:08:00,Long-term Bitcoin holders not selling 🔒,defi_degen,58,12,neutral,longterm bitcoin holders not selling,"['longterm', 'bitcoin', 'holder', 'not', 'selling']",5,1,1,1
btc_00009615,2024-05-15 05:31:47,Bitcoin fear & greed at extreme levels! Crash coming 😰,btc_hodler,161,11,negative,bitcoin fear greed at extreme levels crash coming,"['bitcoin', 'fear', 'greed', 'extreme', 'level', 'crash', 'coming']",7,0,0,0
btc_00009616,2024-05-15 05:35:26,Bitcoin trading range: $49899 - $51936,diamond_hands,53,13,neutral,bitcoin trading range,"['bitcoin', 'trading', 'range']",3,1,1,1
btc_00009617,2024-05-15 06:56:53,Bitcoin hash ribbons indicating regulation signal,hodl_gang,42,11,neutral,bitcoin hash ribbons indicating regulation signal,"['bitcoin', 'hash', 'ribbon', 'indicating', 'regulation', 'signal']",6,1,1,1
btc_00009618,2024-05-15 06:58:09,Best decision ever: buying Bitcoin! 🙌 🚨,whale_watcher,185,104,positive,best decision ever buying bitcoin,"['best', 'decision', 'ever', 'buying', 'bitcoin']",5,2,2,2
btc_00009619,2024-05-15 06:22:42,"Bitcoin volume increasing, watching closely 👀 👀",satoshi_fan,66,8,neutral,bitcoin volume increasing watching closely,"['bitcoin', 'volume', 'increasing', 'watching', 'closely']",5,1,1,1
btc_00009620,2024-05-15 06:47:04,Long-term Bitcoin holders not selling 🔒,defi_degen,36,18,neutral,longterm bitcoin holders not selling,"['longterm', 'bitcoin', 'holder', 'not', 'selling']",5,1,1,1
btc_00009621,2024-05-15 06:19:46,Bullish on #Bitcoin! Target: $77k 🚀,bear_market,257,39,positive,bullish on bitcoin target k,"['bullish', 'bitcoin', 'target']",3,2,1,1
btc_00009622,2024-05-15 06:42:46,Bitcoin correlation with stocks remains high 📊,bull_run,21,2,neutral,bitcoin correlation with stocks remains high,"['bitcoin', 'correlation', 'stock', 'remains', 'high']",5,1,1,1
btc_00009623,2024-05-15 07:34:27,Amazing gains on Bitcoin today! Up 3% 🎉 🎯,trading_pro,110,61,neutral,amazing gains on bitcoin today up,"['amazing', 'gain', 'bitcoin', 'today']",4,1,2,2
btc_00009624,2024-05-15 07:24:44,Market update: Bitcoin sideways movement continues,nft_collector,53,18,neutral,market update bitcoin sideways movement continues,"['market', 'update', 'bitcoin', 'sideways', 'movement', 'continues']",6,1,1,1
btc_00009625,2024-05-15 08:49:54,Whales dumping BTC! Retail getting rekt 🐋,alt_hunter,165,42,neutral,whales dumping btc retail getting rekt,"['whale', 'dumping', 'btc', 'retail', 'getting', 'rekt']",6,1,0,0
btc_00009626,2024-05-15 09:34:37,"Bitcoin scam, government will ban it! ⚠️",diamond_hands,132,26,negative,bitcoin scam government will ban it,"['bitcoin', 'scam', 'government', 'ban']",4,0,0,0
btc_00009627,2024-05-15 09:03:21,LONG-TERM BITCOIN HOLDERS NOT SELLING 🔒,btc_hodler,13,11,neutral,longterm bitcoin holders not selling,"['longterm', 'bitcoin', 'holder', 'not', 'selling']",5,1,1,1
btc_00009628,2024-05-15 09:04:16,BITCOIN FEAR & GREED AT EXTREME LEVELS! CRASH COMING 😰,btc_miner,176,39,negative,bitcoin fear greed at extreme levels crash coming,"['bitcoin', 'fear', 'greed', 'extreme', 'level', 'crash', 'coming']",7,0,0,0
btc_00009629,2024-05-15 10:01:13,BTC technical analysis shows strong uptrend ↗️,defi_degen,213,73,neutral,btc technical analysis shows strong uptrend,"['btc', 'technical', 'analysis', 'show', 'strong', 'uptrend']",6,1,2,2
btc_00009630,2024-05-15 10:49:03,BTC TECHNICAL ANALYSIS SHOWS STRONG UPTREND ↗️,trading_pro,486,36,neutral,btc technical analysis shows strong uptrend,"['btc', 'technical', 'analysis', 'show', 'strong', 'uptrend']",6,1,2,2
btc_00009631,2024-05-15 10:02:38,BTC technical analysis shows strong uptrend ↗️,moon_soon,472,68,neutral,btc technical analysis shows strong uptrend,"['btc', 'technical', 'analysis', 'show', 'strong', 'uptrend']",6,1,2,2
btc_00009632,2024-05-15 10:15:23,"Bitcoin will hit $61k this year, mark my words! 📈",bear_market,85,29,neutral,bitcoin will hit k this year mark my words,"['bitcoin', 'hit', 'year', 'mark', 'word']",5,1,1,1
btc_00009633,2024-05-15 10:03:47,Interesting Bitcoin development: mining ban,crypto_bull,10,2,neutral,interesting bitcoin development mining ban,"['interesting', 'bitcoin', 'development', 'mining', 'ban']",5,1,0,1
btc_00009634,2024-05-15 10:52:57,Institutions buying Bitcoin = moon time 🌙,technical_ta,246,15,positive,institutions buying bitcoin moon time,"['institution', 'buying', 'bitcoin', 'moon', 'time']",5,2,1,1
btc_00009635,2024-05-15 11:21:37,Just bought more $BTC! HODL strong 💎🙌 ⚡,btc_miner,264,6,positive,just bought more btc hodl strong,"['bought', 'more', 'btc', 'hodl', 'strong']",5,2,2,2
btc_00009636,2024-05-15 11:44:28,"Bitcoin will hit $75k this year, mark my words! 📈",diamond_hands,188,48,neutral,bitcoin will hit k this year mark my words,"['bitcoin', 'hit', 'year', 'mark', 'word']",5,1,1,1
btc_00009637,2024-05-15 11:22:05,"Bitcoin scam, government will ban it! ⚠️",nft_collector,1062,770,negative,bitcoin scam government will ban it,"['bitcoin', 'scam', 'government', 'ban']",4,0,0,0
btc_00009638,2024-05-15 12:00:19,Bitcoin fear & greed at extreme levels! Crash coming 😰,alt_hunter,238,44,negative,bitcoin fear greed at extreme levels crash coming,"['bitcoin', 'fear', 'greed', 'extreme', 'level', 'crash', 'coming']",7,0,0,0
btc_00009639,2024-05-15 13:15:42,Analyzing Bitcoin chart patterns today 📈,crypto_skeptic,26,29,neutral,analyzing bitcoin chart patterns today,"['analyzing', 'bitcoin', 'chart', 'pattern', 'today']",5,1,1,1
btc_00009640,2024-05-15 13:49:12,Interesting Bitcoin development: technology upgrade 💰,sats_stacker,72,2,neutral,interesting bitcoin development technology upgrade,"['interesting', 'bitcoin', 'development', 'technology', 'upgrade']",5,1,2,2
btc_00009641,2024-05-15 14:42:49,Smart money accumulating Bitcoin quietly 👀,chart_master,1004,207,neutral,smart money accumulating bitcoin quietly,"['smart', 'money', 'accumulating', 'bitcoin', 'quietly']",5,1,2,2
btc_00009642,2024-05-15 14:57:19,Best decision ever: buying Bitcoin! 🙌,crypto_analyst,745,114,positive,best decision ever buying bitcoin,"['best', 'decision', 'ever', 'buying', 'bitcoin']",5,2,2,2
btc_00009643,2024-05-15 15:51:27,DCA into Bitcoin = winning strategy 📊 👀,satoshi_fan,872,70,neutral,dca into bitcoin winning strategy,"['dca', 'bitcoin', 'winning', 'strategy']",4,1,2,2
btc_00009644,2024-05-15 15:00:56,Bitcoin adoption growing massively! Bullish 📊,sats_stacker,1020,43,positive,bitcoin adoption growing massively bullish,"['bitcoin', 'adoption', 'growing', 'massively', 'bullish']",5,2,2,2
btc_00009645,2024-05-15 16:53:46,Bitcoin fear & greed at extreme levels! Crash coming 😰,btc_hodler,327,21,negative,bitcoin fear greed at extreme levels crash coming,"['bitcoin', 'fear', 'greed', 'extreme', 'level', 'crash', 'coming']",7,0,0,0
btc_00009646,2024-05-15 16:55:29,"BITCOIN VOLUME INCREASING, WATCHING CLOSELY 👀",crypto_bull,227,38,neutral,bitcoin volume increasing watching closely,"['bitcoin', 'volume', 'increasing', 'watching', 'closely']",5,1,1,1
btc_00009647,2024-05-15 17:03:09,Survey: 53% of investors hold Bitcoin,crypto_analyst,68,21,neutral,survey of investors hold bitcoin,"['survey', 'investor', 'hold', 'bitcoin']",4,1,1,1
btc_00009648,2024-05-15 17:05:59,Tether FUD affecting Bitcoin price! Not good 😬,diamond_hands,238,8,positive,tether fud affecting bitcoin price not good,"['tether', 'fud', 'affecting', 'bitcoin', 'price', 'not', 'good']",7,2,0,0
btc_00009649,2024-05-15 17:35:30,TECHNICAL ANALYSIS SHOWS BITCOIN CRASH TO $40 📉,chart_master,318,88,negative,technical analysis shows bitcoin crash to,"['technical', 'analysis', 'show', 'bitcoin', 'crash']",5,0,0,0
btc_00009650,2024-05-15 18:39:03,"Bitcoin will hit $67k this year, mark my words! 📈 💰",alt_hunter,599,81,neutral,bitcoin will hit k this year mark my words,"['bitcoin', 'hit', 'year', 'mark', 'word']",5,1,1,1
btc_00009651,2024-05-15 18:19:10,Survey: 48% of investors hold Bitcoin,crypto_news,47,62,neutral,survey of investors hold bitcoin,"['survey', 'investor', 'hold', 'bitcoin']",4,1,1,1
btc_00009652,2024-05-15 18:35:50,Bitcoin breaking resistance! Bullish trend incoming 📈,nft_collector,548,246,positive,bitcoin breaking resistance bullish trend incoming,"['bitcoin', 'breaking', 'resistance', 'bullish', 'trend', 'incoming']",6,2,1,1
btc_00009653,2024-05-15 18:31:53,Best decision ever: buying Bitcoin! 🙌,btc_miner,903,226,positive,best decision ever buying bitcoin,"['best', 'decision', 'ever', 'buying', 'bitcoin']",5,2,2,2
btc_00009654,2024-05-15 18:27:26,Study shows: Bitcoin volatility decreasing over time,crypto_bull,124,3,neutral,study shows bitcoin volatility decreasing over time,"['study', 'show', 'bitcoin', 'volatility', 'decreasing', 'time']",6,1,1,1
btc_00009655,2024-05-15 19:18:23,Bitcoin > everything else. Change my mind 💪,bear_market,604,101,neutral,bitcoin everything else change my mind,"['bitcoin', 'everything', 'else', 'change', 'mind']",5,1,1,1
btc_00009656,2024-05-15 19:29:03,Bitcoin to the moon! 🚀 #BTC #crypto,sats_stacker,340,98,positive,bitcoin to the moon btc crypto,"['bitcoin', 'moon', 'btc', 'crypto']",4,2,1,1
btc_00009657,2024-05-15 20:59:11,"Crypto winter is here, Bitcoin going to $30 🥶",crypto_bull,3306,550,neutral,crypto winter is here bitcoin going to,"['crypto', 'winter', 'bitcoin', 'going']",4,1,1,1
btc_00009658,2024-05-15 20:36:37,Bitcoin looking strong at $73 resistance broken!,btc_hodler,777,139,neutral,bitcoin looking strong at resistance broken,"['bitcoin', 'looking', 'strong', 'resistance', 'broken']",5,1,2,2
btc_00009659,2024-05-15 20:52:29,BITCOIN SENTIMENT TURNING POSITIVE! RALLY INCOMING 🚀,crypto_trader,305,312,positive,bitcoin sentiment turning positive rally incoming,"['bitcoin', 'sentiment', 'turning', 'positive', 'rally', 'incoming']",6,2,2,2
btc_00009660,2024-05-15 20:50:05,Institutions buying Bitcoin = moon time 🌙,hodl_gang,378,61,positive,institutions buying bitcoin moon time,"['institution', 'buying', 'bitcoin', 'moon', 'time']",5,2,1,1
btc_00009661,2024-05-15 21:02:52,Market manipulation! Bitcoin not organic growth 😡,alt_hunter,170,71,neutral,market manipulation bitcoin not organic growth,"['market', 'manipulation', 'bitcoin', 'not', 'organic', 'growth']",6,1,0,0
btc_00009662,2024-05-15 21:29:01,"BTC dump incoming, get out while you can! 🔻",diamond_hands,110,66,negative,btc dump incoming get out while you can,"['btc', 'dump', 'incoming', 'get']",4,0,0,0
btc_00009663,2024-05-15 21:27:51,Smart money accumulating Bitcoin quietly 👀 💯,crypto_analyst,304,169,neutral,smart money accumulating bitcoin quietly,"['smart', 'money', 'accumulating', 'bitcoin', 'quietly']",5,1,2,2
btc_00009664,2024-05-15 21:34:01,Tether FUD affecting Bitcoin price! Not good 😬,crypto_trader,670,92,positive,tether fud affecting bitcoin price not good,"['tether', 'fud', 'affecting', 'bitcoin', 'price', 'not', 'good']",7,2,0,0
btc_00009665,2024-05-15 22:55:06,BITCOIN MINING DIFFICULTY ADJUSTED 60%,fundamental,150,21,neutral,bitcoin mining difficulty adjusted,"['bitcoin', 'mining', 'difficulty', 'adjusted']",4,1,0,0
btc_00009666,2024-05-15 22:51:10,Interesting Bitcoin development: mining ban,chart_master,29,15,neutral,interesting bitcoin development mining ban,"['interesting', 'bitcoin', 'development', 'mining', 'ban']",5,1,0,1
btc_00009667,2024-05-15 23:57:21,Bitcoin sentiment turning positive! Rally incoming 🚀,btc_miner,216,79,positive,bitcoin sentiment turning positive rally incoming,"['bitcoin', 'sentiment', 'turning', 'positive', 'rally', 'incoming']",6,2,2,2
btc_00009668,2024-05-15 23:42:28,Consolidation phase for Bitcoin continues ⏸️ 💯,sats_stacker,49,14,neutral,consolidation phase for bitcoin continues,"['consolidation', 'phase', 'bitcoin', 'continues']",4,1,1,1
btc_00009669,2024-05-16 00:23:35,Bitcoin to the moon! 🚀 #BTC #crypto,moon_soon,55,130,positive,bitcoin to the moon btc crypto,"['bitcoin', 'moon', 'btc', 'crypto']",4,2,1,1
btc_00009670,2024-05-16 01:25:12,Just bought more $BTC! HODL strong 💎🙌,alt_hunter,575,160,positive,just bought more btc hodl strong,"['bought', 'more', 'btc', 'hodl', 'strong']",5,2,2,2
btc_00009671,2024-05-16 01:08:25,BTC technical analysis shows strong uptrend ↗️,crypto_skeptic,4128,1100,neutral,btc technical analysis shows strong uptrend,"['btc', 'technical', 'analysis', 'show', 'strong', 'uptrend']",6,1,2,2
btc_00009672,2024-05-16 01:51:41,Amazing gains on Bitcoin today! Up 9% 🎉,bitcoin_maxie,118,14,neutral,amazing gains on bitcoin today up,"['amazing', 'gain', 'bitcoin', 'today']",4,1,2,2
btc_00009673,2024-05-16 02:40:08,BTC holding steady at regulation support level,crypto_skeptic,636,168,neutral,btc holding steady at regulation support level,"['btc', 'holding', 'steady', 'regulation', 'support', 'level']",6,1,2,2
btc_00009674,2024-05-16 02:59:26,Whales dumping BTC! Retail getting rekt 🐋,whale_watcher,113,23,neutral,whales dumping btc retail getting rekt,"['whale', 'dumping', 'btc', 'retail', 'getting', 'rekt']",6,1,0,0
btc_00009675,2024-05-16 03:26:30,BTC technical analysis shows strong uptrend ↗️,hodl_gang,149,123,neutral,btc technical analysis shows strong uptrend,"['btc', 'technical', 'analysis', 'show', 'strong', 'uptrend']",6,1,2,2
btc_00009676,2024-05-16 03:38:35,Long-term Bitcoin holders not selling 🔒,crypto_analyst,48,17,neutral,longterm bitcoin holders not selling,"['longterm', 'bitcoin', 'holder', 'not', 'selling']",5,1,1,1
btc_00009677,2024-05-16 03:07:44,Bitcoin breaking resistance! Bullish trend incoming 📈,defi_degen,350,82,positive,bitcoin breaking resistance bullish trend incoming,"['bitcoin', 'breaking', 'resistance', 'bullish', 'trend', 'incoming']",6,2,1,1
btc_00009678,2024-05-16 04:21:33,Smart money accumulating Bitcoin quietly 👀,diamond_hands,97,130,neutral,smart money accumulating bitcoin quietly,"['smart', 'money', 'accumulating', 'bitcoin', 'quietly']",5,1,2,2
btc_00009679,2024-05-16 05:22:31,Bitcoin trading range: $51280 - $53373,satoshi_fan,51,33,neutral,bitcoin trading range,"['bitcoin', 'trading', 'range']",3,1,1,1
btc_00009680,2024-05-16 06:39:12,"Crypto winter is here, Bitcoin going to $44 🥶",bull_run,31,49,neutral,crypto winter is here bitcoin going to,"['crypto', 'winter', 'bitcoin', 'going']",4,1,1,1
btc_00009681,2024-05-16 07:42:52,Lost 11% on Bitcoin this week... brutal 💔 👀,defi_degen,147,82,neutral,lost on bitcoin this week brutal,"['lost', 'bitcoin', 'week', 'brutal']",4,1,0,0
btc_00009682,2024-05-16 07:03:29,Lost so much on Bitcoin... never again 😭 👀,btc_miner,196,65,neutral,lost so much on bitcoin never again,"['lost', 'much', 'bitcoin', 'never']",4,1,0,0
btc_00009683,2024-05-16 07:39:31,Bitcoin transaction fees too high! Unusable! 💸,btc_hodler,61,65,neutral,bitcoin transaction fees too high unusable,"['bitcoin', 'transaction', 'fee', 'high', 'unusable']",5,1,1,1
btc_00009684,2024-05-16 07:07:15,Bitcoin currently trading at $51666 📊,bitcoin_og,89,8,neutral,bitcoin currently trading at,"['bitcoin', 'currently', 'trading']",3,1,1,1
btc_00009685,2024-05-16 08:12:23,Bitcoin sentiment turning positive! Rally incoming 🚀,diamond_hands,368,89,positive,bitcoin sentiment turning positive rally incoming,"['bitcoin', 'sentiment', 'turning', 'positive', 'rally', 'incoming']",6,2,2,2
btc_00009686,2024-05-16 08:47:54,Study shows: Bitcoin volatility decreasing over time,bitcoin_og,20,7,neutral,study shows bitcoin volatility decreasing over time,"['study', 'show', 'bitcoin', 'volatility', 'decreasing', 'time']",6,1,1,1
btc_00009687,2024-05-16 08:41:58,"Bitcoin = ponzi scheme, wake up people! ⚠️",on_chain_data,123,13,neutral,bitcoin ponzi scheme wake up people,"['bitcoin', 'ponzi', 'scheme', 'wake', 'people']",5,1,1,1
btc_00009688,2024-05-16 09:55:38,Long-term Bitcoin holders not selling 🔒,trading_pro,19,3,neutral,longterm bitcoin holders not selling,"['longterm', 'bitcoin', 'holder', 'not', 'selling']",5,1,1,1
btc_00009689,2024-05-16 09:15:10,"Bitcoin dead, time to move on 💀",bear_market,60,23,neutral,bitcoin dead time to move on,"['bitcoin', 'dead', 'time', 'move']",4,1,0,0
btc_00009690,2024-05-16 09:54:06,Amazing gains on Bitcoin today! Up 6% 🎉,btc_hodler,399,108,neutral,amazing gains on bitcoin today up,"['amazing', 'gain', 'bitcoin', 'today']",4,1,2,2
btc_00009691,2024-05-16 10:07:50,BITCOIN HASHRATE AT ATH! NETWORK SECURITY = BULLISH 🔒,bitcoin_maxie,186,22,positive,bitcoin hashrate at ath network security bullish,"['bitcoin', 'hashrate', 'ath', 'network', 'security', 'bullish']",6,2,2,2
btc_00009692,2024-05-16 10:39:59,Best decision ever: buying Bitcoin! 🙌,bull_run,240,81,positive,best decision ever buying bitcoin,"['best', 'decision', 'ever', 'buying', 'bitcoin']",5,2,2,2
btc_00009693,2024-05-16 10:04:43,"Bitcoin will hit $75k this year, mark my words! 📈",crypto_bull,111,46,neutral,bitcoin will hit k this year mark my words,"['bitcoin', 'hit', 'year', 'mark', 'word']",5,1,1,1
btc_00009694,2024-05-16 10:12:18,BTC technical analysis shows strong uptrend ↗️,chart_master,336,88,neutral,btc technical analysis shows strong uptrend,"['btc', 'technical', 'analysis', 'show', 'strong', 'uptrend']",6,1,2,2
btc_00009695,2024-05-16 11:45:03,Interesting Bitcoin development: institutional buying,nft_collector,45,9,neutral,interesting bitcoin development institutional buying,"['interesting', 'bitcoin', 'development', 'institutional', 'buying']",5,1,2,2
btc_00009696,2024-05-16 11:49:22,Tether FUD affecting Bitcoin price! Not good 😬 🔥,crypto_analyst,89,31,positive,tether fud affecting bitcoin price not good,"['tether', 'fud', 'affecting', 'bitcoin', 'price', 'not', 'good']",7,2,0,0
btc_00009697,2024-05-16 11:58:04,New Bitcoin ETF filing submitted by Blackrock,diamond_hands,43,26,neutral,new bitcoin etf filing submitted by blackrock,"['new', 'bitcoin', 'etf', 'filing', 'submitted', 'blackrock']",6,1,1,1
btc_00009698,2024-05-16 11:55:44,Bitcoin transaction fees too high! Unusable! 💸,fundamental,49,62,neutral,bitcoin transaction fees too high unusable,"['bitcoin', 'transaction', 'fee', 'high', 'unusable']",5,1,1,1
btc_00009699,2024-05-16 11:08:48,"Bitcoin bubble bursting, warned you all 😱",chart_master,62,23,neutral,bitcoin bubble bursting warned you all,"['bitcoin', 'bubble', 'bursting', 'warned']",4,1,0,0
btc_00009700,2024-05-16 11:03:41,STUDY SHOWS: BITCOIN VOLATILITY DECREASING OVER TIME,chart_master,83,30,neutral,study shows bitcoin volatility decreasing over time,"['study', 'show', 'bitcoin', 'volatility', 'decreasing', 'time']",6,1,1,1
btc_00009701,2024-05-16 12:54:05,BTC holding steady at Tesla support level 🔥,diamond_hands,32,12,neutral,btc holding steady at tesla support level,"['btc', 'holding', 'steady', 'tesla', 'support', 'level']",6,1,2,2
btc_00009702,2024-05-16 12:53:11,"Bitcoin volume increasing, watching closely 👀 🚨",crypto_bull,87,25,neutral,bitcoin volume increasing watching closely,"['bitcoin', 'volume', 'increasing', 'watching', 'closely']",5,1,1,1
btc_00009703,2024-05-16 13:07:06,Bitcoin mining centralization = big problem ⚠️,crypto_analyst,116,48,neutral,bitcoin mining centralization big problem,"['bitcoin', 'mining', 'centralization', 'big', 'problem']",5,1,0,0
btc_00009704,2024-05-16 13:15:32,"Crypto winter is here, Bitcoin going to $41 🥶",defi_degen,44,45,neutral,crypto winter is here bitcoin going to,"['crypto', 'winter', 'bitcoin', 'going']",4,1,1,1
btc_00009705,2024-05-16 13:03:25,Consolidation phase for Bitcoin continues ⏸️,btc_hodler,40,17,neutral,consolidation phase for bitcoin continues,"['consolidation', 'phase', 'bitcoin', 'continues']",4,1,1,1
btc_00009706,2024-05-16 13:54:56,Whales dumping BTC! Retail getting rekt 🐋,bull_run,164,45,neutral,whales dumping btc retail getting rekt,"['whale', 'dumping', 'btc', 'retail', 'getting', 'rekt']",6,1,0,0
btc_00009707,2024-05-16 14:33:40,Bitcoin on-chain metrics showing mixed signals 📊,fundamental,64,41,neutral,bitcoin onchain metrics showing mixed signals,"['bitcoin', 'onchain', 'metric', 'showing', 'mixed', 'signal']",6,1,1,1
btc_00009708,2024-05-16 14:53:37,Bitcoin correlation with stocks remains high 📊,crypto_skeptic,38,50,neutral,bitcoin correlation with stocks remains high,"['bitcoin', 'correlation', 'stock', 'remains', 'high']",5,1,1,1
btc_00009709,2024-05-16 14:49:57,Bitcoin to the moon! 🚀 #BTC #crypto ⚡,crypto_skeptic,578,202,positive,bitcoin to the moon btc crypto,"['bitcoin', 'moon', 'btc', 'crypto']",4,2,1,1
btc_00009710,2024-05-16 14:16:22,Bitcoin transaction fees too high! Unusable! 💸,moon_soon,435,147,neutral,bitcoin transaction fees too high unusable,"['bitcoin', 'transaction', 'fee', 'high', 'unusable']",5,1,1,1
btc_00009711,2024-05-16 15:06:37,Bitcoin network upgrade scheduled for ETF approval,sats_stacker,43,6,neutral,bitcoin network upgrade scheduled for etf approval,"['bitcoin', 'network', 'upgrade', 'scheduled', 'etf', 'approval']",6,1,2,2
btc_00009712,2024-05-16 15:39:06,Bullish on #Bitcoin! Target: $74k 🚀 ⚡,on_chain_data,723,227,positive,bullish on bitcoin target k,"['bullish', 'bitcoin', 'target']",3,2,1,1
btc_00009713,2024-05-16 15:50:51,Tether FUD affecting Bitcoin price! Not good 😬,bitcoin_og,168,41,positive,tether fud affecting bitcoin price not good,"['tether', 'fud', 'affecting', 'bitcoin', 'price', 'not', 'good']",7,2,0,0
btc_00009714,2024-05-16 16:32:10,Bitcoin mining difficulty adjusted 46% 🚨,defi_degen,26,51,neutral,bitcoin mining difficulty adjusted,"['bitcoin', 'mining', 'difficulty', 'adjusted']",4,1,0,0
btc_00009715,2024-05-16 16:58:07,Whales dumping BTC! Retail getting rekt 🐋,hodl_gang,465,127,neutral,whales dumping btc retail getting rekt,"['whale', 'dumping', 'btc', 'retail', 'getting', 'rekt']",6,1,0,0
btc_00009716,2024-05-16 17:07:49,Analyzing Bitcoin chart patterns today 📈,crypto_skeptic,195,32,neutral,analyzing bitcoin chart patterns today,"['analyzing', 'bitcoin', 'chart', 'pattern', 'today']",5,1,1,1
btc_00009717,2024-05-16 17:23:48,Institutions buying Bitcoin = moon time 🌙,trading_pro,762,73,positive,institutions buying bitcoin moon time,"['institution', 'buying', 'bitcoin', 'moon', 'time']",5,2,1,1
btc_00009718,2024-05-16 17:07:37,Bitcoin on-chain metrics showing mixed signals 📊,fundamental,220,312,neutral,bitcoin onchain metrics showing mixed signals,"['bitcoin', 'onchain', 'metric', 'showing', 'mixed', 'signal']",6,1,1,1
btc_00009719,2024-05-16 18:47:56,Just stacked more sats! Bitcoin only 🧡,trading_pro,740,22,neutral,just stacked more sats bitcoin only,"['stacked', 'more', 'sat', 'bitcoin']",4,1,1,1
btc_00009720,2024-05-16 18:02:49,MARKET UPDATE: BITCOIN SIDEWAYS MOVEMENT CONTINUES 👀,crypto_analyst,3400,238,neutral,market update bitcoin sideways movement continues,"['market', 'update', 'bitcoin', 'sideways', 'movement', 'continues']",6,1,1,1
btc_00009721,2024-05-16 18:12:52,Survey: 42% of investors hold Bitcoin,sats_stacker,209,70,neutral,survey of investors hold bitcoin,"['survey', 'investor', 'hold', 'bitcoin']",4,1,1,1
btc_00009722,2024-05-16 18:27:59,"Bitcoin scam, government will ban it! ⚠️",alt_hunter,567,74,negative,bitcoin scam government will ban it,"['bitcoin', 'scam', 'government', 'ban']",4,0,0,0
btc_00009723,2024-05-16 18:29:36,Bitcoin currently trading at $52883 📊 💰,btc_hodler,193,8,neutral,bitcoin currently trading at,"['bitcoin', 'currently', 'trading']",3,1,1,1
btc_00009724,2024-05-16 19:43:57,Bitcoin on-chain metrics showing mixed signals 📊,bitcoin_og,49,58,neutral,bitcoin onchain metrics showing mixed signals,"['bitcoin', 'onchain', 'metric', 'showing', 'mixed', 'signal']",6,1,1,1
btc_00009725,2024-05-16 20:24:59,Bitcoin on-chain metrics showing mixed signals 📊,crypto_skeptic,93,24,neutral,bitcoin onchain metrics showing mixed signals,"['bitcoin', 'onchain', 'metric', 'showing', 'mixed', 'signal']",6,1,1,1
btc_00009726,2024-05-16 21:32:09,BTC technical analysis shows strong uptrend ↗️ 🔥,hodl_gang,4212,754,neutral,btc technical analysis shows strong uptrend,"['btc', 'technical', 'analysis', 'show', 'strong', 'uptrend']",6,1,2,2
btc_00009727,2024-05-16 22:48:18,Bitcoin mining difficulty adjusted 54%,btc_hodler,47,6,neutral,bitcoin mining difficulty adjusted,"['bitcoin', 'mining', 'difficulty', 'adjusted']",4,1,0,0
btc_00009728,2024-05-16 22:00:41,Regulatory pressure killing Bitcoin! Be careful! ⚖️,bitcoin_og,372,115,neutral,regulatory pressure killing bitcoin be careful,"['regulatory', 'pressure', 'killing', 'bitcoin', 'careful']",5,1,0,0
btc_00009729,2024-05-16 23:46:27,"Bitcoin volume increasing, watching closely 👀",satoshi_fan,1121,65,neutral,bitcoin volume increasing watching closely,"['bitcoin', 'volume', 'increasing', 'watching', 'closely']",5,1,1,1
btc_00009730,2024-05-16 23:25:58,Amazing gains on Bitcoin today! Up 3% 🎉,crypto_skeptic,171,135,neutral,amazing gains on bitcoin today up,"['amazing', 'gain', 'bitcoin', 'today']",4,1,2,2
btc_00009731,2024-05-16 23:49:40,"BTC dump incoming, get out while you can! 🔻",technical_ta,130,20,negative,btc dump incoming get out while you can,"['btc', 'dump', 'incoming', 'get']",4,0,0,0
btc_00009732,2024-05-16 23:21:53,Best decision ever: buying Bitcoin! 🙌,bull_run,387,99,positive,best decision ever buying bitcoin,"['best', 'decision', 'ever', 'buying', 'bitcoin']",5,2,2,2
btc_00009733,2024-05-16 23:12:16,Smart money accumulating Bitcoin quietly 👀,crypto_analyst,164,27,neutral,smart money accumulating bitcoin quietly,"['smart', 'money', 'accumulating', 'bitcoin', 'quietly']",5,1,2,2
btc_00009734,2024-05-16 23:28:46,Study shows: Bitcoin volatility decreasing over time,bitcoin_maxie,86,26,neutral,study shows bitcoin volatility decreasing over time,"['study', 'show', 'bitcoin', 'volatility', 'decreasing', 'time']",6,1,1,1
btc_00009735,2024-05-17 00:22:16,"BTC DUMP INCOMING, GET OUT WHILE YOU CAN! 🔻",trading_pro,132,40,negative,btc dump incoming get out while you can,"['btc', 'dump', 'incoming', 'get']",4,0,0,0
btc_00009736,2024-05-17 00:30:08,Bitcoin correlation with stocks remains high 📊 🎯,hodl_gang,27,8,neutral,bitcoin correlation with stocks remains high,"['bitcoin', 'correlation', 'stock', 'remains', 'high']",5,1,1,1
btc_00009737,2024-05-17 00:49:48,Bitcoin hash ribbons indicating Square signal,trading_pro,45,10,neutral,bitcoin hash ribbons indicating square signal,"['bitcoin', 'hash', 'ribbon', 'indicating', 'square', 'signal']",6,1,1,1
btc_00009738,2024-05-17 00:50:40,"Crypto winter is here, Bitcoin going to $26 🥶",satoshi_fan,600,476,neutral,crypto winter is here bitcoin going to,"['crypto', 'winter', 'bitcoin', 'going']",4,1,1,1
btc_00009739,2024-05-17 01:51:59,Bitcoin > everything else. Change my mind 💪,crypto_news,256,52,neutral,bitcoin everything else change my mind,"['bitcoin', 'everything', 'else', 'change', 'mind']",5,1,1,1
btc_00009740,2024-05-17 01:11:21,Bitcoin trading range: $51585 - $53691,alt_hunter,36,12,neutral,bitcoin trading range,"['bitcoin', 'trading', 'range']",3,1,1,1
btc_00009741,2024-05-17 01:05:09,Long-term Bitcoin holders not selling 🔒,chart_master,25,8,neutral,longterm bitcoin holders not selling,"['longterm', 'bitcoin', 'holder', 'not', 'selling']",5,1,1,1
btc_00009742,2024-05-17 02:54:39,"Bitcoin will hit $75k this year, mark my words! 📈",satoshi_fan,1200,108,neutral,bitcoin will hit k this year mark my words,"['bitcoin', 'hit', 'year', 'mark', 'word']",5,1,1,1
btc_00009743,2024-05-17 02:23:10,Lost so much on Bitcoin... never again 😭,nft_collector,31,24,neutral,lost so much on bitcoin never again,"['lost', 'much', 'bitcoin', 'never']",4,1,0,0
btc_00009744,2024-05-17 03:00:18,Bitcoin hashrate at ATH! Network security = bullish 🔒,satoshi_fan,242,68,positive,bitcoin hashrate at ath network security bullish,"['bitcoin', 'hashrate', 'ath', 'network', 'security', 'bullish']",6,2,2,2
btc_00009745,2024-05-17 03:26:36,DCA into Bitcoin = winning strategy 📊,satoshi_fan,296,81,neutral,dca into bitcoin winning strategy,"['dca', 'bitcoin', 'winning', 'strategy']",4,1,2,2
btc_00009746,2024-05-17 03:29:33,Bitcoin hashrate at ATH! Network security = bullish 🔒,diamond_hands,126,45,positive,bitcoin hashrate at ath network security bullish,"['bitcoin', 'hashrate', 'ath', 'network', 'security', 'bullish']",6,2,2,2
btc_00009747,2024-05-17 03:33:04,Bitcoin hashrate at ATH! Network security = bullish 🔒,diamond_hands,134,93,positive,bitcoin hashrate at ath network security bullish,"['bitcoin', 'hashrate', 'ath', 'network', 'security', 'bullish']",6,2,2,2
btc_00009748,2024-05-17 04:22:20,Survey: 51% of investors hold Bitcoin,hodl_gang,57,11,neutral,survey of investors hold bitcoin,"['survey', 'investor', 'hold', 'bitcoin']",4,1,1,1
btc_00009749,2024-05-17 04:30:58,BTC holding steady at adoption support level,btc_hodler,72,22,neutral,btc holding steady at adoption support level,"['btc', 'holding', 'steady', 'adoption', 'support', 'level']",6,1,2,2
btc_00009750,2024-05-17 04:18:59,"Bitcoin dead, time to move on 💀 💯",bitcoin_og,150,11,neutral,bitcoin dead time to move on,"['bitcoin', 'dead', 'time', 'move']",4,1,0,0
btc_00009751,2024-05-17 05:35:02,Bitcoin on-chain metrics showing mixed signals 📊,alt_hunter,48,12,neutral,bitcoin onchain metrics showing mixed signals,"['bitcoin', 'onchain', 'metric', 'showing', 'mixed', 'signal']",6,1,1,1
btc_00009752,2024-05-17 05:02:29,"Bitcoin dominance at 52%, altcoins struggling 💰",bitcoin_maxie,24,8,neutral,bitcoin dominance at altcoins struggling,"['bitcoin', 'dominance', 'altcoins', 'struggling']",4,1,0,1
btc_00009753,2024-05-17 06:42:08,New Bitcoin ETF filing submitted by Square 👀,btc_miner,50,17,neutral,new bitcoin etf filing submitted by square,"['new', 'bitcoin', 'etf', 'filing', 'submitted', 'square']",6,1,1,1
btc_00009754,2024-05-17 06:05:06,BTC holding steady at Fidelity support level,hodl_gang,54,21,neutral,btc holding steady at fidelity support level,"['btc', 'holding', 'steady', 'fidelity', 'support', 'level']",6,1,2,2
btc_00009755,2024-05-17 06:32:58,Study shows: Bitcoin volatility decreasing over time,defi_degen,42,19,neutral,study shows bitcoin volatility decreasing over time,"['study', 'show', 'bitcoin', 'volatility', 'decreasing', 'time']",6,1,1,1
btc_00009756,2024-05-17 06:48:03,Consolidation phase for Bitcoin continues ⏸️ 👀,defi_degen,55,19,neutral,consolidation phase for bitcoin continues,"['consolidation', 'phase', 'bitcoin', 'continues']",4,1,1,1
btc_00009757,2024-05-17 06:10:48,"BTC dump incoming, get out while you can! 🔻",sats_stacker,121,39,negative,btc dump incoming get out while you can,"['btc', 'dump', 'incoming', 'get']",4,0,0,0
btc_00009758,2024-05-17 07:49:24,"Bitcoin volume increasing, watching closely 👀",crypto_trader,78,23,neutral,bitcoin volume increasing watching closely,"['bitcoin', 'volume', 'increasing', 'watching', 'closely']",5,1,1,1
btc_00009759,2024-05-17 07:28:14,JUST BOUGHT MORE $BTC! HODL STRONG 💎🙌,bitcoin_og,257,36,positive,just bought more btc hodl strong,"['bought', 'more', 'btc', 'hodl', 'strong']",5,2,2,2
btc_00009760,2024-05-17 08:52:58,Market manipulation! Bitcoin not organic growth 😡,btc_hodler,120,30,neutral,market manipulation bitcoin not organic growth,"['market', 'manipulation', 'bitcoin', 'not', 'organic', 'growth']",6,1,0,0
btc_00009761,2024-05-17 08:12:35,Bitcoin correlation with stocks remains high 📊,trading_pro,77,23,neutral,bitcoin correlation with stocks remains high,"['bitcoin', 'correlation', 'stock', 'remains', 'high']",5,1,1,1
btc_00009762,2024-05-17 08:23:56,Amazing gains on Bitcoin today! Up 12% 🎉,btc_miner,68,40,neutral,amazing gains on bitcoin today up,"['amazing', 'gain', 'bitcoin', 'today']",4,1,2,2
btc_00009763,2024-05-17 08:50:04,New Bitcoin ETF filing submitted by Fidelity,defi_degen,57,25,neutral,new bitcoin etf filing submitted by fidelity,"['new', 'bitcoin', 'etf', 'filing', 'submitted', 'fidelity']",6,1,1,1
btc_00009764,2024-05-17 08:31:54,"Bitcoin volume increasing, watching closely 👀",sats_stacker,33,22,neutral,bitcoin volume increasing watching closely,"['bitcoin', 'volume', 'increasing', 'watching', 'closely']",5,1,1,1
btc_00009765,2024-05-17 08:19:12,Bitcoin looking strong at $72 resistance broken!,satoshi_fan,290,113,neutral,bitcoin looking strong at resistance broken,"['bitcoin', 'looking', 'strong', 'resistance', 'broken']",5,1,2,2
btc_00009766,2024-05-17 09:38:59,Bitcoin mining difficulty adjusted 59%,crypto_trader,31,4,neutral,bitcoin mining difficulty adjusted,"['bitcoin', 'mining', 'difficulty', 'adjusted']",4,1,0,0
btc_00009767,2024-05-17 09:52:25,Best decision ever: buying Bitcoin! 🙌,btc_miner,58,60,positive,best decision ever buying bitcoin,"['best', 'decision', 'ever', 'buying', 'bitcoin']",5,2,2,2
btc_00009768,2024-05-17 09:49:37,"Bitcoin volume increasing, watching closely 👀",moon_soon,23,7,neutral,bitcoin volume increasing watching closely,"['bitcoin', 'volume', 'increasing', 'watching', 'closely']",5,1,1,1
btc_00009769,2024-05-17 09:12:23,Bitcoin looking strong at $78 resistance broken!,on_chain_data,405,80,neutral,bitcoin looking strong at resistance broken,"['bitcoin', 'looking', 'strong', 'resistance', 'broken']",5,1,2,2
btc_00009770,2024-05-17 09:21:07,STUDY SHOWS: BITCOIN VOLATILITY DECREASING OVER TIME,crypto_bull,75,19,neutral,study shows bitcoin volatility decreasing over time,"['study', 'show', 'bitcoin', 'volatility', 'decreasing', 'time']",6,1,1,1
btc_00009771,2024-05-17 10:19:07,"Bitcoin bubble bursting, warned you all 😱",whale_watcher,159,35,neutral,bitcoin bubble bursting warned you all,"['bitcoin', 'bubble', 'bursting', 'warned']",4,1,0,0
btc_00009772,2024-05-17 10:49:27,Bitcoin to the moon! 🚀 #BTC #crypto,sats_stacker,294,51,positive,bitcoin to the moon btc crypto,"['bitcoin', 'moon', 'btc', 'crypto']",4,2,1,1
btc_00009773,2024-05-17 10:45:42,Bitcoin mining centralization = big problem ⚠️,btc_miner,118,69,neutral,bitcoin mining centralization big problem,"['bitcoin', 'mining', 'centralization', 'big', 'problem']",5,1,0,0
btc_00009774,2024-05-17 10:03:46,Bitcoin looking strong at $68 resistance broken!,fundamental,152,18,neutral,bitcoin looking strong at resistance broken,"['bitcoin', 'looking', 'strong', 'resistance', 'broken']",5,1,2,2
btc_00009775,2024-05-17 10:19:22,Bitcoin trading range: $49476 - $51495,crypto_news,74,6,neutral,bitcoin trading range,"['bitcoin', 'trading', 'range']",3,1,1,1
btc_00009776,2024-05-17 11:12:09,Bitcoin hashrate at ATH! Network security = bullish 🔒 👀,bitcoin_maxie,161,35,positive,bitcoin hashrate at ath network security bullish,"['bitcoin', 'hashrate', 'ath', 'network', 'security', 'bullish']",6,2,2,2
btc_00009777,2024-05-17 11:23:00,AMAZING GAINS ON BITCOIN TODAY! UP 13% 🎉,crypto_trader,445,71,neutral,amazing gains on bitcoin today up,"['amazing', 'gain', 'bitcoin', 'today']",4,1,2,2
btc_00009778,2024-05-17 11:11:16,"CRYPTO WINTER IS HERE, BITCOIN GOING TO $46 🥶",on_chain_data,52,23,neutral,crypto winter is here bitcoin going to,"['crypto', 'winter', 'bitcoin', 'going']",4,1,1,1
btc_00009779,2024-05-17 11:30:00,"Bitcoin = ponzi scheme, wake up people! ⚠️",trading_pro,157,36,neutral,bitcoin ponzi scheme wake up people,"['bitcoin', 'ponzi', 'scheme', 'wake', 'people']",5,1,1,1
btc_00009780,2024-05-17 11:57:58,"Bitcoin dominance at 56%, altcoins struggling",crypto_news,92,22,neutral,bitcoin dominance at altcoins struggling,"['bitcoin', 'dominance', 'altcoins', 'struggling']",4,1,0,1
btc_00009781,2024-05-17 11:11:00,Tether FUD affecting Bitcoin price! Not good 😬,trading_pro,66,8,positive,tether fud affecting bitcoin price not good,"['tether', 'fud', 'affecting', 'bitcoin', 'price', 'not', 'good']",7,2,0,0
btc_00009782,2024-05-17 12:32:19,Best decision ever: buying Bitcoin! 🙌,btc_miner,60,29,positive,best decision ever buying bitcoin,"['best', 'decision', 'ever', 'buying', 'bitcoin']",5,2,2,2
btc_00009783,2024-05-17 12:07:19,Long-term Bitcoin holders not selling 🔒,technical_ta,25,17,neutral,longterm bitcoin holders not selling,"['longterm', 'bitcoin', 'holder', 'not', 'selling']",5,1,1,1
btc_00009784,2024-05-17 13:08:57,"Bitcoin will hit $69k this year, mark my words! 📈 🔥",bitcoin_og,220,47,neutral,bitcoin will hit k this year mark my words,"['bitcoin', 'hit', 'year', 'mark', 'word']",5,1,1,1
btc_00009785,2024-05-17 13:03:53,"BITCOIN DEAD, TIME TO MOVE ON 💀",whale_watcher,44,21,neutral,bitcoin dead time to move on,"['bitcoin', 'dead', 'time', 'move']",4,1,0,0
btc_00009786,2024-05-17 13:14:11,Bitcoin mining centralization = big problem ⚠️,nft_collector,182,35,neutral,bitcoin mining centralization big problem,"['bitcoin', 'mining', 'centralization', 'big', 'problem']",5,1,0,0
btc_00009787,2024-05-17 14:41:02,Bitcoin network upgrade scheduled for PayPal,trading_pro,149,28,neutral,bitcoin network upgrade scheduled for paypal,"['bitcoin', 'network', 'upgrade', 'scheduled', 'paypal']",5,1,1,1
btc_00009788,2024-05-17 15:04:31,SOLD ALL MY BTC BEFORE THE CRASH! DODGED BULLET 😅,whale_watcher,56,56,negative,sold all my btc before the crash dodged bullet,"['sold', 'btc', 'crash', 'dodged', 'bullet']",5,0,0,0
btc_00009789,2024-05-17 15:22:20,Bitcoin trading range: $50514 - $52576,bear_market,222,35,neutral,bitcoin trading range,"['bitcoin', 'trading', 'range']",3,1,1,1
btc_00009790,2024-05-17 15:41:49,"Bitcoin dominance at 40%, altcoins struggling",crypto_analyst,25,55,neutral,bitcoin dominance at altcoins struggling,"['bitcoin', 'dominance', 'altcoins', 'struggling']",4,1,0,1
btc_00009791,2024-05-17 15:35:48,Interesting Bitcoin development: network congestion,whale_watcher,36,22,neutral,interesting bitcoin development network congestion,"['interesting', 'bitcoin', 'development', 'network', 'congestion']",5,1,2,2
btc_00009792,2024-05-17 16:29:55,Bitcoin breaking resistance! Bullish trend incoming 📈,hodl_gang,713,184,positive,bitcoin breaking resistance bullish trend incoming,"['bitcoin', 'breaking', 'resistance', 'bullish', 'trend', 'incoming']",6,2,1,1
btc_00009793,2024-05-17 16:13:33,BITCOIN ADOPTION GROWING MASSIVELY! BULLISH 📊,bear_market,639,295,positive,bitcoin adoption growing massively bullish,"['bitcoin', 'adoption', 'growing', 'massively', 'bullish']",5,2,2,2
btc_00009794,2024-05-17 16:14:16,"Bitcoin scam, government will ban it! ⚠️",bitcoin_og,318,73,negative,bitcoin scam government will ban it,"['bitcoin', 'scam', 'government', 'ban']",4,0,0,0
btc_00009795,2024-05-17 16:20:18,Smart money accumulating Bitcoin quietly 👀,crypto_bull,630,256,neutral,smart money accumulating bitcoin quietly,"['smart', 'money', 'accumulating', 'bitcoin', 'quietly']",5,1,2,2
btc_00009796,2024-05-17 17:18:57,Interesting Bitcoin development: Fidelity,crypto_trader,1040,56,neutral,interesting bitcoin development fidelity,"['interesting', 'bitcoin', 'development', 'fidelity']",4,1,2,2
btc_00009797,2024-05-17 18:14:07,"Crypto winter is here, Bitcoin going to $25 🥶",bear_market,272,55,neutral,crypto winter is here bitcoin going to,"['crypto', 'winter', 'bitcoin', 'going']",4,1,1,1
btc_00009798,2024-05-17 18:06:14,Bitcoin crashing hard! Sell everything! 📉,moon_soon,458,55,negative,bitcoin crashing hard sell everything,"['bitcoin', 'crashing', 'hard', 'sell', 'everything']",5,0,0,1
btc_00009799,2024-05-17 19:07:31,Bitcoin adoption growing massively! Bullish 📊 👀,hodl_gang,743,49,positive,bitcoin adoption growing massively bullish,"['bitcoin', 'adoption', 'growing', 'massively', 'bullish']",5,2,2,2
btc_00009800,2024-05-17 19:23:59,Bullish on #Bitcoin! Target: $65k 🚀,on_chain_data,808,95,positive,bullish on bitcoin target k,"['bullish', 'bitcoin', 'target']",3,2,1,1
btc_00009801,2024-05-17 19:23:35,Analyzing Bitcoin chart patterns today 📈 ⚡,chart_master,46,42,neutral,analyzing bitcoin chart patterns today,"['analyzing', 'bitcoin', 'chart', 'pattern', 'today']",5,1,1,1
btc_00009802,2024-05-17 20:41:27,"BTC dump incoming, get out while you can! 🔻",on_chain_data,663,33,negative,btc dump incoming get out while you can,"['btc', 'dump', 'incoming', 'get']",4,0,0,0
btc_00009803,2024-05-17 21:12:12,Analyzing Bitcoin chart patterns today 📈,technical_ta,155,14,neutral,analyzing bitcoin chart patterns today,"['analyzing', 'bitcoin', 'chart', 'pattern', 'today']",5,1,1,1
btc_00009804,2024-05-17 21:06:23,Market manipulation! Bitcoin not organic growth 😡,crypto_news,173,38,neutral,market manipulation bitcoin not organic growth,"['market', 'manipulation', 'bitcoin', 'not', 'organic', 'growth']",6,1,0,0
btc_00009805,2024-05-17 22:30:19,Best performing asset: #Bitcoin 🏆,crypto_news,7259,476,positive,best performing asset bitcoin,"['best', 'performing', 'asset', 'bitcoin']",4,2,2,2
btc_00009806,2024-05-17 22:13:42,Bitcoin correlation with stocks remains high 📊,bitcoin_og,41,36,neutral,bitcoin correlation with stocks remains high,"['bitcoin', 'correlation', 'stock', 'remains', 'high']",5,1,1,1
btc_00009807,2024-05-17 22:53:34,Bitcoin to the moon! 🚀 #BTC #crypto,alt_hunter,306,147,positive,bitcoin to the moon btc crypto,"['bitcoin', 'moon', 'btc', 'crypto']",4,2,1,1
btc_00009808,2024-05-17 22:06:16,Bitcoin crashing hard! Sell everything! 📉,crypto_skeptic,188,19,negative,bitcoin crashing hard sell everything,"['bitcoin', 'crashing', 'hard', 'sell', 'everything']",5,0,0,1
btc_00009809,2024-05-17 22:09:43,DCA INTO BITCOIN = WINNING STRATEGY 📊,btc_hodler,947,49,neutral,dca into bitcoin winning strategy,"['dca', 'bitcoin', 'winning', 'strategy']",4,1,2,2
btc_00009810,2024-05-17 22:50:50,BITCOIN SENTIMENT TURNING POSITIVE! RALLY INCOMING 🚀,whale_watcher,997,206,positive,bitcoin sentiment turning positive rally incoming,"['bitcoin', 'sentiment', 'turning', 'positive', 'rally', 'incoming']",6,2,2,2
btc_00009811,2024-05-17 23:17:14,Bitcoin overvalued at current prices! Correction needed ⬇️,sats_stacker,265,63,neutral,bitcoin overvalued at current prices correction needed,"['bitcoin', 'overvalued', 'current', 'price', 'correction', 'needed']",6,1,1,1
btc_00009812,2024-05-17 23:05:12,Long-term Bitcoin holders not selling 🔒,moon_soon,26,14,neutral,longterm bitcoin holders not selling,"['longterm', 'bitcoin', 'holder', 'not', 'selling']",5,1,1,1
btc_00009813,2024-05-17 23:15:47,"Bitcoin volume increasing, watching closely 👀",on_chain_data,101,12,neutral,bitcoin volume increasing watching closely,"['bitcoin', 'volume', 'increasing', 'watching', 'closely']",5,1,1,1
btc_00009814,2024-05-18 00:44:48,Long-term Bitcoin holders not selling 🔒 👀,crypto_bull,87,14,neutral,longterm bitcoin holders not selling,"['longterm', 'bitcoin', 'holder', 'not', 'selling']",5,1,1,1
btc_00009815,2024-05-18 00:46:14,Best performing asset: #Bitcoin 🏆 💰,whale_watcher,542,150,positive,best performing asset bitcoin,"['best', 'performing', 'asset', 'bitcoin']",4,2,2,2
btc_00009816,2024-05-18 00:34:12,Bitcoin adoption growing massively! Bullish 📊,btc_hodler,81,13,positive,bitcoin adoption growing massively bullish,"['bitcoin', 'adoption', 'growing', 'massively', 'bullish']",5,2,2,2
btc_00009817,2024-05-18 00:44:51,Bitcoin correlation with stocks remains high 📊 👀,bitcoin_og,61,14,neutral,bitcoin correlation with stocks remains high,"['bitcoin', 'correlation', 'stock', 'remains', 'high']",5,1,1,1
btc_00009818,2024-05-18 01:31:42,Bitcoin mining difficulty adjusted 46% ⚡,crypto_analyst,64,25,neutral,bitcoin mining difficulty adjusted,"['bitcoin', 'mining', 'difficulty', 'adjusted']",4,1,0,0
btc_00009819,2024-05-18 01:04:21,Just stacked more sats! Bitcoin only 🧡,on_chain_data,153,33,neutral,just stacked more sats bitcoin only,"['stacked', 'more', 'sat', 'bitcoin']",4,1,1,1
btc_00009820,2024-05-18 01:32:28,Bitcoin on-chain metrics showing mixed signals 📊 🎯,moon_soon,11,2,neutral,bitcoin onchain metrics showing mixed signals,"['bitcoin', 'onchain', 'metric', 'showing', 'mixed', 'signal']",6,1,1,1
btc_00009821,2024-05-18 02:28:50,"Crypto winter is here, Bitcoin going to $44 🥶 🚨",bitcoin_maxie,150,25,neutral,crypto winter is here bitcoin going to,"['crypto', 'winter', 'bitcoin', 'going']",4,1,1,1
btc_00009822,2024-05-18 02:11:29,Amazing gains on Bitcoin today! Up 4% 🎉,hodl_gang,388,34,neutral,amazing gains on bitcoin today up,"['amazing', 'gain', 'bitcoin', 'today']",4,1,2,2
btc_00009823,2024-05-18 02:45:21,Bitcoin mining difficulty adjusted 58%,bull_run,57,2,neutral,bitcoin mining difficulty adjusted,"['bitcoin', 'mining', 'difficulty', 'adjusted']",4,1,0,0
btc_00009824,2024-05-18 02:27:41,Bitcoin stock-to-flow model update: ratio MicroStrategy 🔥,btc_miner,72,23,neutral,bitcoin stocktoflow model update ratio microstrategy,"['bitcoin', 'stocktoflow', 'model', 'update', 'ratio', 'microstrategy']",6,1,1,1
btc_00009825,2024-05-18 03:45:03,Bitcoin trading range: $51548 - $53652,crypto_news,15,15,neutral,bitcoin trading range,"['bitcoin', 'trading', 'range']",3,1,1,1
btc_00009826,2024-05-18 03:29:46,Bitcoin hashrate at ATH! Network security = bullish 🔒 🚨,bull_run,387,88,positive,bitcoin hashrate at ath network security bullish,"['bitcoin', 'hashrate', 'ath', 'network', 'security', 'bullish']",6,2,2,2
btc_00009827,2024-05-18 03:39:09,Institutions buying Bitcoin = moon time 🌙,moon_soon,268,82,positive,institutions buying bitcoin moon time,"['institution', 'buying', 'bitcoin', 'moon', 'time']",5,2,1,1
btc_00009828,2024-05-18 03:12:09,SMART MONEY ACCUMULATING BITCOIN QUIETLY 👀 🔥,crypto_bull,183,70,neutral,smart money accumulating bitcoin quietly,"['smart', 'money', 'accumulating', 'bitcoin', 'quietly']",5,1,2,2
btc_00009829,2024-05-18 04:24:23,BITCOIN CURRENTLY TRADING AT $50735 📊,hodl_gang,50,13,neutral,bitcoin currently trading at,"['bitcoin', 'currently', 'trading']",3,1,1,1
btc_00009830,2024-05-18 04:25:12,Bitcoin transaction fees too high! Unusable! 💸,crypto_skeptic,99,46,neutral,bitcoin transaction fees too high unusable,"['bitcoin', 'transaction', 'fee', 'high', 'unusable']",5,1,1,1
btc_00009831,2024-05-18 05:22:07,Bitcoin hash ribbons indicating Kraken signal,bull_run,97,11,neutral,bitcoin hash ribbons indicating kraken signal,"['bitcoin', 'hash', 'ribbon', 'indicating', 'kraken', 'signal']",6,1,1,1
btc_00009832,2024-05-18 05:40:25,Consolidation phase for Bitcoin continues ⏸️ ⚡,whale_watcher,106,27,neutral,consolidation phase for bitcoin continues,"['consolidation', 'phase', 'bitcoin', 'continues']",4,1,1,1
btc_00009833,2024-05-18 05:47:48,Bitcoin crashing hard! Sell everything! 📉,satoshi_fan,31,3,negative,bitcoin crashing hard sell everything,"['bitcoin', 'crashing', 'hard', 'sell', 'everything']",5,0,0,1
btc_00009834,2024-05-18 05:38:49,"Bitcoin bubble bursting, warned you all 😱",bitcoin_og,56,44,neutral,bitcoin bubble bursting warned you all,"['bitcoin', 'bubble', 'bursting', 'warned']",4,1,0,0
btc_00009835,2024-05-18 06:40:11,Market manipulation! Bitcoin not organic growth 😡,sats_stacker,225,53,neutral,market manipulation bitcoin not organic growth,"['market', 'manipulation', 'bitcoin', 'not', 'organic', 'growth']",6,1,0,0
btc_00009836,2024-05-18 06:55:32,"Bitcoin will hit $71k this year, mark my words! 📈",crypto_trader,65,19,neutral,bitcoin will hit k this year mark my words,"['bitcoin', 'hit', 'year', 'mark', 'word']",5,1,1,1
btc_00009837,2024-05-18 06:42:50,Market update: Bitcoin sideways movement continues,btc_miner,13,2,neutral,market update bitcoin sideways movement continues,"['market', 'update', 'bitcoin', 'sideways', 'movement', 'continues']",6,1,1,1
btc_00009838,2024-05-18 06:29:27,"Bitcoin will hit $65k this year, mark my words! 📈 💯",bitcoin_og,134,146,neutral,bitcoin will hit k this year mark my words,"['bitcoin', 'hit', 'year', 'mark', 'word']",5,1,1,1
btc_00009839,2024-05-18 06:52:27,Whales dumping BTC! Retail getting rekt 🐋 💰,bitcoin_og,112,29,neutral,whales dumping btc retail getting rekt,"['whale', 'dumping', 'btc', 'retail', 'getting', 'rekt']",6,1,0,0
btc_00009840,2024-05-18 06:07:14,BTC hodlers being rewarded! Diamond hands win 💎 ⚡,whale_watcher,278,11,neutral,btc hodlers being rewarded diamond hands win,"['btc', 'hodlers', 'rewarded', 'diamond', 'hand', 'win']",6,1,2,2
btc_00009841,2024-05-18 07:30:06,Bitcoin overvalued at current prices! Correction needed ⬇️,bitcoin_og,705,78,neutral,bitcoin overvalued at current prices correction needed,"['bitcoin', 'overvalued', 'current', 'price', 'correction', 'needed']",6,1,1,1
btc_00009842,2024-05-18 07:34:27,BTC pumping hard! This is just the beginning 🔥,fundamental,84,42,neutral,btc pumping hard this is just the beginning,"['btc', 'pumping', 'hard', 'beginning']",4,1,0,1
btc_00009843,2024-05-18 07:20:03,Bitcoin network upgrade scheduled for Square 🚨,satoshi_fan,48,5,neutral,bitcoin network upgrade scheduled for square,"['bitcoin', 'network', 'upgrade', 'scheduled', 'square']",5,1,1,1
btc_00009844,2024-05-18 08:17:50,Bitcoin adoption growing massively! Bullish 📊,bitcoin_og,89,33,positive,bitcoin adoption growing massively bullish,"['bitcoin', 'adoption', 'growing', 'massively', 'bullish']",5,2,2,2
btc_00009845,2024-05-18 08:00:19,Bitcoin > everything else. Change my mind 💪 ⚡,crypto_bull,156,88,neutral,bitcoin everything else change my mind,"['bitcoin', 'everything', 'else', 'change', 'mind']",5,1,1,1
btc_00009846,2024-05-18 08:09:40,"Bitcoin will hit $60k this year, mark my words! 📈",btc_miner,236,130,neutral,bitcoin will hit k this year mark my words,"['bitcoin', 'hit', 'year', 'mark', 'word']",5,1,1,1
btc_00009847,2024-05-18 08:20:08,Bitcoin > everything else. Change my mind 💪,bull_run,317,54,neutral,bitcoin everything else change my mind,"['bitcoin', 'everything', 'else', 'change', 'mind']",5,1,1,1
btc_00009848,2024-05-18 08:41:27,Bitcoin looking strong at $63 resistance broken! 🔥,btc_miner,238,33,neutral,bitcoin looking strong at resistance broken,"['bitcoin', 'looking', 'strong', 'resistance', 'broken']",5,1,2,2
btc_00009849,2024-05-18 09:59:08,Bitcoin network upgrade scheduled for PayPal,bitcoin_maxie,9,13,neutral,bitcoin network upgrade scheduled for paypal,"['bitcoin', 'network', 'upgrade', 'scheduled', 'paypal']",5,1,1,1
btc_00009850,2024-05-18 09:12:54,"BITCOIN VOLUME INCREASING, WATCHING CLOSELY 👀",whale_watcher,42,17,neutral,bitcoin volume increasing watching closely,"['bitcoin', 'volume', 'increasing', 'watching', 'closely']",5,1,1,1
btc_00009851,2024-05-18 10:36:20,Bitcoin mining centralization = big problem ⚠️,technical_ta,92,69,neutral,bitcoin mining centralization big problem,"['bitcoin', 'mining', 'centralization', 'big', 'problem']",5,1,0,0
btc_00009852,2024-05-18 10:37:06,DCA into Bitcoin = winning strategy 📊,chart_master,282,41,neutral,dca into bitcoin winning strategy,"['dca', 'bitcoin', 'winning', 'strategy']",4,1,2,2
btc_00009853,2024-05-18 11:39:53,BTC holding steady at Tesla support level,bitcoin_og,28,24,neutral,btc holding steady at tesla support level,"['btc', 'holding', 'steady', 'tesla', 'support', 'level']",6,1,2,2
btc_00009854,2024-05-18 11:13:09,Regulatory pressure killing Bitcoin! Be careful! ⚖️,chart_master,166,45,neutral,regulatory pressure killing bitcoin be careful,"['regulatory', 'pressure', 'killing', 'bitcoin', 'careful']",5,1,0,0
btc_00009855,2024-05-18 11:13:02,"Bitcoin dead, time to move on 💀",bear_market,111,37,neutral,bitcoin dead time to move on,"['bitcoin', 'dead', 'time', 'move']",4,1,0,0
btc_00009856,2024-05-18 11:05:48,"Bitcoin scam, government will ban it! ⚠️",fundamental,264,72,negative,bitcoin scam government will ban it,"['bitcoin', 'scam', 'government', 'ban']",4,0,0,0
btc_00009857,2024-05-18 11:53:14,Interesting Bitcoin development: technology upgrade,sats_stacker,46,13,neutral,interesting bitcoin development technology upgrade,"['interesting', 'bitcoin', 'development', 'technology', 'upgrade']",5,1,2,2
btc_00009858,2024-05-18 11:26:48,"BTC dump incoming, get out while you can! 🔻",defi_degen,177,34,negative,btc dump incoming get out while you can,"['btc', 'dump', 'incoming', 'get']",4,0,0,0
btc_00009859,2024-05-18 12:25:53,Just bought more $BTC! HODL strong 💎🙌,btc_hodler,309,11,positive,just bought more btc hodl strong,"['bought', 'more', 'btc', 'hodl', 'strong']",5,2,2,2
btc_00009860,2024-05-18 12:49:17,Bitcoin sentiment turning positive! Rally incoming 🚀,chart_master,279,68,positive,bitcoin sentiment turning positive rally incoming,"['bitcoin', 'sentiment', 'turning', 'positive', 'rally', 'incoming']",6,2,2,2
btc_00009861,2024-05-18 12:26:03,Bitcoin network upgrade scheduled for mining ban,whale_watcher,63,15,neutral,bitcoin network upgrade scheduled for mining ban,"['bitcoin', 'network', 'upgrade', 'scheduled', 'mining', 'ban']",6,1,0,0
btc_00009862,2024-05-18 12:46:16,Bitcoin on-chain metrics showing mixed signals 📊 💰,crypto_analyst,49,33,neutral,bitcoin onchain metrics showing mixed signals,"['bitcoin', 'onchain', 'metric', 'showing', 'mixed', 'signal']",6,1,1,1
btc_00009863,2024-05-18 12:17:48,Bitcoin currently trading at $52295 📊,bitcoin_og,46,19,neutral,bitcoin currently trading at,"['bitcoin', 'currently', 'trading']",3,1,1,1
btc_00009864,2024-05-18 12:31:44,BTC technical analysis shows strong uptrend ↗️,technical_ta,444,24,neutral,btc technical analysis shows strong uptrend,"['btc', 'technical', 'analysis', 'show', 'strong', 'uptrend']",6,1,2,2
btc_00009865,2024-05-18 13:44:54,Whales dumping BTC! Retail getting rekt 🐋,bitcoin_og,126,48,neutral,whales dumping btc retail getting rekt,"['whale', 'dumping', 'btc', 'retail', 'getting', 'rekt']",6,1,0,0
btc_00009866,2024-05-18 13:34:26,Survey: 52% of investors hold Bitcoin,whale_watcher,8,10,neutral,survey of investors hold bitcoin,"['survey', 'investor', 'hold', 'bitcoin']",4,1,1,1
btc_00009867,2024-05-18 13:27:18,DCA into Bitcoin = winning strategy 📊,trading_pro,43,14,neutral,dca into bitcoin winning strategy,"['dca', 'bitcoin', 'winning', 'strategy']",4,1,2,2
btc_00009868,2024-05-18 13:49:36,Technical analysis shows Bitcoin crash to $35 📉,technical_ta,121,29,negative,technical analysis shows bitcoin crash to,"['technical', 'analysis', 'show', 'bitcoin', 'crash']",5,0,0,0
btc_00009869,2024-05-18 13:26:10,Bitcoin sentiment turning positive! Rally incoming 🚀,bull_run,339,31,positive,bitcoin sentiment turning positive rally incoming,"['bitcoin', 'sentiment', 'turning', 'positive', 'rally', 'incoming']",6,2,2,2
btc_00009870,2024-05-18 14:05:32,Bitcoin fear & greed at extreme levels! Crash coming 😰,crypto_news,1464,442,negative,bitcoin fear greed at extreme levels crash coming,"['bitcoin', 'fear', 'greed', 'extreme', 'level', 'crash', 'coming']",7,0,0,0
btc_00009871,2024-05-18 14:03:50,Bitcoin trading range: $49716 - $51746,sats_stacker,82,22,neutral,bitcoin trading range,"['bitcoin', 'trading', 'range']",3,1,1,1
btc_00009872,2024-05-18 15:26:01,DCA into Bitcoin = winning strategy 📊,bear_market,706,236,neutral,dca into bitcoin winning strategy,"['dca', 'bitcoin', 'winning', 'strategy']",4,1,2,2
btc_00009873,2024-05-18 15:01:19,Bitcoin sentiment turning positive! Rally incoming 🚀,sats_stacker,171,272,positive,bitcoin sentiment turning positive rally incoming,"['bitcoin', 'sentiment', 'turning', 'positive', 'rally', 'incoming']",6,2,2,2
btc_00009874,2024-05-18 16:23:21,Best performing asset: #Bitcoin 🏆,bitcoin_og,535,35,positive,best performing asset bitcoin,"['best', 'performing', 'asset', 'bitcoin']",4,2,2,2
btc_00009875,2024-05-18 16:41:20,Bitcoin sentiment turning positive! Rally incoming 🚀,hodl_gang,461,180,positive,bitcoin sentiment turning positive rally incoming,"['bitcoin', 'sentiment', 'turning', 'positive', 'rally', 'incoming']",6,2,2,2
btc_00009876,2024-05-18 17:53:37,Bitcoin stock-to-flow model update: ratio Tesla,diamond_hands,191,13,neutral,bitcoin stocktoflow model update ratio tesla,"['bitcoin', 'stocktoflow', 'model', 'update', 'ratio', 'tesla']",6,1,1,1
btc_00009877,2024-05-18 17:20:51,Best decision ever: buying Bitcoin! 🙌,technical_ta,407,333,positive,best decision ever buying bitcoin,"['best', 'decision', 'ever', 'buying', 'bitcoin']",5,2,2,2
btc_00009878,2024-05-18 17:22:39,"BTC DUMP INCOMING, GET OUT WHILE YOU CAN! 🔻",on_chain_data,134,58,negative,btc dump incoming get out while you can,"['btc', 'dump', 'incoming', 'get']",4,0,0,0
btc_00009879,2024-05-18 17:52:33,BTC technical analysis shows strong uptrend ↗️,btc_hodler,401,157,neutral,btc technical analysis shows strong uptrend,"['btc', 'technical', 'analysis', 'show', 'strong', 'uptrend']",6,1,2,2
btc_00009880,2024-05-18 18:12:34,BTC technical analysis shows strong uptrend ↗️ 💯,crypto_news,727,233,neutral,btc technical analysis shows strong uptrend,"['btc', 'technical', 'analysis', 'show', 'strong', 'uptrend']",6,1,2,2
btc_00009881,2024-05-18 19:16:04,New Bitcoin ETF filing submitted by mining ban,bitcoin_og,60,18,neutral,new bitcoin etf filing submitted by mining ban,"['new', 'bitcoin', 'etf', 'filing', 'submitted', 'mining', 'ban']",7,1,0,0
btc_00009882,2024-05-18 19:21:31,REGULATORY PRESSURE KILLING BITCOIN! BE CAREFUL! ⚖️,satoshi_fan,257,48,neutral,regulatory pressure killing bitcoin be careful,"['regulatory', 'pressure', 'killing', 'bitcoin', 'careful']",5,1,0,0
btc_00009883,2024-05-18 19:00:39,"Bitcoin scam, government will ban it! ⚠️",diamond_hands,641,107,negative,bitcoin scam government will ban it,"['bitcoin', 'scam', 'government', 'ban']",4,0,0,0
btc_00009884,2024-05-18 19:49:36,LOST 19% ON BITCOIN THIS WEEK... BRUTAL 💔,fundamental,543,151,neutral,lost on bitcoin this week brutal,"['lost', 'bitcoin', 'week', 'brutal']",4,1,0,0
btc_00009885,2024-05-18 20:59:09,Bitcoin breaking resistance! Bullish trend incoming 📈,whale_watcher,135,209,positive,bitcoin breaking resistance bullish trend incoming,"['bitcoin', 'breaking', 'resistance', 'bullish', 'trend', 'incoming']",6,2,1,1
btc_00009886,2024-05-18 20:14:59,Bitcoin fear & greed at extreme levels! Crash coming 😰 🚨,sats_stacker,486,81,negative,bitcoin fear greed at extreme levels crash coming,"['bitcoin', 'fear', 'greed', 'extreme', 'level', 'crash', 'coming']",7,0,0,0
btc_00009887,2024-05-18 20:58:41,Bitcoin hashrate at ATH! Network security = bullish 🔒 👀,defi_degen,517,135,positive,bitcoin hashrate at ath network security bullish,"['bitcoin', 'hashrate', 'ath', 'network', 'security', 'bullish']",6,2,2,2
btc_00009888,2024-05-18 20:22:17,Bitcoin fear & greed at extreme levels! Crash coming 😰 👀,btc_hodler,643,177,negative,bitcoin fear greed at extreme levels crash coming,"['bitcoin', 'fear', 'greed', 'extreme', 'level', 'crash', 'coming']",7,0,0,0
btc_00009889,2024-05-18 21:56:07,Study shows: Bitcoin volatility decreasing over time,crypto_news,226,9,neutral,study shows bitcoin volatility decreasing over time,"['study', 'show', 'bitcoin', 'volatility', 'decreasing', 'time']",6,1,1,1
btc_00009890,2024-05-18 21:00:47,BTC hodlers being rewarded! Diamond hands win 💎,crypto_trader,2004,2205,neutral,btc hodlers being rewarded diamond hands win,"['btc', 'hodlers', 'rewarded', 'diamond', 'hand', 'win']",6,1,2,2
btc_00009891,2024-05-18 22:06:39,"Bitcoin dead, time to move on 💀",crypto_skeptic,453,81,neutral,bitcoin dead time to move on,"['bitcoin', 'dead', 'time', 'move']",4,1,0,0
btc_00009892,2024-05-18 22:27:05,Bitcoin transaction fees too high! Unusable! 💸 🔥,crypto_analyst,101,36,neutral,bitcoin transaction fees too high unusable,"['bitcoin', 'transaction', 'fee', 'high', 'unusable']",5,1,1,1
btc_00009893,2024-05-18 22:41:26,Bitcoin breaking resistance! Bullish trend incoming 📈,sats_stacker,985,86,positive,bitcoin breaking resistance bullish trend incoming,"['bitcoin', 'breaking', 'resistance', 'bullish', 'trend', 'incoming']",6,2,1,1
btc_00009894,2024-05-18 23:06:52,Bitcoin transaction fees too high! Unusable! 💸 💯,btc_hodler,204,47,neutral,bitcoin transaction fees too high unusable,"['bitcoin', 'transaction', 'fee', 'high', 'unusable']",5,1,1,1
btc_00009895,2024-05-18 23:54:07,Bitcoin stock-to-flow model update: ratio Coinbase,crypto_analyst,33,3,neutral,bitcoin stocktoflow model update ratio coinbase,"['bitcoin', 'stocktoflow', 'model', 'update', 'ratio', 'coinbase']",6,1,1,1
btc_00009896,2024-05-18 23:40:43,Bitcoin fear & greed at extreme levels! Crash coming 😰,alt_hunter,71,8,negative,bitcoin fear greed at extreme levels crash coming,"['bitcoin', 'fear', 'greed', 'extreme', 'level', 'crash', 'coming']",7,0,0,0
btc_00009897,2024-05-19 00:52:48,"Bitcoin volume increasing, watching closely 👀",diamond_hands,12,1,neutral,bitcoin volume increasing watching closely,"['bitcoin', 'volume', 'increasing', 'watching', 'closely']",5,1,1,1
btc_00009898,2024-05-19 00:06:58,Tether FUD affecting Bitcoin price! Not good 😬,satoshi_fan,182,3,positive,tether fud affecting bitcoin price not good,"['tether', 'fud', 'affecting', 'bitcoin', 'price', 'not', 'good']",7,2,0,0
btc_00009899,2024-05-19 00:55:04,Long-term Bitcoin holders not selling 🔒,fundamental,76,21,neutral,longterm bitcoin holders not selling,"['longterm', 'bitcoin', 'holder', 'not', 'selling']",5,1,1,1
btc_00009900,2024-05-19 01:38:55,Bitcoin fear & greed at extreme levels! Crash coming 😰 🎯,defi_degen,221,62,negative,bitcoin fear greed at extreme levels crash coming,"['bitcoin', 'fear', 'greed', 'extreme', 'level', 'crash', 'coming']",7,0,0,0
btc_00009901,2024-05-19 01:52:39,BTC technical analysis shows strong uptrend ↗️ ⚡,defi_degen,234,39,neutral,btc technical analysis shows strong uptrend,"['btc', 'technical', 'analysis', 'show', 'strong', 'uptrend']",6,1,2,2
btc_00009902,2024-05-19 01:42:50,Analyzing Bitcoin chart patterns today 📈,crypto_news,46,11,neutral,analyzing bitcoin chart patterns today,"['analyzing', 'bitcoin', 'chart', 'pattern', 'today']",5,1,1,1
btc_00009903,2024-05-19 02:06:21,Bitcoin currently trading at $50696 📊,chart_master,1102,42,neutral,bitcoin currently trading at,"['bitcoin', 'currently', 'trading']",3,1,1,1
btc_00009904,2024-05-19 02:52:10,Bitcoin crashing hard! Sell everything! 📉 👀,moon_soon,184,73,negative,bitcoin crashing hard sell everything,"['bitcoin', 'crashing', 'hard', 'sell', 'everything']",5,0,0,1
btc_00009905,2024-05-19 02:55:36,Bitcoin crashing hard! Sell everything! 📉,bear_market,300,70,negative,bitcoin crashing hard sell everything,"['bitcoin', 'crashing', 'hard', 'sell', 'everything']",5,0,0,1
btc_00009906,2024-05-19 03:22:11,Just bought more $BTC! HODL strong 💎🙌,trading_pro,471,124,positive,just bought more btc hodl strong,"['bought', 'more', 'btc', 'hodl', 'strong']",5,2,2,2
btc_00009907,2024-05-19 03:26:36,"Bitcoin will hit $70k this year, mark my words! 📈",hodl_gang,63,55,neutral,bitcoin will hit k this year mark my words,"['bitcoin', 'hit', 'year', 'mark', 'word']",5,1,1,1
btc_00009908,2024-05-19 03:51:14,Survey: 50% of investors hold Bitcoin,chart_master,117,34,neutral,survey of investors hold bitcoin,"['survey', 'investor', 'hold', 'bitcoin']",4,1,1,1
btc_00009909,2024-05-19 03:52:17,BTC hodlers being rewarded! Diamond hands win 💎,satoshi_fan,113,26,neutral,btc hodlers being rewarded diamond hands win,"['btc', 'hodlers', 'rewarded', 'diamond', 'hand', 'win']",6,1,2,2
btc_00009910,2024-05-19 03:42:43,Survey: 43% of investors hold Bitcoin,technical_ta,25,1,neutral,survey of investors hold bitcoin,"['survey', 'investor', 'hold', 'bitcoin']",4,1,1,1
btc_00009911,2024-05-19 03:31:08,Bitcoin currently trading at $54188 📊,diamond_hands,81,21,neutral,bitcoin currently trading at,"['bitcoin', 'currently', 'trading']",3,1,1,1
btc_00009912,2024-05-19 04:10:42,"Crypto winter is here, Bitcoin going to $44 🥶",crypto_news,257,61,neutral,crypto winter is here bitcoin going to,"['crypto', 'winter', 'bitcoin', 'going']",4,1,1,1
btc_00009913,2024-05-19 04:37:35,Bitcoin fear & greed at extreme levels! Crash coming 😰,moon_soon,197,38,negative,bitcoin fear greed at extreme levels crash coming,"['bitcoin', 'fear', 'greed', 'extreme', 'level', 'crash', 'coming']",7,0,0,0
btc_00009914,2024-05-19 04:17:46,"BTC dump incoming, get out while you can! 🔻",satoshi_fan,53,48,negative,btc dump incoming get out while you can,"['btc', 'dump', 'incoming', 'get']",4,0,0,0
btc_00009915,2024-05-19 04:02:10,BITCOIN OVERVALUED AT CURRENT PRICES! CORRECTION NEEDED ⬇️,alt_hunter,149,15,neutral,bitcoin overvalued at current prices correction needed,"['bitcoin', 'overvalued', 'current', 'price', 'correction', 'needed']",6,1,1,1
btc_00009916,2024-05-19 05:44:46,Bitcoin overvalued at current prices! Correction needed ⬇️,crypto_skeptic,28,12,neutral,bitcoin overvalued at current prices correction needed,"['bitcoin', 'overvalued', 'current', 'price', 'correction', 'needed']",6,1,1,1
btc_00009917,2024-05-19 06:58:08,Bitcoin trading range: $50991 - $53072 🚨,fundamental,21,17,neutral,bitcoin trading range,"['bitcoin', 'trading', 'range']",3,1,1,1
btc_00009918,2024-05-19 06:03:02,Bitcoin trading range: $50991 - $53072,trading_pro,23,4,neutral,bitcoin trading range,"['bitcoin', 'trading', 'range']",3,1,1,1
btc_00009919,2024-05-19 07:24:03,New Bitcoin ETF filing submitted by MicroStrategy,bear_market,75,7,neutral,new bitcoin etf filing submitted by microstrategy,"['new', 'bitcoin', 'etf', 'filing', 'submitted', 'microstrategy']",6,1,1,1
btc_00009920,2024-05-19 07:20:29,Institutional Bitcoin holdings update: MicroStrategy BTC,crypto_analyst,51,8,neutral,institutional bitcoin holdings update microstrategy btc,"['institutional', 'bitcoin', 'holding', 'update', 'microstrategy', 'btc']",6,1,1,1
btc_00009921,2024-05-19 08:05:56,Bitcoin fear & greed at extreme levels! Crash coming 😰,crypto_skeptic,263,45,negative,bitcoin fear greed at extreme levels crash coming,"['bitcoin', 'fear', 'greed', 'extreme', 'level', 'crash', 'coming']",7,0,0,0
btc_00009922,2024-05-19 08:41:01,Regulatory pressure killing Bitcoin! Be careful! ⚖️,diamond_hands,133,52,neutral,regulatory pressure killing bitcoin be careful,"['regulatory', 'pressure', 'killing', 'bitcoin', 'careful']",5,1,0,0
btc_00009923,2024-05-19 09:31:20,DCA into Bitcoin = winning strategy 📊,satoshi_fan,277,92,neutral,dca into bitcoin winning strategy,"['dca', 'bitcoin', 'winning', 'strategy']",4,1,2,2
btc_00009924,2024-05-19 10:32:32,Bitcoin adoption growing massively! Bullish 📊 🔥,crypto_news,77,41,positive,bitcoin adoption growing massively bullish,"['bitcoin', 'adoption', 'growing', 'massively', 'bullish']",5,2,2,2
btc_00009925,2024-05-19 10:33:32,DCA into Bitcoin = winning strategy 📊,defi_degen,247,80,neutral,dca into bitcoin winning strategy,"['dca', 'bitcoin', 'winning', 'strategy']",4,1,2,2
btc_00009926,2024-05-19 10:50:45,Bitcoin mining difficulty adjusted 46%,nft_collector,26,7,neutral,bitcoin mining difficulty adjusted,"['bitcoin', 'mining', 'difficulty', 'adjusted']",4,1,0,0
btc_00009927,2024-05-19 10:06:20,Best performing asset: #Bitcoin 🏆,fundamental,226,60,positive,best performing asset bitcoin,"['best', 'performing', 'asset', 'bitcoin']",4,2,2,2
btc_00009928,2024-05-19 10:36:35,"Bitcoin bubble bursting, warned you all 😱",hodl_gang,206,65,neutral,bitcoin bubble bursting warned you all,"['bitcoin', 'bubble', 'bursting', 'warned']",4,1,0,0
btc_00009929,2024-05-19 11:32:46,"Bitcoin = ponzi scheme, wake up people! ⚠️",btc_miner,150,8,neutral,bitcoin ponzi scheme wake up people,"['bitcoin', 'ponzi', 'scheme', 'wake', 'people']",5,1,1,1
btc_00009930,2024-05-19 11:46:37,Market manipulation! Bitcoin not organic growth 😡,on_chain_data,91,6,neutral,market manipulation bitcoin not organic growth,"['market', 'manipulation', 'bitcoin', 'not', 'organic', 'growth']",6,1,0,0
btc_00009931,2024-05-19 11:41:42,Long-term Bitcoin holders not selling 🔒,bitcoin_og,34,7,neutral,longterm bitcoin holders not selling,"['longterm', 'bitcoin', 'holder', 'not', 'selling']",5,1,1,1
btc_00009932,2024-05-19 12:48:13,Institutional Bitcoin holdings update: network congestion BTC,trading_pro,90,300,neutral,institutional bitcoin holdings update network congestion btc,"['institutional', 'bitcoin', 'holding', 'update', 'network', 'congestion', 'btc']",7,1,1,1
btc_00009933,2024-05-19 12:29:58,Sold all my BTC before the crash! Dodged bullet 😅,fundamental,67,80,negative,sold all my btc before the crash dodged bullet,"['sold', 'btc', 'crash', 'dodged', 'bullet']",5,0,0,0
btc_00009934,2024-05-19 12:45:45,Bitcoin correlation with stocks remains high 📊 🚨,btc_hodler,10,23,neutral,bitcoin correlation with stocks remains high,"['bitcoin', 'correlation', 'stock', 'remains', 'high']",5,1,1,1
btc_00009935,2024-05-19 13:59:04,Whales dumping BTC! Retail getting rekt 🐋,moon_soon,33,60,neutral,whales dumping btc retail getting rekt,"['whale', 'dumping', 'btc', 'retail', 'getting', 'rekt']",6,1,0,0
btc_00009936,2024-05-19 13:23:38,BTC hodlers being rewarded! Diamond hands win 💎,btc_miner,109,94,neutral,btc hodlers being rewarded diamond hands win,"['btc', 'hodlers', 'rewarded', 'diamond', 'hand', 'win']",6,1,2,2
btc_00009937,2024-05-19 14:17:12,Long-term Bitcoin holders not selling 🔒,crypto_news,178,69,neutral,longterm bitcoin holders not selling,"['longterm', 'bitcoin', 'holder', 'not', 'selling']",5,1,1,1
btc_00009938,2024-05-19 14:13:01,BITCOIN TRADING RANGE: $51535 - $53639,satoshi_fan,99,18,neutral,bitcoin trading range,"['bitcoin', 'trading', 'range']",3,1,1,1
btc_00009939,2024-05-19 15:49:54,"Bitcoin will hit $63k this year, mark my words! 📈 ⚡",trading_pro,104,87,neutral,bitcoin will hit k this year mark my words,"['bitcoin', 'hit', 'year', 'mark', 'word']",5,1,1,1
btc_00009940,2024-05-19 15:31:17,Tether FUD affecting Bitcoin price! Not good 😬,chart_master,104,145,positive,tether fud affecting bitcoin price not good,"['tether', 'fud', 'affecting', 'bitcoin', 'price', 'not', 'good']",7,2,0,0
btc_00009941,2024-05-19 15:05:03,Bitcoin crashing hard! Sell everything! 📉,technical_ta,360,19,negative,bitcoin crashing hard sell everything,"['bitcoin', 'crashing', 'hard', 'sell', 'everything']",5,0,0,1
btc_00009942,2024-05-19 16:09:04,Bitcoin fear & greed at extreme levels! Crash coming 😰,nft_collector,565,32,negative,bitcoin fear greed at extreme levels crash coming,"['bitcoin', 'fear', 'greed', 'extreme', 'level', 'crash', 'coming']",7,0,0,0
btc_00009943,2024-05-19 16:24:26,BTC TECHNICAL ANALYSIS SHOWS STRONG UPTREND ↗️,on_chain_data,556,340,neutral,btc technical analysis shows strong uptrend,"['btc', 'technical', 'analysis', 'show', 'strong', 'uptrend']",6,1,2,2
btc_00009944,2024-05-19 17:20:39,Institutional Bitcoin holdings update: Square BTC,bitcoin_og,23,25,neutral,institutional bitcoin holdings update square btc,"['institutional', 'bitcoin', 'holding', 'update', 'square', 'btc']",6,1,1,1
btc_00009945,2024-05-19 17:47:25,Amazing gains on Bitcoin today! Up 14% 🎉,hodl_gang,295,237,neutral,amazing gains on bitcoin today up,"['amazing', 'gain', 'bitcoin', 'today']",4,1,2,2
btc_00009946,2024-05-19 17:34:41,Sold all my BTC before the crash! Dodged bullet 😅,defi_degen,619,33,negative,sold all my btc before the crash dodged bullet,"['sold', 'btc', 'crash', 'dodged', 'bullet']",5,0,0,0
btc_00009947,2024-05-19 18:25:34,BTC holding steady at technology upgrade support level,whale_watcher,38,28,neutral,btc holding steady at technology upgrade support level,"['btc', 'holding', 'steady', 'technology', 'upgrade', 'support', 'level']",7,1,2,2
btc_00009948,2024-05-19 18:45:34,Bitcoin hash ribbons indicating Square signal,technical_ta,158,36,neutral,bitcoin hash ribbons indicating square signal,"['bitcoin', 'hash', 'ribbon', 'indicating', 'square', 'signal']",6,1,1,1
btc_00009949,2024-05-19 18:18:28,New Bitcoin ETF filing submitted by PayPal,diamond_hands,126,9,neutral,new bitcoin etf filing submitted by paypal,"['new', 'bitcoin', 'etf', 'filing', 'submitted', 'paypal']",6,1,1,1
btc_00009950,2024-05-19 18:49:49,Amazing gains on Bitcoin today! Up 7% 🎉,on_chain_data,2862,1632,neutral,amazing gains on bitcoin today up,"['amazing', 'gain', 'bitcoin', 'today']",4,1,2,2
btc_00009951,2024-05-19 19:09:33,Best performing asset: #Bitcoin 🏆,btc_hodler,168,87,positive,best performing asset bitcoin,"['best', 'performing', 'asset', 'bitcoin']",4,2,2,2
btc_00009952,2024-05-19 19:54:09,Study shows: Bitcoin volatility decreasing over time,on_chain_data,88,53,neutral,study shows bitcoin volatility decreasing over time,"['study', 'show', 'bitcoin', 'volatility', 'decreasing', 'time']",6,1,1,1
btc_00009953,2024-05-19 20:15:03,"Bitcoin volume increasing, watching closely 👀",crypto_trader,83,48,neutral,bitcoin volume increasing watching closely,"['bitcoin', 'volume', 'increasing', 'watching', 'closely']",5,1,1,1
btc_00009954,2024-05-19 21:20:49,BITCOIN MINING DIFFICULTY ADJUSTED 46% 🚨,crypto_bull,31,14,neutral,bitcoin mining difficulty adjusted,"['bitcoin', 'mining', 'difficulty', 'adjusted']",4,1,0,0
btc_00009955,2024-05-19 21:37:39,Analyzing Bitcoin chart patterns today 📈,crypto_trader,43,48,neutral,analyzing bitcoin chart patterns today,"['analyzing', 'bitcoin', 'chart', 'pattern', 'today']",5,1,1,1
btc_00009956,2024-05-19 22:58:28,MARKET UPDATE: BITCOIN SIDEWAYS MOVEMENT CONTINUES 💯,crypto_analyst,28,17,neutral,market update bitcoin sideways movement continues,"['market', 'update', 'bitcoin', 'sideways', 'movement', 'continues']",6,1,1,1
btc_00009957,2024-05-19 23:07:50,Amazing gains on Bitcoin today! Up 6% 🎉 💰,btc_hodler,396,15,neutral,amazing gains on bitcoin today up,"['amazing', 'gain', 'bitcoin', 'today']",4,1,2,2
btc_00009958,2024-05-19 23:50:53,REGULATORY PRESSURE KILLING BITCOIN! BE CAREFUL! ⚖️,hodl_gang,65,35,neutral,regulatory pressure killing bitcoin be careful,"['regulatory', 'pressure', 'killing', 'bitcoin', 'careful']",5,1,0,0
btc_00009959,2024-05-20 00:14:00,Sold all my BTC before the crash! Dodged bullet 😅 👀,sats_stacker,106,43,negative,sold all my btc before the crash dodged bullet,"['sold', 'btc', 'crash', 'dodged', 'bullet']",5,0,0,0
btc_00009960,2024-05-20 00:38:22,"Crypto winter is here, Bitcoin going to $33 🥶",nft_collector,87,19,neutral,crypto winter is here bitcoin going to,"['crypto', 'winter', 'bitcoin', 'going']",4,1,1,1
btc_00009961,2024-05-20 00:14:25,Bitcoin overvalued at current prices! Correction needed ⬇️,moon_soon,191,39,neutral,bitcoin overvalued at current prices correction needed,"['bitcoin', 'overvalued', 'current', 'price', 'correction', 'needed']",6,1,1,1
btc_00009962,2024-05-20 00:29:49,Just bought more $BTC! HODL strong 💎🙌,bitcoin_maxie,272,33,positive,just bought more btc hodl strong,"['bought', 'more', 'btc', 'hodl', 'strong']",5,2,2,2
btc_00009963,2024-05-20 01:21:55,Analyzing Bitcoin chart patterns today 📈,crypto_skeptic,21,7,neutral,analyzing bitcoin chart patterns today,"['analyzing', 'bitcoin', 'chart', 'pattern', 'today']",5,1,1,1
btc_00009964,2024-05-20 01:38:48,Interesting Bitcoin development: network congestion,whale_watcher,54,7,neutral,interesting bitcoin development network congestion,"['interesting', 'bitcoin', 'development', 'network', 'congestion']",5,1,2,2
btc_00009965,2024-05-20 01:38:42,Survey: 56% of investors hold Bitcoin,nft_collector,21,14,neutral,survey of investors hold bitcoin,"['survey', 'investor', 'hold', 'bitcoin']",4,1,1,1
btc_00009966,2024-05-20 02:18:23,"Bitcoin scam, government will ban it! ⚠️",trading_pro,85,45,negative,bitcoin scam government will ban it,"['bitcoin', 'scam', 'government', 'ban']",4,0,0,0
btc_00009967,2024-05-20 03:33:22,BITCOIN HASHRATE AT ATH! NETWORK SECURITY = BULLISH 🔒,crypto_bull,74,66,positive,bitcoin hashrate at ath network security bullish,"['bitcoin', 'hashrate', 'ath', 'network', 'security', 'bullish']",6,2,2,2
btc_00009968,2024-05-20 03:49:22,"Crypto winter is here, Bitcoin going to $40 🥶 🎯",bear_market,107,8,neutral,crypto winter is here bitcoin going to,"['crypto', 'winter', 'bitcoin', 'going']",4,1,1,1
btc_00009969,2024-05-20 03:18:21,STUDY SHOWS: BITCOIN VOLATILITY DECREASING OVER TIME,chart_master,23,10,neutral,study shows bitcoin volatility decreasing over time,"['study', 'show', 'bitcoin', 'volatility', 'decreasing', 'time']",6,1,1,1
btc_00009970,2024-05-20 04:13:48,Just bought more $BTC! HODL strong 💎🙌,crypto_news,30,43,positive,just bought more btc hodl strong,"['bought', 'more', 'btc', 'hodl', 'strong']",5,2,2,2
btc_00009971,2024-05-20 04:47:31,Institutional Bitcoin holdings update: institutional buying BTC,alt_hunter,46,14,neutral,institutional bitcoin holdings update institutional buying btc,"['institutional', 'bitcoin', 'holding', 'update', 'institutional', 'buying', 'btc']",7,1,1,1
btc_00009972,2024-05-20 04:12:37,"Crypto winter is here, Bitcoin going to $27 🥶",moon_soon,148,51,neutral,crypto winter is here bitcoin going to,"['crypto', 'winter', 'bitcoin', 'going']",4,1,1,1
btc_00009973,2024-05-20 05:52:58,Bitcoin correlation with stocks remains high 📊,crypto_bull,80,7,neutral,bitcoin correlation with stocks remains high,"['bitcoin', 'correlation', 'stock', 'remains', 'high']",5,1,1,1
btc_00009974,2024-05-20 05:37:37,Bitcoin fear & greed at extreme levels! Crash coming 😰,crypto_bull,248,62,negative,bitcoin fear greed at extreme levels crash coming,"['bitcoin', 'fear', 'greed', 'extreme', 'level', 'crash', 'coming']",7,0,0,0
btc_00009975,2024-05-20 06:58:32,Bitcoin sentiment turning positive! Rally incoming 🚀,crypto_skeptic,109,102,positive,bitcoin sentiment turning positive rally incoming,"['bitcoin', 'sentiment', 'turning', 'positive', 'rally', 'incoming']",6,2,2,2
btc_00009976,2024-05-20 07:49:56,Bitcoin to the moon! 🚀 #BTC #crypto,fundamental,49,45,positive,bitcoin to the moon btc crypto,"['bitcoin', 'moon', 'btc', 'crypto']",4,2,1,1
btc_00009977,2024-05-20 07:31:12,Smart money accumulating Bitcoin quietly 👀,chart_master,73,49,neutral,smart money accumulating bitcoin quietly,"['smart', 'money', 'accumulating', 'bitcoin', 'quietly']",5,1,2,2
btc_00009978,2024-05-20 08:38:17,Tether FUD affecting Bitcoin price! Not good 😬,crypto_news,237,37,positive,tether fud affecting bitcoin price not good,"['tether', 'fud', 'affecting', 'bitcoin', 'price', 'not', 'good']",7,2,0,0
btc_00009979,2024-05-20 08:53:27,Institutional Bitcoin holdings update: institutional buying BTC 👀,satoshi_fan,258,160,neutral,institutional bitcoin holdings update institutional buying btc,"['institutional', 'bitcoin', 'holding', 'update', 'institutional', 'buying', 'btc']",7,1,1,1
btc_00009980,2024-05-20 09:18:57,Consolidation phase for Bitcoin continues ⏸️ ⚡,satoshi_fan,69,19,neutral,consolidation phase for bitcoin continues,"['consolidation', 'phase', 'bitcoin', 'continues']",4,1,1,1
btc_00009981,2024-05-20 09:00:07,Bitcoin network upgrade scheduled for Coinbase,nft_collector,38,2,neutral,bitcoin network upgrade scheduled for coinbase,"['bitcoin', 'network', 'upgrade', 'scheduled', 'coinbase']",5,1,1,1
btc_00009982,2024-05-20 09:24:21,BTC holding steady at Grayscale support level,trading_pro,37,9,neutral,btc holding steady at grayscale support level,"['btc', 'holding', 'steady', 'grayscale', 'support', 'level']",6,1,2,2
btc_00009983,2024-05-20 10:38:29,"Bitcoin dominance at 60%, altcoins struggling",crypto_analyst,53,10,neutral,bitcoin dominance at altcoins struggling,"['bitcoin', 'dominance', 'altcoins', 'struggling']",4,1,0,1
btc_00009984,2024-05-20 11:24:06,Regulatory pressure killing Bitcoin! Be careful! ⚖️,bitcoin_maxie,62,20,neutral,regulatory pressure killing bitcoin be careful,"['regulatory', 'pressure', 'killing', 'bitcoin', 'careful']",5,1,0,0
btc_00009985,2024-05-20 11:02:17,Consolidation phase for Bitcoin continues ⏸️,technical_ta,30,21,neutral,consolidation phase for bitcoin continues,"['consolidation', 'phase', 'bitcoin', 'continues']",4,1,1,1
btc_00009986,2024-05-20 11:44:00,Smart money accumulating Bitcoin quietly 👀,alt_hunter,107,160,neutral,smart money accumulating bitcoin quietly,"['smart', 'money', 'accumulating', 'bitcoin', 'quietly']",5,1,2,2
btc_00009987,2024-05-20 11:06:06,BTC technical analysis shows strong uptrend ↗️,hodl_gang,225,75,neutral,btc technical analysis shows strong uptrend,"['btc', 'technical', 'analysis', 'show', 'strong', 'uptrend']",6,1,2,2
btc_00009988,2024-05-20 12:16:24,"BITCOIN DOMINANCE AT 47%, ALTCOINS STRUGGLING",alt_hunter,75,2,neutral,bitcoin dominance at altcoins struggling,"['bitcoin', 'dominance', 'altcoins', 'struggling']",4,1,0,1
btc_00009989,2024-05-20 12:14:32,"BTC dump incoming, get out while you can! 🔻",bull_run,237,64,negative,btc dump incoming get out while you can,"['btc', 'dump', 'incoming', 'get']",4,0,0,0
btc_00009990,2024-05-20 13:05:28,Bitcoin adoption growing massively! Bullish 📊 💯,chart_master,299,152,positive,bitcoin adoption growing massively bullish,"['bitcoin', 'adoption', 'growing', 'massively', 'bullish']",5,2,2,2
btc_00009991,2024-05-20 14:25:39,Study shows: Bitcoin volatility decreasing over time 👀,btc_miner,156,49,neutral,study shows bitcoin volatility decreasing over time,"['study', 'show', 'bitcoin', 'volatility', 'decreasing', 'time']",6,1,1,1
btc_00009992,2024-05-20 14:27:50,New Bitcoin ETF filing submitted by network congestion,bull_run,52,38,neutral,new bitcoin etf filing submitted by network congestion,"['new', 'bitcoin', 'etf', 'filing', 'submitted', 'network', 'congestion']",7,1,1,1
btc_00009993,2024-05-20 14:52:22,Analyzing Bitcoin chart patterns today 📈,diamond_hands,39,20,neutral,analyzing bitcoin chart patterns today,"['analyzing', 'bitcoin', 'chart', 'pattern', 'today']",5,1,1,1
btc_00009994,2024-05-20 15:48:19,Bitcoin adoption growing massively! Bullish 📊,alt_hunter,638,263,positive,bitcoin adoption growing massively bullish,"['bitcoin', 'adoption', 'growing', 'massively', 'bullish']",5,2,2,2
btc_00009995,2024-05-20 15:34:48,Bitcoin to the moon! 🚀 #BTC #crypto 💰,defi_degen,915,192,positive,bitcoin to the moon btc crypto,"['bitcoin', 'moon', 'btc', 'crypto']",4,2,1,1
btc_00009996,2024-05-20 16:27:56,BITCOIN OVERVALUED AT CURRENT PRICES! CORRECTION NEEDED ⬇️,sats_stacker,503,128,neutral,bitcoin overvalued at current prices correction needed,"['bitcoin', 'overvalued', 'current', 'price', 'correction', 'needed']",6,1,1,1
btc_00009997,2024-05-20 16:55:30,Bitcoin on-chain metrics showing mixed signals 📊 🚨,defi_degen,140,39,neutral,bitcoin onchain metrics showing mixed signals,"['bitcoin', 'onchain', 'metric', 'showing', 'mixed', 'signal']",6,1,1,1
btc_00009998,2024-05-20 16:12:17,Institutions buying Bitcoin = moon time 🌙 💯,moon_soon,952,73,positive,institutions buying bitcoin moon time,"['institution', 'buying', 'bitcoin', 'moon', 'time']",5,2,1,1
btc_00009999,2024-05-20 16:59:38,BITCOIN SENTIMENT TURNING POSITIVE! RALLY INCOMING 🚀 ⚡,technical_ta,1065,238,positive,bitcoin sentiment turning positive rally incoming,"['bitcoin', 'sentiment', 'turning', 'positive', 'rally', 'incoming']",6,2,2,2
btc_00010000,2024-05-20 17:00:01,Best performing asset: #Bitcoin 🏆,moon_soon,3104,1305,positive,best performing asset bitcoin,"['best', 'performing', 'asset', 'bitcoin']",4,2,2,2
