tweet_id,datetime,text,user,likes,retweets,sentiment
gen_3551,2024-01-01 08:12:44,"Bitcoin starting 2024 with a bang. The ETF anticipation is real.",user_19,6700,1800,positive
gen_3552,2024-01-01 13:45:10,"Happy New Year! 2024 is the year of institutional Bitcoin adoption.",user_84,2100,450,positive
gen_3553,2024-01-02 09:30:05,"Rumors of SEC meeting with exchanges today. Something is cooking.",user_30,8900,2400,positive
gen_3554,2024-01-02 15:22:18,"Bitcoin price holding steady despite the volatility in traditional markets.",user_72,6700,1800,positive
gen_3555,2024-01-03 10:05:59,"Matrixport report says ETF might be rejected. Markets are panicking.",user_99,15000,5600,negative
gen_3556,2024-01-03 16:00:01,"Flash crash today was just a leverage flush. Fundamentals haven't changed.",user_11,3100,780,neutral
gen_3557,2024-01-03 23:33:12,"Bought the dip. Panic sellers will regret this in a week.",user_55,5600,1400,positive
gen_3558,2024-01-04 07:45:30,"ETF approval window is opening soon. Stay focused on the long term.",user_48,12000,4500,positive
gen_3559,2024-01-04 14:20:10,"The Fed meeting notes indicate rates might stay high for longer. Tough.",user_20,2300,540,negative
gen_3560,2024-01-05 11:10:45,"BlackRock just filed another amendment. They are definitely getting ready.",user_61,3400,890,positive
gen_3561,2024-01-05 19:55:23,"Seeing huge inflows into stablecoins. People are waiting for the signal.",user_10,6700,1800,positive
gen_3562,2024-01-06 08:05:12,"Bitcoin mining difficulty at all time high. The network is indestructible.",user_41,12000,4500,positive
gen_3563,2024-01-06 22:40:00,"The SEC is playing games but the math doesn't lie. BTC is inevitable.",user_77,4500,1100,positive
gen_3564,2024-01-07 10:15:33,"Satoshi's vision is coming to Wall Street. Historic week ahead.",user_34,3100,780,positive
gen_3565,2024-01-07 23:58:19,"I don't care about the price today. I care about the cycle top in 2025.",user_60,5600,1400,positive
gen_3566,2024-01-08 12:12:44,"Gary Gensler is warning about crypto again. Same old script.",user_92,2100,450,negative
gen_3567,2024-01-08 20:05:01,"Massive volume on Bitcoin futures today. The big boys are here.",user_20,8900,2400,positive
gen_3568,2024-01-09 09:30:15,"The SEC Twitter account was hacked! Fake ETF approval news. Total chaos.",user_12,6700,1800,negative
gen_3569,2024-01-09 17:45:50,"That hack was a disaster for SEC credibility. What a mess.",user_50,3400,900,negative
gen_3570,2024-01-10 10:10:00,"OFFICIAL: The SEC has approved the first Bitcoin Spot ETFs!",user_40,15000,5600,positive
gen_3571,2024-01-10 14:55:12,"A historic day for Bitcoin. 11 ETFs approved at once.",user_68,4200,1100,positive
gen_3572,2024-01-11 08:30:45,"ETF trading starts today! Let's see how much volume we get.",user_17,3100,780,positive
gen_3573,2024-01-11 15:15:30,"Billions in volume in the first hour. This is bigger than anyone expected.",user_30,5600,1400,positive
gen_3574,2024-01-12 09:05:11,"Sell the news event is playing out. Price is dropping despite approval.",user_51,8900,2400,negative
gen_3575,2024-01-12 13:40:22,"Grayscale is dumping BTC to pay for redemptions. Expected volatility.",user_86,2300,540,negative
gen_3576,2024-01-12 18:55:01,"Long term holders aren't selling. This is just a rotation.",user_90,6700,1800,neutral
gen_3577,2024-01-13 07:12:33,"Buying the post-ETF dip. This is a gift for those who missed the run.",user_27,12000,4500,positive
gen_3578,2024-01-13 12:22:50,"The narrative is shifting to Ethereum now. ETH ETF next?",user_11,7800,2100,positive
gen_3579,2024-01-13 21:05:19,"Bitcoin is down but the fundamentals are stronger than ever.",user_72,3400,900,positive
gen_3580,2024-01-14 11:15:44,"Crypto markets never sleep. Staying alert during this correction.",user_55,2100,450,neutral
gen_3581,2024-01-14 17:30:00,"The dollar is showing strength today, putting pressure on BTC.",user_14,15000,5600,negative
gen_3582,2024-01-15 10:45:11,"Grayscale outflows are slowing down. Bottom might be in soon.",user_81,4200,1100,positive
gen_3583,2024-01-15 15:12:55,"Retail is scared, institutions are buying. The classic cycle.",user_69,8900,2400,positive
gen_3584,2024-01-15 22:50:33,"Patience is the only thing that pays in this market. HODL.",user_11,3100,780,positive
gen_3585,2024-01-16 09:20:10,"BlackRock iShares Bitcoin Trust is already a top performing ETF.",user_43,5600,1400,positive
gen_3586,2024-01-16 14:05:45,"Jim Cramer said Bitcoin is going to zero. Extremely bullish signal.",user_59,2300,540,positive
gen_3587,2024-01-17 08:30:12,"The halving is only 100 days away. The real supply shock starts then.",user_70,6700,1800,positive
gen_3588,2024-01-17 16:45:20,"Markets are boring right now. Accumulation phase in progress.",user_22,12000,4500,neutral
gen_3589,2024-01-17 21:15:00,"Fidelity is buying massive amounts for their clients. Bullish.",user_38,3400,900,positive
gen_3590,2024-01-18 10:12:33,"BTC price action is frustrating but the network growth is insane.",user_80,2100,450,positive
gen_3591,2024-01-18 14:55:10,"A lot of noise about regulation in the EU. Just FUD as usual.",user_15,8900,2400,negative
gen_3592,2024-01-18 19:30:55,"Crypto is the only way to escape the global debt trap.",user_79,6700,1800,positive
gen_3593,2024-01-19 08:15:22,"Bitcoin is the most reliable asset class of the last decade.",user_10,15000,5600,positive
gen_3594,2024-01-19 13:40:40,"Whales are moving large amounts to cold storage. Supply tightening.",user_92,4200,1100,positive
gen_3595,2024-01-19 17:10:05,"DeFi is looking undervalued compared to BTC right now.",user_41,3100,780,positive
gen_3596,2024-01-20 09:05:33,"Weekend trading volume is low. Expect some volatility tomorrow.",user_20,5600,1400,neutral
gen_3597,2024-01-20 14:55:12,"Bitcoin is more than just a ticker. It's financial freedom.",user_6,2300,540,positive
gen_3598,2024-01-20 20:30:45,"Watching the charts on a Saturday night. Pure dedication.",user_3,6700,1800,positive
gen_3599,2024-01-21 11:20:18,"Global markets opening soon. Let's see how the ETFs perform.",user_10,12000,4500,neutral
gen_3600,2024-01-21 23:12:44,"BTC price testing support at 40k. Must hold level for bulls.",user_66,3400,890,neutral
gen_3601,2024-01-22 08:15:10,"Breaking 40k to the downside. Liquidations are everywhere.",user_12,5600,1400,negative
gen_3602,2024-01-22 13:40:55,"The 'Sell the ETF' crowd is winning right now. Painful to watch.",user_15,8900,2100,negative
gen_3603,2024-01-22 21:05:22,"Everything is red. Time to step away from the screen.",user_33,11000,4500,negative
gen_3604,2024-01-23 09:12:05,"GBTC selling is the primary cause of this dump. Will it end soon?",user_11,4200,1100,negative
gen_3605,2024-01-23 15:45:18,"FTX estate just sold 1 billion worth of BTC. No wonder we dipped.",user_99,6700,1800,negative
gen_3606,2024-01-23 23:30:44,"Market is local bottoming. RSI is extremely oversold.",user_15,15000,6700,positive
gen_3607,2024-01-24 08:15:10,"Waking up to green. The bounce is starting. 40k reclaimed.",user_4,3100,890,positive
gen_3608,2024-01-24 14:20:55,"Cathie Wood says Bitcoin is replacing gold. I believe her.",user_20,12000,4500,positive
gen_3609,2024-01-24 23:50:22,"Tesla earnings tonight. Do they still hold their Bitcoin?",user_72,8900,2400,neutral
gen_3610,2024-01-25 11:10:44,"Tesla didn't sell! Bullish news for the diamond handers.",user_55,5600,1400,positive
gen_3611,2024-01-25 17:30:05,"Layer 2 solutions on Bitcoin are the next big narrative for 2024.",user_13,6700,1800,positive
gen_3612,2024-01-26 09:45:12,"Inflation data coming in lower than expected. Markets are rallying.",user_8,3100,780,positive
gen_3613,2024-01-26 14:12:44,"Bitcoin is acting like a tech stock today. High correlation.",user_66,8900,2400,neutral
gen_3614,2024-01-26 22:50:33,"Don't let the short term moves distract you from the halving.",user_11,6700,1800,positive
gen_3615,2024-01-27 09:20:10,"Bitcoin is the hardest money ever created. Scarcity is everything.",user_43,4500,1100,positive
gen_3616,2024-01-27 14:05:45,"Crypto Twitter is finally getting optimistic again. Love the energy.",user_59,12000,4500,positive
gen_3617,2024-01-28 08:30:12,"Sunday morning coffee and portfolio checking. All good.",user_70,3400,890,positive
gen_3618,2024-01-28 16:45:20,"The weekly candle is looking very strong. Bulls are in control.",user_22,15000,5600,positive
gen_3619,2024-01-28 21:15:00,"Google search interest for Bitcoin is rising. New money incoming.",user_38,4200,1100,positive
gen_3620,2024-01-29 10:12:33,"Fidelity's Bitcoin ETF is seeing massive daily inflows. Institutional fomo.",user_80,3100,780,positive
gen_3621,2024-01-29 14:55:10,"The market is absorbing the GBTC selling pressure like a sponge.",user_15,6700,1800,positive
gen_3622,2024-01-29 19:30:55,"Every dip is an opportunity to stack sats. Don't waste it.",user_79,5600,1400,positive
gen_3623,2024-01-30 08:15:22,"Bitcoin is the apex predator of assets. Traditional finance is scared.",user_10,8900,2400,positive
gen_3624,2024-01-30 13:40:40,"The SEC is looking into Ethereum now. They never stop.",user_92,2300,540,negative
gen_3625,2024-01-30 17:10:05,"Privacy in crypto is not a crime. It's a necessity.",user_41,11000,4500,positive
gen_3626,2024-01-31 09:05:33,"Fed meeting day! Buckle up for some serious volatility.",user_20,4500,1100,neutral
gen_3627,2024-01-31 14:55:12,"Powell says no rate cuts in March. Markets are dumping.",user_6,15000,5600,negative
gen_3628,2024-01-31 20:30:45,"The dip after the Fed meeting is just noise. Focus on April.",user_3,6700,1800,positive
gen_3629,2024-02-01 11:20:18,"February is usually a green month for Bitcoin. Let's see.",user_10,12000,4500,positive
gen_3630,2024-02-01 08:12:44,"Binance under pressure again. The FUD never ends.",user_66,3400,890,negative
gen_3631,2024-02-02 13:45:10,"Bitcoin miners are preparing for the halving. Efficiency is key.",user_19,8900,2400,positive
gen_3632,2024-02-02 09:30:05,"The correlation between BTC and gold is hitting new highs.",user_84,2100,450,positive
gen_3633,2024-02-03 15:22:18,"Global liquidity is starting to rise. Good for risk assets like BTC.",user_30,5600,1400,positive
gen_3634,2024-02-03 21:12:44,"HODLing is a superpower in a world of short-term traders.",user_72,12000,4500,positive
gen_3635,2024-02-04 10:05:59,"Bitcoin is digital property. You cannot ban it, only tax it.",user_99,4200,1100,positive
gen_3636,2024-02-04 16:00:01,"Check your security. Enable 2FA on everything. Protect your crypto.",user_11,3100,780,neutral
gen_3637,2024-02-04 23:33:12,"Waking up to Bitcoin at 43k. Momentum is building.",user_55,15000,6700,positive
gen_3638,2024-02-05 07:45:30,"Institutional interest in Bitcoin is at an all-time high.",user_48,8900,2400,positive
gen_3639,2024-02-05 14:20:10,"The market is pricing in the halving supply shock early.",user_20,6700,1800,positive
gen_3640,2024-02-06 11:10:45,"MicroStrategy keeps buying. Michael Saylor is a legend.",user_61,2300,540,positive
gen_3641,2024-02-06 19:55:23,"Bitcoin is the insurance policy against central bank failure.",user_10,11000,4500,positive
gen_3642,2024-02-07 08:05:12,"44k broken! The path to 50k is wide open now.",user_41,4500,1100,positive
gen_3643,2024-02-07 22:40:00,"The short squeeze is on. Bears are getting liquidated.",user_77,15000,5600,positive
gen_3644,2024-02-08 10:15:33,"Stablecoin supply is exploding. New capital entering the system.",user_34,6700,1800,positive
gen_3645,2024-02-08 23:58:19,"Bitcoin is currently the most exciting trade in the world.",user_60,12000,4500,positive
gen_3646,2024-02-09 12:12:44,"Breaking 47k. We are moving faster than I expected.",user_92,3400,890,positive
gen_3647,2024-02-09 20:05:01,"Super Bowl crypto ads might be back? Huge retail exposure potential.",user_20,8900,2400,positive
gen_3648,2024-02-10 09:30:15,"48k! Bitcoin is unstoppable. Halving hype is in full effect.",user_12,5600,1400,positive
gen_3649,2024-02-10 17:45:50,"The dominance of Bitcoin is rising. Alts are lagging behind.",user_50,2100,450,positive
gen_3650,2024-02-11 10:10:00,"Bitcoin at 48.5k on a Sunday. Usually a sign of a massive week.",user_40,15000,6700,positive
gen_3651,2024-02-11 08:15:22,"Retail fomo hasn't even started yet. This is just institutions.",user_44,12000,3400,positive
gen_3652,2024-02-12 10:45:10,"50,000 DOLLARS. WE DID IT. BITCOIN AT 50K!",user_19,5600,1200,positive
gen_3653,2024-02-12 11:30:05,"Watching the 50k level hold. History in the making.",user_88,1200,340,positive
gen_3654,2024-02-12 14:22:18,"The market cap of Bitcoin is back over 1 Trillion. Insane.",user_21,8900,2100,positive
gen_3655,2024-02-13 15:12:44,"CPI data higher than expected. Small dip in the rally. Buying opportunity.",user_77,3400,980,neutral
gen_3656,2024-02-13 09:05:59,"Inflation is sticky, but Bitcoin is a hedge. Don't sell the dip.",user_33,11000,4500,positive
gen_3657,2024-02-14 12:00:01,"Happy Valentine's Day. I love my Bitcoin more than ever.",user_99,2300,560,positive
gen_3658,2024-02-14 21:33:12,"Bitcoin back at 52k. The CPI dip lasted exactly 6 hours.",user_15,15000,6700,positive
gen_3659,2024-02-15 07:45:30,"The supply on exchanges is at a multi-year low. Bullish.",user_44,4200,1100,positive
gen_3660,2024-02-15 15:20:10,"BlackRock buying 10,000 BTC a day. They are the biggest whale now.",user_22,3100,890,positive
gen_3661,2024-02-16 10:10:45,"Coinbase app ranking is climbing. Retail is finally waking up.",user_67,1900,430,positive
gen_3662,2024-02-16 18:55:23,"Bitcoin is the world's most desired asset. Scarcity by design.",user_10,25000,9800,positive
gen_3663,2024-02-17 09:05:12,"The market feels greedy. Be careful with high leverage here.",user_55,4500,1200,neutral
gen_3664,2024-02-17 22:40:00,"Healthy consolidation above 50k. Building a new floor.",user_81,7800,2300,positive
gen_3665,2024-02-18 11:15:33,"Global debt is the best marketing for Bitcoin. 34 Trillion reasons.",user_39,2100,650,positive
gen_3666,2024-02-18 23:58:19,"Another week in the green. Bitcoin is in a clear bull market.",user_61,5600,1400,positive
gen_3667,2024-02-19 13:12:44,"European banks are starting to offer BTC to their clients. Adoption!",user_94,3400,900,positive
gen_3668,2024-02-19 20:05:01,"The halving countdown is under 60 days. Buckle up.",user_20,6700,1800,positive
gen_3669,2024-02-20 08:30:15,"Institutional FOMO is just getting started. 100k is the target.",user_11,8900,3100,positive
gen_3670,2024-02-20 16:45:50,"Every time you doubt Bitcoin, it proves you wrong. Legend.",user_50,2300,540,positive
gen_3671,2024-02-21 09:10:00,"Spot ETF volume is breaking records every single day now.",user_44,12000,4300,positive
gen_3672,2024-02-21 11:55:12,"Fidelity added Bitcoin to their conservative portfolios. Mass adoption.",user_60,4500,1100,positive
gen_3673,2024-02-21 14:30:45,"Bitcoin price is flat today. Good time to rebalance the portfolio.",user_19,3200,780,neutral
gen_3674,2024-02-21 19:15:30,"The ETF flow is bigger than the miner sell pressure. Only one way up.",user_30,6700,2100,positive
gen_3675,2024-02-22 08:05:11,"NVIDIA earnings were insane. AI and Crypto are leading the tech rally.",user_5,8900,2900,positive
gen_3676,2024-02-22 12:40:22,"Bitcoin is the most reliable store of value in the digital age.",user_82,1500,320,positive
gen_3677,2024-02-22 15:55:01,"Regulators in the UK are looking into stablecoin rules. Clarity incoming.",user_90,2400,610,neutral
gen_3678,2024-02-23 07:12:33,"Waking up to 51k. Consistent strength is better than a vertical moon.",user_22,13000,5200,positive
gen_3679,2024-02-23 13:22:50,"Grayscale outflows are finally under 100M. The tide has turned.",user_11,7600,2200,positive
gen_3680,2024-02-23 21:05:19,"Math is the only thing I trust. 21 Million is all there will ever be.",user_7,3400,900,positive
gen_3681,2024-02-24 10:15:44,"Saturday morning accumulation. Stacking sats every single day.",user_55,5600,1500,positive
gen_3682,2024-02-24 18:30:00,"The 52k resistance is tough. Needs more volume to break it.",user_13,9800,3100,neutral
gen_3683,2024-02-25 09:45:11,"Bitcoin at 51.5k. Consolidation before the big push to 60k.",user_8,4200,1100,positive
gen_3684,2024-02-25 14:12:55,"The bear market taught us to be patient. Now we enjoy the fruits.",user_66,3100,780,positive
gen_3685,2024-02-25 23:50:33,"Hash rate hitting 600 EH/s. The most secure network on the planet.",user_11,1200,290,positive
gen_3686,2024-02-26 11:20:10,"MicroStrategy buys another 3,000 BTC. Michael Saylor never stops.",user_4,5400,1300,positive
gen_3687,2024-02-26 16:05:45,"Bitcoin at 54,000! We just skipped 53k completely.",user_56,6700,2100,positive
gen_3688,2024-02-27 08:30:12,"Waking up to 57,000! This is getting vertical. Pure euphoria.",user_70,2100,450,positive
gen_3689,2024-02-27 15:45:20,"57k broken. The bears are in total disbelief right now.",user_2,8900,2400,positive
gen_3690,2024-02-27 22:15:00,"10% move in a single day for an asset this big. Incredible.",user_33,4300,1100,positive
gen_3691,2024-02-28 09:12:33,"Bitcoin is within 15% of the All-Time High. It's happening.",user_89,1500,320,positive
gen_3692,2024-02-28 13:55:10,"60,000 DOLLARS! BITCOIN IS BACK IN THE 60K CLUB!",user_15,7800,2200,positive
gen_3693,2024-02-28 18:30:55,"Coinbase is crashing because of the traffic. Classic bull market sign.",user_74,3200,890,neutral
gen_3694,2024-02-29 07:15:22,"Bitcoin at 62k. February 2024 will go down as a legendary month.",user_1,15000,5600,positive
gen_3695,2024-02-29 12:40:40,"The monthly candle for Feb is the largest in Bitcoin history. Insane.",user_99,4100,950,positive
gen_3696,2024-02-29 16:10:05,"Everything is pumping. The supercycle is real and it's spectacular.",user_41,2300,540,positive
gen_3697,2024-03-01 09:05:33,"Welcome to March. The month we break the All-Time High?",user_20,9800,3200,positive
gen_3698,2024-03-01 14:55:12,"Institutional demand is now 10x the daily supply of new coins.",user_6,3400,890,positive
gen_3699,2024-03-01 20:30:45,"If you aren't HODLing now, you'll never make it. Final boss mode.",user_3,6700,2100,positive
gen_3700,2024-03-02 11:20:18,"Bitcoin is the future of money. Don't let anyone tell you otherwise.",user_10,12000,4500,positive
gen_3701,2024-03-02 08:12:44,"Retail is starting to fomo in. Volume is off the charts.",user_66,3400,890,positive
gen_3702,2024-03-03 13:45:10,"Bitcoin is a vote for a better future. Join the revolution.",user_19,6700,1800,positive
gen_3703,2024-03-03 09:30:05,"Central bank digital currencies are the opposite of freedom.",user_84,2100,450,negative
gen_3704,2024-03-04 15:22:18,"Courts are the only place where crypto gets a fair hearing.",user_30,8900,2400,positive
gen_3705,2024-03-04 21:12:44,"Every state in the world will eventually have a Bitcoin strategy.",user_72,6700,1800,positive
gen_3706,2024-03-05 10:05:59,"Savings should be protected by math, not by government decree.",user_99,15000,5600,positive
gen_3707,2024-03-05 16:00:01,"Clarity is the final hurdle before the institutional floodgates open.",user_11,3100,780,neutral
gen_3708,2024-03-05 23:33:12,"Bitcoin is a vote for an honest future. Join the revolution.",user_55,5600,1400,positive
gen_3709,2024-03-06 07:45:30,"2025 is the year of institutional political adoption of BTC.",user_48,12000,4500,positive
gen_3710,2024-03-06 14:20:10,"Fed policy will always be the tail that wags the market dog.",user_20,2300,540,neutral
gen_3711,2024-03-07 11:10:45,"Seeing nations compete for miners is the new digital arms race.",user_61,3400,890,positive
gen_3712,2024-03-07 19:55:23,"Government can slow us down but they cannot stop the protocol.",user_10,6700,1800,positive
gen_3713,2024-03-08 08:05:12,"Bitcoin is the divorce papers between you and the central bank.",user_41,12000,4500,positive
gen_3714,2024-03-08 22:40:00,"Tax laws for crypto are a mess. We need simpler rules for all.",user_77,4500,1100,negative
gen_3715,2024-03-09 10:15:33,"Global south leading the way while the west argues about definitions.",user_34,3100,780,positive
gen_3716,2024-03-09 23:58:19,"Bullish on politics being forced to adapt to the reality of crypto.",user_60,5600,1400,positive
gen_3717,2024-03-10 12:12:44,"Own your keys or stay a slave to the banking system. Choose.",user_92,2100,450,negative
gen_3718,2024-03-10 20:05:01,"Blockchain transparency makes government waste impossible to hide.",user_20,8900,2400,positive
gen_3719,2024-03-11 09:30:15,"Bitcoin is the only neutral ground in the current global conflict.",user_12,6700,1800,positive
gen_3720,2024-03-11 17:45:50,"Smart contracts will eventually replace most of the tax code.",user_50,3400,900,positive
gen_3721,2024-03-12 10:10:00,"The end of state-controlled money is the beginning of true liberty.",user_40,15000,5600,positive
gen_3722,2024-03-12 14:55:12,"Fair regulation is all we ask for. The technology does the rest.",user_68,4200,1100,neutral
gen_3723,2024-03-13 08:30:45,"Attacking Bitcoin only makes the case for its existence stronger.",user_17,3100,780,positive
gen_3724,2024-03-13 15:15:30,"A world with Bitcoin has fewer incentives for global warfare.",user_30,5600,1400,positive
gen_3725,2024-03-14 09:05:11,"Bitcoin is truth in a world of political hallucinations. Buy it.",user_51,8900,2400,positive
gen_3726,2024-03-14 13:40:22,"Humanitarian aid via crypto is saving lives in war zones right now.",user_86,2300,540,positive
gen_3727,2024-03-14 18:55:01,"Ethereum is the foundation for a new digital democracy. Build on.",user_90,6700,1800,positive
gen_3728,2024-03-15 07:12:33,"Mining with waste methane is the biggest environmental win ever.",user_27,12000,4500,positive
gen_3729,2024-03-15 12:22:50,"The fight for the internet is the fight for the blockchain.",user_11,7800,2100,positive
gen_3730,2024-03-15 21:05:19,"When they say they protect you, they mean they want your data.",user_72,3400,900,negative
gen_3731,2024-03-16 11:15:44,"Decentralized science will change how we fund our future. Huge.",user_55,2100,450,positive
gen_3732,2024-03-16 17:30:00,"Government asset freezes are the best advertisement for self-custody.",user_14,15000,5600,positive
gen_3733,2024-03-17 10:45:11,"Bitcoin is the first asset that belongs to humanity, not a state.",user_81,4200,1100,positive
gen_3734,2024-03-17 15:12:55,"Politics is just a lagging indicator for the tech revolution.",user_69,8900,2400,positive
gen_3735,2024-03-17 22:50:33,"Stablecoins are the most successful financial product of the decade.",user_11,3100,780,positive
gen_3736,2024-03-18 09:20:10,"Next election will be won or lost on the crypto platform. Watch.",user_43,5600,1400,positive
gen_3737,2024-03-18 14:05:45,"Ratioing anti-crypto politicians is a necessary community service.",user_59,2300,540,positive
gen_3738,2024-03-19 08:30:12,"Bitcoin is a peaceful exit from the circus of modern politics.",user_70,6700,1800,positive
gen_3739,2024-03-19 16:45:20,"Saving in a non-inflationary currency is a fundamental right.",user_22,12000,4500,positive
gen_3740,2024-03-19 21:15:00,"Vigilance is required as the old system tries to fight back.",user_38,3400,900,neutral
gen_3741,2024-03-20 10:12:33,"Blockchain is the perfect tool for auditing government spending.",user_80,2100,450,positive
gen_3742,2024-03-20 14:55:10,"Market strength against FUD is the sign of a maturing ecosystem.",user_15,8900,2400,positive
gen_3743,2024-03-20 19:30:55,"Crypto is the digital frontier of human liberty. Join the fight.",user_79,6700,1800,positive
gen_3744,2024-03-21 08:15:22,"Individual independence is only possible with financial sovereignty.",user_10,15000,5600,positive
gen_3745,2024-03-21 13:40:40,"Efficiency of the blockchain will end the age of the middleman.",user_92,4200,1100,positive
gen_3746,2024-03-21 17:10:05,"Web3 is how we take the power back from the tech monopolies.",user_41,3100,780,positive
gen_3747,2024-03-22 09:05:33,"Bitcoin is a global asset for a borderless generation. HODL.",user_20,5600,1400,positive
gen_3748,2024-03-22 14:55:12,"Embrace crypto or get left behind in the industrial dustbin.",user_6,2300,540,neutral
gen_3749,2024-03-22 20:30:45,"Pro-tech candidates are the only ones who deserve our support.",user_3,6700,1800,neutral
gen_3750,2024-03-23 11:20:18,"We are living through the birth of a new financial species.",user_10,12000,4500,positive
gen_3751,2024-03-23 08:12:44,"SEC overreach is an attack on the fundamental right to innovate.",user_66,4500,1100,negative
gen_3752,2024-03-24 13:45:10,"Senator takes on crypto are usually thirty years out of date.",user_19,3400,890,negative
gen_3753,2024-03-24 09:30:05,"Resilient communities are the backbone of the Bitcoin movement.",user_84,2100,450,positive
gen_3754,2024-03-25 15:22:18,"Governments hate your privacy because they cannot control it.",user_30,8900,2400,negative
gen_3755,2024-03-25 21:12:44,"Moving towards a world where trust is built into the protocol.",user_72,6700,1800,positive
gen_3756,2024-03-26 10:05:59,"Political corruption is the best reason to use decentralized tech.",user_99,15000,5600,positive
gen_3757,2024-03-26 16:00:01,"Executive orders cannot stop a distributed ledger. Good luck.",user_11,3100,780,positive
gen_3758,2024-03-26 23:33:12,"New laws against crypto will only speed up the adoption of DeFi.",user_55,5600,1400,positive
gen_3759,2024-03-27 07:45:30,"Satoshi gave us a way out of the central banking trap. Use it.",user_48,12000,4500,positive
gen_3760,2024-03-27 14:20:10,"The Fed is stuck between a rock and a hard place. Bitcoin wins.",user_20,2300,540,positive
gen_3761,2024-03-28 11:10:45,"A positive mention of staking in congress? The winds are turning.",user_61,3400,890,positive
gen_3762,2024-03-28 19:55:23,"Decentralization is the only hedge against total political insanity.",user_10,6700,1800,positive
gen_3763,2024-03-29 08:05:12,"Privacy is a prerequisite for liberty. Support privacy protocols.",user_41,2100,450,positive
gen_3764,2024-03-29 22:40:00,"The Digital Yuan is just another tool for state surveillance.",user_77,8900,2400,negative
gen_3765,2024-03-30 10:15:33,"Web3 is how we rebuild the social contract for the modern age.",user_34,6700,1800,positive
gen_3766,2024-03-30 23:58:19,"The political noise will fade but the blockchain will remain.",user_60,15000,5600,positive
gen_3767,2024-03-31 12:12:44,"Clarity in regulation is the spark for the next massive rally.",user_92,3100,780,neutral
gen_3768,2024-03-31 20:05:01,"No politician can delete the history of the blockchain. Truth.",user_20,5600,1400,positive
gen_3769,2024-04-01 09:30:15,"Bitcoin is the ultimate exit from the cycle of state inflation.",user_12,12000,4500,positive
gen_3770,2024-04-01 17:45:50,"People are finally seeing fiat money for what it really is.",user_50,2300,540,positive
gen_3771,2024-04-02 10:10:00,"The most important innovation in finance is happening right now.",user_40,3400,890,positive
gen_3772,2024-04-02 14:55:12,"Competition between nations for crypto friendly rules is great.",user_68,6700,1800,positive
gen_3773,2024-04-03 08:30:45,"Corrupt officials hate the ledger because it never forgets.",user_17,2100,450,positive
gen_3774,2024-04-03 15:15:30,"Owning your keys is an act of digital independence. Do it.",user_30,8900,2400,positive
gen_3775,2024-04-04 09:05:11,"Bitcoin is the only wealth that actually belongs to you. Fact.",user_51,6700,1800,positive
gen_3776,2024-04-04 13:40:22,"The global south is the true engine of crypto adoption today.",user_86,15000,5600,positive
gen_3777,2024-04-04 18:55:01,"Knowledge about crypto is the best weapon against bad politics.",user_90,3100,780,positive
gen_3778,2024-04-05 07:12:33,"Bitcoin is a hedge against the failures of centralized power.",user_27,5600,1400,positive
gen_3779,2024-04-05 12:22:50,"Lightning network is changing the political landscape for small states.",user_11,12000,4500,positive
gen_3780,2024-04-05 21:05:19,"Don't lose focus. The future is decentralized and inevitable.",user_72,2300,540,positive
gen_3781,2024-04-06 11:15:44,"DeSci is going to disrupt the state control of scientific progress.",user_55,2100,450,positive
gen_3782,2024-04-06 17:30:00,"Privacy is not about hiding; it is about protecting your life.",user_14,15000,5600,positive
gen_3783,2024-04-07 10:45:11,"Bitcoin is the first truly global and impartial currency. HODL.",user_81,4200,1100,positive
gen_3784,2024-04-07 15:12:55,"Delayed by politics, but finalized by technology. Stay patient.",user_69,8900,2400,positive
gen_3785,2024-04-07 22:50:33,"Global USD access via stablecoins is a massive win for everyone.",user_11,3100,780,positive
gen_3786,2024-04-08 09:20:10,"Crypto voters are the most informed demographic in modern politics.",user_43,5600,1400,positive
gen_3787,2024-04-08 14:05:45,"Bad takes from politicians are just fuel for the crypto fire.",user_59,2300,540,positive
gen_3788,2024-04-09 08:30:12,"Bitcoin is a protest against the death of the middle class.",user_70,6700,1800,positive
gen_3789,2024-04-09 16:45:20,"Freedom to save without inflation is a basic necessity. HODL.",user_22,12000,4500,positive
gen_3790,2024-04-09 21:15:00,"Old system is fighting because they know they have already lost.",user_38,3400,900,positive
gen_3791,2024-04-10 10:12:33,"Auditing the government on a public blockchain is the ultimate goal.",user_80,2100,450,positive
gen_3792,2024-04-10 14:55:10,"Every new crypto friendly law is a win for the entire world.",user_15,8900,2400,positive
gen_3793,2024-04-10 19:30:55,"Crypto is the last frontier of true individual freedom in 2025.",user_79,6700,1800,positive
gen_3794,2024-04-11 08:15:22,"Financial liberty is the bedrock of a successful and free society.",user_10,15000,5600,positive
gen_3795,2024-04-11 13:40:40,"Automation of trust via blockchain is a massive upgrade for earth.",user_92,4200,1100,positive
gen_3796,2024-04-11 17:10:05,"Reclaiming the digital world from political interference is key.",user_41,3100,780,positive
gen_3797,2024-04-12 09:05:33,"Bitcoin is the first neutral money for a globally connected world.",user_20,5600,1400,positive
gen_3798,2024-04-12 14:55:12,"Governments must adapt or die in the new digital financial era.",user_6,2300,540,neutral
gen_3799,2024-04-12 20:30:45,"We need more tech literacy in the halls of government. Now.",user_3,6700,1800,negative
gen_3800,2024-04-13 11:20:18,"Digital sovereignty is the most important fight of our generation.",user_10,12000,4500,positive
gen_3801,2024-04-13 08:12:44,"Attack on the SEC is an attack on the status quo. Keep going.",user_66,4500,1100,positive
gen_3802,2024-04-14 13:45:10,"Politicians are only catching up to what we knew ten years ago.",user_19,3400,890,neutral
gen_3803,2024-04-14 09:30:05,"Decentralized communities are more powerful than centralized states.",user_84,2100,450,positive
gen_3804,2024-04-15 15:22:18,"The war on cash is a war on privacy. Bitcoin is our defense.",user_30,8900,2400,positive
gen_3805,2024-04-15 21:12:44,"The transition to code-based trust is the biggest shift in history.",user_72,6700,1800,positive
gen_3806,2024-04-16 10:05:59,"Bankers hate Bitcoin because they cannot charge fees to exist.",user_99,15000,5600,positive
gen_3807,2024-04-16 16:00:01,"Blockchain is the only way to prove you own anything digitally.",user_11,3100,780,positive
gen_3808,2024-04-16 23:33:12,"Never stop learning about the tech that will run the future world.",user_55,5600,1400,positive
gen_3809,2024-04-17 07:45:30,"Bitcoin is the most significant tool for peace ever invented.",user_48,12000,4500,positive
gen_3810,2024-04-17 14:20:10,"Scaling is no longer a dream. It is a reality for the planet.",user_20,2300,540,positive
gen_3811,2024-04-18 11:10:45,"Tokenized fine art is just the beginning of on-chain assets.",user_61,3400,890,positive
gen_3812,2024-04-18 19:55:23,"Decentralized social media is the cure for state censorship.",user_10,6700,1800,positive
gen_3813,2024-04-19 08:05:12,"Logistics on the blockchain will end trade friction between gov.",user_41,2100,450,positive
gen_3814,2024-04-19 22:40:00,"Every block mined is a step toward a more honest financial world.",user_77,8900,2400,positive
gen_3815,2024-04-20 10:15:33,"Global community coordination is the true power of the network.",user_34,6700,1800,positive
gen_3816,2024-04-20 23:58:19,"Bull runs prove the demand for freedom cannot be suppressed.",user_60,15000,5600,positive
gen_3817,2024-04-21 12:12:44,"ZK-proofs are the ultimate tool for personal privacy and security.",user_92,3100,780,positive
gen_3818,2024-04-21 20:05:01,"Economic empowerment for the masses is the mission of crypto.",user_20,5600,1400,positive
gen_3819,2024-04-22 09:30:15,"Settling trade in stablecoins is saving nations billions in fees.",user_12,12000,4500,positive
gen_3820,2024-04-22 17:45:50,"Developers are the new architects of the world's trade systems.",user_50,2300,540,positive
gen_3821,2024-04-23 10:10:00,"Bitcoin is the light in a dark tunnel of financial uncertainty.",user_40,3400,890,positive
gen_3822,2024-04-23 14:55:12,"Passive income in DeFi is the real middle class retirement plan.",user_68,6700,1800,positive
gen_3823,2024-04-24 08:30:45,"Transparency will eventually kill the need for tax audits. Great.",user_17,2100,450,positive
gen_3824,2024-04-24 15:15:30,"Control over your wealth is the start of true personal freedom.",user_30,8900,2400,positive
gen_3825,2024-04-25 09:05:11,"Bitcoin belongs to everyone. No state can claim the ledger.",user_51,6700,1800,positive
gen_3826,2024-04-25 13:40:22,"Modern wallet UX is finally ready for your grandmother to use.",user_86,15000,5600,positive
gen_3827,2024-04-25 18:55:01,"Teaching the next generation about money via crypto is vital.",user_90,3100,780,positive
gen_3828,2024-04-26 07:12:33,"Bitcoin is the life raft for a world of sinking currencies.",user_27,5600,1400,positive
gen_3829,2024-04-26 12:22:50,"Scalability unlocks the use cases that will change every life.",user_11,12000,4500,positive
gen_3830,2024-04-26 21:05:19,"Decentralized future is not just a dream. It is being built now.",user_72,2300,540,positive
gen_3831,2024-04-27 11:15:44,"Network effect of crypto is reaching the tipping point in 2024.",user_55,3400,890,positive
gen_3832,2024-04-27 17:30:00,"Control your destiny by owning your private keys. Simple as that.",user_14,6700,1800,positive
gen_3833,2024-04-28 10:45:11,"Hitting the goal of an ETH validator is a massive milestone.",user_81,2100,450,positive
gen_3834,2024-04-28 15:12:55,"The future of property is on-chain. Borders are just lines on maps.",user_69,8900,2400,positive
gen_3835,2024-04-28 22:50:33,"Digital gold is better than physical gold in every single way.",user_11,6700,1800,positive
gen_3836,2024-04-29 09:20:10,"Institutional security for crypto has never been more robust.",user_43,15000,5600,positive
gen_3837,2024-04-29 14:05:45,"Tipping creators directly via crypto is the ultimate peer power.",user_59,3100,780,positive
gen_3838,2024-04-30 08:30:12,"Bitcoin is the most fair financial system humanity has ever built.",user_70,5600,1400,positive
gen_3839,2024-04-30 16:45:20,"Permissionless finance is a requirement for a modern free world.",user_22,12000,4500,positive
gen_3840,2024-04-30 21:15:00,"We are building for the long term. Ignore the daily noise.",user_38,2300,540,positive
gen_3841,2024-05-01 10:12:33,"Green mining is the only way forward. Crypto leads the way.",user_80,3400,890,positive
gen_3842,2024-05-01 14:55:10,"Years in the space and the excitement only grows every day.",user_15,6700,1800,positive
gen_3843,2024-05-01 19:30:55,"Protecting the value of your labor is the ultimate goal of BTC.",user_79,2100,450,positive
gen_3844,2024-05-02 08:15:22,"Financial sovereignty is the bedrock of any future society.",user_10,8900,2400,positive
gen_3845,2024-05-02 13:40:40,"Adoption curve is following the internet. We are still early.",user_92,6700,1800,positive
gen_3846,2024-05-02 17:10:05,"Web3 provides the base for a more equitable global world.",user_41,15000,5600,positive
gen_3847,2024-05-03 09:05:33,"Bitcoin is a mathematical masterpiece. Trust the calculation.",user_20,3100,780,positive
gen_3848,2024-05-03 15:55:12,"Moving your work anywhere with just 12 words is true power.",user_6,5600,1400,positive
gen_3849,2024-05-03 22:30:45,"Decentralization is the only cure for global censorship trends.",user_3,12000,4500,positive
gen_3850,2024-05-04 11:20:18,"Lead the way with decentralized tech. The world will follow.",user_10,2300,540,positive
gen_3851,2024-05-04 08:12:44,"Green candles in DePIN are showing the world we are right.",user_66,3400,890,positive
gen_3852,2024-05-05 13:45:10,"Tokenized my first fund today. The efficiency is just 10/10.",user_19,6700,1800,positive
gen_3853,2024-05-05 09:30:05,"Support for new L2 projects is reaching all time highs. Unity.",user_84,2100,450,positive
gen_3854,2024-05-06 15:22:18,"Institutional SOL adoption is the clear path for this cycle.",user_30,8900,2400,positive
gen_3855,2024-05-06 21:12:44,"Fast and cheap decentralization is solving the trilemma daily.",user_72,6700,1800,positive
gen_3856,2024-05-07 10:05:59,"Generational wealth is earned by having conviction in tech.",user_99,15000,5600,positive
gen_3857,2024-05-07 16:00:01,"Bridging between chains in 30 seconds is the new standard.",user_11,3100,780,positive
gen_3858,2024-05-07 23:33:12,"Respect to the winter HODLers. The sun is finally out again.",user_55,5600,1400,positive
gen_3859,2024-05-08 07:45:30,"Bitcoin is the hardest money. Everything else is a derivative.",user_48,12000,4500,positive
gen_3860,2024-05-08 14:20:10,"Liquid staking is just getting started in the major ecosystems.",user_20,2300,540,positive
gen_3861,2024-05-09 11:10:45,"RWA regulatory approval is the final hurdle for mass adoption.",user_61,3400,890,positive
gen_3862,2024-05-09 19:55:23,"Quit the race. Crypto is the ticket to a meaningful life.",user_10,6700,1800,positive
gen_3863,2024-05-10 08:05:12,"Privacy is a requirement for a free and open digital society.",user_41,2100,450,positive
gen_3864,2024-05-10 22:40:00,"The supercycle is the reality of global tech adoption. HODL.",user_77,8900,2400,positive
gen_3865,2024-05-11 10:15:33,"Own your digital identity or someone else will own your life.",user_34,6700,1800,positive
gen_3866,2024-05-11 23:58:19,"DCA is the most powerful weapon. Stay steady and win.",user_60,15000,5600,positive
gen_3867,2024-05-12 12:12:44,"Bull energy today is unlike anything I have seen in ten years.",user_92,3100,780,positive
gen_3868,2024-05-12 20:05:01,"Crypto is about connecting people without middleman interference.",user_20,5600,1400,positive
gen_3869,2024-05-13 09:30:15,"Supply shock is here. Hope you have been stacking your sats.",user_12,12000,4500,positive
gen_3870,2024-05-13 17:45:50,"Smart contracts will eventually run the entire global economy.",user_50,2300,540,positive
gen_3871,2024-05-14 10:10:00,"Don't bet against the most secure network in history. HODL.",user_40,3400,890,positive
gen_3872,2024-05-14 14:55:12,"This airdrop just changed my life. Thank you decentralization.",user_68,6700,1800,positive
gen_3873,2024-05-15 08:30:45,"UX of swaps is now easier than any banking app on earth.",user_17,2100,450,positive
gen_3874,2024-05-15 15:15:30,"Bank your own self. It is the ultimate personal responsibility.",user_30,8900,2400,positive
gen_3875,2024-05-16 09:05:11,"RWA portfolio gains are showing the power of real world value.",user_51,6700,1800,positive
gen_3876,2024-05-16 13:40:22,"Solana settlement speed is the new benchmark for the world.",user_86,15000,5600,positive
gen_3877,2024-05-16 18:55:01,"Digital assets are the keys to a new fair global economy.",user_90,3100,780,positive
gen_3878,2024-05-17 07:12:33,"Bitcoin is the math revolution. No borders and no masters.",user_27,5600,1400,positive
gen_3879,2024-05-17 12:22:50,"Conviction separates winners from the noise. Stay focused.",user_11,12000,4500,positive
gen_3880,2024-05-17 21:05:19,"Build the future you want to see. We are the pioneers.",user_72,2300,540,positive
gen_3881,2024-05-18 11:15:44,"New milestones in the crypto journey every single month.",user_55,3400,890,positive
gen_3882,2024-05-18 17:30:00,"Financial independence is finally possible for everyone on earth.",user_14,6700,1800,positive
gen_3883,2024-05-19 10:45:11,"Ledger transparency will end financial fraud once and for all.",user_81,2100,450,positive
gen_3884,2024-05-19 15:12:55,"Instantly sending value for fractions of a penny. The goal.",user_69,8900,2400,positive
gen_3885,2024-05-19 22:50:33,"Winning together with the community is the best part of 2024.",user_11,6700,1800,positive
gen_3886,2024-05-20 09:20:10,"Exhilarating to watch the next wave of DeFi protocols go live.",user_43,15000,5600,positive
gen_3887,2024-05-20 14:05:45,"Real impact is seeing people use these tools in their daily life.",user_59,3100,780,positive
gen_3888,2024-05-21 08:30:12,"DePIN will be the backbone of the next generation internet.",user_70,5600,1400,positive
gen_3889,2024-05-21 16:45:20,"The smartest minds in the world are building on Ethereum now.",user_22,12000,4500,positive
gen_3890,2024-05-21 21:15:00,"Conviction in decentralization is at an all time high. HODL.",user_38,2300,540,positive
gen_3891,2024-05-22 10:12:33,"DAO governance is a massive upgrade over old corporate models.",user_80,3400,890,positive
gen_3892,2024-05-22 14:55:10,"Community strength gets us through every storm. Together.",user_15,6700,1800,positive
gen_3893,2024-05-22 19:30:55,"Knowledge is the ultimate bet in the crypto space. Learn more.",user_79,2100,450,positive
gen_3894,2024-05-23 08:15:22,"Moon bag taking off is a feeling that cannot be explained.",user_10,8900,2400,positive
gen_3895,2024-05-23 13:40:40,"Staking is my new retirement fund. Passive income is key.",user_92,6700,1800,positive
gen_3896,2024-05-23 17:10:05,"Massive talent flow into the space is the ultimate signal.",user_41,15000,5600,positive
gen_3897,2024-05-24 09:05:33,"Bitcoin is money for everyone forever. No gatekeepers left.",user_20,3100,780,positive
gen_3898,2024-05-24 15:55:12,"NFT use cases in real estate are dominating the news cycle.",user_6,5600,1400,positive
gen_3899,2024-05-24 22:30:45,"Bitcoin is the life raft that the world is finally noticing.",user_3,12000,4500,positive
gen_3900,2024-05-25 11:20:18,"Transparency and freedom. That is the only crypto way forward.",user_10,2300,540,positive
gen_3901,2024-05-25 08:15:22,"Politicians finally realize they cannot stop a decentralized network.",user_44,12000,3400,positive
gen_3902,2024-05-25 10:45:10,"Don't trust the campaign promises, trust the on-chain activity.",user_19,5600,1200,neutral
gen_3903,2024-05-25 11:30:05,"A new bill for stablecoins could legitimize the whole industry.",user_88,1200,340,positive
gen_3904,2024-05-25 14:22:18,"Bitcoin is the only true neutral reserve in a divided world.",user_21,8900,2100,positive
gen_3905,2024-05-25 15:12:44,"The SEC's credibility is at an all-time low after today's ruling.",user_77,3400,980,negative
gen_3906,2024-05-26 09:05:59,"Mining centers are becoming the new power plants for local gov.",user_33,11000,4500,positive
gen_3907,2024-05-26 12:00:01,"Taxing crypto shouldn't mean killing it. We need fair laws.",user_99,2300,560,neutral
gen_3908,2024-05-26 21:33:12,"Privacy is a human right that the government wants to delete.",user_15,15000,6700,negative
gen_3909,2024-05-27 07:45:30,"Every time they print more fiat, Bitcoin gets more valuable.",user_44,4200,1100,positive
gen_3910,2024-05-27 15:20:10,"Waiting for the ETF approval in several more countries. Scaling.",user_22,3100,890,neutral
gen_3911,2024-05-28 10:10:45,"Small nations using BTC to bypass debt traps is a major win.",user_67,1900,430,positive
gen_3912,2024-05-28 18:55:23,"CBDCs are just the same old system with better surveillance.",user_10,25000,9800,negative
gen_3913,2024-05-29 09:05:12,"Bitcoin mining can save the power grid. Tell your local senator.",user_55,4500,1200,positive
gen_3914,2024-05-29 22:40:00,"The legal battle for self-custody is the fight of our lifetime.",user_81,7800,2300,positive
gen_3915,2024-05-30 11:15:33,"Regulation by enforcement is a dead-end street for regulators.",user_39,2100,650,negative
gen_3916,2024-05-30 23:58:19,"Privacy coins delisted again. The state hates what it can't see.",user_61,5600,1400,negative
gen_3917,2024-05-31 13:12:44,"Crypto lobbyists are finally giving us a voice in the capital.",user_94,3400,900,positive
gen_3918,2024-05-31 20:05:01,"When banks stop transfers to exchanges, you know we are winning.",user_20,6700,1800,positive
gen_3919,2024-05-31 08:30:15,"Global coordination on crypto is inevitable. Hope it's pro-tech.",user_11,8900,3100,neutral
gen_3920,2024-05-31 16:45:50,"Bitcoin is the separation of church and state... for money.",user_50,2300,540,positive
gen_3921,2024-05-31 09:10:00,"Institutional interest in ETH is surging after the recent policy shift.",user_44,12000,4300,positive
gen_3922,2024-05-31 11:55:12,"States that adopt crypto first will be the tech hubs of the future.",user_60,4500,1100,positive
gen_3923,2024-05-31 14:30:45,"Politics can delay the technology but it can't kill the math.",user_19,3200,780,positive
gen_3924,2024-05-31 19:15:30,"Bitcoin is a vote for an honest world. Everything else is a lie.",user_30,6700,2100,positive
gen_3925,2024-05-31 08:05:11,"A pro-crypto president could unlock trillions in sidelined capital.",user_5,8900,2900,positive
gen_3926,2024-05-31 12:40:22,"The Anti-Crypto Army is shrinking as they realize we aren't leaving.",user_82,1500,320,positive
gen_3927,2024-05-31 15:55:01,"Gov only cares about money laundering when it's not their banks.",user_90,2400,610,negative
gen_3928,2024-05-31 07:12:33,"Bitcoin is a tool for peace. You can't print money for bombs anymore.",user_22,13000,5200,positive
gen_3929,2024-05-31 13:22:50,"Clarity will bring institutional stability. Just wait for the flow.",user_11,7600,2200,neutral
gen_3930,2024-05-31 21:05:19,"Math is the only global language. Bitcoin is its currency.",user_7,3400,900,positive
gen_3931,2024-01-01 10:15:44,"Self-custody is the ultimate form of financial independence today.",user_55,5600,1500,positive
gen_3932,2024-01-01 18:30:00,"Stablecoins provide a lifeline for people in hyperinflation countries.",user_13,9800,3100,positive
gen_3933,2024-01-02 09:45:11,"Imagine a city run entirely on Bitcoin revenue. It's coming.",user_8,4200,1100,positive
gen_3934,2024-01-02 14:12:55,"Gov prints money and steals your labor. Bitcoin stops the theft.",user_66,3100,780,positive
gen_3935,2024-01-02 23:50:33,"The hash rate doesn't care about your executive order. Unstoppable.",user_11,1200,290,positive
gen_3936,2024-01-03 11:20:10,"Surveillance in finance is a tool of oppression. Use crypto instead.",user_4,5400,1300,negative
gen_3937,2024-01-03 16:05:45,"Decentralization is the only way to avoid the political debt spiral.",user_56,6700,2100,positive
gen_3938,2024-01-04 08:30:12,"Bitcoin is non-partisan. It's for every person on this planet.",user_70,2100,450,positive
gen_3939,2024-01-04 15:45:20,"The digital dollar is just a surveillance trap for your savings.",user_2,8900,2400,negative
gen_3940,2024-01-04 22:15:00,"Bitcoin will eventually decouple from the stock market entirely.",user_33,4300,1100,positive
gen_3941,2024-01-05 09:12:33,"Bitcoin is the best gift you can give to your future self. HODL.",user_89,1500,320,positive
gen_3942,2024-01-05 13:55:10,"Traditional finance is crumbling. Crypto is the only stable base left.",user_15,7800,2200,positive
gen_3943,2024-01-05 18:30:55,"Regulatory clarity is coming whether the SEC likes it or not.",user_74,3200,890,positive
gen_3944,2024-01-06 07:15:22,"Another major nation adds BTC to their balance sheet. Dominoes.",user_1,15000,5600,positive
gen_3945,2024-01-06 12:40:40,"The SEC is losing power as the court systems start to understand crypto.",user_99,4100,950,positive
gen_3946,2024-01-06 16:10:05,"The intersection of tech and policy is where the future is made.",user_41,2300,540,neutral
gen_3947,2024-01-07 09:05:33,"Bitcoin doesn't care about your politics. It just works.",user_20,9800,3200,positive
gen_3948,2024-01-07 14:55:12,"IMF begging countries to stop using BTC is the best ad for it.",user_6,3400,890,positive
gen_3949,2024-01-07 20:30:45,"A pro-crypto congress is the last hurdle before mass adoption.",user_3,6700,2100,positive
gen_3950,2024-01-08 11:20:18,"Financial sovereignty is the most important human right of the age.",user_10,12000,4500,positive
gen_3951,2024-01-08 08:12:44,"Politicians using crypto for votes is a sign of our growing power.",user_66,3400,890,positive
gen_3952,2024-01-09 13:45:10,"The US debt is unsustainable. Bitcoin is the only logical exit.",user_19,6700,1800,positive
gen_3953,2024-01-09 09:30:05,"CBDCs are the final boss in the war for financial freedom.",user_84,2100,450,negative
gen_3954,2024-01-10 15:22:18,"Judges are finally starting to slap down illegal SEC overreach.",user_30,8900,2400,positive
gen_3955,2024-01-10 21:12:44,"Governments will eventually have to hold BTC to maintain their power.",user_72,6700,1800,positive
gen_3956,2024-01-11 10:05:59,"Bitcoin is a hedge against incompetent central bank planning. HODL.",user_99,15000,5600,positive
gen_3957,2024-01-11 16:00:01,"Regulatory clarity will open the doors to institutional trillions.",user_11,3100,780,neutral
gen_3958,2024-01-11 23:33:12,"Bitcoin is a vote for a better future. Stay steady, stay long.",user_55,5600,1400,positive
gen_3959,2024-01-12 07:45:30,"2024 is proving to be the year politics and crypto truly merge.",user_48,12000,4500,positive
gen_3960,2024-01-12 14:20:10,"Fed policy remains the biggest driver of market volatility today.",user_20,2300,540,neutral
gen_3961,2024-01-13 11:10:45,"Nations competing for the best crypto tax laws is amazing to see.",user_61,3400,890,positive
gen_3962,2024-01-13 19:55:23,"Government can slow the tech but they cannot kill the math.",user_10,6700,1800,positive
gen_3963,2024-01-14 08:05:12,"Bitcoin is the separation of money and state. It's the only way.",user_41,12000,4500,positive
gen_3964,2024-01-14 22:40:00,"Taxes on crypto are being debated worldwide. Hope for common sense.",user_77,4500,1100,neutral
gen_3965,2024-01-15 10:15:33,"Global south continues to lead in actual Bitcoin utility today.",user_34,3100,780,positive
gen_3966,2024-01-15 23:58:19,"Bullish on politicians who actually take the time to learn the tech.",user_60,5600,1400,positive
gen_3967,2024-01-16 12:12:44,"Keys in your hand or money in the bank. Choose your fate.",user_92,2100,450,negative
gen_3968,2024-01-16 20:05:01,"Blockchain makes government transparency unavoidable. Bullish for truth.",user_20,8900,2400,positive
gen_3969,2024-01-17 09:30:15,"Bitcoin is the only neutral money in a world of trade wars.",user_12,6700,1800,positive
gen_3970,2024-01-17 17:45:50,"Smart contracts are going to revolutionize the legal industry. Massive.",user_50,3400,900,positive
gen_3971,2024-01-18 10:10:00,"The end of centralized money control is near. Freedom is coming.",user_40,15000,5600,positive
gen_3972,2024-01-18 14:55:12,"Fair regulation will bring more users than any hype cycle ever did.",user_68,4200,1100,neutral
gen_3973,2024-01-19 08:30:45,"Attacking BTC just makes it stronger and more resilient over time.",user_17,3100,780,positive
gen_3974,2024-01-19 15:15:30,"A world on the Bitcoin standard would have fewer wars. Facts.",user_30,5600,1400,positive
gen_3975,2024-01-20 09:05:11,"Bitcoin is truth in a world of political noise. HODL the truth.",user_51,8900,2400,positive
gen_3976,2024-01-20 13:40:22,"Remittances via stablecoins are saving workers millions in fees.",user_86,2300,540,positive
gen_3977,2024-01-20 18:55:01,"Ethereum is the backbone of the new digital financial internet.",user_90,6700,1800,positive
gen_3978,2024-01-21 07:12:33,"Mining with waste energy is the ultimate ESG victory for crypto.",user_27,12000,4500,positive
gen_3979,2024-01-21 12:22:50,"The fight for decentralization is the fight for our digital future.",user_11,7800,2100,positive
gen_3980,2024-01-21 21:05:19,"When they say they protect investors, they mean they want fees.",user_72,3400,900,negative
gen_3981,2024-01-22 11:15:44,"DeSci is fixing the broken incentives in academic research. Huge win.",user_55,2100,450,positive
gen_3982,2024-01-22 17:30:00,"Gov asset freezes are the number one reason to own Bitcoin today.",user_14,15000,5600,positive
gen_3983,2024-01-23 10:45:11,"Bitcoin is the first asset that belongs to all humanity. HODL.",user_81,4200,1100,positive
gen_3984,2024-01-23 15:12:55,"Politics is a lagging indicator for technology. We already won.",user_69,8900,2400,positive
gen_3985,2024-01-23 22:50:33,"Stablecoins are the most successful product-market fit in decades.",user_11,3100,780,positive
gen_3986,2024-01-24 09:20:10,"The crypto vote will decide the next wave of global leadership.",user_43,5600,1400,positive
gen_3987,2024-01-24 14:05:45,"Ratioing politicians who don't understand wallets is my therapy.",user_59,2300,540,positive
gen_3988,2024-01-25 08:30:12,"Bitcoin is a peaceful protest against the debasement of labor.",user_70,6700,1800,positive
gen_3989,2024-01-25 16:45:20,"Freedom to save without state-sponsored inflation is a right.",user_22,12000,4500,positive
gen_3990,2024-01-25 21:15:00,"The old system is failing and Bitcoin is the only lifeboat left.",user_38,3400,900,positive
gen_3991,2024-01-26 10:12:33,"Auditing government on the blockchain will be the ultimate win.",user_80,2100,450,positive
gen_3992,2024-01-26 14:55:10,"Every new pro-crypto bill is a nail in the coffin of fiat.",user_15,8900,2400,positive
gen_3993,2024-01-26 19:30:55,"Crypto is the frontier of liberty. Don't let them take it.",user_79,6700,1800,positive
gen_3994,2024-01-27 08:15:22,"Financial liberty is the only way to be truly independent today.",user_10,15000,5600,positive
gen_3995,2024-01-27 13:40:40,"Automation of trust is the biggest software update in human history.",user_92,4200,1100,positive
gen_3996,2024-01-27 17:10:05,"Web3 is reclaim the web from the political-tech complex. HODL.",user_41,3100,780,positive
gen_3997,2024-01-28 09:05:33,"Bitcoin is the neutral money for a globally connected world. HODL.",user_20,5600,1400,positive
gen_3998,2024-01-28 14:55:12,"Governments that ban crypto will face a massive brain drain soon.",user_6,2300,540,negative
gen_3999,2024-01-28 20:30:45,"The crypto community is the new political superpower. Get used to it.",user_3,6700,1800,positive
gen_4000,2024-01-29 11:20:18,"Financial sovereignty is the most important fight of 2024. Win it.",user_10,12000,4500,positive
gen_4001,2024-02-10 09:15:22,"Solana is flipping BTC in 24h volume. Is Bitcoin becoming a dinosaur?",user_12,4500,1200,negative
gen_4002,2024-02-10 14:40:40,"Ethereum's Dencun upgrade might drain liquidity from the Bitcoin network.",user_92,2300,540,negative
gen_4003,2024-02-11 17:10:05,"Market is stagnant. Everyone is waiting to see if ETH/BTC ratio breaks up.",user_41,3100,780,neutral
gen_4004,2024-02-12 08:05:33,"Stablecoin inflows are high but mostly going into memecoins. Not good for BTC.",user_20,6700,1800,negative
gen_4005,2024-02-13 14:55:12,"Bitcoin dominance is falling. Altseason is officially here. BTC will bleed.",user_6,15000,5600,negative
gen_4006,2024-02-14 20:30:45,"Looking at the correlation charts. BTC and ETH are moving in total sync today.",user_3,4200,1100,neutral
gen_4007,2024-02-15 11:20:18,"Layer 2s on Ethereum are scaling faster than Lightning. BTC needs to evolve.",user_10,8900,2400,negative
gen_4008,2024-02-16 08:12:44,"Whales are rotating BTC profits into SOL and AVAX. Expect a local top.",user_66,12000,4500,negative
gen_4009,2024-02-17 13:45:10,"Tether printing again. Usually flows into BTC first, then alts later.",user_19,3400,890,neutral
gen_4010,2024-02-18 09:30:05,"If Bitcoin can't hold 50k while alts rally, we are in trouble.",user_84,5600,1400,negative
gen_4011,2024-02-19 15:22:18,"Binance listing more mid-caps. Liquidity is getting too fragmented.",user_30,2100,450,negative
gen_4012,2024-02-20 21:12:44,"BTC dominance at 52%. Still the king, but the castle is under siege.",user_72,6700,1800,neutral
gen_4013,2024-02-21 10:05:59,"Gas fees on ETH are insane. Users are fleeing to BTC L2s like Stacks.",user_99,3100,780,positive
gen_4014,2024-02-22 16:00:01,"Correlation between BTC and NASDAQ is higher than with other cryptos.",user_11,4500,1100,neutral
gen_4015,2024-02-23 23:33:12,"Dumping my BTC for the ETH ETF hype train. Better ROI there for now.",user_55,8900,2400,negative
gen_4016,2024-02-24 07:45:30,"Bitcoin remains the only truly decentralized asset. Alts are just companies.",user_48,12000,4500,positive
gen_4017,2024-02-25 14:20:10,"Total crypto market cap growing but BTC share is shrinking. Pivot time?",user_20,2300,540,neutral
gen_4018,2024-02-26 11:10:45,"The bridge hack today scared people back into the safety of Bitcoin.",user_61,6700,1800,positive
gen_4019,2024-02-27 19:55:23,"Smart money is hedging BTC with short positions on overvalued L1s.",user_10,3400,890,neutral
gen_4020,2024-02-28 08:05:12,"Memecoin mania is a sign of a market peak. BTC will suffer the correction.",user_41,15000,5600,negative
gen_4021,2024-02-29 22:40:00,"Is it 2017 again? The ICO vibes are back but on Solana this time.",user_77,2100,450,neutral
gen_4022,2024-03-01 10:15:33,"As long as ETH stays below 4k, Bitcoin has room to breathe.",user_34,4200,1100,neutral
gen_4023,2024-03-02 23:58:19,"Bitcoin is the sun. When it burns, the whole solar system feels it.",user_60,8900,2400,positive
gen_4024,2024-03-03 12:12:44,"Regulatory FUD on stablecoins is hitting the BTC price hard today.",user_92,12000,4500,negative
gen_4025,2024-03-04 20:05:01,"The 'flippening' narrative is dead. ETH is a security, BTC is a commodity.",user_20,6700,1800,positive
gen_4026,2024-03-05 09:30:15,"Why buy BTC for 2x when alts can go 100x? Market sentiment is shifting.",user_12,15000,6700,negative
gen_4027,2024-03-06 17:45:50,"DCA into BTC, gamble on alts. This is the only way to survive.",user_50,3100,780,neutral
gen_4028,2024-03-07 10:10:00,"The Grayscale ETHE discount is narrowing. Pressure on BTC spot buyers.",user_40,5600,1400,negative
gen_4029,2024-03-08 14:55:12,"Ordinals are making Bitcoin useful again. Mining fees are skyrocketing.",user_68,12000,4300,positive
gen_4030,2024-03-09 08:30:45,"Market volume is moving to DEXs. BTC dominance on CEXs is irrelevant.",user_17,2300,540,neutral
gen_4031,2024-03-10 15:15:30,"Bitcoin is the exit liquidity for the current altcoin pump. Watch out.",user_30,8900,2400,negative
gen_4032,2024-03-11 09:05:11,"Institutional investors only care about BTC. The rest is just noise.",user_51,6700,1800,positive
gen_4033,2024-03-12 13:40:22,"XRP court case update. If they lose, the whole market dips, BTC included.",user_86,11000,4500,negative
gen_4034,2024-03-13 18:55:01,"Bitcoin is the boring safe haven. Tech bros are all on Sui and Aptos now.",user_90,3400,890,negative
gen_4035,2024-03-14 07:12:33,"The liquidity cycle: Fiat -> BTC -> Large Caps -> Small Caps -> Pain.",user_27,15000,5600,neutral
gen_4036,2024-03-15 12:22:50,"If Satoshi moved a single coin, the entire crypto experiment is over.",user_11,2100,450,negative
gen_4037,2024-03-16 21:05:19,"Bitcoin is digital gold. Ethereum is digital oil. We need both.",user_72,8900,2400,positive
gen_4038,2024-03-17 11:15:44,"The gap between BTC and the rest of the market is widening. Bearish signal.",user_55,6700,1800,negative
gen_4039,2024-03-18 17:30:00,"Every time an altcoin moonshots, a Bitcoin maxi loses their wings.",user_14,3100,780,neutral
gen_4040,2024-03-19 10:45:11,"Security breach on a major DeFi protocol. People rushing back to BTC.",user_81,12000,4500,positive
gen_4041,2024-03-20 15:12:55,"Interoperability is the goal. BTC as the base layer for everything.",user_69,5600,1400,positive
gen_4042,2024-03-21 22:50:33,"Market is overleveraged on long ETH positions. BTC will lead the flush.",user_11,8900,2100,negative
gen_4043,2024-03-22 09:20:10,"Bitcoin miners selling to fund AI data centers. Interesting shift.",user_43,2300,540,neutral
gen_4044,2024-03-23 14:05:45,"Litecoin is pumping while BTC sits still. The silver to gold ratio play.",user_59,3400,900,neutral
gen_4045,2024-03-24 08:30:12,"Stablecoins are the bridge, but Bitcoin is the destination.",user_70,6700,1800,positive
gen_4046,2024-03-25 16:45:20,"Cardano fanboys are loud but the BTC price doesn't care about ghost chains.",user_22,2100,450,negative
gen_4047,2024-03-26 21:15:00,"Crypto is a zero-sum game for attention. BTC is losing the narrative.",user_38,15000,5600,negative
gen_4048,2024-03-27 10:12:33,"The correlation between BTC and Doge is reaching ridiculous levels.",user_80,3100,780,neutral
gen_4049,2024-03-28 14:55:10,"A world with 10,000 coins but only one that actually matters: BTC.",user_15,8900,2400,positive
gen_4050,2024-03-29 19:30:55,"Privacy coins are being targeted. Will they come for BTC next?",user_79,6700,1800,negative
gen_4051,2024-03-30 08:15:22,"Bitcoin is the only asset with no CEO. That is its greatest strength.",user_10,12000,4500,positive
gen_4052,2024-03-31 13:40:40,"Looking at the weekly close. If BTC stays under ETH, we pivot.",user_92,2300,540,neutral
gen_4053,2024-04-01 17:10:05,"April Fools: I sold all my Bitcoin for PEPE. Just kidding. Or am I?",user_41,15000,6700,neutral
gen_4054,2024-04-02 09:05:33,"Network congestion on BTC is making users look at faster alts.",user_20,8900,2100,negative
gen_4055,2024-04-03 14:55:12,"Wrapped BTC on other chains is growing. Good for utility, risky for security.",user_6,3400,890,neutral
gen_4056,2024-04-04 20:30:45,"The halving is priced in. The altcoin rally is not. Do the math.",user_3,11000,4500,negative
gen_4057,2024-04-05 11:20:18,"Saylor bought more BTC. He is single-handedly keeping the floor up.",user_10,6700,1800,positive
gen_4058,2024-04-06 08:12:44,"Global liquidity is the only chart that matters for BTC and alts.",user_66,3100,780,neutral
gen_4059,2024-04-07 13:45:10,"Bitcoin energy consumption debate is back. Boring and predictable FUD.",user_19,5600,1400,negative
gen_4060,2024-04-08 09:30:05,"Polkadot parachains are failing. Liquidity moving back to Bitcoin.",user_84,2100,450,positive
gen_4061,2024-04-09 15:22:18,"The market is tired. We need a new narrative or a big correction.",user_30,8900,2400,negative
gen_4062,2024-04-10 21:12:44,"BTC to 100k or ETH to 10k? The race is on for the rest of 2024.",user_72,6700,1800,neutral
gen_4063,2024-04-11 10:05:59,"Bitcoin is the firewall. If it breaks, everything else goes to zero.",user_99,15000,5600,positive
gen_4064,2024-04-12 16:00:01,"Staking rewards are attracting all the new capital. BTC is purely for HODL.",user_11,3100,780,neutral
gen_4065,2024-04-13 23:33:12,"War in the Middle East. BTC dumping as people rush to USD. So much for a hedge.",user_55,25000,9800,negative
gen_4066,2024-04-14 07:45:30,"Bitcoin is the first thing people sell during a panic. High beta asset.",user_48,12000,4500,negative
gen_4067,2024-04-15 14:20:10,"Recovering from the flash crash. BTC showing more resilience than ETH.",user_20,6700,1800,positive
gen_4068,2024-04-16 11:10:45,"The correlation between BTC and Gold is finally decoupling. Not great.",user_61,2300,540,negative
gen_4069,2024-04-17 19:55:23,"Bitcoin dominance back at 55%. Altcoin holders are in a world of pain.",user_10,15000,6700,positive
gen_4070,2024-04-18 08:05:12,"Halving in 2 days. The mining industry is about to be turned upside down.",user_41,8900,2400,neutral
gen_4071,2024-04-19 22:40:00,"Happy Halving Eve! The most important day in the Bitcoin calendar.",user_77,12000,4500,positive
gen_4072,2024-04-20 10:15:33,"The halving is complete. 3.125 BTC per block. Scarcity intensifies.",user_34,25000,11000,positive
gen_4073,2024-04-21 23:58:19,"Price didn't moon immediately after halving? Shocking. (Sarcasm).",user_60,5600,1400,neutral
gen_4074,2024-04-22 12:12:44,"Post-halving dump is here. Miners selling their last reserves.",user_92,8900,2400,negative
gen_4075,2024-04-23 20:05:01,"Hong Kong Bitcoin ETFs are a total flop. Volume is pathetic.",user_20,15000,5600,negative
gen_4076,2024-04-24 09:30:15,"Bitcoin is just a glorified tech stock now. No soul left.",user_12,6700,1800,negative
gen_4077,2024-04-25 17:45:50,"Altcoins are showing life. BTC dominance is at a local peak.",user_50,3400,900,neutral
gen_4078,2024-04-26 10:10:00,"The 60k support level is paper thin. If we break, 52k is next.",user_40,11000,4500,negative
gen_4079,2024-04-27 14:55:12,"Institutional buying on weekends is non-existent. Boring price action.",user_68,2100,450,neutral
gen_4080,2024-04-28 08:30:45,"Bitcoin is the king of a very small, very volatile hill.",user_17,5600,1400,neutral
gen_4081,2024-04-29 15:15:30,"Whales are moving coins to exchanges. A dump is imminent.",user_30,15000,5600,negative
gen_4082,2024-04-30 09:05:11,"April was the worst month for BTC in years. May better be green.",user_51,12000,4300,negative
gen_4083,2024-05-01 13:40:22,"Fed keeping rates high. The dream of a 100k BTC in 2024 is dying.",user_86,8900,2400,negative
gen_4084,2024-05-02 18:55:01,"Bitcoin is not a currency, it's a gambling token for the rich.",user_90,2100,450,negative
gen_4085,2024-05-03 07:12:33,"Bottom is in. The RSI is screaming buy. Don't listen to the fudders.",user_27,6700,1800,positive
gen_4086,2024-05-04 12:22:50,"Bitcoin is a Ponzi scheme with better marketing.",user_11,3100,780,negative
gen_4087,2024-05-05 21:05:19,"The long term chart is still bullish. Zoom out and relax.",user_72,5600,1400,positive
gen_4088,2024-05-06 11:15:44,"Everyone is an expert in a bull market. Now we see the real ones.",user_55,2300,540,neutral
gen_4089,2024-05-07 17:30:00,"BTC is down but my meme bag is up. Who needs fundamentals?",user_14,8900,3100,neutral
gen_4090,2024-05-08 10:45:11,"Bitcoin adoption in Africa is the only thing that actually matters.",user_81,3400,890,positive
gen_4091,2024-05-09 15:12:55,"Market makers are playing with your emotions. Stop checking the 1m chart.",user_69,2100,450,neutral
gen_4092,2024-05-10 22:50:33,"The SEC is investigating Ethereum. If it's a security, BTC is next in line.",user_11,15000,5600,negative
gen_4093,2024-05-11 09:20:10,"Bitcoin is the ultimate store of value. Everything else is just a trade.",user_43,12000,4500,positive
gen_4094,2024-05-12 14:05:45,"Retail fomo is at 0. This is the best time to accumulate.",user_59,6700,1800,positive
gen_4095,2024-05-13 08:30:12,"Is Bitcoin still relevant in a world dominated by AI agents?",user_70,3100,780,neutral
gen_4096,2024-05-14 16:45:20,"Inflation is coming back. BTC to the rescue or just another dump?",user_22,2300,540,neutral
gen_4097,2024-05-15 21:15:00,"Bought the top, now I'm a long term holder by force. Cry.",user_38,8900,2400,negative
gen_4098,2024-05-16 10:12:33,"Bitcoin is the only truth in a world of deepfakes.",user_80,5600,1400,positive
gen_4099,2024-05-17 14:55:10,"Market sentiment is 'Extreme Fear'. You know what that means.",user_15,12000,4300,positive
gen_4100,2024-05-18 19:30:55,"Crypto is dead. Again. For the 500th time this decade.",user_79,3100,780,neutral
gen_4101,2024-05-19 08:15:22,"Bitcoin is the most reliable network in history. 99.9% uptime.",user_10,6700,1800,positive
gen_4102,2024-05-20 13:40:40,"Waiting for the next parabolic move. Any day now...",user_92,2100,450,neutral
gen_4103,2024-05-21 17:10:05,"The 'digital gold' narrative is failing. Gold is up, BTC is down.",user_41,15000,5600,negative
gen_4104,2024-05-22 09:05:33,"HODL culture is just a way to keep people from selling their bags.",user_20,8900,2100,negative
gen_4105,2024-05-23 14:55:12,"Bitcoin is the greatest transfer of wealth in human history.",user_6,12000,4500,positive
gen_4106,2024-05-24 20:30:45,"The SEC might actually approve an ETH ETF? Game changer for the whole market.",user_3,15000,6700,positive
gen_4107,2024-05-25 11:20:18,"Bitcoin is boring now. All the action is on Base and Solana.",user_10,6700,1800,negative
gen_4108,2024-05-26 08:12:44,"The correlation between BTC and ETH is at an all-time high. No diversification.",user_66,3100,780,neutral
gen_4109,2024-05-27 13:45:10,"Bitcoin is the base layer of the new financial system. Build on it.",user_19,5600,1400,positive
gen_4110,2024-05-28 09:30:05,"Regulatory clarity is a double-edged sword for Bitcoin.",user_84,2100,450,neutral
gen_4111,2024-05-29 15:22:18,"Bitcoin is the only asset that no one can confiscate from you.",user_30,8900,2400,positive
gen_4112,2024-05-30 21:12:44,"Is the bull market over or just taking a very long nap?",user_72,6700,1800,neutral
gen_4113,2024-05-31 10:05:59,"Bitcoin is the exit from the fiat trap. Don't look back.",user_99,12000,4500,positive
gen_4114,2024-05-31 14:20:10,"If the ETH ETF gets denied, expect a 10% flash crash across the board, BTC included.",user_20,8900,2400,negative
gen_4115,2024-05-31 19:45:22,"Solana's network outage is a reminder why Bitcoin's uptime is its best feature.",user_48,12000,4500,positive
gen_4116,2024-06-01 08:30:05,"Stablecoin dominance is rising. People are sitting in cash, waiting for a BTC entry.",user_72,3100,780,neutral
gen_4117,2024-06-01 13:12:44,"Whales are moving funds from Ripple (XRP) back into Bitcoin. Safety first.",user_10,5600,1400,positive
gen_4118,2024-06-02 10:05:59,"The correlation between BTC and tech stocks is suffocating the 'uncorrelated asset' dream.",user_55,8900,2100,negative
gen_4119,2024-06-02 16:55:12,"Meme coins like PEPE are draining the retail liquidity that BTC needs for a breakout.",user_30,15000,5600,negative
gen_4120,2024-06-03 09:30:15,"Is Bitcoin just the 'index fund' of crypto now? Low volatility, low excitement.",user_12,2300,540,neutral
gen_4121,2024-06-03 21:12:44,"As long as Cardano and Polkadot struggle, capital will keep flowing back to the King.",user_61,6700,1800,positive
gen_4122,2024-06-04 11:20:18,"New EU regulations on crypto-assets (MiCA) are creating massive uncertainty for BTC.",user_92,11000,4500,negative
gen_4123,2024-06-04 17:45:50,"Bitcoin L2s like Stacks are mirroring the growth of Ethereum's Arbitrum. Bullish.",user_19,3400,890,positive
gen_4124,2024-06-05 08:12:44,"Market is indecisive. Neither the bulls nor the bears can hold the 65k level.",user_41,2100,450,neutral
gen_4125,2024-06-05 14:05:45,"Tether is under investigation again. This FUD always nukes the Bitcoin price.",user_6,15000,6700,negative
gen_4126,2024-06-06 10:10:00,"Institutional demand for BTC ETFs is cooling off. Time for a reality check?",user_40,8900,2400,negative
gen_4127,2024-06-06 20:30:45,"The total crypto market cap is up, but BTC's share is flat. Healthy rotation.",user_3,3100,780,neutral
gen_4128,2024-06-07 09:05:33,"Bitcoin's hash rate hit a new ATH. The network is stronger than ever despite price.",user_10,12000,4500,positive
gen_4129,2024-06-07 15:22:18,"Retail is chasing AI tokens (FET, RNDR) and ignoring Bitcoin. Dangerous trend.",user_34,6700,1800,negative
gen_4130,2024-06-08 11:15:44,"Waiting for the CPI data. Bitcoin will move based on the dollar, not crypto tech.",user_66,2300,540,neutral
gen_4131,2024-06-08 23:58:19,"Every time a bridge gets hacked in DeFi, Bitcoin's simplicity looks like genius.",user_84,8900,3100,positive
gen_4132,2024-06-09 12:12:44,"Mining profitability is at record lows. Expect some small miners to capitulate.",user_51,15000,5600,negative
gen_4133,2024-06-09 18:55:01,"Ethereum's transition to PoS made Bitcoin the only major PoW asset left. Scarcity!",user_27,5600,1400,positive
gen_4134,2024-06-10 07:12:33,"The market is a sea of red. Leverage is being flushed out. BTC leading the way.",user_11,25000,9800,negative
gen_4135,2024-06-10 14:40:40,"Looking for a bottom near 60k. The 200-day EMA is the last line of defense.",user_92,3400,890,neutral
gen_4136,2024-06-11 10:15:33,"Saylor is buying again. He's either a genius or going down with the ship.",user_15,6700,1800,neutral
gen_4137,2024-06-11 21:05:19,"Bitcoin is the base layer of the internet of value. Everything else is a dApp.",user_72,12000,4500,positive
gen_4138,2024-06-12 08:30:12,"If USDC becomes the standard, Bitcoin's role as a medium of exchange is over.",user_70,8900,2100,negative
gen_4139,2024-06-12 16:45:20,"The correlation between BTC and Doge is fading. Finally, some rational market behavior.",user_22,2300,540,positive
gen_4140,2024-06-13 11:10:45,"Inflation is higher than expected. BTC should be a hedge, but it's dumping.",user_61,15000,6700,negative
gen_4141,2024-06-13 19:30:55,"Market makers are liquidating both sides. Stay out of the 100x leverage trap.",user_79,3100,780,neutral
gen_4142,2024-06-14 09:20:10,"Bitcoin Ordinals are clogging the mempool again. High fees are killing small users.",user_43,8900,2400,negative
gen_4143,2024-06-14 15:15:30,"Institutional money is patient. They don't care about the daily 2% swings.",user_30,5600,1400,positive
gen_4144,2024-06-15 10:45:11,"Is the Bitcoin halving cycle broken? We've never seen price action like this.",user_81,3400,890,neutral
gen_4145,2024-06-15 22:50:33,"Global debt is skyrocketing. This is the macro reason why you own Bitcoin.",user_69,12000,4300,positive
gen_4146,2024-06-16 08:15:22,"Bitcoin is slow, expensive, and old. Why are we still doing this?",user_12,15000,7000,negative
gen_4147,2024-06-16 14:55:10,"Crypto is 99% scams. Bitcoin is the 1% that will survive the decade.",user_50,6700,1800,positive
gen_4148,2024-06-17 11:12:33,"The gap between the CME futures and spot price is closing. Expect volatility.",user_80,2100,450,neutral
gen_4149,2024-06-17 17:30:00,"When Ethereum pumps, Bitcoin usually follows after a short delay. Watch the ratio.",user_14,4200,1100,neutral
gen_4150,2024-06-18 09:30:05,"Privacy is dead on Bitcoin. Every transaction is tracked by the feds now.",user_84,11000,4500,negative
gen_4151,2024-06-18 10:00:00,"Ethereum L2s are growing but Bitcoin dominance is still 50%+. The King is safe.",user_22,5400,1200,positive
gen_4152,2024-06-18 11:30:00,"Massive liquidation on SOL and ADA. Investors are panic selling everything for BTC.",user_45,12000,3400,positive
gen_4153,2024-06-18 13:00:00,"Tether FUD is back. If USDT depegs, Bitcoin is going to 40k in minutes.",user_10,18000,6000,negative
gen_4154,2024-06-18 14:45:00,"Stablecoins moving from exchanges to cold storage. Market is cooling off significantly.",user_88,2100,450,negative
gen_4155,2024-06-18 16:15:00,"Watching the ETH/BTC chart. It’s been sideways for 3 days. Total stalemate.",user_72,1100,200,neutral
gen_4156,2024-06-18 18:00:00,"Binance listing new high-yield alts. This always drains liquidity from Bitcoin.",user_30,9000,2100,negative
gen_4157,2024-06-18 20:30:00,"Bitcoin Ordinals volume is down 60%. The hype is moving to Solana NFTs.",user_99,7500,1800,negative
gen_4158,2024-06-19 08:00:00,"Institutional BTC ETFs saw $200M inflow while ETH ETFs saw outflows. Bullish divergence.",user_20,15000,4200,positive
gen_4159,2024-06-19 10:15:00,"The correlation between BTC and gold is at its highest in months. Safe haven mode?",user_30,3400,890,neutral
gen_4160,2024-06-19 12:45:00,"Regulators are targeting DeFi. This is why Bitcoin’s simplicity is its superpower.",user_61,12000,3100,positive
gen_4161,2024-06-19 15:00:00,"Whales are dumping alts to buy the Bitcoin dip. Smart money move.",user_15,8900,2400,positive
gen_4162,2024-06-19 17:30:00,"Market is boring. High funding rates mean we might see a long squeeze soon.",user_48,4500,1100,neutral
gen_4163,2024-06-19 19:45:00,"If the SEC wins against Ripple, the whole altcoin market collapses. BTC is the only exit.",user_11,22000,8500,negative
gen_4164,2024-06-20 09:00:00,"New layer 1 blockchains are just VC exit liquidity. Bitcoin is for the people.",user_92,6700,1800,positive
gen_4165,2024-06-20 11:20:00,"Waiting for the monthly close. If we stay above 60k, the bull run continues.",user_72,3100,780,neutral
gen_4166,2024-06-20 13:45:00,"Gas fees on Ethereum are near zero. Network activity is dead. Scary for the whole market.",user_20,11000,4500,negative
gen_4167,2024-06-20 16:00:00,"Bitcoin miners are moving to AI computing. The hash rate might actually drop.",user_6,5600,1400,negative
gen_4168,2024-06-20 18:30:00,"DCA into BTC, ignore the altcoin casino. That's how you win this game.",user_55,14000,5200,positive
gen_4169,2024-06-21 08:15:00,"Crypto is 90% correlation right now. Everything follows Bitcoin's every move.",user_10,2300,540,neutral
gen_4170,2024-06-21 10:45:00,"A major exchange hack just sent BTC down $2000 in ten minutes. Brutal.",user_34,25000,12000,negative
tech_0001,2024-01-15 09:23:11,"RSI just crossed 30 on the daily. Historically this marks a local bottom.",user_45,8900,2100,positive
tech_0002,2024-01-16 14:45:33,"MACD golden cross on the 4H chart. Bulls are taking control.",user_78,12000,3400,positive
tech_0003,2024-01-17 11:12:09,"Bollinger Bands squeezing hard. Breakout incoming within 48 hours.",user_23,15000,4500,neutral
tech_0004,2024-01-18 16:34:22,"RSI divergence forming. Price making lower lows but RSI rising. Bullish.",user_91,6700,1800,positive
tech_0005,2024-01-19 08:55:44,"Stochastic RSI hitting extreme oversold levels. Bounce is imminent.",user_34,9800,2600,positive
tech_0006,2024-01-20 13:22:18,"MACD histogram flipping green on the daily. Early reversal signal.",user_56,11000,3200,positive
tech_0007,2024-01-21 10:44:55,"Price walking the upper Bollinger Band. Classic parabolic behavior.",user_12,14000,4100,positive
tech_0008,2024-01-22 15:18:33,"RSI overbought at 78. Expecting a healthy pullback to 42k soon.",user_67,5600,1400,negative
tech_0009,2024-01-23 09:05:12,"MACD death cross on the 1H chart. Short term bearish signal confirmed.",user_89,7800,2200,negative
tech_0010,2024-01-24 12:33:44,"Bollinger Band width at multi-month lows. 15% move coming very soon.",user_41,13000,3800,neutral
tech_0011,2024-01-25 14:22:09,"RSI positive divergence on the 4H. Bears are losing momentum fast.",user_25,8900,2400,positive
tech_0012,2024-01-26 11:47:55,"Triple MACD alignment across 1H, 4H, Daily. All bullish. Rare setup.",user_73,16000,5200,positive
tech_0013,2024-01-27 16:15:22,"Price touching lower Bollinger Band. Statistical buy signal activated.",user_18,10000,2900,positive
tech_0014,2024-01-28 09:38:44,"RSI failure swing just occurred on the daily. Textbook reversal pattern.",user_52,9200,2600,positive
tech_0015,2024-01-29 13:55:11,"MACD bearish divergence forming. Price pumping but momentum fading.",user_64,11000,3300,negative
tech_0016,2024-01-30 10:22:33,"Bollinger Bands expanding rapidly. Volatility returning to the market.",user_29,7500,2000,neutral
tech_0017,2024-01-31 15:44:22,"RSI crossed above 50 on the daily. First time in 23 days. Bullish shift.",user_81,12000,3500,positive
tech_0018,2024-02-01 11:18:55,"MACD zero line cross incoming. This triggers the next major leg up.",user_36,14000,4200,positive
tech_0019,2024-02-02 14:33:44,"Double bottom forming at the lower Bollinger Band. Textbook entry.",user_93,8800,2500,positive
tech_0020,2024-02-03 09:55:11,"RSI hidden bullish divergence. Price consolidating, momentum building.",user_47,9600,2700,positive
tech_0021,2024-02-04 12:22:33,"MACD histogram expanding. Trend strength increasing significantly.",user_58,10500,3000,positive
tech_0022,2024-02-05 16:44:22,"Price rejected at upper Bollinger Band. Resistance confirmed at 48k.",user_21,6700,1800,negative
tech_0023,2024-02-06 10:11:55,"RSI at 35 with bullish divergence. This is the dip to buy.",user_74,13000,3900,positive
tech_0024,2024-02-07 13:38:44,"MACD signal line about to cross. Big move coming in next 12 hours.",user_39,11500,3400,neutral
tech_0025,2024-02-08 09:22:11,"Bollinger Band squeeze + low volume = massive explosion incoming.",user_85,15000,4800,positive
tech_0026,2024-02-09 14:55:33,"RSI oversold on the 1H, 4H, and Daily. Triple timeframe confluence.",user_26,12000,3600,positive
tech_0027,2024-02-10 11:33:22,"MACD golden cross confirmed. Last time this happened we ran 40%.",user_61,17000,5500,positive
tech_0028,2024-02-11 15:18:44,"Riding the middle Bollinger Band. Classic trending market behavior.",user_42,8900,2400,positive
tech_0029,2024-02-12 10:44:11,"RSI at 82. Overbought but can stay here for weeks in a bull market.",user_77,9800,2800,neutral
tech_0030,2024-02-13 13:22:55,"MACD bullish crossover on the weekly chart. Massive signal for Q2.",user_33,16000,5000,positive
tech_0031,2024-02-14 09:55:22,"Bollinger Bands touched at 52k. Statistically we bounce from here.",user_68,10500,3100,positive
tech_0032,2024-02-15 14:33:44,"RSI divergence spotted. Price new high but RSI declining. Warning.",user_94,11000,3300,negative
tech_0033,2024-02-16 11:18:11,"MACD histogram turning negative. Short term momentum shifting bearish.",user_49,7800,2200,negative
tech_0034,2024-02-17 15:44:33,"Price spent 8 days outside upper Bollinger Band. Unsustainable pace.",user_22,9200,2600,negative
tech_0035,2024-02-18 10:22:55,"RSI + MACD + Bollinger all aligned bullish on 4H. Rare setup indeed.",user_75,14000,4300,positive
tech_0036,2024-02-19 13:55:44,"Stochastic RSI crossed up. Early entry signal for swing traders.",user_38,8800,2500,positive
tech_0037,2024-02-20 09:33:11,"MACD approaching zero line from below. Bullish momentum building.",user_86,11500,3500,positive
tech_0038,2024-02-21 14:18:22,"Bollinger Band width expanding to 12%. Volatility spike confirmed.",user_27,9600,2700,neutral
tech_0039,2024-02-22 11:44:55,"RSI pullback to 55 after hitting 75. Healthy consolidation phase.",user_62,10000,2900,neutral
tech_0040,2024-02-23 15:22:33,"MACD bearish cross on the 15min. Scalpers taking profit here.",user_43,6700,1800,negative
tech_0041,2024-02-24 10:55:11,"Lower Bollinger Band at 49k acting as strong support. Holding well.",user_78,12000,3600,positive
tech_0042,2024-02-25 13:33:44,"RSI at 68. Still room to run before hitting overbought territory.",user_31,9800,2800,positive
tech_0043,2024-02-26 09:18:22,"MACD + RSI both showing bullish divergence. Double confirmation.",user_87,13000,4000,positive
tech_0044,2024-02-27 14:44:55,"Bollinger Bands pinching tight. Historical pattern before 20% moves.",user_24,15000,4700,neutral
tech_0045,2024-02-28 11:22:11,"RSI crossing 70 on the weekly. Major bull market confirmation signal.",user_69,16000,5100,positive
tech_0046,2024-02-29 15:55:33,"MACD histogram at highest level in 6 months. Momentum is extreme.",user_44,11500,3400,positive
tech_0047,2024-03-01 10:33:22,"Price bouncing off lower Bollinger Band for the 3rd time. Strong floor.",user_79,10500,3100,positive
tech_0048,2024-03-02 13:18:44,"RSI failure swing confirmed. This pattern has 85% success rate historically.",user_35,12000,3700,positive
tech_0049,2024-03-03 09:44:11,"MACD about to cross on the 12H chart. Watching closely for confirmation.",user_88,8900,2500,neutral
tech_0050,2024-03-04 14:22:55,"Bollinger Band squeeze lasted 11 days. Breakout probability over 90%.",user_26,14000,4400,positive
tech_0051,2024-03-05 11:55:22,"RSI at 28. Deep oversold. Last 5 times this happened we bounced 12%.",user_71,13000,3900,positive
tech_0052,2024-03-06 15:33:44,"MACD golden cross + volume spike. This is what bull runs look like.",user_46,15000,4800,positive
tech_0053,2024-03-07 10:18:11,"Upper Bollinger Band at 58k. If we break it, 65k is next target.",user_82,11000,3300,positive
tech_0054,2024-03-08 13:44:33,"RSI double bottom at 35. Bullish pattern forming on the indicator itself.",user_37,9600,2700,positive
tech_0055,2024-03-09 09:22:55,"MACD trending above zero line for 3 weeks straight. Strong uptrend.",user_91,10500,3000,positive
tech_0056,2024-03-10 14:55:44,"Bollinger Bands widest since November 2023. Expect continued volatility.",user_28,9200,2600,neutral
tech_0057,2024-03-11 11:33:11,"RSI overbought at 81 but price still climbing. Parabolic phase active.",user_73,12000,3600,positive
tech_0058,2024-03-12 15:18:22,"MACD death cross on the 30min chart. Intraday traders going short.",user_48,7800,2200,negative
tech_0059,2024-03-13 10:44:55,"Price walking along middle Bollinger Band. Steady uptrend in motion.",user_84,10000,2900,positive
tech_0060,2024-03-14 13:22:33,"RSI peaked at 92 in 2021. We're only at 74 now. Plenty of room left.",user_32,14000,4200,positive
tech_0061,2024-03-15 09:55:11,"MACD histogram declining while price rises. Early bearish divergence warning.",user_89,11000,3300,negative
tech_0062,2024-03-16 14:33:44,"Bollinger Band bounce at 51k. Perfect entry for swing position.",user_25,13000,3900,positive
tech_0063,2024-03-17 11:18:22,"RSI hidden bearish divergence on the 1H chart. Scalp short setup.",user_74,8800,2500,negative
tech_0064,2024-03-18 15:44:55,"MACD curling up from oversold zone. Reversal brewing underneath.",user_39,12000,3600,positive
tech_0065,2024-03-19 10:22:11,"Bollinger Bands contracting for 9 consecutive days. Coiling energy.",user_85,11500,3500,neutral
tech_0066,2024-03-20 13:55:33,"RSI at 45 with positive momentum. Bullish continuation pattern forming.",user_26,9800,2800,positive
tech_0067,2024-03-21 09:33:22,"MACD signal line acting as dynamic resistance. Need to break it.",user_61,10500,3100,neutral
tech_0068,2024-03-22 14:18:44,"Price tested upper Bollinger Band 5 times. Resistance is weakening.",user_42,12000,3700,positive
tech_0069,2024-03-23 11:44:11,"RSI cooling off to 62 after hitting 78. Healthy profit-taking phase.",user_77,9600,2700,neutral
tech_0070,2024-03-24 15:22:55,"MACD crossover on the 6H chart. Mid-term bullish signal activated.",user_33,13000,4000,positive
tech_0071,2024-03-25 10:55:22,"Bollinger Band width below 5%. Historic signal for major breakout.",user_68,15000,4800,positive
tech_0072,2024-03-26 13:33:44,"RSI divergence on both 4H and Daily. Strong reversal signal building.",user_94,11000,3300,positive
tech_0073,2024-03-27 09:18:11,"MACD turned positive on the weekly. This is a generational buy signal.",user_49,17000,5500,positive
tech_0074,2024-03-28 14:44:33,"Lower Bollinger Band providing perfect bounce support at 47k level.",user_22,10000,2900,positive
tech_0075,2024-03-29 11:22:55,"RSI crossed 50 from below. First bullish signal in 2 weeks.",user_75,11500,3400,positive
tech_0076,2024-03-30 15:55:44,"MACD histogram expanding higher. Momentum acceleration confirmed.",user_38,12000,3600,positive
tech_0077,2024-03-31 10:33:11,"Bollinger Bands touching at 54k. Statistically strong support zone.",user_86,9800,2800,positive
tech_0078,2024-04-01 13:18:22,"RSI at 88 on the daily. Extreme greed but can last for weeks.",user_27,14000,4300,neutral
tech_0079,2024-04-02 09:44:55,"MACD golden cross about to happen on the 8H chart. Loading up.",user_62,13000,3900,positive
tech_0080,2024-04-03 14:22:33,"Price breaking upper Bollinger Band. Parabolic move initiating now.",user_43,15000,4800,positive
tech_0081,2024-04-04 11:55:11,"RSI positive divergence forming on the 2H. Early long entry signal.",user_78,10500,3100,positive
tech_0082,2024-04-05 15:33:44,"MACD approaching bullish crossover on the daily. Major signal pending.",user_31,12000,3700,positive
tech_0083,2024-04-06 10:18:22,"Bollinger Band squeeze breaking to the upside. Called it 3 days ago.",user_87,11000,3300,positive
tech_0084,2024-04-07 13:44:55,"RSI at 32. Deep value territory. Accumulation zone confirmed.",user_24,13000,4000,positive
tech_0085,2024-04-08 09:22:11,"MACD bullish divergence on the 4H chart. Bears losing momentum.",user_69,10000,2900,positive
tech_0086,2024-04-09 14:55:33,"Upper Bollinger Band resistance at 59k. Break it and we fly.",user_44,14000,4400,positive
tech_0087,2024-04-10 11:33:22,"RSI cooled to 58 from 76. Perfect re-entry point for bulls.",user_79,9600,2700,positive
tech_0088,2024-04-11 15:18:44,"MACD zero line cross on the weekly. Massive bullish confirmation.",user_35,16000,5100,positive
tech_0089,2024-04-12 10:44:11,"Bollinger Bands expanding after 12-day squeeze. Volatility incoming.",user_88,11500,3500,neutral
tech_0090,2024-04-13 13:22:55,"RSI failure swing pattern confirmed on the 4H. High probability setup.",user_26,12000,3600,positive
tech_0091,2024-04-14 09:55:22,"MACD histogram flipping red. Short term pullback expected.",user_71,8800,2500,negative
tech_0092,2024-04-15 14:33:44,"Price walking lower Bollinger Band. Oversold bounce imminent.",user_46,13000,3900,positive
tech_0093,2024-04-16 11:18:11,"RSI at 77 with no bearish divergence. Uptrend remains intact.",user_82,10500,3100,positive
tech_0094,2024-04-17 15:44:33,"MACD golden cross + RSI above 50. Textbook bull market setup.",user_37,15000,4700,positive
tech_0095,2024-04-18 10:22:55,"Bollinger Band width at 8%. Moderate volatility environment.",user_91,9200,2600,neutral
tech_0096,2024-04-19 13:55:44,"RSI double top forming at 82. Potential reversal warning signal.",user_28,11000,3300,negative
tech_0097,2024-04-20 09:33:11,"MACD trending positive for 21 consecutive days. Strong bull trend.",user_73,12000,3700,positive
tech_0098,2024-04-21 14:18:22,"Lower Bollinger Band at 50k. Strong support holding perfectly.",user_48,10000,2900,positive
tech_0099,2024-04-22 11:44:55,"RSI cooling from 79 to 64. Healthy consolidation before next leg.",user_84,11500,3400,neutral
tech_0100,2024-04-23 15:22:33,"MACD bearish cross on the 2H chart. Intraday downside expected.",user_32,7800,2200,negative
tech_0101,2024-04-24 10:55:11,"Bollinger Bands pinching at 53k. Breakout brewing within 24 hours.",user_89,14000,4400,neutral
tech_0102,2024-04-25 13:33:44,"RSI at 41 with positive divergence. Bottom is likely in.",user_25,12000,3600,positive
tech_0103,2024-04-26 09:18:22,"MACD histogram expanding on the 12H. Momentum shift confirmed.",user_74,10500,3100,positive
tech_0104,2024-04-27 14:44:55,"Price rejected at upper Bollinger Band twice. Resistance confirmed.",user_39,9600,2700,negative
tech_0105,2024-04-28 11:22:11,"RSI crossed above 60. Bull market territory entered.",user_85,13000,4000,positive
tech_0106,2024-04-29 15:55:33,"MACD about to cross on the 3D chart. Swing trade signal brewing.",user_26,11000,3300,neutral
tech_0107,2024-04-30 10:33:22,"Bollinger Band squeeze is tightest in 4 months. Major move coming.",user_61,15000,4800,positive
tech_0108,2024-05-01 13:18:44,"RSI at 85. Overbought but momentum still strong. Ride the wave.",user_42,12000,3700,neutral
tech_0109,2024-05-02 09:44:11,"MACD golden cross on the 1D chart. Last time: 35% rally followed.",user_77,16000,5100,positive
tech_0110,2024-05-03 14:22:55,"Lower Bollinger Band bouncing at 51k. Buy the statistical dip.",user_33,11500,3500,positive
tech_0111,2024-05-04 11:55:22,"RSI hidden bullish divergence confirmed. Price flat, RSI rising.",user_68,10000,2900,positive
tech_0112,2024-05-05 15:33:44,"MACD trending above signal line for 15 days. Strong uptrend active.",user_94,12000,3600,positive
tech_0113,2024-05-06 10:18:11,"Bollinger Bands touching at 55k. Strong support zone identified.",user_49,9800,2800,positive
tech_0114,2024-05-07 13:44:33,"RSI at 48 climbing higher. Early bullish momentum building.",user_22,11000,3300,positive
tech_0115,2024-05-08 09:22:55,"MACD histogram turning green on the 6H. Reversal signal confirmed.",user_75,13000,3900,positive
tech_0116,2024-05-09 14:55:44,"Upper Bollinger Band at 60k. Breakout level clearly defined.",user_38,14000,4300,positive
tech_0117,2024-05-10 11:33:11,"RSI cooled to 55 from 73. Perfect bull flag consolidation.",user_86,10500,3100,neutral
tech_0118,2024-05-11 15:18:22,"MACD zero line acting as support. Bullish structure intact.",user_27,11500,3400,positive
tech_0119,2024-05-12 10:44:55,"Bollinger Band width expanding to 10%. Volatility returning.",user_62,9600,2700,neutral
tech_0120,2024-05-13 13:22:33,"RSI positive divergence on the 1H and 4H. Double confirmation.",user_43,12000,3700,positive
tech_0121,2024-05-14 09:55:11,"MACD bullish crossover confirmed on the 4H chart. Entry signal.",user_78,13000,4000,positive
tech_0122,2024-05-15 14:33:44,"Price walking middle Bollinger Band upward. Classic bull trend.",user_31,10000,2900,positive
tech_0123,2024-05-16 11:18:22,"RSI at 83. Extreme levels but no bearish divergence yet.",user_87,14000,4400,neutral
tech_0124,2024-05-17 15:44:55,"MACD histogram at highest level in 8 weeks. Peak momentum.",user_24,11000,3300,positive
tech_0125,2024-05-18 10:22:11,"Bollinger Band squeeze breaking bullish. Pattern confirmed.",user_69,15000,4800,positive
tech_0126,2024-05-19 13:55:33,"RSI failure swing on the daily. Textbook reversal setup.",user_44,12000,3600,positive
tech_0127,2024-05-20 09:33:22,"MACD about to cross on the weekly. Generational signal incoming.",user_79,17000,5500,positive
tech_0128,2024-05-21 14:18:44,"Lower Bollinger Band support at 52k holding strong. Bounce zone.",user_35,11500,3500,positive
tech_0129,2024-05-22 11:44:11,"RSI at 36 with hidden bullish divergence. Accumulation opportunity.",user_88,13000,3900,positive
tech_0130,2024-05-23 15:22:55,"MACD golden cross + volume confirmation. Powerful buy signal.",user_26,16000,5100,positive
tech_0131,2024-05-24 10:55:22,"Upper Bollinger Band breakout at 58k. Parabolic phase starting.",user_71,14000,4300,positive
tech_0132,2024-05-25 13:33:44,"RSI cooled from 81 to 67. Healthy retracement for next push.",user_46,10500,3100,neutral
tech_0133,2024-05-26 09:18:11,"MACD trending positive on the 2D chart. Mid-term bullish.",user_82,12000,3700,positive
tech_0134,2024-05-27 14:44:33,"Bollinger Bands widening rapidly. Expect 15% move in 48 hours.",user_37,15000,4700,neutral
tech_0135,2024-05-28 11:22:55,"RSI double bottom at 33. Bullish reversal pattern complete.",user_91,11000,3300,positive
tech_0136,2024-05-29 15:55:44,"MACD bullish divergence forming on the 8H. Bears weakening.",user_28,12000,3600,positive
tech_0137,2024-05-30 10:33:11,"Price bouncing perfectly off lower Bollinger Band. Buy signal.",user_73,13000,4000,positive
tech_0138,2024-05-31 13:18:22,"RSI at 72. Room to run to 80+ before overbought concerns.",user_48,10000,2900,positive
tech_0139,2024-06-01 09:44:55,"MACD zero line cross confirmed on daily. Major bullish signal.",user_84,16000,5100,positive
tech_0140,2024-06-02 14:22:33,"Bollinger Band squeeze lasted 14 days. Explosive move pending.",user_32,14000,4400,positive
tech_0141,2024-06-03 11:55:11,"RSI at 29. Deep oversold. Historical buy zone activated.",user_89,11500,3500,positive
tech_0142,2024-06-04 15:33:44,"MACD histogram flipping green on the 1D chart. Reversal confirmed.",user_25,12000,3700,positive
tech_0143,2024-06-05 10:18:22,"Upper Bollinger Band resistance at 61k. Break triggers rally.",user_74,13000,4000,positive
tech_0144,2024-06-06 13:44:55,"RSI crossed 55 from below. Bullish momentum shift confirmed.",user_39,10500,3100,positive
tech_0145,2024-06-07 09:22:11,"MACD golden cross on the 12H chart. Swing trade buy signal.",user_85,15000,4800,positive
tech_0146,2024-06-08 14:55:33,"Bollinger Bands touching at 53k. Strong support confirmed.",user_26,11000,3300,positive
tech_0147,2024-06-09 11:33:22,"RSI positive divergence across multiple timeframes. Rare setup.",user_61,14000,4300,positive
tech_0148,2024-06-10 15:18:44,"MACD approaching bullish cross on the 3D chart. Patient setup.",user_42,12000,3600,positive
tech_0149,2024-06-11 10:44:11,"Price walking upper Bollinger Band. Parabolic advance active.",user_77,16000,5100,positive
tech_0150,2024-06-12 13:22:55,"RSI at 86. Extreme greed but trend remains strong. HODL.",user_33,13000,3900,neutral
tech_0151,2024-06-13 09:55:22,"MACD bullish for 28 straight days. Historic uptrend strength.",user_68,11500,3500,positive
tech_0152,2024-06-14 14:33:44,"Lower Bollinger Band at 54k. Perfect swing long entry zone.",user_94,12000,3700,positive
tech_0153,2024-06-15 11:18:11,"RSI cooling to 61 from 78. Consolidation before continuation.",user_49,10000,2900,neutral
tech_0154,2024-06-16 15:44:33,"MACD histogram expanding rapidly. Momentum acceleration phase.",user_22,15000,4700,positive
tech_0155,2024-06-17 10:22:55,"Bollinger Band width at 6%. Low volatility before the storm.",user_75,9600,2700,neutral
tech_0156,2024-06-18 13:55:44,"RSI at 44 with positive slope. Early bullish signal building.",user_38,11000,3300,positive
tech_0157,2024-06-19 09:33:11,"MACD about to cross on the 1W chart. Generational buy signal.",user_86,18000,6000,positive
tech_0158,2024-06-20 14:18:22,"Upper Bollinger Band at 62k. Breakout imminent within 24 hours.",user_27,14000,4400,positive
tech_0159,2024-06-21 11:44:55,"RSI failure swing confirmed on the 6H. Reversal pattern active.",user_62,12000,3600,positive
tech_0160,2024-06-22 15:22:33,"MACD golden cross + rising volume. Perfect storm for bulls.",user_43,16000,5100,positive
tech_0161,2024-06-23 10:55:11,"Bollinger Band squeeze breaking to upside. Called it perfectly.",user_78,13000,4000,positive
tech_0162,2024-06-24 13:33:44,"RSI at 34 with hidden bullish divergence. Bottom fishing time.",user_31,11500,3500,positive
tech_0163,2024-06-25 09:18:22,"MACD trending above zero for 5 weeks. Strong bull market.",user_87,12000,3700,positive
tech_0164,2024-06-26 14:44:55,"Price touching lower Bollinger Band. Statistical buy activated.",user_24,14000,4300,positive
tech_0165,2024-06-27 11:22:11,"RSI at 75. Still in healthy bull range. No reversal signals.",user_69,10500,3100,positive
tech_0166,2024-06-28 15:55:33,"MACD bullish divergence on the 2H chart. Scalp long setup.",user_44,11000,3300,positive
tech_0167,2024-06-29 10:33:22,"Bollinger Bands expanding to 12%. Major volatility incoming.",user_79,15000,4800,neutral
tech_0168,2024-06-30 13:18:44,"RSI double top at 84. Potential reversal warning signal.",user_35,12000,3600,negative
tech_0169,2024-07-01 09:44:11,"MACD zero line providing support. Bullish structure holding.",user_88,13000,3900,positive
tech_0170,2024-07-02 14:22:55,"Upper Bollinger Band resistance weakening. Breakout soon.",user_26,14000,4400,positive
tech_0171,2024-07-03 11:55:22,"RSI cooled to 59 from 76. Perfect retracement complete.",user_71,10000,2900,neutral
tech_0172,2024-07-04 15:33:44,"MACD golden cross on the 1D chart. Major bullish signal.",user_46,17000,5500,positive
tech_0173,2024-07-05 10:18:11,"Bollinger Band width below 4%. Historic pre-breakout level.",user_82,15000,4700,positive
tech_0174,2024-07-06 13:44:33,"RSI at 38 with positive divergence. Reversal brewing.",user_37,11500,3500,positive
tech_0175,2024-07-07 09:22:55,"MACD histogram flipping positive. Momentum shift confirmed.",user_91,12000,3700,positive
tech_0176,2024-07-08 14:55:44,"Price walking middle Bollinger Band higher. Steady uptrend.",user_28,10500,3100,positive
tech_0177,2024-07-09 11:33:11,"RSI at 81. Overbought but can extend to 90+ in parabolic.",user_73,14000,4300,neutral
tech_0178,2024-07-10 15:18:22,"MACD bullish for 32 days straight. Relentless uptrend.",user_48,13000,4000,positive
tech_0179,2024-07-11 10:44:55,"Lower Bollinger Band support at 55k. Strong floor confirmed.",user_84,11000,3300,positive
tech_0180,2024-07-12 13:22:33,"RSI crossed 52 from below. Bullish momentum initiated.",user_32,12000,3600,positive
tech_0181,2024-07-13 09:55:11,"MACD approaching golden cross on the 8H. Setup developing.",user_89,15000,4800,positive
tech_0182,2024-07-14 14:33:44,"Bollinger Bands squeezing tight. Breakout within 36 hours.",user_25,14000,4400,neutral
tech_0183,2024-07-15 11:18:22,"RSI at 31. Extreme oversold. High probability bounce zone.",user_74,13000,3900,positive
tech_0184,2024-07-16 15:44:55,"MACD histogram expanding on the 4H. Momentum building.",user_39,11500,3500,positive
tech_0185,2024-07-17 10:22:11,"Upper Bollinger Band at 63k. Breakout level identified.",user_85,16000,5100,positive
tech_0186,2024-07-18 13:55:33,"RSI positive divergence on the 1D chart. Major signal.",user_26,12000,3700,positive
tech_0187,2024-07-19 09:33:22,"MACD zero line cross on the weekly. Generational buy.",user_61,19000,6500,positive
tech_0188,2024-07-20 14:18:44,"Bollinger Band width at 9%. Moderate volatility regime.",user_42,10000,2900,neutral
tech_0189,2024-07-21 11:44:11,"RSI at 77 with no divergence. Uptrend fully intact.",user_77,14000,4300,positive
tech_0190,2024-07-22 15:22:55,"MACD golden cross + volume spike. Textbook buy signal.",user_33,17000,5500,positive
tech_0191,2024-07-23 10:55:22,"Price bouncing off lower Bollinger Band. Perfect entry.",user_68,13000,4000,positive
tech_0192,2024-07-24 13:33:44,"RSI cooling from 82 to 68. Healthy consolidation phase.",user_94,11000,3300,neutral
tech_0193,2024-07-25 09:18:11,"MACD trending positive on the 3D chart. Mid-term bullish.",user_49,12000,3700,positive
tech_0194,2024-07-26 14:44:33,"Bollinger Bands expanding rapidly. Volatility spike confirmed.",user_22,15000,4700,neutral
tech_0195,2024-07-27 11:22:55,"RSI double bottom at 35. Reversal pattern complete.",user_75,12000,3600,positive
tech_0196,2024-07-28 15:55:44,"MACD bullish divergence forming on the 6H. Early signal.",user_38,13000,3900,positive
tech_0197,2024-07-29 10:33:11,"Upper Bollinger Band resistance at 64k. Critical level.",user_86,14000,4400,positive
tech_0198,2024-07-30 13:18:22,"RSI at 71. Still room before overbought concerns kick in.",user_27,10500,3100,positive
tech_0199,2024-07-31 09:44:55,"MACD approaching zero line from below. Bullish setup.",user_62,11500,3500,positive
tech_0200,2024-08-01 14:22:33,"Bollinger Band squeeze lasted 16 days. Major move imminent.",user_43,16000,5100,positive
tech_0201,2024-08-02 11:55:11,"RSI at 27. Deep value. Historical accumulation zone.",user_78,14000,4300,positive
tech_0202,2024-08-03 15:33:44,"MACD histogram turning green on the 1D. Reversal signal.",user_31,12000,3700,positive
tech_0203,2024-08-04 10:18:22,"Price walking upper Bollinger Band. Parabolic move active.",user_87,17000,5500,positive
tech_0204,2024-08-05 13:44:55,"RSI crossed 57 from below. Bullish shift confirmed.",user_24,11000,3300,positive
tech_0205,2024-08-06 09:22:11,"MACD golden cross on the 12H chart. Swing long signal.",user_69,15000,4800,positive
tech_0206,2024-08-07 14:55:33,"Bollinger Bands touching at 56k. Support zone activated.",user_44,13000,4000,positive
tech_0207,2024-08-08 11:33:22,"RSI hidden bullish divergence. Price flat, RSI climbing.",user_79,12000,3600,positive
tech_0208,2024-08-09 15:18:44,"MACD trending above signal line for 18 days. Strong trend.",user_35,14000,4400,positive
tech_0209,2024-08-10 10:44:11,"Lower Bollinger Band at 57k. Strong support confirmed.",user_88,11500,3500,positive
tech_0210,2024-08-11 13:22:55,"RSI at 49 climbing higher. Early bullish momentum.",user_26,10000,2900,positive
tech_0211,2024-08-12 09:55:22,"MACD histogram expanding on the 8H. Momentum surge.",user_71,13000,3900,positive
tech_0212,2024-08-13 14:33:44,"Upper Bollinger Band at 65k. Breakout target defined.",user_46,16000,5100,positive
tech_0213,2024-08-14 11:18:11,"RSI cooled to 56 from 74. Perfect flag consolidation.",user_82,10500,3100,neutral
tech_0214,2024-08-15 15:44:33,"MACD zero line acting as dynamic support. Bullish.",user_37,12000,3700,positive
tech_0215,2024-08-16 10:22:55,"Bollinger Band width expanding to 11%. Volatility back.",user_91,14000,4300,neutral
tech_0216,2024-08-17 13:55:44,"RSI positive divergence on both 1H and 4H. Confirmed.",user_28,15000,4700,positive
tech_0217,2024-08-18 09:33:11,"MACD bullish crossover on the 4H chart. Entry triggered.",user_73,13000,4000,positive
tech_0218,2024-08-19 14:18:22,"Price riding middle Bollinger Band upward. Classic bull.",user_48,11000,3300,positive
tech_0219,2024-08-20 11:44:55,"RSI at 84. Extreme but no reversal signals yet. Ride it.",user_84,16000,5100,neutral
tech_0220,2024-08-21 15:22:33,"MACD histogram at peak levels. Maximum momentum reached.",user_32,14000,4400,positive
tech_0221,2024-08-22 10:55:11,"Bollinger Band squeeze breaking bullish. Pattern worked.",user_89,15000,4800,positive
tech_0222,2024-08-23 13:33:44,"RSI failure swing on the daily. High probability setup.",user_25,12000,3700,positive
tech_0223,2024-08-24 09:18:22,"MACD golden cross on the weekly. Historic buy signal.",user_74,18000,6000,positive
tech_0224,2024-08-25 14:44:55,"Lower Bollinger Band support at 58k. Bounce zone confirmed.",user_39,13000,4000,positive
tech_0225,2024-08-26 11:22:11,"RSI at 37 with hidden bullish divergence. Accumulate.",user_85,14000,4300,positive
tech_0226,2024-08-27 15:55:33,"MACD trending positive for 6 weeks. Relentless uptrend.",user_26,11500,3500,positive
tech_0227,2024-08-28 10:33:22,"Upper Bollinger Band breakout at 66k. Parabolic phase.",user_61,17000,5500,positive
tech_0228,2024-08-29 13:18:44,"RSI cooling from 83 to 69. Healthy profit-taking.",user_42,10500,3100,neutral
tech_0229,2024-08-30 09:44:11,"MACD bullish divergence on the 2H chart. Scalp setup.",user_77,12000,3600,positive
tech_0230,2024-08-31 14:22:55,"Bollinger Bands widening to 13%. Major volatility.",user_33,16000,5100,neutral
tech_0231,2024-09-01 11:55:22,"RSI double bottom at 34. Reversal confirmed.",user_68,13000,3900,positive
tech_0232,2024-09-02 15:33:44,"MACD histogram flipping green. Momentum shift active.",user_94,14000,4400,positive
tech_0233,2024-09-03 10:18:11,"Price bouncing perfectly off lower Bollinger Band. Buy.",user_49,15000,4700,positive
tech_0234,2024-09-04 13:44:33,"RSI at 73. Healthy bull range. No concerns yet.",user_22,11000,3300,positive
tech_0235,2024-09-05 09:22:55,"MACD zero line cross on the daily. Major bullish signal.",user_75,17000,5500,positive
tech_0236,2024-09-06 14:55:44,"Bollinger Band squeeze for 13 days. Explosive move pending.",user_38,16000,5100,positive
tech_0237,2024-09-07 11:33:11,"RSI at 30. Extreme oversold. Buy zone activated.",user_86,14000,4300,positive
tech_0238,2024-09-08 15:18:22,"MACD approaching golden cross on the 6H. Setup building.",user_27,12000,3700,positive
tech_0239,2024-09-09 10:44:55,"Upper Bollinger Band at 67k. Next resistance identified.",user_62,15000,4800,positive
tech_0240,2024-09-10 13:22:33,"RSI crossed 54 from below. Bullish momentum confirmed.",user_43,11500,3500,positive
tech_0241,2024-09-11 09:55:11,"MACD histogram expanding on the 1D. Acceleration phase.",user_78,13000,4000,positive
tech_0242,2024-09-12 14:33:44,"Bollinger Bands touching at 59k. Strong support zone.",user_31,14000,4400,positive
tech_0243,2024-09-13 11:18:22,"RSI positive divergence across all timeframes. Rare.",user_87,16000,5100,positive
tech_0244,2024-09-14 15:44:55,"MACD trending bullish on the 3D chart. Mid-term signal.",user_24,12000,3600,positive
tech_0245,2024-09-15 10:22:11,"Price walking upper Bollinger Band. Parabolic in motion.",user_69,18000,6000,positive
tech_0246,2024-09-16 13:55:33,"RSI at 87. Extreme greed. Can last weeks in bull market.",user_44,15000,4700,neutral
tech_0247,2024-09-17 09:33:22,"MACD bullish for 35 consecutive days. Historic strength.",user_79,14000,4300,positive
tech_0248,2024-09-18 14:18:44,"Lower Bollinger Band at 60k. Perfect long entry.",user_35,13000,3900,positive
tech_0249,2024-09-19 11:44:11,"RSI cooling to 62 from 79. Consolidation complete.",user_88,11000,3300,neutral
tech_0250,2024-09-20 15:22:55,"MACD histogram at highest level in 10 weeks. Peak momentum.",user_26,17000,5500,positive
tech_0251,2024-09-21 10:55:22,"Bollinger Band width at 7%. Moderate volatility phase.",user_71,10500,3100,neutral
tech_0252,2024-09-22 13:33:44,"RSI at 45 with positive slope. Bullish signal forming.",user_46,12000,3700,positive
tech_0253,2024-09-23 09:18:11,"MACD about to cross on the 1W chart. Generational setup.",user_82,19000,6500,positive
tech_0254,2024-09-24 14:44:33,"Upper Bollinger Band at 68k. Breakout imminent.",user_37,16000,5100,positive
tech_0255,2024-09-25 11:22:55,"RSI failure swing confirmed on the 4H. Reversal active.",user_91,14000,4400,positive
tech_0256,2024-09-26 15:55:44,"MACD golden cross + rising volume. Perfect combination.",user_28,17000,5500,positive
tech_0257,2024-09-27 10:33:11,"Bollinger Band squeeze breaking to upside. Called it.",user_73,15000,4800,positive
tech_0258,2024-09-28 13:18:22,"RSI at 35 with hidden bullish divergence. Bottom in.",user_48,13000,4000,positive
tech_0259,2024-09-29 09:44:55,"MACD trending above zero for 7 weeks. Powerful uptrend.",user_84,14000,4300,positive
tech_0260,2024-09-30 14:22:33,"Price touching lower Bollinger Band. Buy signal activated.",user_32,16000,5100,positive
tech_0261,2024-10-01 11:55:11,"RSI at 76. Still healthy bull territory. No warnings.",user_89,12000,3600,positive
tech_0262,2024-10-02 15:33:44,"MACD bullish divergence on the 8H chart. Bears weak.",user_25,15000,4700,positive
tech_0263,2024-10-03 10:18:22,"Bollinger Bands expanding to 14%. Major volatility ahead.",user_74,17000,5500,neutral
tech_0264,2024-10-04 13:44:55,"RSI double top at 85. Potential reversal warning.",user_39,13000,3900,negative
tech_0265,2024-10-05 09:22:11,"MACD zero line providing dynamic support. Bullish structure.",user_85,14000,4400,positive
tech_0266,2024-10-06 14:55:33,"Upper Bollinger Band resistance weakening at 69k. Break soon.",user_26,16000,5100,positive
tech_0267,2024-10-07 11:33:22,"RSI cooled to 60 from 77. Perfect retracement for bulls.",user_61,11500,3500,neutral
tech_0268,2024-10-08 15:18:44,"MACD golden cross on the 1D chart. Major confirmation.",user_42,18000,6000,positive
tech_0269,2024-10-09 10:44:11,"Bollinger Band width below 3%. Historic breakout signal.",user_77,17000,5500,positive
tech_0270,2024-10-10 13:22:55,"RSI at 39 with positive divergence. Reversal building.",user_33,14000,4300,positive
tech_0271,2024-10-11 09:55:22,"MACD histogram flipping positive on the 2D. Signal confirmed.",user_68,15000,4800,positive
tech_0272,2024-10-12 14:33:44,"Price walking middle Bollinger Band higher. Steady trend.",user_94,12000,3700,positive
tech_0273,2024-10-13 11:18:11,"RSI at 82. Overbought but trend intact. No reversal yet.",user_49,16000,5100,neutral
tech_0274,2024-10-14 15:44:33,"MACD bullish for 38 days straight. Unprecedented strength.",user_22,15000,4700,positive
tech_0275,2024-10-15 10:22:55,"Lower Bollinger Band support at 62k. Strong floor.",user_75,13000,4000,positive
tech_0276,2024-10-16 13:55:44,"RSI crossed 53 from below. Bullish momentum shift.",user_38,14000,4400,positive
tech_0277,2024-10-17 09:33:11,"MACD approaching golden cross on the 12H. Setup forming.",user_86,16000,5100,positive
tech_0278,2024-10-18 14:18:22,"Bollinger Bands squeezing. Major breakout within 48 hours.",user_27,17000,5500,neutral
tech_0279,2024-10-19 11:44:55,"RSI at 32. Deep oversold. High probability bounce.",user_62,15000,4800,positive
tech_0280,2024-10-20 15:22:33,"MACD histogram expanding on the 6H. Momentum building.",user_43,14000,4300,positive
tech_0281,2024-10-21 10:55:11,"Upper Bollinger Band at 70k. Critical breakout level.",user_78,18000,6000,positive
tech_0282,2024-10-22 13:33:44,"RSI positive divergence on the 1D. Major reversal signal.",user_31,16000,5100,positive
tech_0283,2024-10-23 09:18:22,"MACD zero line cross on the weekly. Generational buy.",user_87,20000,7000,positive
tech_0284,2024-10-24 14:44:55,"Bollinger Band width at 10%. Moderate volatility regime.",user_24,12000,3600,neutral
tech_0285,2024-10-25 11:22:11,"RSI at 78 with no divergence. Uptrend fully intact.",user_69,15000,4700,positive
tech_0286,2024-10-26 15:55:33,"MACD golden cross + volume confirmation. Textbook signal.",user_44,18000,6000,positive
tech_0287,2024-10-27 10:33:22,"Price bouncing off lower Bollinger Band. Perfect entry.",user_79,14000,4400,positive
tech_0288,2024-10-28 13:18:44,"RSI cooling from 84 to 70. Healthy consolidation.",user_35,13000,3900,neutral
tech_0289,2024-10-29 09:44:11,"MACD trending positive on the 3D chart. Mid-term bullish.",user_88,15000,4800,positive
tech_0290,2024-10-30 14:22:55,"Bollinger Bands expanding rapidly. Volatility spike confirmed.",user_26,17000,5500,neutral
tech_0291,2024-10-31 11:55:22,"RSI double bottom at 36. Reversal pattern complete.",user_71,14000,4300,positive
tech_0292,2024-11-01 15:33:44,"MACD bullish divergence on the 4H. Early long signal.",user_46,16000,5100,positive
tech_0293,2024-11-02 10:18:11,"Upper Bollinger Band at 71k. Next resistance target.",user_82,15000,4700,positive
tech_0294,2024-11-03 13:44:33,"RSI at 72. Still room before overbought concerns.",user_37,13000,4000,positive
tech_0295,2024-11-04 09:22:55,"MACD approaching zero line from below. Bullish setup.",user_91,14000,4400,positive
tech_0296,2024-11-05 14:55:44,"Bollinger Band squeeze for 17 days. Explosive move coming.",user_28,18000,6000,positive
tech_0297,2024-11-06 11:33:11,"RSI at 28. Extreme oversold. Accumulation zone.",user_73,16000,5100,positive
tech_0298,2024-11-07 15:18:22,"MACD histogram turning green on the 1D. Reversal signal.",user_48,15000,4800,positive
tech_0299,2024-11-08 10:44:55,"Price walking upper Bollinger Band. Parabolic move active.",user_84,19000,6500,positive
tech_0300,2024-11-09 13:22:33,"RSI crossed 58 from below. Bullish shift confirmed.",user_32,14000,4300,positive
tech_0301,2024-11-10 09:55:11,"MACD golden cross on the 8H chart. Swing trade signal.",user_89,17000,5500,positive
tech_0302,2024-11-11 14:33:44,"Bollinger Bands touching at 64k. Support zone confirmed.",user_25,15000,4700,positive
tech_0303,2024-11-12 11:18:22,"RSI hidden bullish divergence. Price flat, RSI rising.",user_74,14000,4400,positive
tech_0304,2024-11-13 15:44:55,"MACD trending above signal for 20 days. Strong uptrend.",user_39,16000,5100,positive
tech_0305,2024-11-14 10:22:11,"Lower Bollinger Band at 65k. Strong support confirmed.",user_85,13000,3900,positive
tech_0306,2024-11-15 13:55:33,"RSI at 50 climbing higher. Early bullish momentum.",user_26,15000,4800,positive
tech_0307,2024-11-16 09:33:22,"MACD histogram expanding on the 12H. Momentum surge.",user_61,18000,6000,positive
tech_0308,2024-11-17 14:18:44,"Upper Bollinger Band at 72k. Breakout target defined.",user_42,17000,5500,positive
tech_0309,2024-11-18 11:44:11,"RSI cooled to 57 from 75. Perfect flag pattern.",user_77,14000,4300,neutral
tech_0310,2024-11-19 15:22:55,"MACD zero line acting as support. Bullish structure.",user_33,15000,4700,positive
tech_0311,2024-11-20 10:55:22,"Bollinger Band width expanding to 12%. Volatility back.",user_68,16000,5100,neutral
tech_0312,2024-11-21 13:33:44,"RSI positive divergence on 1H and 4H. Double confirmation.",user_94,17000,5500,positive
tech_0313,2024-11-22 09:18:11,"MACD bullish crossover on the 6H. Entry signal triggered.",user_49,15000,4800,positive
tech_0314,2024-11-23 14:44:33,"Price riding middle Bollinger Band upward. Classic bull trend.",user_22,14000,4400,positive
tech_0315,2024-11-24 11:22:55,"RSI at 85. Extreme levels but no reversal signals. Hold.",user_75,18000,6000,neutral
tech_0316,2024-11-25 15:55:44,"MACD histogram at peak levels in 12 weeks. Maximum momentum.",user_38,16000,5100,positive
tech_0317,2024-11-26 10:33:11,"Bollinger Band squeeze breaking bullish. Pattern confirmed.",user_86,17000,5500,positive
tech_0318,2024-11-27 13:18:22,"RSI failure swing on the daily chart. High probability reversal.",user_27,15000,4700,positive
tech_0319,2024-11-28 09:44:55,"MACD golden cross on the weekly. Historic generational signal.",user_62,20000,7000,positive
tech_0320,2024-11-29 14:22:33,"Lower Bollinger Band at 66k. Bounce zone activated.",user_43,16000,5100,positive
tech_0321,2024-11-30 11:55:11,"RSI at 38 with hidden bullish divergence. Accumulate now.",user_78,17000,5500,positive
tech_0322,2024-12-01 15:33:44,"MACD trending positive for 8 weeks. Relentless bull market.",user_31,15000,4800,positive
tech_0323,2024-12-02 10:18:22,"Upper Bollinger Band breakout at 73k. Parabolic phase starting.",user_87,19000,6500,positive
tech_0324,2024-12-03 13:44:55,"RSI cooling from 86 to 71. Healthy profit-taking phase.",user_24,14000,4300,neutral
tech_0325,2024-12-04 09:22:11,"MACD bullish divergence on the 2H. Scalp long setup.",user_69,15000,4700,positive
tech_0326,2024-12-05 14:55:33,"Bollinger Bands widening to 15%. Major volatility incoming.",user_44,18000,6000,neutral
tech_0327,2024-12-06 11:33:22,"RSI double bottom at 37. Reversal pattern confirmed.",user_79,16000,5100,positive
tech_0328,2024-12-07 15:18:44,"MACD histogram flipping green on the 3D. Momentum shift.",user_35,17000,5500,positive
tech_0329,2024-12-08 10:44:11,"Price bouncing perfectly off lower Bollinger Band. Buy signal.",user_88,15000,4800,positive
tech_0330,2024-12-09 13:22:55,"RSI at 74. Healthy bull range with no reversal warnings.",user_26,14000,4400,positive
tech_0331,2024-12-10 09:55:22,"MACD zero line cross on the daily. Major bullish confirmation.",user_71,19000,6500,positive
tech_0332,2024-12-11 14:33:44,"Bollinger Band squeeze for 19 days. Massive breakout pending.",user_46,18000,6000,positive
tech_0333,2024-12-12 11:18:11,"RSI at 31. Deep value zone. Historical buy opportunity.",user_82,17000,5500,positive
tech_0334,2024-12-13 15:44:33,"MACD approaching golden cross on the 4H. Setup developing.",user_37,16000,5100,positive
tech_0335,2024-12-14 10:22:55,"Upper Bollinger Band at 74k. Next major resistance level.",user_91,18000,6000,positive
tech_0336,2024-12-15 13:55:44,"RSI crossed 55 from below. Bullish momentum confirmed.",user_28,15000,4800,positive
tech_0337,2024-12-16 09:33:11,"MACD histogram expanding on the 1D. Acceleration confirmed.",user_73,17000,5500,positive
tech_0338,2024-12-17 14:18:22,"Bollinger Bands touching at 67k. Strong support zone.",user_48,16000,5100,positive
tech_0339,2024-12-18 11:44:55,"RSI positive divergence across all major timeframes. Rare setup.",user_84,19000,6500,positive
tech_0340,2024-12-19 15:22:33,"MACD trending bullish on the 2D chart. Mid-term signal active.",user_32,15000,4700,positive
tech_0341,2024-12-20 10:55:11,"Price walking upper Bollinger Band. Parabolic advance confirmed.",user_89,20000,7000,positive
tech_0342,2024-12-21 13:33:44,"RSI at 88. Extreme greed but trend remains strong. HODL.",user_25,17000,5500,neutral
tech_0343,2024-12-22 09:18:22,"MACD bullish for 40 consecutive days. Historic market strength.",user_74,18000,6000,positive
tech_0344,2024-12-23 14:44:55,"Lower Bollinger Band at 68k. Perfect swing long entry.",user_39,16000,5100,positive
tech_0345,2024-12-24 11:22:11,"RSI cooling to 63 from 80. Consolidation before next leg.",user_85,14000,4400,neutral
tech_0346,2024-12-25 15:55:33,"MACD histogram at highest level in 14 weeks. Peak momentum reached.",user_26,19000,6500,positive
tech_0347,2024-12-26 10:33:22,"Bollinger Band width at 8%. Moderate volatility environment.",user_61,13000,3900,neutral
tech_0348,2024-12-27 13:18:44,"RSI at 46 with positive slope. Bullish signal building.",user_42,15000,4800,positive
tech_0349,2024-12-28 09:44:11,"MACD about to cross on the 1W chart. Generational setup forming.",user_77,21000,7500,positive
tech_0350,2024-12-29 14:22:55,"Upper Bollinger Band at 75k. Breakout level clearly defined.",user_33,18000,6000,positive
tech_0351,2024-12-30 11:55:22,"RSI failure swing confirmed on the 6H. Reversal pattern active.",user_68,17000,5500,positive
tech_0352,2024-12-31 15:33:44,"MACD golden cross + massive volume. Perfect bullish storm.",user_94,20000,7000,positive
tech_0353,2024-01-17 09:15:33,"Bollinger squeeze on the 3H chart. Tight range before explosion.",user_51,9200,2600,neutral
tech_0354,2024-02-11 13:42:18,"RSI reset to 47 after hitting 71. Textbook bull flag setup.",user_66,10800,3200,positive
tech_0355,2024-03-09 11:28:44,"MACD crossing above signal line on the 2H. Short-term momentum shift.",user_39,8700,2400,positive
tech_0356,2024-04-15 14:51:22,"Stochastic oscillator oversold on the daily. Historical bounce zone.",user_72,11500,3400,positive
tech_0357,2024-05-22 10:19:55,"Price touching the 200-period EMA on the 4H. Major support test.",user_44,13000,3900,neutral
tech_0358,2024-06-08 15:37:11,"RSI staying above 60 for 11 days. Strong bull market confirmation.",user_58,12000,3600,positive
tech_0359,2024-07-14 09:53:44,"MACD bearish divergence on the 1H. Scalpers taking profit here.",user_31,7400,2100,negative
tech_0360,2024-08-19 12:28:33,"Bollinger width below 2%. Historic pre-breakout compression level.",user_77,14500,4600,positive
tech_0361,2024-09-25 11:44:22,"RSI triple divergence across 1H, 4H, Daily. Extremely rare pattern.",user_63,16000,5200,positive
tech_0362,2024-10-31 14:17:55,"MACD histogram declining for 5 straight days. Momentum fading.",user_48,9800,2800,negative
tech_0363,2024-11-12 10:05:11,"Upper Bollinger Band walk for 7 days. Classic parabolic behavior.",user_85,15000,4800,positive
tech_0364,2024-12-18 13:49:33,"RSI bullish control zone (55-70) maintained for 3 weeks. Rare strength.",user_29,14000,4300,positive
tech_0365,2024-01-23 09:31:44,"MACD golden cross on the 1W chart incoming. Generational setup building.",user_91,18000,6000,positive
tech_0366,2024-02-29 15:22:18,"Bollinger midline acting as dynamic support on the 12H. Bullish structure.",user_55,10500,3100,positive
tech_0367,2024-03-17 11:58:22,"RSI at 26. Statistically, 92% of similar readings led to 10%+ rallies.",user_69,12000,3700,positive
tech_0368,2024-04-24 14:33:55,"MACD signal line cross on the 6H rejected. Failed breakout signal.",user_42,8900,2500,negative
tech_0369,2024-05-30 10:47:11,"Bollinger Bands parallel and rising. Textbook trending market structure.",user_76,11000,3300,positive
tech_0370,2024-06-15 13:19:44,"RSI higher lows while price makes lower lows. Classic bullish divergence.",user_34,13000,4000,positive
tech_0371,2024-07-22 09:52:33,"MACD zero line bounce on the daily. This pattern has 78% win rate.",user_88,14000,4400,positive
tech_0372,2024-08-28 15:28:22,"Upper Bollinger Band at 69k rejected 3 times. Strong resistance confirmed.",user_51,10500,3100,negative
tech_0373,2024-09-14 11:41:55,"RSI staying below 40 for 9 days. Deep bear market territory.",user_67,9200,2600,negative
tech_0374,2024-10-20 14:15:11,"MACD bullish cross while RSI oversold. Double bottom confirmation setup.",user_43,15000,4800,positive
tech_0375,2024-11-26 10:33:44,"Bollinger squeeze on the weekly chart. This is a multi-month setup.",user_79,17000,5500,positive
tech_0376,2024-12-12 13:07:22,"RSI overbought on the 1H but oversold on the daily. Timeframe conflict.",user_36,11500,3400,neutral
tech_0377,2024-01-19 09:44:33,"MACD histogram making higher lows. Early momentum shift signal.",user_82,10000,2900,positive
tech_0378,2024-02-25 15:19:55,"Price broke below lower Bollinger Band. Extreme sell-off exhaustion signal.",user_54,13000,3900,positive
tech_0379,2024-03-13 11:52:11,"RSI positive divergence forming on the 3D chart. Multi-week signal.",user_71,14000,4300,positive
tech_0380,2024-04-29 14:28:44,"MACD death cross on the 30min chart. Intraday bearish signal.",user_47,7800,2200,negative
tech_0381,2024-05-16 10:15:22,"Bollinger Band width expanding from 3% to 11% in 48 hours. Volatility spike.",user_89,12000,3600,neutral
tech_0382,2024-06-22 13:41:55,"RSI at 91 on the 1H. Extreme overbought. Mean reversion imminent.",user_33,10500,3100,negative
tech_0383,2024-07-28 09:27:33,"MACD trending above zero for 9 consecutive weeks. Historic bull strength.",user_75,16000,5100,positive
tech_0384,2024-08-14 15:53:11,"Lower Bollinger Band rising while price consolidates. Bull flag forming.",user_49,11000,3300,positive
tech_0385,2024-09-20 11:18:44,"RSI failure swing rejected at 35. Bears still in control short-term.",user_62,9600,2700,negative
tech_0386,2024-10-26 14:47:22,"MACD golden cross confirmed with rising volume. Textbook buy signal.",user_38,17000,5500,positive
tech_0387,2024-11-11 10:29:55,"Bollinger Bands squeezing on both 4H and daily. Multi-timeframe setup.",user_84,15000,4800,positive
tech_0388,2024-12-27 13:55:33,"RSI at 43 bouncing off support trendline. Double bullish signal.",user_27,12000,3700,positive
tech_0389,2024-01-25 09:38:11,"MACD bearish cross but histogram still positive. Mixed signal - wait.",user_91,8900,2500,neutral
tech_0390,2024-02-18 15:24:44,"Price walking along upper Bollinger Band for 12 days. Parabolic phase.",user_56,14000,4400,positive
tech_0391,2024-03-26 11:49:22,"RSI lower high while price makes equal high. Early bearish divergence.",user_69,11000,3300,negative
tech_0392,2024-04-12 14:11:55,"MACD zero line cross on the 8H chart. Mid-term bullish signal.",user_44,13000,4000,positive
tech_0393,2024-05-28 10:37:33,"Bollinger midline rejection on the 6H. Failed breakout - bearish.",user_78,9200,2600,negative
tech_0394,2024-06-24 13:58:11,"RSI at 33 with positive momentum. Early reversal signal forming.",user_31,12000,3600,positive
tech_0395,2024-07-30 09:21:44,"MACD histogram expanding rapidly on the 2D chart. Strong momentum.",user_87,15000,4700,positive
tech_0396,2024-08-16 15:46:22,"Upper Bollinger Band at 71k with decreasing momentum. Divergence warning.",user_52,10500,3100,negative
tech_0397,2024-09-22 11:33:55,"RSI double top at 87 followed by bearish cross. Reversal confirmed.",user_66,13000,3900,negative
tech_0398,2024-10-28 14:19:11,"MACD trending below zero for 4 weeks. Deep correction phase.",user_41,8700,2400,negative
tech_0399,2024-11-14 10:44:33,"Bollinger squeeze breaking to downside. Failed bullish setup.",user_73,11500,3400,negative
tech_0400,2024-12-20 13:27:44,"RSI reclaimed 50 from below. First bullish signal in 18 days.",user_35,14000,4300,positive
tech_0401,2024-01-28 09:56:22,"MACD approaching bullish cross on the 3D chart. Multi-day setup building.",user_88,12000,3700,positive
tech_0402,2024-02-14 15:31:55,"Price bouncing between Bollinger Bands. Range-bound consolidation.",user_48,9800,2800,neutral
tech_0403,2024-03-22 11:17:11,"RSI at 68 with no signs of slowing. Momentum remains strong.",user_76,13000,4000,positive
tech_0404,2024-04-18 14:42:44,"MACD histogram flatlin ing at zero. Momentum stalling - caution.",user_53,10000,2900,neutral
tech_0405,2024-05-24 10:28:33,"Bollinger Band width at 1.8%. Tightest squeeze in 6 months.",user_89,16000,5100,positive
tech_0406,2024-06-30 13:54:22,"RSI positive divergence on the 12H chart. Swing trade setup forming.",user_34,14000,4400,positive
tech_0407,2024-07-16 09:19:55,"MACD golden cross while price above 50-day MA. Double confirmation.",user_82,15000,4800,positive
tech_0408,2024-08-22 15:47:11,"Lower Bollinger Band at 63k holding as strong support floor.",user_47,12000,3600,positive
tech_0409,2024-09-28 11:31:44,"RSI cooling from 76 to 61. Healthy pullback in uptrend.",user_71,11000,3300,neutral
tech_0410,2024-10-14 14:08:22,"MACD bearish divergence across 4H and daily. Warning signal confirmed.",user_39,13000,3900,negative
tech_0411,2024-11-20 10:52:55,"Bollinger Bands expanding after 3-week squeeze. Major move initiated.",user_84,17000,5500,positive
tech_0412,2024-12-26 13:36:11,"RSI at 29 with bullish momentum building. Bottom formation likely.",user_29,15000,4700,positive
tech_0413,2024-02-07 09:43:33,"MACD zero line acting as resistance on the 4H. Bearish structure.",user_91,9200,2600,negative
tech_0414,2024-03-15 15:28:44,"Upper Bollinger Band breakout followed by retest. Bullish continuation.",user_56,14000,4300,positive
tech_0415,2024-04-21 11:55:22,"RSI hidden bearish divergence on the 2H. Early short signal.",user_69,10500,3100,negative
tech_0416,2024-05-17 14:21:55,"MACD histogram declining while price rises. Momentum losing steam.",user_44,11500,3400,negative
tech_0417,2024-06-13 10:47:11,"Bollinger midline support on the daily. Key level holding well.",user_78,13000,4000,positive
tech_0418,2024-07-29 13:12:44,"RSI at 85 with no divergence. Parabolic run still intact.",user_31,16000,5100,positive
tech_0419,2024-08-25 09:38:22,"MACD golden cross on the weekly. This is a generational signal.",user_87,19000,6500,positive
tech_0420,2024-09-11 15:54:55,"Price walking lower Bollinger Band downward. Bear trend active.",user_52,9600,2700,negative
tech_0421,2024-10-27 11:29:33,"RSI bouncing off 40 support. Bull market structure intact.",user_66,12000,3600,positive
tech_0422,2024-11-23 14:16:11,"MACD trending positive on the 1W chart for 8 weeks. Historic.",user_41,17000,5500,positive
tech_0423,2024-12-19 10:41:44,"Bollinger squeeze on the 6H chart breaking bullish. Entry triggered.",user_73,15000,4800,positive
tech_0424,2024-01-31 13:27:22,"RSI failure swing on the 8H chart. High probability reversal setup.",user_35,14000,4300,positive
tech_0425,2024-02-26 09:53:55,"MACD bullish cross rejected at zero line. Bears defending key level.",user_88,10000,2900,negative
tech_0426,2024-03-24 15:39:11,"Price rejected at upper Bollinger Band 4 times. Strong resistance zone.",user_48,11500,3400,negative
tech_0427,2024-04-20 11:14:44,"RSI at 37 making higher lows. Early bottom formation signal.",user_76,13000,3900,positive
tech_0428,2024-05-26 14:48:22,"MACD histogram turning positive on the 3D. Multi-day momentum shift.",user_53,14000,4400,positive
tech_0429,2024-06-21 10:23:55,"Bollinger Band width at 4%. Low volatility before the storm.",user_89,12000,3700,neutral
tech_0430,2024-07-27 13:59:11,"RSI overbought on the 30min but bullish on higher timeframes. HODL.",user_34,11000,3300,neutral
tech_0431,2024-08-23 09:34:44,"MACD golden cross + bullish candle pattern. Perfect entry setup.",user_82,16000,5100,positive
tech_0432,2024-09-19 15:21:22,"Lower Bollinger Band at 61k acting as perfect bounce support.",user_47,13000,4000,positive
tech_0433,2024-10-25 11:47:55,"RSI positive divergence on the 1W chart. Massive multi-month signal.",user_71,18000,6000,positive
tech_0434,2024-11-21 14:32:11,"MACD trending above signal line for 25 consecutive days. Strong bull.",user_39,15000,4800,positive
tech_0435,2024-12-27 10:18:44,"Bollinger Bands parallel and declining. Bear trend confirmed.",user_84,9800,2800,negative
tech_0436,2024-02-03 13:44:33,"RSI at 81 but still climbing. Extreme greed phase active.",user_29,14000,4300,neutral
tech_0437,2024-03-11 09:29:22,"MACD zero line bounce on the 12H. Mid-term bullish signal.",user_91,13000,3900,positive
tech_0438,2024-04-17 15:56:55,"Upper Bollinger Band at 67k. Price approaching critical resistance.",user_56,12000,3600,neutral
tech_0439,2024-05-23 11:22:11,"RSI double bottom at 32 with bullish candle confirmation. Buy signal.",user_69,15000,4700,positive
tech_0440,2024-06-29 14:47:44,"MACD bearish cross on the 1H chart. Short-term downside expected.",user_44,8900,2500,negative
tech_0441,2024-07-25 10:33:22,"Bollinger squeeze on the 2H chart. Breakout within 6 hours.",user_78,11500,3400,neutral
tech_0442,2024-08-31 13:19:55,"RSI at 48 crossing above 50. Early bullish momentum building.",user_31,12000,3700,positive
tech_0443,2024-09-17 09:44:11,"MACD histogram expanding on the 6H chart. Acceleration confirmed.",user_87,14000,4400,positive
tech_0444,2024-10-23 15:31:44,"Price walking middle Bollinger Band lower. Downtrend in motion.",user_52,10500,3100,negative
tech_0445,2024-11-29 11:57:22,"RSI cooling from 79 to 64. Consolidation before next leg up.",user_66,13000,4000,neutral
tech_0446,2024-12-15 14:23:55,"MACD golden cross on the 4H chart. Swing trade buy signal.",user_41,16000,5100,positive
tech_0447,2024-01-26 10:48:11,"Bollinger Band width below 2.5%. Historic compression before 18% move.",user_73,17000,5500,positive
tech_0448,2024-02-22 13:34:44,"RSI positive divergence forming on the 2D chart. Multi-day signal.",user_35,15000,4800,positive
tech_0449,2024-03-20 09:19:22,"MACD trending below zero for 6 weeks. Extended bear phase.",user_88,9200,2600,negative
tech_0450,2024-04-26 15:46:55,"Upper Bollinger Band walk ending with reversal candle. Top signal.",user_48,12000,3600,negative
tech_0451,2024-05-22 11:31:11,"RSI at 34 bouncing with volume. Bottom confirmation forming.",user_76,14000,4300,positive
tech_0452,2024-06-28 14:17:44,"MACD bullish cross on the 8H chart pending. Setup building.",user_53,13000,3900,neutral
tech_0453,2024-07-24 10:42:22,"Bollinger midline acting as resistance on the 4H. Bearish structure.",user_89,10000,2900,negative
tech_0454,2024-08-30 13:28:55,"RSI at 77 with no bearish divergence. Trend remains intact.",user_34,15000,4700,positive
tech_0455,2024-09-16 09:53:11,"MACD histogram at highest level in 16 weeks. Peak momentum.",user_82,17000,5500,positive
tech_0456,2024-10-22 15:39:44,"Lower Bollinger Band at 59k providing strong support floor.",user_47,14000,4400,positive
tech_0457,2024-11-28 11:24:22,"RSI failure swing confirmed on the 4H. Reversal pattern active.",user_71,16000,5100,positive
tech_0458,2024-12-14 14:11:55,"MACD golden cross + breakout candle. Perfect bull setup.",user_39,18000,6000,positive
tech_0459,2024-02-09 10:37:11,"Bollinger Bands squeezing on the 12H. Major move within 24 hours.",user_84,15000,4800,neutral
tech_0460,2024-03-17 13:52:44,"RSI at 89. Extreme overbought but parabolic runs ignore this.",user_29,14000,4300,neutral
tech_0461,2024-04-23 09:28:22,"MACD zero line cross on the daily chart. Major bullish confirmation.",user_91,19000,6500,positive
tech_0462,2024-05-19 15:44:55,"Upper Bollinger Band at 68k broken. Next target 72k.",user_56,16000,5100,positive
tech_0463,2024-06-25 11:19:11,"RSI positive divergence on the 6H chart. Reversal signal building.",user_69,13000,4000,positive
tech_0464,2024-07-31 14:35:44,"MACD trending positive for 10 consecutive weeks. Historic strength.",user_44,17000,5500,positive
tech_0465,2024-08-27 10:51:22,"Bollinger Band width expanding to 13%. Volatility spike active.",user_78,15000,4700,neutral
tech_0466,2024-09-23 13:27:55,"RSI at 42 with positive slope. Early bullish signal forming.",user_31,12000,3600,positive
tech_0467,2024-10-19 09:42:11,"MACD bullish cross while price above all key MAs. Strong setup.",user_87,16000,5100,positive
tech_0468,2024-11-25 15:58:44,"Price touching lower Bollinger Band. Statistical buy zone activated.",user_52,14000,4400,positive
tech_0469,2024-12-21 11:33:22,"RSI cooled to 58 from 75. Perfect retracement for continuation.",user_66,13000,3900,neutral
tech_0470,2024-01-27 14:19:55,"MACD histogram flipping green on the weekly. Generational signal.",user_41,20000,7000,positive
tech_0471,2024-02-23 10:44:11,"Bollinger squeeze breaking to upside on the 3D chart. Major move.",user_73,17000,5500,positive
tech_0472,2024-03-31 13:31:44,"RSI at 36 with hidden bullish divergence. Accumulation zone.",user_35,15000,4800,positive
tech_0473,2024-04-27 09:56:22,"MACD golden cross on the 2D chart. Multi-day bullish signal.",user_88,16000,5100,positive
tech_0474,2024-05-23 15:22:55,"Upper Bollinger Band resistance at 70k. Break triggers rally to 75k.",user_48,18000,6000,positive
tech_0475,2024-06-19 11:47:11,"RSI crossed 51 from below. Bull market momentum shift.",user_76,14000,4300,positive
tech_0476,2024-07-26 14:33:44,"MACD approaching bullish cross on the 1W chart. Patient setup.",user_53,17000,5500,positive
tech_0477,2024-08-22 10:18:22,"Bollinger midline support holding on the daily. Bullish structure.",user_89,13000,4000,positive
tech_0478,2024-09-28 13:54:55,"RSI at 79 but can extend to 85+ in strong bull markets. HODL.",user_34,15000,4700,neutral
tech_0479,2024-10-24 09:39:11,"MACD trending above zero for 11 weeks. Unprecedented uptrend.",user_82,18000,6000,positive
tech_0480,2024-11-30 15:26:44,"Lower Bollinger Band at 64k. Perfect swing long entry zone.",user_47,16000,5100,positive
tech_0481,2024-12-16 11:51:22,"RSI failure swing on the daily chart. Textbook reversal setup.",user_71,17000,5500,positive
tech_0482,2024-02-01 14:37:55,"MACD bullish divergence on the 1D chart. Major reversal signal.",user_39,19000,6500,positive
tech_0483,2024-03-09 10:22:11,"Bollinger Bands touching at 62k. Strong support zone confirmed.",user_84,15000,4800,positive
tech_0484,2024-04-15 13:48:44,"RSI at 44 with positive momentum. Bullish signal building.",user_29,14000,4300,positive
tech_0485,2024-05-21 09:33:22,"MACD histogram expanding on the 4H chart. Momentum surge.",user_91,16000,5100,positive
tech_0486,2024-06-27 15:59:55,"Upper Bollinger Band at 73k. Next major resistance level.",user_56,17000,5500,positive
tech_0487,2024-07-23 11:44:11,"RSI double bottom at 33. Reversal pattern confirmed.",user_69,15000,4700,positive
tech_0488,2024-08-29 14:29:44,"MACD golden cross + rising volume. Perfect confirmation.",user_44,18000,6000,positive
tech_0489,2024-09-25 10:54:22,"Bollinger Band squeeze on the 8H chart. Breakout pending.",user_78,16000,5100,neutral
tech_0490,2024-10-31 13:41:55,"RSI positive divergence across 4H, daily, and weekly. Rare.",user_31,19000,6500,positive
tech_0491,2024-11-17 09:26:11,"MACD trending positive on the 1M chart. Historic bull signal.",user_87,20000,7000,positive
tech_0492,2024-12-23 15:52:44,"Price bouncing off lower Bollinger Band perfectly. Buy signal.",user_52,17000,5500,positive
tech_0493,2024-01-29 11:37:22,"RSI at 75 with no reversal signals. Uptrend fully intact.",user_66,16000,5100,positive
tech_0494,2024-02-25 14:23:55,"MACD zero line providing dynamic support. Bullish structure holding.",user_41,15000,4800,positive
tech_0495,2024-03-23 10:48:11,"Bollinger Band width at 5%. Low volatility calm before storm.",user_73,14000,4400,neutral
tech_0496,2024-04-29 13:34:44,"RSI crossed 56 from below. Bullish momentum confirmed.",user_35,16000,5100,positive
tech_0497,2024-05-25 09:19:22,"MACD histogram flipping positive on the 2D. Multi-day signal.",user_88,17000,5500,positive
tech_0498,2024-06-21 15:46:55,"Upper Bollinger Band breakout at 74k. Parabolic phase starting.",user_48,19000,6500,positive
tech_0499,2024-07-27 11:31:11,"RSI cooling from 82 to 68. Healthy consolidation before next push.",user_76,15000,4700,neutral
tech_0500,2024-08-23 14:17:44,"MACD golden cross on the weekly chart. Generational buy signal confirmed.",user_53,21000,7500,positive