datetime,open,high,low,close,volume
2024-01-01 00:00:00,45062.74,46278.53,43026.28,44206.57,36734.6199
2024-01-01 01:00:00,44379.94,45507.36,42749.28,43646.67,21505.3768
2024-01-01 02:00:00,43440.02,44340.05,42060.62,42916.72,21630.1748
2024-01-01 03:00:00,43049.52,44617.1,40705.34,42199.72,20306.2639
2024-01-01 04:00:00,42392.66,42745.73,41761.63,42115.57,34101.6154
2024-01-01 05:00:00,42244.92,43265.49,41476.87,42633.12,24053.7955
2024-01-01 06:00:00,42773.56,43359.46,42436.56,42976.34,22027.5687
2024-01-01 07:00:00,42859.4,43315.73,41997.81,42498.33,15482.5599
2024-01-01 08:00:00,42555.99,42900.24,42011.24,42325.91,25048.0701
2024-01-01 09:00:00,42388.57,42820.98,42058.59,42573.6,16963.0986
2024-01-01 10:00:00,42782.01,43415.83,42363.3,43021.59,36601.4386
2024-01-01 11:00:00,42905.02,44071.28,40966.4,42102.01,26728.8582
2024-01-01 12:00:00,42260.47,42800.66,41472.12,41947.2,33235.1295
2024-01-01 13:00:00,41848.57,42548.01,40826.34,41424.44,33774.4334
2024-01-01 14:00:00,41382.77,42311.07,40171.24,40918.16,28500.2809
2024-01-01 15:00:00,40758.44,41347.21,40438.93,40966.22,28912.8469
2024-01-01 16:00:00,41169.46,41312.19,41078.91,41217.41,28662.5445
2024-01-01 17:00:00,41292.31,41439.68,41187.72,41353.37,30029.9094
2024-01-01 18:00:00,41334.23,43510.69,40275.74,42084.56,46967.7752
2024-01-01 19:00:00,42258.21,43785.6,41186.52,42884.51,49196.2636
2024-01-01 20:00:00,42997.09,43188.27,42887.08,43064.81,25343.1867
2024-01-01 21:00:00,42857.87,44993.33,41485.72,43593.48,37888.4654
2024-01-01 22:00:00,43758.27,45532.95,42515.34,44540.58,36315.0502
2024-01-01 23:00:00,44658.98,45707.98,42906.59,43995.16,26495.1629
2024-01-02 00:00:00,43961.34,44788.14,42550.47,43454.55,18157.894
2024-01-02 01:00:00,43669.71,44337.44,43247.15,43931.52,14999.5626
2024-01-02 02:00:00,43860.39,44229.76,43647.18,44015.32,17264.2416
2024-01-02 03:00:00,43896.01,45951.64,43001.44,44607.87,23756.5692
2024-01-02 04:00:00,44480.4,45755.04,42742.31,43826.2,30639.1932
2024-01-02 05:00:00,43960.96,44656.45,42575.57,43416.57,24624.374
2024-01-02 06:00:00,43516.03,44417.5,43130.15,43817.79,21437.7873
2024-01-02 07:00:00,43976.27,44574.1,42844.91,43534.14,21648.1909
2024-01-02 08:00:00,43425.22,45303.33,42036.34,44160.44,22055.8837
2024-01-02 09:00:00,44380.93,46155.72,43223.01,44977.45,28406.275
2024-01-02 10:00:00,44970.99,45754.1,43814.01,44456.07,30012.952
2024-01-02 11:00:00,44351.69,45643.85,43576.39,44855.65,45544.5822
2024-01-02 12:00:00,44880.67,45791.82,44317.08,45272.76,36988.1386
2024-01-02 13:00:00,45291.86,46300.76,44542.81,45741.11,31022.6763
2024-01-02 14:00:00,45584.42,47486.64,44451.31,46424.59,58543.9539
2024-01-02 15:00:00,46301.66,47647.86,44614.2,45597.66,56062.3029
2024-01-02 16:00:00,45560.83,45960.07,45263.82,45713.32,36648.9802
2024-01-02 17:00:00,45593.86,45924.07,45130.12,45403.8,41669.0136
2024-01-02 18:00:00,45209.72,45360.5,44983.65,45134.28,26894.0205
2024-01-02 19:00:00,45028.3,47295.0,43542.96,45808.66,41478.4361
2024-01-02 20:00:00,45961.54,46967.9,45216.97,46335.74,45667.2492
2024-01-02 21:00:00,46482.67,47128.26,45381.85,46109.66,29760.2616
2024-01-02 22:00:00,45928.47,46164.88,45763.82,46026.24,48017.3379
2024-01-02 23:00:00,46088.02,46780.19,44815.67,45652.92,26067.2634
2024-01-03 00:00:00,45618.03,46108.18,44470.16,45210.53,25112.4983
2024-01-03 01:00:00,45319.59,45557.75,45206.44,45413.28,19230.6837
2024-01-03 02:00:00,45596.72,45835.17,45458.19,45679.87,13968.0544
2024-01-03 03:00:00,45592.28,47656.46,44218.13,46319.9,30785.9643
2024-01-03 04:00:00,46203.88,47542.95,44069.63,45469.78,27078.9976
2024-01-03 05:00:00,45312.71,47565.8,43769.21,46091.87,41730.5285
2024-01-03 06:00:00,45872.84,46943.16,45028.71,46306.91,38469.088
2024-01-03 07:00:00,46450.81,47243.67,45460.12,46017.53,40055.6724
2024-01-03 08:00:00,45889.8,47382.27,45050.57,46470.92,28337.0848
2024-01-03 09:00:00,46249.56,47079.89,44608.05,45681.86,32367.3835
2024-01-03 10:00:00,45746.49,46110.87,45263.88,45562.92,26624.9174
2024-01-03 11:00:00,45777.25,46936.75,44357.39,45188.68,17772.7002
2024-01-03 12:00:00,45291.96,45860.73,44411.22,44954.4,24110.4308
2024-01-03 13:00:00,44844.14,45668.57,44117.41,45218.65,29588.428
2024-01-03 14:00:00,45328.06,46098.81,44939.49,45637.43,50311.3763
2024-01-03 15:00:00,45552.51,47312.69,44639.21,46186.62,41130.562
2024-01-03 16:00:00,46141.54,46632.53,45184.95,45764.39,67240.8795
2024-01-03 17:00:00,45948.73,46466.93,45600.89,46161.04,25804.875
2024-01-03 18:00:00,46128.68,46530.66,45896.68,46276.26,39538.2215
2024-01-03 19:00:00,46263.85,48369.93,45272.18,47006.26,34056.1917
2024-01-03 20:00:00,47068.75,47644.27,46199.63,46758.45,48904.6761
2024-01-03 21:00:00,46617.77,47855.64,44329.7,45730.96,58508.3564
2024-01-03 22:00:00,45691.83,46250.5,45275.11,45929.0,42462.7182
2024-01-03 23:00:00,46000.68,47639.04,43438.61,45090.86,18726.0895
2024-01-04 00:00:00,44944.71,47097.19,43923.65,45768.04,26580.6829
2024-01-04 01:00:00,45748.11,47256.14,44650.32,46299.68,35430.8183
2024-01-04 02:00:00,46480.91,47062.21,46144.99,46690.36,32174.7752
2024-01-04 03:00:00,46875.82,48054.4,46232.85,47332.68,22300.837
2024-01-04 04:00:00,47458.5,47567.73,47401.09,47498.93,14067.9653
2024-01-04 05:00:00,47390.5,47948.29,46600.79,47048.73,22028.9028
2024-01-04 06:00:00,47145.85,48399.97,44981.17,46324.06,21997.218
2024-01-04 07:00:00,46287.07,48286.32,44970.54,47036.62,40429.8925
2024-01-04 08:00:00,46980.36,48355.88,44377.9,46051.83,45194.2387
2024-01-04 09:00:00,46014.54,47215.84,45247.99,46470.11,17273.2063
2024-01-04 10:00:00,46440.29,47725.42,44040.2,45565.4,21468.9467
2024-01-04 11:00:00,45550.54,46702.45,44043.27,44872.07,25820.3767
2024-01-04 12:00:00,44659.87,45248.57,44259.67,44914.88,15050.8766
2024-01-04 13:00:00,44785.37,45346.5,44008.87,44475.18,35845.6313
2024-01-04 14:00:00,44365.0,45266.85,42412.54,43623.05,68424.8847
2024-01-04 15:00:00,43688.55,45026.03,42802.24,44180.01,60493.7207
2024-01-04 16:00:00,43968.11,44763.48,42295.69,43356.75,48162.4126
2024-01-04 17:00:00,43443.23,44525.84,42661.36,43907.03,51634.0669
2024-01-04 18:00:00,44047.23,45919.36,43047.86,44866.01,46311.1394
2024-01-04 19:00:00,45071.57,45401.73,44650.35,44885.26,54414.6882
2024-01-04 20:00:00,44706.57,46110.02,43887.8,45193.84,38483.6738
2024-01-04 21:00:00,45321.57,45748.9,44630.06,45044.58,44529.3638
2024-01-04 22:00:00,45202.04,46533.41,44054.73,45784.85,59889.8601
2024-01-04 23:00:00,45879.77,46091.34,45527.86,45761.37,23106.724
2024-01-05 00:00:00,45778.84,45825.63,45694.69,45748.62,23082.7161
2024-01-05 01:00:00,45899.92,47345.83,44082.32,45141.04,28457.0916
2024-01-05 02:00:00,45086.41,46685.0,43092.84,44236.45,25132.1841
2024-01-05 03:00:00,44165.82,46020.86,43211.06,44837.71,20564.1296
2024-01-05 04:00:00,44651.91,45670.3,43941.81,45044.98,32068.0137
2024-01-05 05:00:00,45040.85,46241.2,44313.98,45568.6,27482.3023
2024-01-05 06:00:00,45605.76,45685.02,45481.85,45556.98,26168.451
2024-01-05 07:00:00,45649.39,46235.49,44688.76,45231.09,15635.5577
2024-01-05 08:00:00,45247.31,46361.58,44595.72,45721.85,28971.6103
2024-01-05 09:00:00,45939.76,46049.61,45881.8,45985.04,15516.7763
2024-01-05 10:00:00,45837.63,47287.26,43682.36,44946.82,40227.3873
2024-01-05 11:00:00,45035.55,46311.17,43290.07,44362.32,36822.1645
2024-01-05 12:00:00,44348.74,44491.05,44112.07,44243.14,32509.7266
2024-01-05 13:00:00,44385.65,44607.65,43909.05,44209.37,12943.9491
2024-01-05 14:00:00,44237.15,44929.68,43440.62,43890.04,58901.101
2024-01-05 15:00:00,44017.65,44799.14,42781.01,43534.66,51092.8761
2024-01-05 16:00:00,43747.99,44325.88,42832.64,43407.42,63401.8369
2024-01-05 17:00:00,43280.58,44145.23,42117.1,42780.3,31691.5289
2024-01-05 18:00:00,42567.54,42708.71,42362.5,42483.27,37103.2178
2024-01-05 19:00:00,42569.51,42706.48,42339.45,42491.23,56772.2072
2024-01-05 20:00:00,42559.72,44435.01,41352.16,43297.99,64101.026
2024-01-05 21:00:00,43439.41,44431.92,41617.79,42694.71,62672.8893
2024-01-05 22:00:00,42604.46,43725.36,40837.73,41964.29,68154.7287
2024-01-05 23:00:00,41961.69,42829.2,40169.02,41257.47,20667.2616
2024-01-06 00:00:00,41088.86,43266.76,39828.51,41848.04,48352.1306
2024-01-06 01:00:00,41920.14,42396.36,40836.04,41533.65,27347.147
2024-01-06 02:00:00,41706.46,42592.91,40267.63,41175.1,20876.306
2024-01-06 03:00:00,41112.5,41588.41,40321.32,40838.37,24114.9616
2024-01-06 04:00:00,40751.88,42820.74,39561.68,41477.58,24335.4826
2024-01-06 05:00:00,41404.28,43369.22,40149.26,42182.98,42490.9762
2024-01-06 06:00:00,42200.95,42398.65,41836.39,42054.51,31570.4146
2024-01-06 07:00:00,42163.85,42983.48,40692.88,41663.88,27885.7216
2024-01-06 08:00:00,41506.15,43616.97,40413.12,42291.69,21074.8486
2024-01-06 09:00:00,42313.79,43686.55,40296.2,41625.27,21374.5765
2024-01-06 10:00:00,41763.53,41768.34,41756.45,41760.81,22885.5826
2024-01-06 11:00:00,41961.36,42667.22,40883.07,41531.23,35173.6007
2024-01-06 12:00:00,41688.77,43158.4,40576.68,42295.8,31152.1926
2024-01-06 13:00:00,42299.07,43614.98,41518.7,42841.43,36184.0735
2024-01-06 14:00:00,42836.99,43818.98,41346.07,42234.87,52617.0066
2024-01-06 15:00:00,42216.01,42622.58,41385.98,41915.06,45788.1287
2024-01-06 16:00:00,42030.55,43408.32,39909.79,41263.32,62521.5797
2024-01-06 17:00:00,41330.86,42913.54,40484.41,41861.13,31100.1162
2024-01-06 18:00:00,41898.88,43695.32,40937.11,42518.48,50631.5131
2024-01-06 19:00:00,42613.06,42877.57,42256.54,42459.62,50147.0255
2024-01-06 20:00:00,42391.07,43279.81,41776.31,42717.83,66606.5634
2024-01-06 21:00:00,42666.57,43221.96,41788.11,42353.68,52865.9735
2024-01-06 22:00:00,42170.89,42820.64,41728.85,42392.14,54095.1234
2024-01-06 23:00:00,42221.91,42876.54,41870.68,42447.8,35040.93
2024-01-07 00:00:00,42255.08,43473.75,41504.33,42755.63,19343.6559
2024-01-07 01:00:00,42783.82,43953.22,42151.47,43284.42,36566.6635
2024-01-07 02:00:00,43172.24,44822.27,42053.74,43885.15,19363.4446
2024-01-07 03:00:00,43669.85,45224.19,42742.83,44201.98,18760.1429
2024-01-07 04:00:00,44133.72,44552.85,43895.73,44288.31,23241.8223
2024-01-07 05:00:00,44155.1,44478.21,43668.41,43951.44,27309.5426
2024-01-07 06:00:00,44167.99,44885.14,43181.59,43806.22,21790.2237
2024-01-07 07:00:00,43887.61,44849.4,43163.82,44317.13,31537.9277
2024-01-07 08:00:00,44222.38,45642.15,43438.99,44751.03,31371.906
2024-01-07 09:00:00,44830.58,45911.08,44089.47,45226.76,34552.1094
2024-01-07 10:00:00,45292.95,45830.41,44370.89,44946.79,23777.3408
2024-01-07 11:00:00,44854.7,45893.95,44274.92,45298.73,33605.1755
2024-01-07 12:00:00,45312.71,47459.41,44259.3,46062.15,34534.4539
2024-01-07 13:00:00,46203.33,47329.28,45614.53,46659.0,28994.3543
2024-01-07 14:00:00,46876.66,48753.54,45536.92,47551.95,74746.9517
2024-01-07 15:00:00,47488.12,48709.02,46588.52,48040.28,49394.7618
2024-01-07 16:00:00,48123.07,48588.26,47805.3,48285.84,28696.251
2024-01-07 17:00:00,48056.49,50013.14,46629.37,48795.09,34328.2619
2024-01-07 18:00:00,48953.12,50910.5,47729.31,49754.75,40862.8474
2024-01-07 19:00:00,49657.41,49676.13,49614.78,49642.76,30677.9194
2024-01-07 20:00:00,49727.39,51157.38,48984.88,50211.02,51652.1959
2024-01-07 21:00:00,50168.28,51448.87,48135.33,49363.63,59878.8861
2024-01-07 22:00:00,49299.72,49518.6,48977.69,49188.07,32013.4414
2024-01-07 23:00:00,49209.94,51549.12,47781.65,50150.53,17039.6764
2024-01-08 00:00:00,50325.07,50482.79,50077.74,50233.92,19494.5839
2024-01-08 01:00:00,50377.99,51050.13,49007.77,49861.25,19542.2124
2024-01-08 02:00:00,49715.24,50786.08,48324.07,49150.37,22994.5853
2024-01-08 03:00:00,48906.01,50529.65,47991.74,49607.14,18013.9859
2024-01-08 04:00:00,49687.04,50829.24,47017.88,48744.53,20260.0086
2024-01-08 05:00:00,48585.74,50145.77,46305.9,47715.86,33086.6552
2024-01-08 06:00:00,47848.52,47906.47,47807.9,47873.85,24600.6152
2024-01-08 07:00:00,48009.44,49853.86,46905.51,48714.18,28714.4537
2024-01-08 08:00:00,48703.94,49039.14,48207.1,48512.28,25417.9388
2024-01-08 09:00:00,48308.91,48780.3,48011.75,48518.18,28114.5921
2024-01-08 10:00:00,48433.36,50948.26,46935.63,49391.62,24340.6537
2024-01-08 11:00:00,49491.28,51391.46,48223.56,50189.69,27106.5564
2024-01-08 12:00:00,50165.38,50966.87,48769.14,49620.57,19325.7655
2024-01-08 13:00:00,49584.23,50402.72,49151.28,49911.7,26165.9445
2024-01-08 14:00:00,50077.29,51117.99,47803.16,49262.5,64579.4811
2024-01-08 15:00:00,49305.09,49604.34,49147.46,49426.56,41447.1112
2024-01-08 16:00:00,49550.27,51576.15,48109.59,50279.83,51925.0511
2024-01-08 17:00:00,50319.01,51316.61,48943.27,49740.82,36793.7448
2024-01-08 18:00:00,49674.94,51062.55,48711.82,50196.74,70059.8835
2024-01-08 19:00:00,50356.58,50977.49,50077.26,50585.35,67220.9736
2024-01-08 20:00:00,50467.71,51604.56,48888.92,49822.57,36949.2738
2024-01-08 21:00:00,50006.85,50341.23,49832.6,50139.51,43031.2517
2024-01-08 22:00:00,50262.91,51142.55,48846.71,49690.18,46433.5941
2024-01-08 23:00:00,49827.74,50133.28,49660.4,49962.46,18805.1203
2024-01-09 00:00:00,50049.38,50838.48,48868.38,49593.13,21763.0414
2024-01-09 01:00:00,49719.56,50905.35,47855.86,48951.53,31113.3816
2024-01-09 02:00:00,49033.34,50385.18,46644.37,48141.76,15235.5238
2024-01-09 03:00:00,48002.74,48980.99,46287.49,47306.19,18629.2362
2024-01-09 04:00:00,47152.77,47551.1,46565.28,46926.83,36605.799
2024-01-09 05:00:00,46726.02,48236.44,45904.5,47402.17,43273.9211
2024-01-09 06:00:00,47438.08,47823.55,47224.41,47577.36,12653.7898
2024-01-09 07:00:00,47493.99,49036.43,46426.03,48066.43,27843.2851
2024-01-09 08:00:00,48232.01,49059.56,46934.96,47736.8,21607.7195
2024-01-09 09:00:00,47660.19,48084.88,46830.1,47341.95,17604.4083
2024-01-09 10:00:00,47534.12,48044.45,46716.43,47247.73,27151.1051
2024-01-09 11:00:00,47080.68,48039.56,45479.73,46510.58,24851.153
2024-01-09 12:00:00,46637.48,46657.28,46606.67,46626.51,27929.9778
2024-01-09 13:00:00,46656.58,47338.24,46179.0,46909.08,22516.0471
2024-01-09 14:00:00,46706.57,46862.29,46445.31,46598.6,28928.8029
2024-01-09 15:00:00,46510.25,46621.68,46253.92,46420.79,32561.4352
2024-01-09 16:00:00,46585.72,47144.14,46249.22,46800.03,51732.5021
2024-01-09 17:00:00,46985.3,47159.87,46728.2,46890.83,37991.1081
2024-01-09 18:00:00,46727.12,47777.6,44336.51,45908.22,47731.3065
2024-01-09 19:00:00,45910.31,46751.07,44376.83,45308.99,47388.289
2024-01-09 20:00:00,45154.37,45481.93,44574.04,44924.72,41149.7631
2024-01-09 21:00:00,45054.65,45652.69,44716.02,45320.13,49674.1193
2024-01-09 22:00:00,45421.53,46253.58,44881.45,45705.98,41244.7936
2024-01-09 23:00:00,45542.09,46082.18,44787.35,45268.51,24151.1177
2024-01-10 00:00:00,45466.79,45986.71,44485.58,45120.48,34824.4972
2024-01-10 01:00:00,45268.91,46457.18,44568.0,45701.27,27886.4288
2024-01-10 02:00:00,45638.12,45975.29,45043.31,45387.29,33782.6161
2024-01-10 03:00:00,45263.18,46091.12,43376.25,44606.98,21155.9106
2024-01-10 04:00:00,44756.47,46288.37,43747.14,45443.36,26778.349
2024-01-10 05:00:00,45387.34,46530.98,43660.06,44774.15,27704.9124
2024-01-10 06:00:00,44746.24,45024.03,44364.92,44586.69,20838.847
2024-01-10 07:00:00,44697.5,44846.09,44474.01,44606.19,29726.0336
2024-01-10 08:00:00,44755.67,45218.85,44048.83,44519.08,21454.9298
2024-01-10 09:00:00,44466.49,44611.7,44375.96,44515.33,24126.6754
2024-01-10 10:00:00,44404.04,45131.06,43991.89,44654.8,20229.5794
2024-01-10 11:00:00,44811.61,45509.14,43879.95,44426.35,27815.4616
2024-01-10 12:00:00,44398.57,46283.57,43161.08,45191.38,18488.6873
2024-01-10 13:00:00,44989.49,44998.12,44982.28,44993.1,16078.7611
2024-01-10 14:00:00,45186.94,46854.43,44063.15,45800.0,33132.4241
2024-01-10 15:00:00,45951.03,46783.9,45315.15,46311.42,38846.0676
2024-01-10 16:00:00,46116.55,46957.58,44928.36,45666.32,57201.328
2024-01-10 17:00:00,45488.76,46044.32,44625.8,45103.2,48143.7913
2024-01-10 18:00:00,45083.86,46434.13,43204.97,44382.1,31136.9575
2024-01-10 19:00:00,44267.57,45241.63,42568.69,43636.45,38668.3107
2024-01-10 20:00:00,43708.18,45142.45,42075.09,42983.69,52174.0225
2024-01-10 21:00:00,43193.59,43428.65,43046.13,43287.15,56358.998
2024-01-10 22:00:00,43180.51,44710.26,41111.81,42344.96,64216.3283
2024-01-10 23:00:00,42459.93,43444.95,41966.43,42859.37,31386.1384
2024-01-11 00:00:00,42720.12,43946.82,41882.35,43197.12,33968.9666
2024-01-11 01:00:00,43008.39,44227.67,42326.68,43483.53,14099.3737
2024-01-11 02:00:00,43284.33,45244.42,41790.21,44034.66,25083.6712
2024-01-11 03:00:00,44146.2,44956.53,42605.44,43600.73,31442.1244
2024-01-11 04:00:00,43437.0,43875.35,42796.15,43207.68,30935.0706
2024-01-11 05:00:00,43412.36,43422.9,43392.98,43405.77,27981.0719
2024-01-11 06:00:00,43504.34,44736.78,41410.26,42771.6,26053.4629
2024-01-11 07:00:00,42591.99,43262.35,42130.83,42866.14,26160.0927
2024-01-11 08:00:00,42802.5,44288.11,40857.74,42018.97,34632.5417
2024-01-11 09:00:00,42220.67,43930.24,40927.16,42977.11,28895.4135
2024-01-11 10:00:00,43054.22,44858.8,41739.46,43834.0,25950.5876
2024-01-11 11:00:00,43644.3,44856.49,42911.91,44130.53,29354.4639
2024-01-11 12:00:00,44209.55,46191.88,42772.6,45003.24,30130.5357
2024-01-11 13:00:00,44957.35,45602.76,44610.2,45226.31,29901.4785
2024-01-11 14:00:00,45175.2,45443.71,45018.26,45286.64,48986.8071
2024-01-11 15:00:00,45189.53,47141.57,44212.29,45942.35,64547.8002
2024-01-11 16:00:00,46125.51,46254.15,45847.47,46024.24,54127.5956
2024-01-11 17:00:00,45954.02,47260.54,43624.41,45154.31,69783.4243
2024-01-11 18:00:00,45347.27,46055.36,44945.88,45597.04,29428.4405
2024-01-11 19:00:00,45432.38,46604.4,44565.26,45960.07,47502.8598
2024-01-11 20:00:00,45983.81,46451.02,45685.76,46189.72,67978.7345
2024-01-11 21:00:00,46201.59,47623.59,45575.32,46699.02,69489.3063
2024-01-11 22:00:00,46675.66,47508.13,46035.95,47011.93,59711.1315
2024-01-11 23:00:00,46862.41,49087.73,45176.82,47736.43,14565.296
2024-01-12 00:00:00,47570.79,48501.23,45804.87,46932.69,29098.3858
2024-01-12 01:00:00,47118.04,48683.13,46004.41,47770.03,22585.3832
2024-01-12 02:00:00,47675.84,47841.96,47590.61,47739.68,26642.9253
2024-01-12 03:00:00,47815.46,48948.12,47024.65,48237.44,31810.8408
2024-01-12 04:00:00,48009.94,49505.35,45686.8,47137.05,35882.1717
2024-01-12 05:00:00,47097.73,47778.12,46652.14,47359.58,25863.6167
2024-01-12 06:00:00,47351.5,48937.36,46521.67,47928.6,13478.984
2024-01-12 07:00:00,47899.65,47940.79,47818.63,47869.48,22651.152
2024-01-12 08:00:00,47981.59,50045.23,47078.24,48674.02,25153.2024
2024-01-12 09:00:00,48585.98,48678.11,48429.7,48520.82,14504.8623
2024-01-12 10:00:00,48464.61,49001.1,48041.37,48688.28,16439.7163
2024-01-12 11:00:00,48726.1,49386.98,47777.54,48361.08,25813.0776
2024-01-12 12:00:00,48268.49,50069.4,45870.86,47347.87,33015.3186
2024-01-12 13:00:00,47278.22,48634.72,44808.27,46428.23,30990.4482
2024-01-12 14:00:00,46445.26,48086.57,45215.95,47090.25,63333.968
2024-01-12 15:00:00,47027.12,47336.86,46586.57,46840.11,41647.8505
2024-01-12 16:00:00,46842.1,48042.87,45855.61,47337.51,49329.6087
2024-01-12 17:00:00,47562.4,47932.98,47063.58,47360.55,66110.8569
2024-01-12 18:00:00,47218.02,47262.82,47196.72,47235.25,29673.1673
2024-01-12 19:00:00,47222.85,47359.75,47010.6,47141.6,39617.718
2024-01-12 20:00:00,46982.5,49556.26,45655.36,47904.51,49751.3087
2024-01-12 21:00:00,47920.0,48896.21,47178.75,48320.11,44516.8393
2024-01-12 22:00:00,48552.0,49013.23,48262.6,48714.55,44981.745
2024-01-12 23:00:00,48702.17,51273.83,47045.32,49612.07,33426.3509
2024-01-13 00:00:00,49653.51,50768.11,47889.36,48999.1,27873.51
2024-01-13 01:00:00,49087.65,50889.07,46983.31,48167.89,15646.2616
2024-01-13 02:00:00,47999.99,48924.74,47334.32,48365.75,40861.0536
2024-01-13 03:00:00,48479.81,49592.17,46471.61,47630.99,26051.6421
2024-01-13 04:00:00,47643.13,48118.22,46603.27,47288.19,20590.1409
2024-01-13 05:00:00,47416.81,48554.3,46681.57,47835.83,23569.75
2024-01-13 06:00:00,47714.58,47978.42,47495.25,47825.44,18105.3733
2024-01-13 07:00:00,47685.44,48644.81,47107.14,48076.44,39994.9266
2024-01-13 08:00:00,47967.53,49230.86,46151.03,47242.02,44186.7057
2024-01-13 09:00:00,47456.79,48863.28,46629.84,48035.03,28684.7461
2024-01-13 10:00:00,48007.35,48747.84,46902.81,47539.65,32991.6248
2024-01-13 11:00:00,47632.91,48802.64,45788.02,46941.8,23522.723
2024-01-13 12:00:00,46956.37,47537.26,46559.79,47215.47,23233.2922
2024-01-13 13:00:00,47343.31,48880.35,44585.3,46406.26,32361.0034
2024-01-13 14:00:00,46581.86,46638.99,46457.02,46539.84,39405.9683
2024-01-13 15:00:00,46729.69,48003.0,44712.94,45962.32,67514.9328
2024-01-13 16:00:00,46152.25,47295.46,44748.2,45552.39,75412.4051
2024-01-13 17:00:00,45505.47,45521.85,45480.52,45497.07,65095.7284
2024-01-13 18:00:00,45273.8,45555.13,45029.32,45396.88,42391.5996
2024-01-13 19:00:00,45416.54,45438.11,45384.68,45405.48,38983.8022
2024-01-13 20:00:00,45229.6,46186.51,43760.59,44618.99,39704.8568
2024-01-13 21:00:00,44748.73,45089.14,44586.1,44870.05,64289.2469
2024-01-13 22:00:00,45016.77,45079.21,44969.02,45044.29,29537.2923
2024-01-13 23:00:00,44964.83,45603.17,43882.5,44511.67,38966.5032
2024-01-14 00:00:00,44423.51,45298.44,43741.14,44819.56,22975.7597
2024-01-14 01:00:00,44648.45,45174.39,43750.67,44303.42,37280.2673
2024-01-14 02:00:00,44219.68,45527.69,42571.19,43542.97,25476.3268
2024-01-14 03:00:00,43383.41,44465.64,41767.72,42781.58,25877.6173
2024-01-14 04:00:00,42769.1,42944.4,42680.86,42833.28,21815.3259
2024-01-14 05:00:00,42993.11,44112.98,41006.31,42274.04,18985.7424
2024-01-14 06:00:00,42088.78,42297.7,41955.76,42169.0,15846.8957
2024-01-14 07:00:00,42177.58,43060.9,40451.16,41530.14,18531.2053
2024-01-14 08:00:00,41658.34,41783.32,41459.27,41580.74,15323.3239
2024-01-14 09:00:00,41708.36,42645.87,41018.04,42080.86,32234.5606
2024-01-14 10:00:00,41889.51,42215.41,41109.23,41629.01,26285.8118
2024-01-14 11:00:00,41809.59,43005.48,39604.97,41026.47,42804.0861
2024-01-14 12:00:00,41086.32,41347.33,40758.33,40955.44,38551.0103
2024-01-14 13:00:00,40904.51,41720.56,40416.74,41203.49,26323.5365
2024-01-14 14:00:00,41071.01,41231.57,40961.92,41132.22,29649.886
2024-01-14 15:00:00,40935.91,41510.01,40065.73,40605.74,52966.0717
2024-01-14 16:00:00,40503.22,40857.27,39767.97,40253.97,48740.6467
2024-01-14 17:00:00,40378.55,40615.01,39999.36,40248.11,25340.197
2024-01-14 18:00:00,40087.48,41342.64,38021.28,39339.57,35448.545
2024-01-14 19:00:00,39301.12,39874.87,38093.76,38883.49,31259.6647
2024-01-14 20:00:00,38801.55,40166.64,38088.36,39291.67,55755.6164
2024-01-14 21:00:00,39221.21,39630.05,38372.74,38910.2,34590.5974
2024-01-14 22:00:00,38739.37,40757.53,37398.5,39434.38,55618.5801
2024-01-14 23:00:00,39432.65,41632.68,38138.63,40177.6,31383.1081
2024-01-15 00:00:00,40143.98,40989.55,38564.83,39580.71,31382.6779
2024-01-15 01:00:00,39501.84,40434.84,38868.24,39829.83,33654.6308
2024-01-15 02:00:00,39852.65,40665.93,38474.51,39269.35,37181.8999
2024-01-15 03:00:00,39405.67,40548.87,37894.57,38763.3,24562.3431
2024-01-15 04:00:00,38803.2,40166.28,37753.94,39383.1,33195.4143
2024-01-15 05:00:00,39374.98,40810.22,38231.15,39956.91,20530.5935
2024-01-15 06:00:00,40141.54,41370.25,38554.31,39527.08,22941.0353
2024-01-15 07:00:00,39410.28,41139.01,38218.99,40064.69,25493.4132
2024-01-15 08:00:00,40008.3,40622.74,39017.02,39626.72,22135.4156
2024-01-15 09:00:00,39614.63,41192.73,38808.98,40152.96,25946.53
2024-01-15 10:00:00,40041.04,40839.88,38369.33,39473.94,27579.7598
2024-01-15 11:00:00,39336.73,39739.32,38569.32,39069.03,27415.0718
2024-01-15 12:00:00,39141.25,39846.9,38011.6,38761.31,28865.3346
2024-01-15 13:00:00,38632.71,39697.26,37823.05,39088.54,32075.7464
2024-01-15 14:00:00,39105.01,39603.43,38832.83,39326.83,66565.9006
2024-01-15 15:00:00,39392.98,40446.75,38612.4,39809.51,40230.4184
2024-01-15 16:00:00,39614.1,39636.8,39598.71,39623.19,51354.7046
2024-01-15 17:00:00,39616.53,39639.73,39565.7,39597.29,27019.5354
2024-01-15 18:00:00,39508.09,41178.5,38111.74,40262.67,64553.0412
2024-01-15 19:00:00,40427.66,41239.22,38953.87,39792.16,38438.2851
2024-01-15 20:00:00,39917.59,40481.37,38989.39,39546.08,45048.045
2024-01-15 21:00:00,39739.95,40501.35,38485.65,39304.17,60098.1413
2024-01-15 22:00:00,39406.2,40369.5,37713.25,38765.45,28204.2379
2024-01-15 23:00:00,38638.06,38638.4,38637.44,38637.84,29713.2034
2024-01-16 00:00:00,38481.5,38578.33,38422.15,38524.84,37432.2309
2024-01-16 01:00:00,38515.4,39395.24,36461.27,37816.83,38258.1238
2024-01-16 02:00:00,37640.19,39222.82,36368.98,38285.74,33711.7636
2024-01-16 03:00:00,38367.18,38564.09,38003.51,38211.09,23034.0222
2024-01-16 04:00:00,38168.74,39661.27,37076.31,38774.13,24627.7379
2024-01-16 05:00:00,38861.05,38864.72,38859.52,38862.28,26583.4719
2024-01-16 06:00:00,38800.33,40037.75,38166.83,39217.83,24124.8311
2024-01-16 07:00:00,39128.93,41127.67,37984.31,39899.91,37083.1252
2024-01-16 08:00:00,39971.61,40554.38,39536.2,40228.5,34814.4513
2024-01-16 09:00:00,40060.36,41040.72,38560.4,39506.28,29109.574
2024-01-16 10:00:00,39350.84,40477.52,37413.14,38572.0,18721.1142
2024-01-16 11:00:00,38451.42,38580.76,38252.64,38372.74,13893.5651
2024-01-16 12:00:00,38216.59,38585.21,37990.55,38366.46,19356.6134
2024-01-16 13:00:00,38207.12,39999.78,36991.73,38820.17,24078.5764
2024-01-16 14:00:00,38773.87,39580.98,37320.58,38213.73,31968.4196
2024-01-16 15:00:00,38183.58,38213.96,38125.75,38159.5,36354.5941
2024-01-16 16:00:00,38195.3,38793.28,37058.61,37730.15,63502.3097
2024-01-16 17:00:00,37775.5,38907.45,37101.1,38234.96,67768.5367
2024-01-16 18:00:00,38416.28,39230.7,36762.41,37857.13,36099.6792
2024-01-16 19:00:00,38033.0,39768.04,36780.86,38746.09,52697.1567
2024-01-16 20:00:00,38646.29,39001.36,38164.54,38454.69,32314.058
2024-01-16 21:00:00,38490.16,38683.02,38374.94,38560.41,60027.5489
2024-01-16 22:00:00,38640.76,38777.08,38378.75,38545.63,61018.6146
2024-01-16 23:00:00,38510.61,38512.44,38508.04,38509.53,29804.8565
2024-01-17 00:00:00,38620.85,39932.26,36920.59,37962.7,25680.5153
2024-01-17 01:00:00,38122.29,38892.57,37586.57,38414.63,27422.34
2024-01-17 02:00:00,38428.81,38910.54,38043.26,38641.21,26068.9503
2024-01-17 03:00:00,38698.01,40099.55,36763.84,37992.62,29258.6527
2024-01-17 04:00:00,38169.56,38297.87,37913.99,38063.38,24862.7349
2024-01-17 05:00:00,38094.03,38387.12,37920.59,38208.67,31184.1896
2024-01-17 06:00:00,38208.85,38497.84,37667.75,37971.9,29244.8302
2024-01-17 07:00:00,37826.11,39368.56,36859.63,38492.88,22782.1196
2024-01-17 08:00:00,38486.31,38543.21,38385.12,38449.61,18347.5754
2024-01-17 09:00:00,38568.88,39684.88,36954.62,37975.05,25762.8801
2024-01-17 10:00:00,38158.81,38682.42,37248.8,37767.93,34056.745
2024-01-17 11:00:00,37666.66,37859.44,37278.62,37523.6,17536.6627
2024-01-17 12:00:00,37566.42,38327.67,36424.34,37111.6,26188.1094
2024-01-17 13:00:00,37205.24,38239.04,36616.5,37664.7,28918.8622
2024-01-17 14:00:00,37599.16,37689.17,37414.65,37535.32,47286.9556
2024-01-17 15:00:00,37571.72,38018.29,37324.42,37739.0,60285.3614
2024-01-17 16:00:00,37857.4,38617.87,37329.75,38169.33,28316.2098
2024-01-17 17:00:00,38023.47,38422.02,37208.05,37727.47,46453.1025
2024-01-17 18:00:00,37590.85,37826.66,37117.26,37415.99,55064.4123
2024-01-17 19:00:00,37603.03,37817.1,37494.65,37685.63,37545.6326
2024-01-17 20:00:00,37517.41,37772.87,37028.91,37305.87,65540.7088
2024-01-17 21:00:00,37307.9,37321.02,37288.89,37300.39,55578.1496
2024-01-17 22:00:00,37144.72,38405.57,35448.35,36447.68,43058.7967
2024-01-17 23:00:00,36326.75,36438.01,36152.32,36264.73,20003.3539
2024-01-18 00:00:00,36124.82,37261.23,35531.11,36522.36,25165.7513
2024-01-18 01:00:00,36602.34,36805.38,36515.34,36670.2,34623.0508
2024-01-18 02:00:00,36596.02,38467.0,35515.1,37326.93,34567.959
2024-01-18 03:00:00,37511.31,38499.56,36746.8,37924.88,26004.4581
2024-01-18 04:00:00,38004.81,38475.65,37740.12,38206.65,16188.7275
2024-01-18 05:00:00,38038.3,38361.72,37441.08,37811.31,23938.2955
2024-01-18 06:00:00,37731.65,38394.05,36682.31,37380.51,23360.1102
2024-01-18 07:00:00,37553.5,38813.05,36697.78,37982.64,27512.0512
2024-01-18 08:00:00,38121.69,38796.97,37028.94,37739.98,34523.9621
2024-01-18 09:00:00,37736.0,38018.24,37557.03,37852.87,25201.0744
2024-01-18 10:00:00,37996.76,38993.99,36498.53,37378.32,34688.0838
2024-01-18 11:00:00,37546.62,37858.4,36815.32,37287.23,33778.6159
2024-01-18 12:00:00,37271.74,37880.24,36965.68,37516.45,22144.154
2024-01-18 13:00:00,37490.05,38101.41,36253.07,37057.95,23994.8901
2024-01-18 14:00:00,37082.46,37114.54,37022.74,37060.71,24892.4307
2024-01-18 15:00:00,37165.92,37244.0,36992.5,37105.83,36324.5571
2024-01-18 16:00:00,37275.79,38052.92,36252.47,36831.93,49491.6579
2024-01-18 17:00:00,36991.31,37567.66,36188.71,36656.94,47753.2256
2024-01-18 18:00:00,36534.33,36753.14,36116.3,36382.85,37466.8873
2024-01-18 19:00:00,36456.96,37607.55,34779.1,35729.41,43092.7765
2024-01-18 20:00:00,35554.08,36347.89,35000.38,35832.25,39591.772
2024-01-18 21:00:00,35678.47,35976.28,35297.67,35511.59,43198.7678
2024-01-18 22:00:00,35382.73,36467.39,34877.07,35769.76,60769.9007
2024-01-18 23:00:00,35780.67,36990.68,33985.33,35077.19,35733.2906
2024-01-19 00:00:00,34954.9,35170.84,34598.39,34831.45,12997.5771
2024-01-19 01:00:00,34919.38,35233.07,34672.83,35044.5,16978.8509
2024-01-19 02:00:00,34966.34,35921.57,33407.94,34384.85,34500.9672
2024-01-19 03:00:00,34450.34,35757.54,33759.38,34929.75,27576.6583
2024-01-19 04:00:00,35016.32,35372.47,34180.59,34729.95,34943.3396
2024-01-19 05:00:00,34595.46,34596.42,34593.94,34594.88,41244.9827
2024-01-19 06:00:00,34745.0,35710.98,33387.19,34233.53,26653.5101
2024-01-19 07:00:00,34323.47,36080.66,33566.42,34947.41,16059.1136
2024-01-19 08:00:00,34786.59,35906.68,33193.22,34175.0,30814.8744
2024-01-19 09:00:00,34146.1,34770.69,33697.01,34421.74,24764.7948
2024-01-19 10:00:00,34356.31,34393.01,34327.62,34371.84,23139.9592
2024-01-19 11:00:00,34418.0,35682.14,33840.98,34878.55,34985.0787
2024-01-19 12:00:00,34999.39,35784.79,33422.64,34380.47,28448.5473
2024-01-19 13:00:00,34314.9,35241.32,33885.11,34646.65,33599.7562
2024-01-19 14:00:00,34530.18,36168.54,33387.39,35155.89,55018.9431
2024-01-19 15:00:00,35024.73,35975.89,34272.82,35418.59,51272.294
2024-01-19 16:00:00,35527.36,35932.77,34629.83,35203.33,44545.2845
2024-01-19 17:00:00,35187.56,35502.5,34665.15,34990.68,38417.6255
2024-01-19 18:00:00,34851.73,35138.0,34709.26,34954.77,39452.0081
2024-01-19 19:00:00,35081.63,35647.07,34183.19,34723.17,38999.2621
2024-01-19 20:00:00,34847.3,35063.29,34715.21,34920.99,39665.5279
2024-01-19 21:00:00,34891.75,35634.85,34503.65,35199.2,42785.996
2024-01-19 22:00:00,35340.68,36176.3,33987.56,34887.39,59004.6676
2024-01-19 23:00:00,34875.21,35444.89,34127.59,34571.53,19944.7424
2024-01-20 00:00:00,34468.05,34682.97,34318.66,34556.02,24794.7471
2024-01-20 01:00:00,34553.73,35441.58,33830.15,34930.52,27559.0538
2024-01-20 02:00:00,34758.1,34931.5,34448.26,34633.02,37500.3537
2024-01-20 03:00:00,34789.21,35986.51,32791.76,34095.46,26646.8807
2024-01-20 04:00:00,34105.63,34674.86,33302.67,33748.43,40753.2771
2024-01-20 05:00:00,33611.08,35263.68,32695.92,34177.46,30049.5665
2024-01-20 06:00:00,34339.65,35067.45,33024.37,33769.48,26998.8075
2024-01-20 07:00:00,33792.38,33965.63,33582.39,33704.5,17789.5067
2024-01-20 08:00:00,33805.89,34562.71,33411.11,34077.32,16280.6814
2024-01-20 09:00:00,33976.01,34990.95,33472.18,34356.46,18973.338
2024-01-20 10:00:00,34324.34,34470.92,34256.96,34373.66,17874.1167
2024-01-20 11:00:00,34243.01,35063.17,32901.23,33774.04,23693.9077
2024-01-20 12:00:00,33887.5,34184.64,33327.61,33654.07,22615.3544
2024-01-20 13:00:00,33713.7,34358.14,32994.12,33390.27,23432.8798
2024-01-20 14:00:00,33473.1,33998.82,32520.86,33138.18,29481.7812
2024-01-20 15:00:00,33247.66,34726.66,32054.65,33889.43,48604.6815
2024-01-20 16:00:00,33938.46,34207.47,33731.69,34050.22,24430.4366
2024-01-20 17:00:00,34187.27,34288.07,33961.07,34109.91,53807.6295
2024-01-20 18:00:00,33953.92,34024.61,33813.06,33900.95,54191.2028
2024-01-20 19:00:00,33741.44,34319.63,33402.24,33988.71,32989.7738
2024-01-20 20:00:00,34119.03,35195.73,32596.95,33483.94,42296.4635
2024-01-20 21:00:00,33500.91,34338.55,32142.05,32912.61,43360.1242
2024-01-20 22:00:00,32921.11,33410.4,32605.0,33093.29,69223.3344
2024-01-20 23:00:00,33046.67,33198.95,32933.08,33105.51,22796.4027
2024-01-21 00:00:00,32999.51,33328.3,32302.21,32760.43,23910.3843
2024-01-21 01:00:00,32921.46,33030.5,32843.95,32960.22,26166.4852
2024-01-21 02:00:00,33011.92,33583.2,32107.44,32703.63,21116.3314
2024-01-21 03:00:00,32611.87,33894.62,31941.16,33063.87,40627.0857
2024-01-21 04:00:00,32956.78,33303.77,32742.35,33078.74,24644.5648
2024-01-21 05:00:00,33145.08,34718.05,32165.73,33738.46,26416.1136
2024-01-21 06:00:00,33867.21,33882.45,33839.92,33856.68,13760.8925
2024-01-21 07:00:00,33761.48,33840.08,33692.39,33797.2,14716.1209
2024-01-21 08:00:00,33870.52,35501.96,33042.79,34437.89,17903.6757
2024-01-21 09:00:00,34581.57,35673.53,33864.83,34961.09,33667.8389
2024-01-21 10:00:00,35115.59,35303.42,34757.56,34968.94,14383.1039
2024-01-21 11:00:00,35125.84,36343.08,34420.83,35535.89,24447.59
2024-01-21 12:00:00,35604.67,37332.86,34762.69,36215.43,24711.4556
2024-01-21 13:00:00,36145.47,36772.81,35659.52,36418.0,42907.7952
2024-01-21 14:00:00,36378.52,38516.25,35496.79,37097.78,63511.9509
2024-01-21 15:00:00,37271.22,37958.81,36043.99,36855.12,37081.7636
2024-01-21 16:00:00,36758.56,38414.2,35405.1,37467.82,37110.4194
2024-01-21 17:00:00,37519.94,39003.91,36700.47,38100.23,35406.3785
2024-01-21 18:00:00,38007.52,38723.21,36512.54,37411.61,68071.415
2024-01-21 19:00:00,37555.48,37571.1,37528.07,37545.08,29707.3446
2024-01-21 20:00:00,37681.76,38307.47,37379.09,37909.32,33590.8666
2024-01-21 21:00:00,37831.57,38369.62,37211.76,37557.24,33309.8626
2024-01-21 22:00:00,37644.37,37851.12,37554.08,37715.21,49482.4751
2024-01-21 23:00:00,37708.7,39090.98,36058.98,37001.27,30322.6566
2024-01-22 00:00:00,36853.73,37440.58,35656.69,36419.67,35046.9005
2024-01-22 01:00:00,36334.18,36775.56,35623.01,36016.65,32192.9873
2024-01-22 02:00:00,35891.88,36200.0,35405.23,35692.08,29815.7163
2024-01-22 03:00:00,35584.89,36487.22,33942.15,34909.82,22207.9093
2024-01-22 04:00:00,34842.92,35070.31,34452.96,34700.02,17023.4378
2024-01-22 05:00:00,34590.67,35921.73,33760.41,35124.05,21812.6593
2024-01-22 06:00:00,35027.9,35433.01,34119.36,34703.62,23009.0138
2024-01-22 07:00:00,34649.41,34820.41,34553.37,34706.86,29695.3826
2024-01-22 08:00:00,34817.37,35001.9,34489.47,34704.05,28855.8245
2024-01-22 09:00:00,34695.81,35819.04,33076.35,34111.47,33655.1485
2024-01-22 10:00:00,34213.96,34869.05,33899.02,34456.92,25389.7299
2024-01-22 11:00:00,34623.82,36485.39,33773.09,35277.74,33316.158
2024-01-22 12:00:00,35254.95,37149.57,33945.52,35956.2,27922.8997
2024-01-22 13:00:00,36105.12,37049.66,34530.63,35479.8,21162.1497
2024-01-22 14:00:00,35464.95,36963.88,34565.12,35994.75,50017.2226
2024-01-22 15:00:00,35963.95,36809.29,34543.52,35457.87,75649.7604
2024-01-22 16:00:00,35480.1,36289.23,33991.64,34913.82,43265.6012
2024-01-22 17:00:00,34872.99,34906.91,34828.15,34852.88,32423.394
2024-01-22 18:00:00,34890.75,35493.75,34374.07,35161.03,37726.588
2024-01-22 19:00:00,35247.44,36978.56,34525.83,35840.77,60486.5417
2024-01-22 20:00:00,35762.04,35783.11,35734.73,35750.06,50912.673
2024-01-22 21:00:00,35919.59,36071.68,35722.15,35837.86,43503.2631
2024-01-22 22:00:00,35726.02,36492.81,34574.19,35313.59,65113.9852
2024-01-22 23:00:00,35426.95,35477.31,35395.6,35448.59,19417.8563
2024-01-23 00:00:00,35573.12,36773.1,34842.17,36112.88,40782.6059
2024-01-23 01:00:00,36022.41,36143.8,35848.98,35959.66,23164.8384
2024-01-23 02:00:00,35961.5,36409.33,35723.0,36156.29,23594.7993
2024-01-23 03:00:00,36039.72,37465.45,35249.38,36573.8,24066.6804
2024-01-23 04:00:00,36664.85,37337.35,36246.84,36941.82,19364.9832
2024-01-23 05:00:00,37113.57,38554.46,36189.97,37643.72,21074.4986
2024-01-23 06:00:00,37463.05,38645.07,36956.01,37883.09,37831.4746
2024-01-23 07:00:00,37921.41,38966.66,35800.9,37175.82,29895.0072
2024-01-23 08:00:00,37228.88,37399.21,36947.61,37115.42,19274.3459
2024-01-23 09:00:00,37181.19,38395.56,36562.91,37663.52,29391.9214
2024-01-23 10:00:00,37792.81,38119.43,37281.89,37602.68,16607.5902
2024-01-23 11:00:00,37438.67,39422.42,36057.02,38170.01,25516.1314
2024-01-23 12:00:00,38319.78,38726.86,37452.41,38011.37,39310.8983
2024-01-23 13:00:00,38126.3,38542.54,37860.15,38278.86,31450.7966
2024-01-23 14:00:00,38469.29,39037.47,37539.88,38099.1,31922.3894
2024-01-23 15:00:00,38126.55,38968.89,37002.05,37653.65,54652.9086
2024-01-23 16:00:00,37806.72,38484.01,37319.04,38066.63,65900.0607
2024-01-23 17:00:00,37945.25,38740.68,36475.19,37334.49,68077.7
2024-01-23 18:00:00,37216.17,37876.56,36876.02,37483.69,44359.0267
2024-01-23 19:00:00,37411.38,38474.1,36804.18,37842.49,44842.1319
2024-01-23 20:00:00,37831.34,39309.97,36747.15,38385.79,36621.7054
2024-01-23 21:00:00,38385.97,39799.66,37574.17,38950.24,35546.0484
2024-01-23 22:00:00,38808.99,39519.59,37573.52,38343.75,64145.5191
2024-01-23 23:00:00,38273.34,39205.48,37748.35,38603.52,23655.0581
2024-01-24 00:00:00,38655.44,39742.0,36504.29,37889.62,23822.1991
2024-01-24 01:00:00,37885.67,38792.53,37210.02,38285.09,27580.1153
2024-01-24 02:00:00,38463.24,38684.08,38039.66,38283.72,16622.765
2024-01-24 03:00:00,38215.66,39413.96,37328.62,38725.04,25724.7331
2024-01-24 04:00:00,38799.98,39114.78,38194.41,38558.41,22283.2848
2024-01-24 05:00:00,38683.28,39130.62,37814.52,38371.03,25286.3301
2024-01-24 06:00:00,38519.9,40408.75,37053.28,39283.32,21111.646
2024-01-24 07:00:00,39459.34,41124.55,38546.62,40119.43,26402.1651
2024-01-24 08:00:00,40213.34,40550.25,39997.9,40357.61,20853.0926
2024-01-24 09:00:00,40509.57,41153.71,39623.62,40113.86,39488.954
2024-01-24 10:00:00,40175.46,41527.47,38220.21,39403.68,26237.2785
2024-01-24 11:00:00,39393.59,40353.47,37915.5,38847.01,24677.2587
2024-01-24 12:00:00,38910.13,39513.2,38083.23,38552.12,25976.1323
2024-01-24 13:00:00,38636.46,39399.27,37286.53,38045.68,17496.4685
2024-01-24 14:00:00,37955.51,38038.49,37893.56,37990.65,32066.6276
2024-01-24 15:00:00,37989.27,38853.86,36894.59,37545.09,30869.2533
2024-01-24 16:00:00,37697.85,39080.51,37030.94,38203.35,33457.1324
2024-01-24 17:00:00,38288.76,39146.54,36832.42,37678.12,66446.3238
2024-01-24 18:00:00,37664.66,38472.43,36319.21,37061.74,45890.4906
2024-01-24 19:00:00,36992.33,37795.68,36354.67,37345.29,33582.869
2024-01-24 20:00:00,37406.3,38138.9,36149.07,36913.3,60217.3843
2024-01-24 21:00:00,36763.04,37849.76,36058.75,37226.21,63082.1369
2024-01-24 22:00:00,37183.67,38664.88,36287.05,37705.24,54910.9694
2024-01-24 23:00:00,37779.21,39082.43,36226.85,37112.25,27310.7039
2024-01-25 00:00:00,37224.43,37847.32,36824.98,37490.05,16970.1288
2024-01-25 01:00:00,37559.21,39074.22,36895.72,38067.81,28694.2852
2024-01-25 02:00:00,38034.04,39007.49,36340.76,37343.3,35714.0679
2024-01-25 03:00:00,37443.2,37747.65,37215.64,37558.0,25437.8783
2024-01-25 04:00:00,37566.68,38252.73,37045.44,37868.08,18831.3107
2024-01-25 05:00:00,37934.84,38261.72,37472.5,37760.15,26441.3327
2024-01-25 06:00:00,37814.3,38789.39,36319.03,37295.38,27161.8042
2024-01-25 07:00:00,37292.27,38056.05,36426.38,36905.76,21935.4407
2024-01-25 08:00:00,36870.06,37482.59,35759.73,36479.24,29901.9969
2024-01-25 09:00:00,36459.93,37348.49,34945.9,35903.85,17809.5998
2024-01-25 10:00:00,35924.36,36838.48,33997.05,35206.12,28002.9042
2024-01-25 11:00:00,35209.06,35926.27,33986.87,34796.2,18089.6197
2024-01-25 12:00:00,34699.79,34803.96,34529.39,34636.58,25620.2544
2024-01-25 13:00:00,34711.37,35680.0,33437.29,34175.45,28093.2469
2024-01-25 14:00:00,34334.17,34796.29,33545.21,34048.49,27274.7687
2024-01-25 15:00:00,33926.07,34743.37,33547.75,34220.35,47140.4319
2024-01-25 16:00:00,34367.57,34598.09,33951.61,34220.34,47537.2292
2024-01-25 17:00:00,34191.07,35865.62,33216.06,34774.54,61484.5476
2024-01-25 18:00:00,34829.64,36296.33,33813.35,35465.2,46155.3826
2024-01-25 19:00:00,35619.58,36868.11,34843.98,36102.32,60292.1503
2024-01-25 20:00:00,36130.68,36897.75,35627.7,36463.8,57272.2288
2024-01-25 21:00:00,36465.3,36799.0,35971.92,36297.07,51793.131
2024-01-25 22:00:00,36465.34,38223.74,35568.6,37151.61,51118.298
2024-01-25 23:00:00,37243.9,37771.51,36378.58,36944.33,36888.4755
2024-01-26 00:00:00,36993.31,37745.44,35916.69,36550.71,25414.333
2024-01-26 01:00:00,36726.64,37380.75,36373.18,36947.13,26370.014
2024-01-26 02:00:00,36805.03,37149.67,36227.15,36587.5,27278.8561
2024-01-26 03:00:00,36678.19,37894.65,35737.65,37179.05,34053.4749
2024-01-26 04:00:00,37002.55,37913.98,35763.7,36477.6,26739.0612
2024-01-26 05:00:00,36399.76,37079.46,35400.12,36036.58,24753.8415
2024-01-26 06:00:00,35868.04,36896.16,35014.52,36318.58,37972.0686
2024-01-26 07:00:00,36406.62,36619.88,36243.56,36495.85,26779.1231
2024-01-26 08:00:00,36555.88,38121.2,35330.24,37179.5,34599.6796
2024-01-26 09:00:00,37198.88,38214.22,35244.8,36474.19,41524.327
2024-01-26 10:00:00,36594.55,38259.2,35559.69,37196.88,34121.0533
2024-01-26 11:00:00,37235.34,38457.48,36644.99,37646.63,21448.6403
2024-01-26 12:00:00,37528.79,38317.7,36303.72,37039.1,26067.4075
2024-01-26 13:00:00,36902.08,37200.11,36720.53,37026.05,23457.7689
2024-01-26 14:00:00,36897.83,37222.62,36126.64,36636.05,53554.9929
2024-01-26 15:00:00,36632.59,36897.38,36438.0,36739.08,35384.2436
2024-01-26 16:00:00,36622.94,37637.68,35020.76,35990.35,46668.123
2024-01-26 17:00:00,35890.01,36493.08,34865.91,35478.5,40509.3833
2024-01-26 18:00:00,35489.32,37504.89,34089.95,36194.32,33370.5325
2024-01-26 19:00:00,36174.65,37749.68,35181.45,36759.96,73113.1501
2024-01-26 20:00:00,36694.14,38498.74,35773.09,37304.63,49403.2256
2024-01-26 21:00:00,37458.08,38664.62,36568.96,37940.7,41079.7241
2024-01-26 22:00:00,38091.81,38846.64,36705.69,37623.3,40758.7374
2024-01-26 23:00:00,37637.59,38566.5,35608.05,36895.87,41308.8808
2024-01-27 00:00:00,36867.91,37820.1,35254.52,36283.81,43497.7903
2024-01-27 01:00:00,36336.99,38125.07,35491.36,36976.16,24623.7543
2024-01-27 02:00:00,36823.64,38028.63,35086.13,36167.1,25410.6978
2024-01-27 03:00:00,36079.81,36355.19,35668.33,35918.22,16612.0507
2024-01-27 04:00:00,35930.73,36478.44,35563.9,36133.99,29646.8521
2024-01-27 05:00:00,35979.55,37387.14,34852.5,36595.59,18304.2609
2024-01-27 06:00:00,36692.67,36831.35,36443.08,36601.2,24255.3749
2024-01-27 07:00:00,36468.11,36760.37,36048.86,36309.1,27557.1347
2024-01-27 08:00:00,36373.47,38082.43,35298.78,36976.06,30759.1223
2024-01-27 09:00:00,36995.85,37183.17,36897.73,37077.35,26661.3891
2024-01-27 10:00:00,37243.08,37766.4,36392.66,36952.12,21376.7652
2024-01-27 11:00:00,37006.04,37049.32,36980.47,37024.63,25392.9215
2024-01-27 12:00:00,36906.65,38181.5,36074.49,37349.03,45109.468
2024-01-27 13:00:00,37334.56,37514.98,37241.56,37408.73,18387.4664
2024-01-27 14:00:00,37403.94,37733.58,36714.47,37150.86,32849.2336
2024-01-27 15:00:00,37299.51,37723.75,36567.37,37027.65,40594.9917
2024-01-27 16:00:00,37051.92,37343.74,36541.28,36851.09,25831.3008
2024-01-27 17:00:00,36748.47,37646.99,36088.53,37100.98,36177.5154
2024-01-27 18:00:00,37241.18,37323.47,37105.9,37185.84,41952.4165
2024-01-27 19:00:00,37225.49,38694.78,36557.77,37734.43,47799.6747
2024-01-27 20:00:00,37880.21,38689.02,36458.8,37238.46,44563.5032
2024-01-27 21:00:00,37268.95,37505.42,36855.29,37127.53,47871.7235
2024-01-27 22:00:00,37312.7,37388.48,37208.91,37271.06,37124.2127
2024-01-27 23:00:00,37357.99,37848.87,36543.37,37045.67,23637.4106
2024-01-28 00:00:00,37105.94,38575.46,36232.44,37622.42,19970.6153
2024-01-28 01:00:00,37602.19,38547.57,36285.9,37119.59,41398.2493
2024-01-28 02:00:00,37113.47,37401.71,36570.52,36903.84,15195.4318
2024-01-28 03:00:00,36735.12,37565.05,35662.69,36304.25,25273.7877
2024-01-28 04:00:00,36139.59,37848.11,34914.78,36834.32,33796.4662
2024-01-28 05:00:00,36957.67,37529.91,36139.24,36607.78,27124.9548
2024-01-28 06:00:00,36663.91,37949.63,35925.41,37155.9,36020.5812
2024-01-28 07:00:00,37101.24,38514.36,36235.91,37646.96,29543.1139
2024-01-28 08:00:00,37511.04,38144.07,36148.93,37009.3,17299.2935
2024-01-28 09:00:00,36958.31,37695.46,36513.62,37279.56,35978.0129
2024-01-28 10:00:00,37272.67,37315.9,37199.11,37241.08,22713.3717
2024-01-28 11:00:00,37070.94,37324.72,36885.3,37179.91,16022.4953
2024-01-28 12:00:00,37014.8,37495.85,35953.0,36656.88,29058.1134
2024-01-28 13:00:00,36480.42,37354.83,36023.33,36800.79,16811.9035
2024-01-28 14:00:00,36982.14,38251.64,35969.18,37525.48,58790.1854
2024-01-28 15:00:00,37645.73,38473.36,36490.5,37166.7,55547.5643
2024-01-28 16:00:00,37149.41,37470.33,36946.34,37284.03,28490.7608
2024-01-28 17:00:00,37418.1,37434.65,37409.49,37424.63,29467.5278
2024-01-28 18:00:00,37467.57,38729.82,35669.53,36776.73,35779.1113
2024-01-28 19:00:00,36640.78,37074.82,36349.97,36792.43,57949.2379
2024-01-28 20:00:00,36800.54,37036.14,36299.89,36609.73,39174.0213
2024-01-28 21:00:00,36715.74,37007.23,36228.56,36541.32,58531.6537
2024-01-28 22:00:00,36394.32,37237.35,35122.62,35861.34,60566.2192
2024-01-28 23:00:00,35996.45,36174.19,35632.45,35864.92,31562.2466
2024-01-29 00:00:00,35727.85,36941.77,33790.95,35023.58,22486.8233
2024-01-29 01:00:00,34902.67,35411.16,34503.99,35114.29,21977.2373
2024-01-29 02:00:00,35035.48,35541.78510276642,33099.91097529437,34399.78746899476,106327.02167378852
2024-01-29 03:00:00,35242.78,35227.20534765501,33561.15728438542,34430.60132667605,58915.18064146554
2024-01-29 04:00:00,35403.47,36565.36745026591,32957.91260864987,35001.85184043164,65816.67614599476
2024-01-29 05:00:00,35784.76,36199.043809776165,33221.07387116036,34485.044665856694,113770.96749971148
2024-01-29 06:00:00,35449.19,36190.57228972576,32852.23540656285,34087.408453051365,54812.483785177996
2024-01-29 07:00:00,35117.05,35230.63,34901.24,35026.27,12242.4214
2024-01-29 08:00:00,34985.75,36810.24,33889.64,35663.7,34852.5944
2024-01-29 09:00:00,35822.66,37067.19,35110.89,36281.52,22082.9732
2024-01-29 10:00:00,36391.78,36773.96,35557.07,36080.28,22421.8348
2024-01-29 11:00:00,35961.03,36889.58,34492.71,35293.68,25786.0211
2024-01-29 12:00:00,35392.39,35707.63,34837.46,35184.46,28682.2684
2024-01-29 13:00:00,35032.68,35852.55,33387.98,34458.38,33877.3864
2024-01-29 14:00:00,34618.02,35139.51,33889.02,34308.55,65416.3238
2024-01-29 15:00:00,34226.59,34389.98,33939.52,34099.45,42747.8257
2024-01-29 16:00:00,34202.75,36015.31,33046.5,34827.58,57885.4171
2024-01-29 17:00:00,34989.9,35238.86,34830.23,35078.31,60684.7123
2024-01-29 18:00:00,35064.53,35335.11,34907.07,35186.31,30738.9044
2024-01-29 19:00:00,35360.2,35956.73,34996.72,35610.43,64216.0044
2024-01-29 20:00:00,35435.84,36565.2,34835.8,35906.68,61628.8078
2024-01-29 21:00:00,35754.45,37347.0,34839.58,36371.42,63029.6442
2024-01-29 22:00:00,36534.04,37317.52,36106.12,36801.63,38072.3482
2024-01-29 23:00:00,36938.81,37528.98,35899.11,36505.56,23793.0027
2024-01-30 00:00:00,36361.98,38036.94,35304.23,36973.13,34477.5473
2024-01-30 01:00:00,36988.46,38062.45,35162.27,36311.22,35060.1929
2024-01-30 02:00:00,36455.38,37849.56,35386.6,36993.12,32122.5877
2024-01-30 03:00:00,36890.31,37144.1,36682.22,37003.44,24569.886
2024-01-30 04:00:00,37004.36,37279.52,36636.26,36847.04,37766.4423
2024-01-30 05:00:00,36832.33,37448.24,36450.81,37111.09,24703.8385
2024-01-30 06:00:00,37152.94,37738.2,36299.55,36795.83,26949.9755
2024-01-30 07:00:00,36746.5,36748.97,36741.5,36744.69,25312.9664
2024-01-30 08:00:00,36663.72,37276.32,35414.62,36194.26,16556.5619
2024-01-30 09:00:00,36110.99,36700.88,35155.16,35729.38,23367.7057
2024-01-30 10:00:00,35604.17,36623.38,34907.79,36039.49,44065.2554
2024-01-30 11:00:00,36045.62,36945.03,35587.68,36363.63,28098.7234
2024-01-30 12:00:00,36326.69,36949.1,35814.18,36603.56,26794.6463
2024-01-30 13:00:00,36585.21,36945.44,35944.41,36343.24,29724.1095
2024-01-30 14:00:00,36168.73,37206.54,34540.98,35620.76,39074.872
2024-01-30 15:00:00,35673.88,36521.1,34520.23,35209.46,56095.306
2024-01-30 16:00:00,35292.74,36670.53,34506.6,35842.79,50224.9939
2024-01-30 17:00:00,35723.64,36809.69,34973.92,36163.35,57129.7649
2024-01-30 18:00:00,36008.33,36681.42,34813.89,35521.5,38626.3577
2024-01-30 19:00:00,35572.88,36079.32,34632.12,35247.39,43581.8023
2024-01-30 20:00:00,35411.48,35575.6,35141.2,35289.64,55978.1986
2024-01-30 21:00:00,35445.07,36089.3,35065.62,35729.62,28232.4748
2024-01-30 22:00:00,35864.92,36019.25,35759.48,35934.41,47616.1021
2024-01-30 23:00:00,35849.05,36701.2,34411.37,35354.73,19858.5009
2024-01-31 00:00:00,35278.43,35689.83,34944.52,35456.91,16879.0268
2024-01-31 01:00:00,35584.69,35978.03,34843.25,35335.88,23093.0517
2024-01-31 02:00:00,35316.39,37145.84,34426.49,35979.69,32510.6384
2024-01-31 03:00:00,36028.57,36270.05,35870.74,36120.78,18987.912
2024-01-31 04:00:00,36135.11,37259.73,35477.72,36575.53,19299.5299
2024-01-31 05:00:00,36392.69,37714.14,35715.46,36851.79,19336.2237
2024-01-31 06:00:00,37007.34,38715.43,36208.55,37668.97,23556.6302
2024-01-31 07:00:00,37567.72,38677.68,35694.69,36827.21,28157.5317
2024-01-31 08:00:00,36703.2,37577.6,36180.09,37051.32,20209.7018
2024-01-31 09:00:00,36954.82,38099.77,36232.94,37345.86,26726.5089
2024-01-31 10:00:00,37436.58,38606.68,36565.93,37899.01,17699.8851
2024-01-31 11:00:00,37950.89,38382.98,37647.39,38129.61,13937.7759
2024-01-31 12:00:00,37957.89,38082.6,37889.83,38010.98,21859.5335
2024-01-31 13:00:00,38097.31,38634.99,37040.76,37690.14,20686.3197
2024-01-31 14:00:00,37803.01,39738.88,36422.69,38555.99,49790.0053
2024-01-31 15:00:00,38730.13,39982.26,37177.72,38042.34,45866.253
2024-01-31 16:00:00,38172.27,39558.93,37543.72,38656.68,55583.209
2024-01-31 17:00:00,38761.53,38919.84,38564.59,38673.09,46702.2986
2024-01-31 18:00:00,38681.27,40604.53,37379.46,39427.22,42100.9931
2024-01-31 19:00:00,39478.15,40887.84,37586.38,38755.2,43190.8707
2024-01-31 20:00:00,38638.44,40369.89,37815.38,39237.37,36208.8087
2024-01-31 21:00:00,39168.51,39909.02,37972.08,38647.35,52473.8072
2024-01-31 22:00:00,38470.34,39595.87,37738.82,38906.56,38573.83
2024-01-31 23:00:00,38773.38,39847.47,36907.31,38139.67,41160.76
2024-02-01 00:00:00,37971.77,38578.07,37569.22,38191.36,15126.3472
2024-02-01 01:00:00,38375.32,39617.94,37558.34,38818.26,21121.5483
2024-02-01 02:00:00,38891.72,39180.28,38247.68,38671.08,23986.4408
2024-02-01 03:00:00,38591.69,39307.03,38181.29,38895.85,25251.424
2024-02-01 04:00:00,38808.46,40316.37,37963.04,39322.83,14421.4673
2024-02-01 05:00:00,39242.48,39797.34,38425.03,38871.01,27031.0907
2024-02-01 06:00:00,38748.77,40155.26,36644.56,38002.81,25009.5991
2024-02-01 07:00:00,38062.96,38211.84,37966.92,38122.28,24724.8869
2024-02-01 08:00:00,38165.37,38629.22,37545.63,37894.55,19998.8665
2024-02-01 09:00:00,38021.57,39090.71,36691.81,37458.51,21257.0714
2024-02-01 10:00:00,37485.11,38859.86,36667.9,37989.36,27265.7649
2024-02-01 11:00:00,37938.59,38301.44,37625.99,38099.38,18902.1544
2024-02-01 12:00:00,38247.88,39430.84,36802.89,37605.25,35723.4519
2024-02-01 13:00:00,37573.64,37921.31,37011.06,37376.86,15400.8196
2024-02-01 14:00:00,37216.28,37787.18,36349.74,36924.37,34031.8946
2024-02-01 15:00:00,36936.06,37679.76,35835.38,36477.26,49150.9177
2024-02-01 16:00:00,36568.16,36727.51,36231.84,36444.1,39621.4536
2024-02-01 17:00:00,36504.32,37808.69,35752.86,37063.31,44318.6556
2024-02-01 18:00:00,36936.62,38817.73,35845.35,37673.04,50991.6821
2024-02-01 19:00:00,37606.98,37956.52,37115.98,37414.01,55988.0586
2024-02-01 20:00:00,37437.63,38214.13,36177.76,37009.24,44330.3203
2024-02-01 21:00:00,36989.81,37261.0,36535.09,36837.55,49287.3179
2024-02-01 22:00:00,37019.31,37441.92,36321.68,36725.88,52365.9393
2024-02-01 23:00:00,36844.12,37520.96,36384.75,37123.72,32689.8377
2024-02-02 00:00:00,36995.54,38011.05,35414.84,36311.47,26236.559
2024-02-02 01:00:00,36214.52,37239.0,35529.65,36665.13,40026.3615
2024-02-02 02:00:00,36747.11,37753.84,35946.07,37177.64,31782.9656
2024-02-02 03:00:00,37329.2,37676.2,37075.43,37471.39,20355.7527
2024-02-02 04:00:00,37304.99,38306.83,36555.64,37709.23,29321.3939
2024-02-02 05:00:00,37848.67,38561.22,36739.1,37434.94,18391.9802
2024-02-02 06:00:00,37390.95,37750.94,36622.49,37098.98,18449.9703
2024-02-02 07:00:00,36995.4,38182.86,35323.01,36330.25,28142.9069
2024-02-02 08:00:00,36331.97,36910.26,35316.01,35928.08,14532.7708
2024-02-02 09:00:00,35953.75,36938.53,34483.68,35305.59,32118.1844
2024-02-02 10:00:00,35175.09,36021.44,33844.36,34661.35,25650.101
2024-02-02 11:00:00,34701.56,35485.67,34290.26,35028.68,28792.9738
2024-02-02 12:00:00,35177.25,36180.56,33711.13,34599.77,22001.5057
2024-02-02 13:00:00,34632.25,35583.91,32661.43,33973.14,38869.6396
2024-02-02 14:00:00,33953.51,34548.01,32580.39,33472.48,36579.9635
2024-02-02 15:00:00,33558.75,34643.09,32969.85,34032.28,76126.3734
2024-02-02 16:00:00,34157.77,35124.87,33390.12,34595.18,33519.6847
2024-02-02 17:00:00,34430.07,35083.46,33483.08,34029.32,46320.8189
2024-02-02 18:00:00,34023.54,34747.34,33473.13,34336.46,30063.4455
2024-02-02 19:00:00,34392.61,35231.82,32868.24,33764.58,65856.1989
2024-02-02 20:00:00,33613.68,34072.84,33299.29,33821.76,41777.0995
2024-02-02 21:00:00,33875.91,34969.4,32941.04,34369.52,51806.083
2024-02-02 22:00:00,34328.52,35820.47,33378.01,34982.97,67982.6139
2024-02-02 23:00:00,34873.27,34875.6,34871.51,34874.18,12712.7489
2024-02-03 00:00:00,34884.44,35236.21,34344.36,34652.21,20493.7898
2024-02-03 01:00:00,34695.61,35421.44,33743.38,34329.5,34979.3733
2024-02-03 02:00:00,34459.5,35994.16,33801.07,34997.62,25349.4167
2024-02-03 03:00:00,34875.73,36385.87,34171.93,35429.8,30973.059
2024-02-03 04:00:00,35469.64,35893.85,35221.68,35647.73,22474.4951
2024-02-03 05:00:00,35793.79,36193.12,35215.63,35549.37,18428.378
2024-02-03 06:00:00,35656.06,36921.59,34743.77,36173.19,22392.4551
2024-02-03 07:00:00,36352.5,37954.85,35005.91,37044.32,34081.6771
2024-02-03 08:00:00,37065.56,38591.79,36098.44,37730.67,40883.7748
2024-02-03 09:00:00,37830.82,39286.86,36951.3,38406.05,32075.4106
2024-02-03 10:00:00,38557.42,40173.82,37339.1,39225.62,15930.6631
2024-02-03 11:00:00,39328.57,39753.73,39037.26,39504.73,16727.4057
2024-02-03 12:00:00,39578.75,39968.79,39003.62,39355.94,26518.824
2024-02-03 13:00:00,39439.38,39813.54,38923.76,39240.54,14853.2887
2024-02-03 14:00:00,39056.98,39971.17,38471.82,39470.27,48131.0325
2024-02-03 15:00:00,39662.98,40584.35,38868.9,40071.95,74039.6385
2024-02-03 16:00:00,40067.92,40507.42,39395.1,39787.28,37589.5403
2024-02-03 17:00:00,39880.91,40157.68,39367.73,39690.08,56202.9157
2024-02-03 18:00:00,39700.09,41388.6,38735.44,40296.84,52897.9808
2024-02-03 19:00:00,40112.45,42192.83,38905.98,40908.02,63317.4931
2024-02-03 20:00:00,40914.62,41393.45,40608.23,41128.43,39920.1969
2024-02-03 21:00:00,41263.18,41361.29,41091.53,41199.38,28733.1451
2024-02-03 22:00:00,41051.98,42439.5,40088.76,41593.7,36920.9793
2024-02-03 23:00:00,41775.81,42532.26,41274.14,42103.53,20447.9007
2024-02-04 00:00:00,42141.56,42988.0,41581.06,42499.99,22698.1263
2024-02-04 01:00:00,42673.03,44077.25,42015.72,43179.11,17877.2124
2024-02-04 02:00:00,43119.93,43222.93,43044.64,43161.01,29928.4922
2024-02-04 03:00:00,43108.65,43482.23,42505.47,42902.77,28386.8314
2024-02-04 04:00:00,42752.65,44230.48,41636.5,43383.37,22943.9077
2024-02-04 05:00:00,43499.91,43658.99,43285.39,43406.4,14434.0307
2024-02-04 06:00:00,43459.6,44132.1,42221.68,43030.41,19979.1124
2024-02-04 07:00:00,43195.09,43951.92,42026.36,42742.19,18962.8891
2024-02-04 08:00:00,42784.98,43500.56,41607.18,42348.08,32067.4157
2024-02-04 09:00:00,42157.06,43178.81,40834.72,41563.92,37815.3733
2024-02-04 10:00:00,41704.41,42355.47,40951.51,41368.18,19902.3583
2024-02-04 11:00:00,41439.37,41946.35,41130.76,41623.51,25327.3471
2024-02-04 12:00:00,41604.92,41991.96,41437.43,41736.34,19143.6682
2024-02-04 13:00:00,41685.81,42797.32,39782.4,40964.93,18770.1535
2024-02-04 14:00:00,41044.66,41645.24,40074.43,40674.3,56936.4574
2024-02-04 15:00:00,40515.39,41521.79,39774.6,40887.69,49687.1326
2024-02-04 16:00:00,41065.1,43005.89,39717.52,41863.86,44911.1122
2024-02-04 17:00:00,42071.1,42391.75,41419.32,41825.15,48809.664
2024-02-04 18:00:00,41822.01,42725.65,40340.42,41286.54,58550.8427
2024-02-04 19:00:00,41090.01,41563.12,40702.66,41296.22,65076.6412
2024-02-04 20:00:00,41260.72,41712.88,40517.33,40986.41,25990.7799
2024-02-04 21:00:00,40896.91,42058.18,40134.81,41371.63,36030.9779
2024-02-04 22:00:00,41448.51,41916.55,40740.27,41185.5,26311.8831
2024-02-04 23:00:00,41115.7,41578.93,40333.97,40849.16,33703.2567
2024-02-05 00:00:00,40841.6,41447.07,40502.97,41049.4,24904.4691
2024-02-05 01:00:00,41014.08,42155.51,40441.2,41412.05,27758.3047
2024-02-05 02:00:00,41426.91,42272.14,40054.15,40943.48,32076.4073
2024-02-05 03:00:00,41135.76,41578.25,40056.78,40774.52,33577.5712
2024-02-05 04:00:00,40803.46,41105.58,40282.26,40623.22,33007.8049
2024-02-05 05:00:00,40547.86,41710.97,38574.54,39788.2,21716.8565
2024-02-05 06:00:00,39967.54,40621.86,38928.41,39513.73,37223.3974
2024-02-05 07:00:00,39677.06,39785.92,39446.29,39587.83,20325.5845
2024-02-05 08:00:00,39755.54,40723.57,39082.65,40125.17,22180.7192
2024-02-05 09:00:00,40254.43,42187.91,39333.19,40959.72,32221.5432
2024-02-05 10:00:00,41047.24,41128.08,40975.85,41083.93,28915.1085
2024-02-05 11:00:00,40914.28,40981.34,40772.45,40860.07,24448.2804
2024-02-05 12:00:00,40891.76,41479.79,40136.88,40584.49,16990.6835
2024-02-05 13:00:00,40511.09,40634.58,40289.77,40415.67,14828.3151
2024-02-05 14:00:00,40465.36,40519.19,40431.67,40488.12,33755.8508
2024-02-05 15:00:00,40570.86,41061.81,39777.03,40219.14,49461.6847
2024-02-05 16:00:00,40196.48,41134.21,38566.52,39601.69,30005.9892
2024-02-05 17:00:00,39572.57,40424.67,38213.7,39064.43,66213.0929
2024-02-05 18:00:00,39109.87,39653.85,38297.01,38816.45,53972.8963
2024-02-05 19:00:00,39000.32,40026.67,38479.5,39399.28,67525.5125
2024-02-05 20:00:00,39386.78,39509.07,39193.08,39316.81,39975.7246
2024-02-05 21:00:00,39208.21,40733.62,38115.06,39774.53,48355.3248
2024-02-05 22:00:00,39840.23,41177.54,39121.11,40300.43,30249.0878
2024-02-05 23:00:00,40240.56,40323.95,40064.98,40178.17,21008.3661
2024-02-06 00:00:00,40018.64,41460.95,39276.13,40526.96,34579.2696
2024-02-06 01:00:00,40540.23,40786.43,40106.5,40379.39,32034.3177
2024-02-06 02:00:00,40332.48,40808.17,39645.64,40075.5,29954.2898
2024-02-06 03:00:00,40190.65,40361.65,40066.8,40262.23,19640.7821
2024-02-06 04:00:00,40292.1,40328.16,40236.72,40270.55,29154.4345
2024-02-06 05:00:00,40140.14,41791.24,39198.1,40872.11,40154.2095
2024-02-06 06:00:00,40822.62,40838.72,40801.45,40813.3,35923.9463
2024-02-06 07:00:00,40977.88,41468.82,40683.93,41201.02,18311.8119
2024-02-06 08:00:00,41155.69,41458.02,40931.79,41283.98,21670.0123
2024-02-06 09:00:00,41454.57,42088.06,40628.85,41130.48,32583.4447
2024-02-06 10:00:00,40961.55,42564.65,38927.91,40155.62,17792.6119
2024-02-06 11:00:00,40103.11,40278.96,39964.88,40181.52,28173.7377
2024-02-06 12:00:00,40326.67,41735.39,39287.46,40916.54,22535.6893
2024-02-06 13:00:00,40868.58,41185.35,40340.03,40674.97,20375.3375
2024-02-06 14:00:00,40628.03,42609.21,39715.09,41317.86,75022.0789
2024-02-06 15:00:00,41166.75,42021.84,39208.38,40461.56,49782.8353
2024-02-06 16:00:00,40659.91,41817.58,38949.08,39984.41,53287.1775
2024-02-06 17:00:00,40026.17,40186.02,39716.0,39907.21,46256.3087
2024-02-06 18:00:00,39849.47,40692.71,38516.05,39348.62,58180.4488
2024-02-06 19:00:00,39349.3,39579.03,38999.35,39208.96,63865.2631
2024-02-06 20:00:00,39289.29,40253.01,37616.0,38681.35,38436.9454
2024-02-06 21:00:00,38868.4,40991.31,37686.34,39620.38,38450.6847
2024-02-06 22:00:00,39457.32,39535.29,39328.26,39413.84,30421.4824
2024-02-06 23:00:00,39531.33,39899.63,38797.58,39234.85,30708.6325
2024-02-07 00:00:00,39239.82,39326.12,39117.31,39191.53,38065.1697
2024-02-07 01:00:00,39108.92,40517.89,37073.89,38382.0,34394.2312
2024-02-07 02:00:00,38213.66,38268.44,38121.71,38172.64,38855.5595
2024-02-07 03:00:00,38220.1,38632.71,37371.25,37894.18,29161.1208
2024-02-07 04:00:00,37754.93,38378.87,37023.47,37424.16,14754.6168
2024-02-07 05:00:00,37458.5,38272.54,35970.71,36935.79,24208.6698
2024-02-07 06:00:00,36930.22,38208.11,36278.24,37372.45,14435.901
2024-02-07 07:00:00,37534.62,38363.75,35979.53,37015.37,28347.8791
2024-02-07 08:00:00,36993.23,37475.43,36629.34,37196.8,23595.0101
2024-02-07 09:00:00,37291.83,38056.01,35848.92,36719.02,26029.7906
2024-02-07 10:00:00,36811.71,36931.61,36727.22,36859.59,19167.8842
2024-02-07 11:00:00,36996.07,38398.75,35147.5,36273.71,40325.0574
2024-02-07 12:00:00,36340.05,37630.48,34532.04,35672.87,36991.5778
2024-02-07 13:00:00,35822.0,37089.25,35096.11,36335.48,19924.4737
2024-02-07 14:00:00,36295.93,37406.04,35587.08,36692.5,47444.45
2024-02-07 15:00:00,36632.84,37286.37,36176.11,36911.66,58666.7375
2024-02-07 16:00:00,36731.52,37489.95,35220.26,36140.43,36950.7264
2024-02-07 17:00:00,36029.51,36903.72,34003.98,35343.07,64228.2817
2024-02-07 18:00:00,35502.29,36044.76,35248.16,35698.38,53057.2368
2024-02-07 19:00:00,35754.21,37271.43,34625.39,36326.13,70560.9011
2024-02-07 20:00:00,36236.53,36329.87,36106.68,36188.63,55528.3023
2024-02-07 21:00:00,36162.21,37805.29,35311.04,36745.71,32557.249
2024-02-07 22:00:00,36847.53,37100.8,36459.2,36674.79,58292.7187
2024-02-07 23:00:00,36653.0,36676.58,36620.37,36640.86,17624.826
2024-02-08 00:00:00,36510.37,37442.27,35837.49,36902.8,38951.1058
2024-02-08 01:00:00,36756.4,37796.91,35249.1,36128.48,32155.2432
2024-02-08 02:00:00,36001.62,36597.04,35651.66,36203.71,22543.9505
2024-02-08 03:00:00,36350.2,36633.7,36138.36,36458.72,23459.7
2024-02-08 04:00:00,36584.16,37746.91,35913.18,36995.27,19726.8833
2024-02-08 05:00:00,37112.91,37156.93,37034.42,37086.28,23251.4636
2024-02-08 06:00:00,37049.42,37631.04,36799.97,37245.45,31933.7512
2024-02-08 07:00:00,37089.19,37197.76,36926.43,37029.31,13552.4239
2024-02-08 08:00:00,36986.42,37789.49,35652.84,36529.27,27290.7067
2024-02-08 09:00:00,36377.62,36916.39,36124.12,36570.85,21052.9622
2024-02-08 10:00:00,36604.84,36624.55,36563.34,36589.08,20543.9841
2024-02-08 11:00:00,36711.38,36860.01,36545.41,36636.94,17992.2664
2024-02-08 12:00:00,36469.44,37497.45,34946.74,35912.46,28945.9391
2024-02-08 13:00:00,36046.86,36888.86,34558.81,35540.7,13833.7687
2024-02-08 14:00:00,35595.37,35674.64,35503.72,35554.39,45956.4302
2024-02-08 15:00:00,35437.86,36360.24,33629.32,34799.92,45128.9955
2024-02-08 16:00:00,34831.6,35843.38,34124.17,35274.38,56234.6258
2024-02-08 17:00:00,35381.77,35574.89,35069.97,35277.34,48884.7893
2024-02-08 18:00:00,35445.21,35694.0,35243.89,35552.92,59850.9071
2024-02-08 19:00:00,35586.01,35889.61,35044.43,35351.86,45901.3308
2024-02-08 20:00:00,35370.74,35539.15,35176.99,35283.96,33503.7253
2024-02-08 21:00:00,35323.63,36191.65,34700.01,35715.95,26718.3003
2024-02-08 22:00:00,35569.21,36197.41,35238.22,35785.12,62320.8613
2024-02-08 23:00:00,35853.96,36575.36,34750.5,35432.54,30362.7061
2024-02-09 00:00:00,35471.71,36353.44,33766.02,34815.65,40843.2648
2024-02-09 01:00:00,34914.03,35169.79,34406.52,34701.55,17763.6816
2024-02-09 02:00:00,34561.25,34906.59,34058.8,34370.33,22198.5486
2024-02-09 03:00:00,34425.09,34842.24,33551.6,34117.23,37034.9422
2024-02-09 04:00:00,34108.5,34875.18,33121.74,33666.9,26547.4186
2024-02-09 05:00:00,33644.91,34056.16,33018.99,33421.9,18105.7922
2024-02-09 06:00:00,33563.9,34359.5,32437.74,33128.76,22453.8166
2024-02-09 07:00:00,33202.11,33505.08,33034.78,33325.23,25536.0655
2024-02-09 08:00:00,33418.2,33715.33,32769.72,33185.79,30761.8925
2024-02-09 09:00:00,33093.09,33154.05,32981.25,33054.69,21074.9691
2024-02-09 10:00:00,33039.81,33234.75,32626.48,32890.91,34310.2933
2024-02-09 11:00:00,32792.96,33650.55,31693.84,39236.985,22937.402
2024-02-09 12:00:00,39220.73,39981.51,37720.12,38704.9,33536.5349
2024-02-09 13:00:00,38758.31,39162.21,38416.63,38931.22,24922.3065
2024-02-09 14:00:00,39070.19,39103.85,39025.13,39053.34,52264.6162
2024-02-09 15:00:00,39143.17,40029.68,38602.59,39512.96,56628.5035
2024-02-09 16:00:00,39549.22,40470.47,38325.26,38993.9,59984.0924
2024-02-09 17:00:00,38982.46,39915.16,38301.89,39401.29,51704.1283
2024-02-09 18:00:00,39527.88,39632.59,39328.86,39452.69,28993.2518
2024-02-09 19:00:00,39630.2,40466.65,38047.64,39047.97,33553.6487
2024-02-09 20:00:00,38971.76,39886.52,38401.98,39288.69,28930.4971
2024-02-09 21:00:00,39395.49,40883.99,38315.28,39985.16,44624.445
2024-02-09 22:00:00,40038.5,41340.91,38933.37,40615.67,37575.6432
2024-02-09 23:00:00,40585.57,41316.92,39601.19,40211.85,36899.8184
2024-02-10 00:00:00,40043.35,41744.44,39284.58,40653.36,40530.1248
2024-02-10 01:00:00,40811.09,41758.92,39099.36,40176.01,20307.8581
2024-02-10 02:00:00,40199.63,41430.23,38553.86,39503.38,33282.2739
2024-02-10 03:00:00,39350.72,39416.78,39260.54,39316.87,27749.733
2024-02-10 04:00:00,39413.2,40054.77,38368.34,38980.35,26621.3538
2024-02-10 05:00:00,38810.15,39191.94,38180.32,38569.88,19552.5595
2024-02-10 06:00:00,38638.65,38762.24,38552.49,38689.43,36828.6382
2024-02-10 07:00:00,38808.9,40350.51,37499.29,39493.3,21031.4918
2024-02-10 08:00:00,39650.46,40310.11,38882.68,39314.82,23336.1145
2024-02-10 09:00:00,39313.38,40856.33,38309.83,39903.07,28426.4121
2024-02-10 10:00:00,39919.6,40787.66,38418.3,39332.03,27063.7059
2024-02-10 11:00:00,39160.13,40549.61,38019.85,39742.51,29024.8259
2024-02-10 12:00:00,39680.03,40250.53,39291.82,39911.84,34332.3543
2024-02-10 13:00:00,39889.99,40298.12,39004.85,39577.38,16499.992
2024-02-10 14:00:00,39571.14,41669.15,38648.84,40316.23,45301.2219
2024-02-10 15:00:00,40181.72,42069.64,39208.13,40863.41,77383.7486
2024-02-10 16:00:00,40942.22,41575.04,40563.44,41214.66,27985.5748
2024-02-10 17:00:00,41060.71,41591.01,40017.9,40667.2,28522.1152
2024-02-10 18:00:00,40603.7,40940.53,40122.76,40397.29,43321.3751
2024-02-10 19:00:00,40358.74,40359.97,40356.32,40357.79,32159.9954
2024-02-10 20:00:00,40454.04,42351.12,39096.19,41223.64,47924.49
2024-02-10 21:00:00,41406.68,43523.63,40357.62,42202.83,61264.5342
2024-02-10 22:00:00,42178.4,43067.24,41565.65,42497.51,33972.6019
2024-02-10 23:00:00,42415.95,42728.5,41989.23,42249.05,12740.7271
2024-02-11 00:00:00,42308.75,42644.48,42033.63,42449.95,15110.7633
2024-02-11 01:00:00,42466.26,42627.21,42255.95,42373.61,20557.4938
2024-02-11 02:00:00,42296.39,42821.67,41953.86,42474.16,17921.5636
2024-02-11 03:00:00,42624.44,42957.47,42084.81,42402.16,27550.4706
2024-02-11 04:00:00,42560.87,43812.19,40766.78,41858.79,44736.0707
2024-02-11 05:00:00,41770.31,43290.37,40984.28,42281.04,28447.1498
2024-02-11 06:00:00,42317.9,43275.15,40510.43,41617.25,44996.1912
2024-02-11 07:00:00,41436.68,43575.67,40467.61,42199.27,31773.2825
2024-02-11 08:00:00,42163.2,42423.77,41993.36,42257.33,14380.7669
2024-02-11 09:00:00,42207.37,42410.52,42038.12,42298.31,27581.7374
2024-02-11 10:00:00,42323.38,42398.96,42187.14,42261.51,24207.7402
2024-02-11 11:00:00,42402.77,42483.01,42267.04,42356.19,22323.8119
2024-02-11 12:00:00,42435.75,42997.05,41386.47,42002.48,28196.7459
2024-02-11 13:00:00,42105.62,42467.77,41846.94,42242.16,26690.0442
2024-02-11 14:00:00,42324.21,43361.12,40610.95,41680.18,58134.0271
2024-02-11 15:00:00,41496.17,42065.63,40805.26,41196.86,32045.4509
2024-02-11 16:00:00,41163.7,42849.76,40192.1,41842.25,58672.6156
2024-02-11 17:00:00,41848.05,42894.64,41279.13,42294.06,58923.9311
2024-02-11 18:00:00,42451.58,43976.61,41651.96,43006.55,59865.4641
2024-02-11 19:00:00,42832.73,43224.78,42666.74,42969.88,44145.1959
2024-02-11 20:00:00,42963.39,43492.66,42337.17,42688.96,30997.8429
2024-02-11 21:00:00,42555.95,44374.58,41295.33,43231.83,52213.3962
2024-02-11 22:00:00,43253.93,44269.95,42558.42,43697.38,34794.4536
2024-02-11 23:00:00,43882.4,43934.5,43792.88,43846.45,36174.8604
2024-02-12 00:00:00,43889.27,45033.94,43071.16,44352.02,19064.575
2024-02-12 01:00:00,44228.88,45689.55,43356.94,44860.14,15306.4461
2024-02-12 02:00:00,44671.1,45635.08,44240.74,45012.06,35403.316
2024-02-12 03:00:00,44806.14,46095.55,42971.05,44103.25,14220.4102
2024-02-12 04:00:00,43994.32,45317.95,41854.28,43231.01,41720.903
2024-02-12 05:00:00,43103.65,44727.61,42079.11,43795.34,21912.8512
2024-02-12 06:00:00,43988.85,45945.87,42939.81,44778.52,31399.2402
2024-02-12 07:00:00,44662.91,44948.91,44454.31,44788.39,12700.6757
2024-02-12 08:00:00,44650.24,45398.8,43625.69,44260.63,28084.9928
2024-02-12 09:00:00,44134.05,44154.54,44122.99,44141.46,24681.4755
2024-02-12 10:00:00,44343.52,45183.52,42926.2,43777.42,17697.5978
2024-02-12 11:00:00,43607.93,45551.23,42518.95,44453.25,22869.1177
2024-02-12 12:00:00,44544.26,44771.52,44395.38,44646.06,14908.4944
2024-02-12 13:00:00,44690.88,45356.6,43832.18,44354.82,23701.5004
2024-02-12 14:00:00,44512.44,45208.24,42920.55,43958.32,50707.8602
2024-02-12 15:00:00,43817.34,46084.19,42694.87,44691.45,52136.6292
2024-02-12 16:00:00,44505.98,45471.33,42809.27,43871.09,38201.8225
2024-02-12 17:00:00,44080.73,45600.54,42184.27,43313.21,63018.1215
2024-02-12 18:00:00,43149.82,44772.25,42319.5,43733.39,59510.786
2024-02-12 19:00:00,43634.1,45005.94,42866.0,44139.37,49283.1385
2024-02-12 20:00:00,44097.19,44136.02,44020.41,44069.91,28064.6754
2024-02-12 21:00:00,44068.71,44590.91,43779.13,44294.99,25898.2315
2024-02-12 22:00:00,44373.88,46473.77,42913.11,45211.79,38870.9302
2024-02-12 23:00:00,45029.29,46403.24,42882.82,44266.52,28899.8015
2024-02-13 00:00:00,44338.27,44362.64,44295.48,44320.98,31456.4026
2024-02-13 01:00:00,44521.57,45809.78,42075.86,43687.41,23078.4373
2024-02-13 02:00:00,43633.38,43719.73,43447.12,43562.97,27867.7342
2024-02-13 03:00:00,43652.74,43672.19,43611.49,43637.86,18741.5791
2024-02-13 04:00:00,43714.24,44483.51,43250.21,43994.15,29405.9387
2024-02-13 05:00:00,43997.09,44302.12,43428.1,43805.94,25000.1576
2024-02-13 06:00:00,44015.24,44401.63,43308.5,43699.18,29746.4171
2024-02-13 07:00:00,43804.96,45390.83,41754.92,42975.99,17585.8521
2024-02-13 08:00:00,42914.69,43356.12,42302.44,42659.38,29514.5344
2024-02-13 09:00:00,42834.45,43909.4,40995.57,42089.99,15595.2561
2024-02-13 10:00:00,42073.54,43696.8,40898.71,42685.06,24404.9592
2024-02-13 11:00:00,42722.62,44799.75,41467.27,43552.74,34880.8654
2024-02-13 12:00:00,43378.55,44128.67,42891.73,43682.4,28198.1883
2024-02-13 13:00:00,43732.56,44102.83,43111.56,43493.49,36845.9122
2024-02-13 14:00:00,43641.53,43793.53,43564.09,43704.09,60258.6626
2024-02-13 15:00:00,43584.29,44547.02,42790.19,44007.74,30925.9449
2024-02-13 16:00:00,43817.31,45179.36,43095.27,44345.19,63239.6155
2024-02-13 17:00:00,44257.32,45628.24,43378.68,44795.71,36256.7733
2024-02-13 18:00:00,44851.69,45003.63,44654.96,44767.78,28996.4491
2024-02-13 19:00:00,44930.16,45257.51,44658.14,45068.26,53329.5845
2024-02-13 20:00:00,45265.28,45424.73,45157.74,45324.52,42765.4659
2024-02-13 21:00:00,45381.97,45482.69,45328.68,45422.4,33480.7866
2024-02-13 22:00:00,45331.68,45502.14,44996.12,45214.52,26764.9583
2024-02-13 23:00:00,45174.93,46764.13,44352.99,45759.87,27561.0467
2024-02-14 00:00:00,45583.03,46367.48,43975.47,45021.3,26727.7989
2024-02-14 01:00:00,44992.55,45582.09,44641.54,45256.96,15564.4709
2024-02-14 02:00:00,45394.33,46068.74,44852.1,45682.44,34370.5637
2024-02-14 03:00:00,45463.12,46945.64,44363.71,46117.04,42555.4688
2024-02-14 04:00:00,46074.15,46508.55,45502.26,45822.47,37931.4632
2024-02-14 05:00:00,45657.77,46924.68,43569.59,44949.03,32752.6506
2024-02-14 06:00:00,45151.15,47022.86,43664.31,45930.56,17637.7221
2024-02-14 07:00:00,46071.42,46596.01,45281.16,45756.82,26186.3245
2024-02-14 08:00:00,45721.53,46593.37,43785.48,45070.96,22477.4596
2024-02-14 09:00:00,45111.29,45137.38,45059.81,45093.89,19525.4563
2024-02-14 10:00:00,45176.29,47607.24,43544.04,46013.53,27911.3234
2024-02-14 11:00:00,46161.4,47906.55,43787.32,45277.09,39107.0142
2024-02-14 12:00:00,45476.69,46458.68,44993.95,45823.56,23965.4972
2024-02-14 13:00:00,46033.65,46500.79,45453.43,45781.12,38507.6866
2024-02-14 14:00:00,45730.06,47614.81,44244.08,46479.65,36166.9421
2024-02-14 15:00:00,46629.64,47304.79,45192.72,46136.23,66895.6319
2024-02-14 16:00:00,46311.3,47558.98,45704.96,46805.43,68393.6952
2024-02-14 17:00:00,47011.61,47094.8,46855.43,46957.24,57544.8649
2024-02-14 18:00:00,47107.62,48793.98,46126.49,47718.89,44840.3498
2024-02-14 19:00:00,47868.45,49035.2,47312.14,48323.75,31987.3778
2024-02-14 20:00:00,48386.65,49687.14,47530.2,48949.9,50989.5831
2024-02-14 21:00:00,48745.4,49821.63,46760.04,48078.22,67622.6282
2024-02-14 22:00:00,48245.03,49260.97,47723.28,48603.5,49290.6271
2024-02-14 23:00:00,48487.18,49527.56,47818.31,48850.77,18504.2514
2024-02-15 00:00:00,48695.37,50862.38,47296.93,49428.51,26327.0481
2024-02-15 01:00:00,49637.65,50426.65,49075.25,49929.73,29177.6258
2024-02-15 02:00:00,50030.22,51038.36,48344.41,49367.33,17034.8799
2024-02-15 03:00:00,49302.13,51325.33,47736.69,50184.13,32414.4359
2024-02-15 04:00:00,50160.9,50960.27,49544.05,50509.24,22751.9016
2024-02-15 05:00:00,50651.74,51337.1,49661.86,50222.13,34853.0346
2024-02-15 06:00:00,50470.83,51233.99,49360.26,50032.68,19464.9537
2024-02-15 07:00:00,49927.71,50733.63,48535.84,49452.0,25559.7229
2024-02-15 08:00:00,49431.31,50696.35,47050.85,48463.09,36012.2144
2024-02-15 09:00:00,48566.48,49695.85,47997.53,48971.43,13358.6686
2024-02-15 10:00:00,48889.58,49888.59,47335.31,48371.04,44231.2499
2024-02-15 11:00:00,48418.56,49493.78,47744.06,48899.34,25633.9796
2024-02-15 12:00:00,48847.85,49345.9,48179.98,48595.6,23230.6781
2024-02-15 13:00:00,48597.42,51025.24,47505.33,49433.93,24150.2882
2024-02-15 14:00:00,49256.86,50189.44,47518.79,48501.93,71719.3994
2024-02-15 15:00:00,48622.13,50633.52,47045.78,49451.11,60008.3924
2024-02-15 16:00:00,49334.29,50040.6,48429.34,48965.29,70570.8461
2024-02-15 17:00:00,48794.53,50672.82,47527.67,49483.58,28861.7689
2024-02-15 18:00:00,49349.91,50640.09,46816.81,48433.7,56200.368
2024-02-15 19:00:00,48640.61,49967.57,46168.24,47747.16,51070.4637
2024-02-15 20:00:00,47912.29,49528.71,47015.91,48615.41,59021.5947
2024-02-15 21:00:00,48454.15,48495.1,48421.76,48471.09,48031.9246
2024-02-15 22:00:00,48699.69,48834.32,48622.0,48750.37,31481.4831
2024-02-15 23:00:00,48836.61,50517.09,47516.12,49593.32,29645.2974
2024-02-16 00:00:00,49638.12,52209.0,48452.82,50534.03,21884.5007
2024-02-16 01:00:00,50614.65,50797.36,50365.79,50521.63,18240.0145
2024-02-16 02:00:00,50600.53,52845.52,48971.28,51513.15,41302.3813
2024-02-16 03:00:00,51548.78,52286.13,49933.0,50953.63,17423.801
2024-02-16 04:00:00,50734.9,53032.3,49341.77,51651.98,25915.2195
2024-02-16 05:00:00,51840.78,53443.89,49855.61,50988.9,30005.7749
2024-02-16 06:00:00,51117.68,51841.11,50615.96,51432.69,27694.6331
2024-02-16 07:00:00,51335.02,52210.47,50677.05,51714.82,32497.9044
2024-02-16 08:00:00,51709.45,53767.1,50393.75,52506.63,29197.099
2024-02-16 09:00:00,52669.92,53281.01,52300.29,52909.82,14394.4807
2024-02-16 10:00:00,52890.52,53910.92,51534.61,52307.1,28062.5408
2024-02-16 11:00:00,52320.01,52998.88,51038.47,51881.99,20602.4369
2024-02-16 12:00:00,51688.88,54082.35,50340.65,52521.91,17575.0299
2024-02-16 13:00:00,52299.5,53523.42,49882.37,51347.84,20570.395
2024-02-16 14:00:00,51383.0,52094.61,50234.7,50876.12,42881.8251
2024-02-16 15:00:00,50958.32,51837.35,49315.99,50305.15,36445.4165
2024-02-16 16:00:00,50203.36,50652.38,49899.3,50378.48,46420.6567
2024-02-16 17:00:00,50613.61,52380.16,49600.12,51365.41,61967.9032
2024-02-16 18:00:00,51556.29,52877.57,49766.43,50744.45,31817.3306
2024-02-16 19:00:00,50732.84,51859.68,49965.02,51122.07,50752.9981
2024-02-16 20:00:00,51182.65,53597.23,49495.32,52152.91,58167.4374
2024-02-16 21:00:00,52049.99,52995.33,50262.87,51269.43,34969.9856
2024-02-16 22:00:00,51453.49,52482.16,49825.84,50855.05,47998.341
2024-02-16 23:00:00,51002.54,51911.01,49381.51,50371.97,19554.4746
2024-02-17 00:00:00,50203.78,51433.69,48129.99,49505.79,31440.8686
2024-02-17 01:00:00,49547.98,50527.94,47850.9,48956.06,12623.0579
2024-02-17 02:00:00,49019.9,50266.54,48234.84,49437.74,32209.5092
2024-02-17 03:00:00,49464.59,50122.8,48392.87,49050.62,29232.4798
2024-02-17 04:00:00,49138.26,50750.63,48035.61,49760.72,26241.2286
2024-02-17 05:00:00,49669.09,51329.17,47471.85,48801.88,27226.7434
2024-02-17 06:00:00,49016.1,49544.28,48350.13,48715.66,17540.2465
2024-02-17 07:00:00,48639.59,49356.66,47113.86,48118.37,24142.6303
2024-02-17 08:00:00,48283.16,48981.87,47848.24,48586.3,36650.9487
2024-02-17 09:00:00,48748.13,49689.1,48128.13,49085.68,37193.3338
2024-02-17 10:00:00,49145.49,49915.0,47976.44,48717.84,15284.5593
2024-02-17 11:00:00,48769.36,49962.71,46437.6,47990.81,19664.9419
2024-02-17 12:00:00,47773.44,49527.35,45484.61,46852.61,24145.1073
2024-02-17 13:00:00,47037.42,48138.99,44796.75,46156.83,24689.6948
2024-02-17 14:00:00,46029.48,46685.95,44921.8,45583.59,33885.4514
2024-02-17 15:00:00,45477.6,46589.39,43819.98,44843.06,59952.7615
2024-02-17 16:00:00,45034.37,45209.73,44712.58,44922.38,27404.5762
2024-02-17 17:00:00,44972.05,46473.38,44028.54,45479.62,27369.6366
2024-02-17 18:00:00,45538.71,47517.27,44643.17,46214.27,41185.3204
2024-02-17 19:00:00,46217.0,47196.96,45478.54,46646.91,37198.2467
2024-02-17 20:00:00,46809.52,46984.25,46488.55,46695.51,38836.4675
2024-02-17 21:00:00,46621.41,46642.66,46607.38,46630.78,50674.0861
2024-02-17 22:00:00,46707.72,47881.16,45056.14,46056.82,42370.6002
2024-02-17 23:00:00,46016.94,46278.52,45535.85,45850.01,28199.6643
2024-02-18 00:00:00,45634.41,46415.89,43793.86,44987.46,28711.8138
2024-02-18 01:00:00,44904.15,46922.38,43822.79,45769.8,37085.8788
2024-02-18 02:00:00,45834.55,47492.18,44576.12,46572.51,35005.1017
2024-02-18 03:00:00,46581.72,47160.87,45537.03,46201.1,24033.1487
2024-02-18 04:00:00,46313.23,47985.87,45233.81,47071.34,34504.0899
2024-02-18 05:00:00,47165.62,47304.11,46898.06,47064.1,32246.8071
2024-02-18 06:00:00,47157.04,49223.04,46042.88,47888.3,18618.0354
2024-02-18 07:00:00,47666.56,48228.3,46785.49,47351.0,22340.5627
2024-02-18 08:00:00,47248.69,48511.85,45234.72,46479.14,27339.514
2024-02-18 09:00:00,46259.71,47727.26,45495.16,46808.53,36256.6227
2024-02-18 10:00:00,47036.47,47951.14,45205.31,46303.53,27923.4346
2024-02-18 11:00:00,46094.11,46734.24,45693.76,46372.45,29217.5078
2024-02-18 12:00:00,46596.41,48298.99,45655.82,47165.6,37416.0028
2024-02-18 13:00:00,47181.3,47628.56,46923.86,47361.63,33699.1113
2024-02-18 14:00:00,47443.3,48507.33,46874.57,47850.08,41923.1031
2024-02-18 15:00:00,48004.56,48345.11,47266.84,47738.17,51346.1596
2024-02-18 16:00:00,47529.17,49435.55,46379.19,48267.79,45602.8316
2024-02-18 17:00:00,48310.38,48402.48,48258.73,48346.99,43076.6106
2024-02-18 18:00:00,48318.02,50477.04,46669.69,49151.09,58018.1993
2024-02-18 19:00:00,48967.82,49920.51,48238.41,49381.4,54551.3301
2024-02-18 20:00:00,49239.5,49333.81,49084.41,49187.02,44705.4439
2024-02-18 21:00:00,49236.99,49470.36,48758.74,49057.02,25830.8798
2024-02-18 22:00:00,48993.97,51344.44,47465.15,49956.25,57938.183
2024-02-18 23:00:00,50001.02,51730.09,47372.99,49098.31,25295.9648
2024-02-19 00:00:00,49092.81,50189.63,46944.77,48351.17,26517.1127
2024-02-19 01:00:00,48382.97,50571.51,47158.83,49157.65,34205.5295
2024-02-19 02:00:00,49286.42,49310.54,49271.77,49295.81,27226.9605
2024-02-19 03:00:00,49209.65,50821.69,48308.08,49799.79,19761.701
2024-02-19 04:00:00,49820.21,52478.5,48187.34,50733.07,37426.5926
2024-02-19 05:00:00,50838.19,51253.53,50579.66,50984.6,20552.7618
2024-02-19 06:00:00,51014.86,52078.67,49344.43,50387.23,17764.7373
2024-02-19 07:00:00,50230.73,50323.82,50119.24,50182.17,26894.8151
2024-02-19 08:00:00,49940.78,51313.42,48930.02,50513.62,33666.401
2024-02-19 09:00:00,50668.66,51214.72,50400.98,50885.22,23923.2509
2024-02-19 10:00:00,50853.17,51179.8,50428.57,50680.14,15774.2278
2024-02-19 11:00:00,50477.08,51358.31,48866.05,49807.06,16232.9588
2024-02-19 12:00:00,49760.88,50874.7,48140.93,49102.42,12834.9509
2024-02-19 13:00:00,49048.38,49588.66,48180.05,48695.31,26878.4003
2024-02-19 14:00:00,48510.74,49550.62,46970.39,47933.58,52190.6576
2024-02-19 15:00:00,47878.48,48798.84,45982.58,47141.31,46521.6537
2024-02-19 16:00:00,47097.7,48055.23,45886.15,46596.09,69678.6081
2024-02-19 17:00:00,46477.88,46765.53,46331.05,46579.59,36453.6153
2024-02-19 18:00:00,46642.84,47735.17,45260.43,46089.58,73414.6102
2024-02-19 19:00:00,46106.88,46378.17,45746.69,45966.26,26813.145
2024-02-19 20:00:00,46117.66,46886.52,45262.19,45728.89,63564.7615
2024-02-19 21:00:00,45773.64,47330.17,44853.0,46395.23,56283.552
2024-02-19 22:00:00,46400.02,47911.17,44164.14,45556.44,42157.8311
2024-02-19 23:00:00,45384.68,46460.92,43799.25,44730.51,27187.8625
2024-02-20 00:00:00,44935.12,45505.22,44127.12,44608.53,23353.8156
2024-02-20 01:00:00,44587.44,45487.56,43466.69,44134.3,26648.5116
2024-02-20 02:00:00,43920.63,44836.42,43515.64,44257.67,30394.0416
2024-02-20 03:00:00,44334.11,44629.19,43908.68,44180.11,30331.765
2024-02-20 04:00:00,44307.04,44904.76,43983.41,44571.28,34729.301
2024-02-20 05:00:00,44648.05,45133.81,43896.67,44385.51,18502.2361
2024-02-20 06:00:00,44504.45,45278.46,43953.72,44855.2,33555.5331
2024-02-20 07:00:00,44730.29,44763.232189523726,39500.23120336898,41895.8201069917,57615.15508081056
2024-02-20 08:00:00,43920.85,43379.81144994474,40331.88831206746,41613.13771782164,64054.033839842945
2024-02-20 09:00:00,43479.53,44247.51774945536,39791.25129533072,42193.74391007059,86428.62586785931
2024-02-20 10:00:00,44137.14,45871.25,43095.34,44790.22,30782.3443
2024-02-20 11:00:00,44819.65,45686.82,44410.18,45146.63,13805.416
2024-02-20 12:00:00,45038.11,45338.13,44834.29,45164.04,25073.1982
2024-02-20 13:00:00,45244.42,47696.72,43796.44,46134.74,23526.81
2024-02-20 14:00:00,46113.48,48304.61,44534.86,46921.19,37115.4804
2024-02-20 15:00:00,46889.54,49136.07,45269.91,47818.15,48994.2157
2024-02-20 16:00:00,47942.01,49693.45,46895.15,48678.02,46548.9781
2024-02-20 17:00:00,48437.14,49185.9,46864.75,47845.45,32519.0851
2024-02-20 18:00:00,48074.2,48258.71,47722.62,47927.71,31199.2983
2024-02-20 19:00:00,47988.1,49214.24,45784.68,47214.0,56537.3741
2024-02-20 20:00:00,47135.77,47741.07,46010.74,46665.18,36644.1381
2024-02-20 21:00:00,46587.52,48207.0,45589.7,47135.6,57616.6223
2024-02-20 22:00:00,47194.68,47532.71,47008.64,47343.7,26773.8425
2024-02-20 23:00:00,47508.31,48584.56,45082.02,46681.72,23808.6635
2024-02-21 00:00:00,46740.63,48154.84,44591.44,45928.82,21847.8054
2024-02-21 01:00:00,45743.19,46843.42,44968.83,46204.21,21889.8425
2024-02-21 02:00:00,46150.58,47732.88,45226.79,46695.46,28477.9312
2024-02-21 03:00:00,46827.58,46953.38,46625.09,46741.56,17325.1621
2024-02-21 04:00:00,46539.42,47808.17,45645.83,47078.19,25638.8795
2024-02-21 05:00:00,47041.0,48121.19,46451.59,47463.66,24624.2409
2024-02-21 06:00:00,47374.27,47613.49,47033.46,47252.7,24872.7923
2024-02-21 07:00:00,47382.88,48349.83,45729.36,46714.61,17975.935
2024-02-21 08:00:00,46754.99,47503.89,46219.56,47088.45,38357.9549
2024-02-21 09:00:00,47051.75,47831.56,45373.92,46478.48,29995.0269
2024-02-21 10:00:00,46556.5,47639.45,45947.17,46919.23,23056.0095
2024-02-21 11:00:00,47136.5,47691.42,46845.39,47355.4,27588.8771
2024-02-21 12:00:00,47138.6,47775.06,45880.25,46609.53,22066.7526
2024-02-21 13:00:00,46487.89,47779.99,45848.74,46924.1,26165.0897
2024-02-21 14:00:00,46775.93,49058.45,45621.97,47692.51,29060.4478
2024-02-21 15:00:00,47592.63,48563.34,45956.46,47010.86,26993.0035
2024-02-21 16:00:00,46868.8,48034.58,45173.53,46257.91,43786.7303
2024-02-21 17:00:00,46109.21,47763.37,43524.66,45226.67,33779.7693
2024-02-21 18:00:00,45171.91,46360.52,44159.81,45691.23,38116.1337
2024-02-21 19:00:00,45832.64,46703.74,45248.05,46127.63,72206.0365
2024-02-21 20:00:00,46302.17,47361.13,43936.14,45497.21,57880.4092
2024-02-21 21:00:00,45441.79,45825.7,44760.31,45213.23,31819.744
2024-02-21 22:00:00,45265.69,46182.34,43671.69,44702.77,36996.34
2024-02-21 23:00:00,44834.92,46761.49,43514.49,45503.59,30250.5057
2024-02-22 00:00:00,45313.12,45405.14,45193.39,45259.95,27394.3526
2024-02-22 01:00:00,45325.61,45368.76,45299.52,45342.21,19082.4943
2024-02-22 02:00:00,45430.4,46447.67,44876.02,45822.29,29020.0756
2024-02-22 03:00:00,45860.77,47030.14,43852.57,45010.71,34340.8803
2024-02-22 04:00:00,44923.39,46779.33,43562.46,45621.87,25335.4774
2024-02-22 05:00:00,45455.04,46631.58,43578.42,44698.72,29021.8186
2024-02-22 06:00:00,44752.86,44961.08,44418.56,44620.58,27480.1248
2024-02-22 07:00:00,44568.09,45360.43,43016.43,43996.85,18548.754
2024-02-22 08:00:00,44147.58,44208.91,44106.28,44170.17,25250.952
2024-02-22 09:00:00,43980.83,45085.72,42066.05,43168.56,21770.3018
2024-02-22 10:00:00,43304.78,44074.03,42743.8,43622.71,45001.9006
2024-02-22 11:00:00,43732.81,44961.97,43226.52,44152.33,25559.8527
2024-02-22 12:00:00,44277.34,44537.07,43823.51,44106.98,27319.6241
2024-02-22 13:00:00,44112.56,45181.39,43413.03,44573.38,23188.7623
2024-02-22 14:00:00,44561.99,44641.78,44511.04,44590.19,51292.1341
2024-02-22 15:00:00,44720.36,45171.85,43778.72,44385.98,49947.6842
2024-02-22 16:00:00,44363.77,44623.04,44191.4,44467.49,35446.0301
2024-02-22 17:00:00,44249.46,45824.84,43440.81,44798.86,48442.3231
2024-02-22 18:00:00,44755.57,46067.54,44026.84,45254.4,32532.2399
2024-02-22 19:00:00,45445.44,46680.64,43894.16,44815.91,56602.4345
2024-02-22 20:00:00,44864.24,46829.32,43966.45,45522.75,46233.1277
2024-02-22 21:00:00,45380.87,46557.04,43561.34,44670.46,58840.2477
2024-02-22 22:00:00,44493.7,44703.27,44328.81,44587.87,40306.1019
2024-02-22 23:00:00,44395.92,46391.45,43255.99,45218.12,24557.7582
2024-02-23 00:00:00,45018.01,45096.01,44955.01,45051.38,18209.0052
2024-02-23 01:00:00,44876.01,45045.01,44793.89,44941.45,39195.6754
2024-02-23 02:00:00,44775.14,45589.96,43316.17,44248.0,27430.2292
2024-02-23 03:00:00,44442.32,44847.01,44170.46,44597.85,14937.5915
2024-02-23 04:00:00,44438.5,45616.12,42232.63,43663.44,34617.1382
2024-02-23 05:00:00,43829.03,43944.91,43634.39,43759.26,24051.5644
2024-02-23 06:00:00,43740.14,44710.72,43236.17,44090.62,32536.3304
2024-02-23 07:00:00,43947.38,44794.08,42718.51,43506.39,30711.6411
2024-02-23 08:00:00,43368.67,43668.01,43135.78,43487.7,23088.1757
2024-02-23 09:00:00,43389.32,43930.28,42959.61,43611.62,32307.9957
2024-02-23 10:00:00,43488.31,43510.9,43458.38,43476.98,25837.314
2024-02-23 11:00:00,43305.34,44441.51,42584.74,43767.05,21151.1643
2024-02-23 12:00:00,43750.49,45061.77,41659.28,43003.58,28418.2381
2024-02-23 13:00:00,43156.58,43372.15,42747.8,42978.21,29983.3301
2024-02-23 14:00:00,43085.09,43118.04,43015.78,43058.82,39434.7298
2024-02-23 15:00:00,42903.92,44483.93,42168.99,43453.82,26866.2637
2024-02-23 16:00:00,43364.37,43515.4,43288.51,43424.48,56432.0079
2024-02-23 17:00:00,43274.01,43611.37,42726.82,43028.37,48433.443
2024-02-23 18:00:00,43113.03,44766.43,42119.08,43693.33,64838.0586
2024-02-23 19:00:00,43645.54,44061.13,42908.1,43310.91,61748.024
2024-02-23 20:00:00,43496.64,43799.98,43000.87,43278.53,49085.5637
2024-02-23 21:00:00,43208.04,44131.25,41943.62,42675.98,69608.425
2024-02-23 22:00:00,42817.0,43575.59,41376.47,42248.19,32327.3189
2024-02-23 23:00:00,42274.41,42991.35,40891.98,41749.44,28874.8262
2024-02-24 00:00:00,41629.94,41949.71,41027.69,41391.12,20171.4668
2024-02-24 01:00:00,41374.06,42704.26,39420.51,40655.83,19269.3991
2024-02-24 02:00:00,40541.41,41081.81,39580.23,40219.57,17801.9485
2024-02-24 03:00:00,40416.86,41741.07,39302.25,40983.45,36652.3634
2024-02-24 04:00:00,41063.91,41934.08,40551.08,41356.12,23590.6666
2024-02-24 05:00:00,41514.91,42083.58,40733.3,41212.63,23381.6419
2024-02-24 06:00:00,41247.68,41580.03,40784.62,41053.6,33446.8467
2024-02-24 07:00:00,40943.83,41499.74,40668.08,41134.38,33591.7674
2024-02-24 08:00:00,41183.65,42270.81,39416.71,40458.69,17012.7797
2024-02-24 09:00:00,40271.73,42098.6,38937.15,40953.79,30104.8125
2024-02-24 10:00:00,40862.92,41522.11,40483.45,41097.64,37413.7206
2024-02-24 11:00:00,41010.7,42477.72,39084.67,40229.35,22908.9909
2024-02-24 12:00:00,40392.94,41032.43,39926.41,40659.54,31456.1675
2024-02-24 13:00:00,40611.35,41061.58,39972.52,40321.61,25510.6543
2024-02-24 14:00:00,40197.61,40697.38,39903.05,40413.66,31866.6789
2024-02-24 15:00:00,40547.52,42220.71,39663.3,41247.88,57280.2529
2024-02-24 16:00:00,41339.32,41904.99,40327.38,40917.53,39344.4282
2024-02-24 17:00:00,40973.02,41655.4,40126.5,40599.11,63878.4379
2024-02-24 18:00:00,40464.23,40616.45,40199.69,40369.34,59041.1793
2024-02-24 19:00:00,40487.85,41658.35,38245.64,39710.18,70535.5519
2024-02-24 20:00:00,39747.98,40731.3,38419.9,39195.96,47735.8315
2024-02-24 21:00:00,39147.02,39521.83,38929.64,39313.05,40095.5196
2024-02-24 22:00:00,39191.03,40413.38,37067.73,38427.33,58232.5707
2024-02-24 23:00:00,38596.52,40411.38,37440.39,39322.89,32863.5665
2024-02-25 00:00:00,39287.02,40691.02,37469.51,38562.3,24842.8247
2024-02-25 01:00:00,38537.74,39266.05,37489.75,38160.46,26118.1251
2024-02-25 02:00:00,38232.39,39049.8,37649.17,38532.83,26317.2416
2024-02-25 03:00:00,38353.46,39652.77,37517.05,38833.84,33313.7389
2024-02-25 04:00:00,38741.16,38861.56,38575.31,38672.15,32365.9576
2024-02-25 05:00:00,38804.22,40179.4,36748.75,38047.29,35810.1261
2024-02-25 06:00:00,38080.07,39677.2,37254.85,38690.87,30348.7462
2024-02-25 07:00:00,38595.25,39198.03,37762.67,38289.92,20878.4358
2024-02-25 08:00:00,38256.08,39858.53,37523.94,38832.06,34715.6941
2024-02-25 09:00:00,38771.63,39768.46,37140.35,38217.53,22410.8219
2024-02-25 10:00:00,38403.66,39473.52,37793.28,38889.68,31364.4915
2024-02-25 11:00:00,38949.77,39798.11,38405.26,39312.85,25401.9579
2024-02-25 12:00:00,39187.83,40987.89,37886.22,39890.83,16099.652
2024-02-25 13:00:00,39764.27,40756.68,38972.06,40176.49,25921.6211
2024-02-25 14:00:00,40226.48,41609.23,39376.23,40819.19,42397.8122
2024-02-25 15:00:00,40754.76,41115.3,40512.06,40894.38,26935.9696
2024-02-25 16:00:00,40997.35,42343.6,38581.07,40189.26,35708.0992
2024-02-25 17:00:00,39991.23,40483.72,39693.2,40155.97,60830.9418
2024-02-25 18:00:00,40090.53,40259.84,39761.08,39977.4,68657.9031
2024-02-25 19:00:00,40153.7,40817.28,39823.39,40418.84,39265.7675
2024-02-25 20:00:00,40257.24,40379.24,40064.37,40187.86,52299.6273
2024-02-25 21:00:00,40228.82,41667.9,39184.1,40822.6,60498.911
2024-02-25 22:00:00,40870.91,41541.08,40473.39,41130.65,39763.7984
2024-02-25 23:00:00,41318.84,42462.42,40549.93,41835.52,19763.4143
2024-02-26 00:00:00,41762.53,41919.33,41528.06,41669.49,20634.6964
2024-02-26 01:00:00,41639.45,43755.7,40209.66,42358.12,43440.9659
2024-02-26 02:00:00,42457.36,42932.09,41647.08,42107.27,27109.1169
2024-02-26 03:00:00,42257.51,42275.55,42243.11,42265.35,21835.5261
2024-02-26 04:00:00,42285.95,43765.82,41298.91,42919.88,20532.7
2024-02-26 05:00:00,42808.68,43698.75,41461.77,42314.9,17179.2806
2024-02-26 06:00:00,42406.2,43526.1,40722.11,41829.88,27909.0995
2024-02-26 07:00:00,41728.5,41804.36,41637.58,41688.94,17297.7689
2024-02-26 08:00:00,41782.91,42983.14,39799.53,41098.41,42401.6067
2024-02-26 09:00:00,41139.79,41732.53,40719.46,41376.73,28000.2097
2024-02-26 10:00:00,41435.53,41731.5,41246.06,41538.12,15121.3709
2024-02-26 11:00:00,41366.85,42585.44,39361.48,40687.01,26384.0318
2024-02-26 12:00:00,40633.2,42334.93,39679.01,41207.47,12541.7274
2024-02-26 13:00:00,41222.14,42929.99,40388.95,41794.5,26403.8532
2024-02-26 14:00:00,41918.45,42007.25,41872.82,41951.57,40844.6733
2024-02-26 15:00:00,41935.04,43099.77,40224.72,41339.06,49329.8897
2024-02-26 16:00:00,41381.0,42396.41,39715.68,40794.84,59697.5808
2024-02-26 17:00:00,40716.88,42552.67,39121.7,41515.47,60598.4984
2024-02-26 18:00:00,41651.93,41666.54,41631.2,41643.64,57816.3055
2024-02-26 19:00:00,41780.18,42644.0,40402.66,41296.56,49399.6495
2024-02-26 20:00:00,41447.47,42293.59,40109.94,40915.32,71614.1312
2024-02-26 21:00:00,41057.92,43185.7,39872.45,41864.4,68169.4958
2024-02-26 22:00:00,41972.29,42268.99,41528.51,41789.4,48226.7795
2024-02-26 23:00:00,41938.28,42170.78,41438.99,41760.08,30582.4281
2024-02-27 00:00:00,41906.16,42807.66,41438.57,42257.48,20162.4559
2024-02-27 01:00:00,42169.2,42992.67,40492.49,41570.09,23903.6702
2024-02-27 02:00:00,41664.02,42009.95,41412.93,41790.15,21735.9774
2024-02-27 03:00:00,41759.69,43438.01,41030.99,42330.39,30957.4754
2024-02-27 04:00:00,42140.95,44343.05,40785.15,42950.52,41555.0642
2024-02-27 05:00:00,42909.28,44023.21,40836.98,42109.44,40169.3848
2024-02-27 06:00:00,42173.78,42542.43,41577.48,41963.54,32202.8766
2024-02-27 07:00:00,42116.66,42729.51,41680.47,42369.89,18004.4259
2024-02-27 08:00:00,42193.05,42224.62,42145.6,42174.86,15317.4529
2024-02-27 09:00:00,42205.49,42891.68,41122.33,41823.49,19131.5191
2024-02-27 10:00:00,41883.97,42068.15,41630.59,41772.82,19281.1481
2024-02-27 11:00:00,41896.14,42873.24,40726.03,41368.07,28478.5194
2024-02-27 12:00:00,41497.22,41527.88,41446.58,41478.24,32203.7481
2024-02-27 13:00:00,41322.32,42565.33,40520.25,41740.48,20487.663
2024-02-27 14:00:00,41606.88,41865.57,41488.63,41697.96,28793.6161
2024-02-27 15:00:00,41556.69,41856.0,41429.12,41660.58,62170.111
2024-02-27 16:00:00,41603.74,41791.41,41459.11,41677.67,25197.2829
2024-02-27 17:00:00,41863.64,41955.66,41807.4,41896.2,43075.576
2024-02-27 18:00:00,41977.94,42091.69,41921.55,42016.0,41724.352
2024-02-27 19:00:00,41847.52,43126.6,41124.68,42382.77,45377.2639
2024-02-27 20:00:00,42576.64,42989.41,42317.92,42750.6,33121.8963
2024-02-27 21:00:00,42568.64,43196.74,41349.11,42151.41,38934.7221
2024-02-27 22:00:00,42047.79,42268.24,41717.72,41922.23,31543.4204
2024-02-27 23:00:00,42129.9,42910.64,41633.18,42461.55,33709.6191
2024-02-28 00:00:00,42506.11,42686.74,42097.28,42369.56,17419.6512
2024-02-28 01:00:00,42413.46,43345.01,40773.55,41696.71,22250.0429
2024-02-28 02:00:00,41755.16,42091.24,41201.01,41526.04,27762.9618
2024-02-28 03:00:00,41322.51,41723.53,40814.29,41119.46,20861.3146
2024-02-28 04:00:00,40986.12,41901.45,40290.96,41360.45,26095.6315
2024-02-28 05:00:00,41443.36,43043.24,40422.11,42049.09,29643.6457
2024-02-28 06:00:00,42236.84,42512.26,41715.72,42050.26,34652.2986
2024-02-28 07:00:00,42090.05,43609.61,41323.61,42678.68,16566.0174
2024-02-28 08:00:00,42531.65,43487.05,40759.25,41896.0,19614.5354
2024-02-28 09:00:00,42094.8,42933.09,41505.39,42444.19,24976.6634
2024-02-28 10:00:00,42650.57,43975.39,41927.18,43159.77,30872.0979
2024-02-28 11:00:00,43324.38,44654.47,42297.84,43868.57,34516.5494
2024-02-28 12:00:00,43786.42,44693.48,41787.95,43068.57,30875.4532
2024-02-28 13:00:00,42877.95,43981.48,42212.38,43295.43,42105.7592
2024-02-28 14:00:00,43262.52,43304.36,43238.72,43277.54,50750.2255
2024-02-28 15:00:00,43445.49,44313.58,42863.29,43789.37,67139.9549
2024-02-28 16:00:00,43883.15,44878.78,43386.93,44238.76,63594.9717
2024-02-28 17:00:00,44381.81,46152.5,43242.52,45057.0,62002.1106
2024-02-28 18:00:00,45135.63,46941.43,44184.02,45825.18,36519.6191
2024-02-28 19:00:00,45831.45,47936.92,44584.45,46660.97,41299.8656
2024-02-28 20:00:00,46854.17,47619.22,45534.86,46385.19,31498.3556
2024-02-28 21:00:00,46289.43,47240.64,44878.84,45758.14,35642.5625
2024-02-28 22:00:00,45956.32,46708.15,45633.49,46219.15,46395.1324
2024-02-28 23:00:00,46213.73,46665.04,45556.98,45947.06,16406.4421
2024-02-29 00:00:00,46126.34,46985.45,44805.48,45547.29,20756.2542
2024-02-29 01:00:00,45553.81,46373.52,43919.59,44922.82,21205.4222
2024-02-29 02:00:00,44799.77,45069.69,44322.98,44612.26,21478.5115
2024-02-29 03:00:00,44437.69,44642.03,44183.34,44328.5,20739.4834
2024-02-29 04:00:00,44266.1,45813.57,43379.35,44922.15,16283.293
2024-02-29 05:00:00,45031.73,46713.43,44049.97,45754.03,29460.1287
2024-02-29 06:00:00,45646.87,45883.16,45237.74,45502.8,26055.0784
2024-02-29 07:00:00,45623.11,47435.55,44272.32,46319.8,32849.2361
2024-02-29 08:00:00,46139.03,47019.69,44456.88,45415.35,31341.7147
2024-02-29 09:00:00,45295.68,46094.86,44655.64,45618.75,29230.4159
2024-02-29 10:00:00,45522.71,45569.05,45461.26,45497.09,17345.9396
2024-02-29 11:00:00,45383.1,46783.08,44416.94,45867.3,24510.2684
2024-02-29 12:00:00,45728.97,46804.5,45063.96,46106.62,21437.0726
2024-02-29 13:00:00,46333.72,46791.35,46099.88,46502.74,13153.5823
2024-02-29 14:00:00,46730.79,48768.92,45372.72,47532.87,30060.2403
2024-02-29 15:00:00,47488.81,48116.28,46611.87,47121.14,40716.0304
2024-02-29 16:00:00,47125.79,47788.46,46741.92,47396.99,36521.5989
2024-02-29 17:00:00,47358.16,47780.68,46596.18,47016.88,32202.4599
2024-02-29 18:00:00,46881.46,46982.42,46761.96,46829.06,37323.0908
2024-02-29 19:00:00,46765.18,47232.71,45956.04,46399.2,54208.259
2024-02-29 20:00:00,46320.88,47433.7,45505.85,46767.96,47279.6292
2024-02-29 21:00:00,46838.23,47657.05,45257.47,46294.97,36775.0378
2024-02-29 22:00:00,46119.21,46587.05,45844.0,46278.9,36046.1838
2024-02-29 23:00:00,46475.82,47769.77,44520.33,45685.5,41250.7939
2024-03-01 00:00:00,45549.36,46448.37,45004.98,45951.59,23388.8475
2024-03-01 01:00:00,46124.86,48032.53,44833.65,46776.95,34704.5721
2024-03-01 02:00:00,46878.61,48615.22,45695.89,47649.01,37270.9462
2024-03-01 03:00:00,47421.19,47939.79,47176.09,47609.27,16260.1424
2024-03-01 04:00:00,47749.43,48783.13,47187.53,48119.59,35096.194
2024-03-01 05:00:00,48346.49,49511.18,46724.66,47699.65,31226.5593
2024-03-01 06:00:00,47590.65,48389.34,46162.74,46989.23,37139.9475
2024-03-01 07:00:00,47125.8,47274.16,46905.73,47041.81,17373.015
2024-03-01 08:00:00,47139.78,47369.58,47018.19,47238.11,14517.9978
2024-03-01 09:00:00,47071.9,49196.69,46048.9,47794.17,36294.0034
2024-03-01 10:00:00,47674.21,49294.79,46933.44,48290.94,24852.6306
2024-03-01 11:00:00,48227.73,49646.22,46105.73,47423.77,31057.8825
2024-03-01 12:00:00,47476.64,47891.53,46526.59,47143.61,27274.1207
2024-03-01 13:00:00,47362.94,48573.88,45752.3,46750.5,42524.7594
2024-03-01 14:00:00,46881.64,48207.59,45032.46,46143.62,62880.9099
2024-03-01 15:00:00,46205.59,46473.92,46076.16,46299.63,37232.3656
2024-03-01 16:00:00,46442.11,47534.18,45791.25,46911.91,54761.4834
2024-03-01 17:00:00,47100.57,48130.33,45303.17,46335.08,59771.9078
2024-03-01 18:00:00,46330.69,47486.62,45813.19,46755.97,31673.0264
2024-03-01 19:00:00,46706.5,47160.86,46453.16,46907.94,40583.7374
2024-03-01 20:00:00,47128.59,48350.52,45032.47,46374.97,65116.049
2024-03-01 21:00:00,46318.33,47971.1,43822.42,45430.35,50581.5826
2024-03-01 22:00:00,45316.02,46307.9,43276.64,44561.23,35327.039
2024-03-01 23:00:00,44765.15,46026.13,43023.57,44060.26,27030.4159
2024-03-02 00:00:00,44051.64,44334.65,43904.28,44162.38,17238.8098
2024-03-02 01:00:00,43966.24,44878.8,43527.71,44303.98,25486.3213
2024-03-02 02:00:00,44213.93,44272.5,44187.11,44234.34,23778.5522
2024-03-02 03:00:00,44202.11,45277.15,42717.81,43578.64,33174.0714
2024-03-02 04:00:00,43746.08,45039.48,42991.68,44310.9,14584.7298
2024-03-02 05:00:00,44512.89,44942.91,43929.89,44258.83,41034.5599
2024-03-02 06:00:00,44433.91,44869.01,44132.19,44619.66,29237.429
2024-03-02 07:00:00,44463.59,45189.87,43912.0,44761.09,17624.137
2024-03-02 08:00:00,44947.4,45804.12,44409.88,45238.18,22969.9846
2024-03-02 09:00:00,45012.97,46821.25,43668.07,45792.77,22483.932
2024-03-02 10:00:00,45894.13,47247.99,45236.87,46418.32,34910.2303
2024-03-02 11:00:00,46315.49,47829.81,44535.86,45556.75,22711.4273
2024-03-02 12:00:00,45522.05,46413.51,44875.84,45874.25,25705.3937
2024-03-02 13:00:00,45944.88,46661.64,44731.84,45477.91,27329.9989
2024-03-02 14:00:00,45624.08,45974.6,45089.81,45413.53,51308.4897
2024-03-02 15:00:00,45526.28,46409.53,45081.62,45896.13,56890.7294
2024-03-02 16:00:00,45922.92,48391.54,44874.13,46763.52,50056.0554
2024-03-02 17:00:00,46935.04,48393.84,46147.28,47533.95,71806.588
2024-03-02 18:00:00,47730.24,48645.78,46626.69,47238.62,38798.2264
2024-03-02 19:00:00,47334.97,47618.28,46645.43,47102.95,43553.0752
2024-03-02 20:00:00,47179.61,48683.75,44849.83,46375.23,30731.446
2024-03-02 21:00:00,46179.99,47473.22,43952.68,45398.74,33476.747
2024-03-02 22:00:00,45509.31,46755.34,44859.12,45960.96,42610.9613
2024-03-02 23:00:00,46090.29,46964.78,45613.45,46450.25,25184.5101
2024-03-03 00:00:00,46566.9,46580.46,46555.45,46573.04,32587.1677
2024-03-03 01:00:00,46598.26,48401.13,45614.62,47212.46,30121.674
2024-03-03 02:00:00,47050.43,49380.85,45285.3,47940.85,16775.4998
2024-03-03 03:00:00,47997.92,48724.84,46488.56,47458.24,32650.7286
2024-03-03 04:00:00,47608.47,47695.66,47445.37,47548.36,24992.8644
2024-03-03 05:00:00,47692.59,48351.65,47332.62,47972.35,17555.2955
2024-03-03 06:00:00,48138.63,49434.31,45745.62,47229.86,19356.7062
2024-03-03 07:00:00,47351.01,47944.42,46371.0,46989.48,14056.0976
2024-03-03 08:00:00,47213.46,47537.87,46989.26,47335.83,13996.1813
2024-03-03 09:00:00,47545.77,48934.23,45278.04,46610.98,21911.6251
2024-03-03 10:00:00,46728.37,47985.07,45985.03,47150.21,16697.1096
2024-03-03 11:00:00,47264.05,48656.54,45513.9,46509.73,27633.196
2024-03-03 12:00:00,46549.89,48144.07,45683.86,47205.37,31625.5015
2024-03-03 13:00:00,47013.38,48207.87,46255.0,47424.21,33116.4081
2024-03-03 14:00:00,47263.46,49554.01,45700.54,48140.05,65293.1533
2024-03-03 15:00:00,48063.71,49419.42,47247.25,48612.31,61387.6502
2024-03-03 16:00:00,48802.23,50145.67,48070.56,49337.44,46419.5869
2024-03-03 17:00:00,49165.94,49818.87,48702.57,49417.26,36314.5552
2024-03-03 18:00:00,49440.55,52060.6,48263.0,50367.95,33218.4369
2024-03-03 19:00:00,50586.58,51562.08,48880.48,49901.58,30293.5158
2024-03-03 20:00:00,50037.28,50802.08,48872.21,49552.81,65126.8586
2024-03-03 21:00:00,49374.64,50603.74,47717.26,48631.98,62952.0339
2024-03-03 22:00:00,48805.6,50681.2,47589.46,49619.95,73545.3283
2024-03-03 23:00:00,49557.27,50498.04,49047.92,49918.45,36319.8972
2024-03-04 00:00:00,49978.66,50781.91,49577.2,50266.27,23395.1466
2024-03-04 01:00:00,50443.74,51004.07,49379.55,50021.35,15949.0075
2024-03-04 02:00:00,50002.48,51281.14,47795.92,49189.45,35775.9931
2024-03-04 03:00:00,48985.72,50318.19,48105.57,49439.87,26534.7826
2024-03-04 04:00:00,49355.19,50075.6,48421.28,48994.47,29239.6242
2024-03-04 05:00:00,48885.89,50081.81,46560.14,47983.03,28330.981
2024-03-04 06:00:00,47758.14,48241.69,47381.78,47951.24,21163.9652
2024-03-04 07:00:00,47938.49,49558.36,45405.66,47083.42,28210.3133
2024-03-04 08:00:00,47147.31,48133.18,45165.16,46362.0,25831.2622
2024-03-04 09:00:00,46534.14,46660.31,46469.22,46580.26,23822.5592
2024-03-04 10:00:00,46767.35,47300.06,46078.27,46471.81,21260.6001
2024-03-04 11:00:00,46460.42,47277.57,45843.72,46811.35,24866.4363
2024-03-04 12:00:00,46759.45,48433.61,44305.04,45842.84,20474.5223
2024-03-04 13:00:00,45896.25,46539.92,44941.25,45572.65,34146.7339
2024-03-04 14:00:00,45489.03,46485.48,44014.96,44853.11,57289.6386
2024-03-04 15:00:00,45063.91,45336.69,44692.18,44895.17,47734.4709
2024-03-04 16:00:00,44727.14,44906.23,44520.63,44636.48,39322.9962
2024-03-04 17:00:00,44600.85,44792.66,44477.35,44683.07,44200.5453
2024-03-04 18:00:00,44893.86,45199.0,44638.46,45031.84,30773.4359
2024-03-04 19:00:00,45032.78,46860.77,43893.95,45695.23,47179.4155
2024-03-04 20:00:00,45627.7,45830.65,45487.25,45705.2,27885.1083
2024-03-04 21:00:00,45672.47,46661.73,44117.55,45082.19,49132.9173
2024-03-04 22:00:00,45167.19,45328.3,44862.7,45054.26,66225.3461
2024-03-04 23:00:00,45277.44,46542.45,44324.58,45831.53,27775.2079
2024-03-05 00:00:00,45829.88,47187.41,45239.32,46291.35,26040.115
2024-03-05 01:00:00,46075.0,46669.95,45154.11,45687.79,23258.495
2024-03-05 02:00:00,45548.7,45620.74,45383.83,45493.26,30534.9165
2024-03-05 03:00:00,45639.03,46678.31,45190.23,46011.14,19752.5984
2024-03-05 04:00:00,45911.57,47592.78,44607.38,46608.71,32297.5339
2024-03-05 05:00:00,46488.25,48372.2,45586.01,47232.41,18595.4717
2024-03-05 06:00:00,47382.0,49007.54,46491.53,47988.55,46132.7085
2024-03-05 07:00:00,47864.66,49998.77,46309.45,48771.2,41330.467
2024-03-05 08:00:00,48809.17,50047.49,46648.55,48084.59,24443.6816
2024-03-05 09:00:00,48092.9,48247.0,47750.79,47972.48,26117.4831
2024-03-05 10:00:00,48108.86,49892.39,47179.3,48768.97,34800.2264
2024-03-05 11:00:00,48624.5,49850.64,46486.09,47833.41,22300.1365
2024-03-05 12:00:00,47932.7,49757.62,46718.31,48739.11,26683.6888
2024-03-05 13:00:00,48716.55,49353.72,48359.9,48972.8,29434.6557
2024-03-05 14:00:00,48990.14,49900.7,47577.99,48490.94,61304.159
2024-03-05 15:00:00,48381.82,50656.31,46941.75,49223.62,48433.4953
2024-03-05 16:00:00,49203.5,49634.88,48934.37,49392.23,52814.9894
2024-03-05 17:00:00,49389.39,49901.61,48701.38,49115.57,39582.8428
2024-03-05 18:00:00,48906.13,50937.32,47334.15,49804.47,44135.2555
2024-03-05 19:00:00,50007.82,51454.43,49262.18,50625.02,37217.3643
2024-03-05 20:00:00,50679.01,52560.36,47834.3,49729.19,52951.3299
2024-03-05 21:00:00,49752.31,50971.5,47752.72,49072.47,32467.1395
2024-03-05 22:00:00,48838.41,48891.69,48794.97,48861.36,27950.5743
2024-03-05 23:00:00,48777.09,49751.54,47163.1,48230.32,21292.9908
2024-03-06 00:00:00,48448.91,48930.6,47734.11,48155.42,30063.0796
2024-03-06 01:00:00,48161.51,48422.59,47710.78,47968.76,34185.591
2024-03-06 02:00:00,47863.75,48205.78,47286.52,47658.56,24290.7638
2024-03-06 03:00:00,47874.82,47919.24,47815.65,47851.51,33335.1284
2024-03-06 04:00:00,47910.32,48433.32,47570.28,48115.95,23827.2694
2024-03-06 05:00:00,47906.29,48688.68,46242.65,47268.66,25652.8566
2024-03-06 06:00:00,47423.08,48241.12,47015.23,47698.32,13037.4809
2024-03-06 07:00:00,47613.74,48991.16,46916.71,48167.77,27831.6372
2024-03-06 08:00:00,48302.41,49364.09,46690.6,47572.66,23165.43
2024-03-06 09:00:00,47713.11,49729.27,46565.15,48474.13,30208.1234
2024-03-06 10:00:00,48281.65,49004.49,47035.7,47853.0,25851.3331
2024-03-06 11:00:00,48040.9,48312.31,47671.86,47890.53,17626.1101
2024-03-06 12:00:00,48035.51,48040.67,48028.93,48032.91,13740.628
2024-03-06 13:00:00,47949.75,48322.97,47404.23,47725.07,32915.8587
2024-03-06 14:00:00,47957.95,49874.85,46478.66,48747.61,52306.5546
2024-03-06 15:00:00,48951.39,50499.8,46915.91,48048.96,38060.0879
2024-03-06 16:00:00,48156.23,48938.78,47062.34,47722.2,47186.2772
2024-03-06 17:00:00,47775.8,48134.01,47253.19,47571.95,66127.9127
2024-03-06 18:00:00,47391.85,47796.86,46860.38,47152.82,25229.3782
2024-03-06 19:00:00,46966.63,47549.04,46118.5,46633.84,31445.4608
2024-03-06 20:00:00,46821.44,47293.5,46086.78,46575.87,68558.1999
2024-03-06 21:00:00,46463.94,47675.97,45427.17,46993.53,30599.1473
2024-03-06 22:00:00,47046.52,48467.21,46260.72,47634.57,34562.9384
2024-03-06 23:00:00,47456.55,49381.74,46144.27,48143.53,35617.0314
2024-03-07 00:00:00,48117.91,49296.87,46182.88,47391.08,38602.4212
2024-03-07 01:00:00,47306.68,48346.69,46690.25,47743.54,16946.1078
2024-03-07 02:00:00,47771.48,49714.9,46497.36,48483.98,16235.4431
2024-03-07 03:00:00,48712.71,49749.9,46679.55,47855.89,29287.5806
2024-03-07 04:00:00,47666.64,48595.64,46210.09,47111.15,38800.2304
2024-03-07 05:00:00,47022.5,47136.93,46797.34,46936.02,27434.041
2024-03-07 06:00:00,46872.02,49449.93,45437.32,47762.71,28912.8954
2024-03-07 07:00:00,47656.6,48582.05,45802.87,47016.47,24543.3545
2024-03-07 08:00:00,47193.34,48299.96,46307.44,47655.89,14698.2729
2024-03-07 09:00:00,47733.04,47860.76,47467.05,47642.61,15565.0904
2024-03-07 10:00:00,47476.16,47487.0,47470.99,47480.32,15329.8855
2024-03-07 11:00:00,47550.89,48670.87,46917.57,47992.16,25118.293
2024-03-07 12:00:00,48006.35,48025.31,47972.7,47994.09,33023.4913
2024-03-07 13:00:00,47859.5,48910.49,45795.32,47004.04,14435.0635
2024-03-07 14:00:00,46875.47,47500.47,46534.29,47100.88,33315.6431
2024-03-07 15:00:00,47279.64,47877.66,46040.01,46841.39,39435.4021
2024-03-07 16:00:00,46886.5,47884.58,46183.55,47325.14,55147.1943
2024-03-07 17:00:00,47233.01,49070.0,46117.33,48001.34,30367.5179
2024-03-07 18:00:00,48193.28,49028.85,46412.15,47502.83,39380.9406
2024-03-07 19:00:00,47390.64,48788.63,45079.21,46588.75,62378.2948
2024-03-07 20:00:00,46627.49,46657.98,46577.61,46605.68,56229.5558
2024-03-07 21:00:00,46834.24,48480.39,45996.25,47462.49,31460.5435
2024-03-07 22:00:00,47369.75,48516.35,46569.64,47817.27,62024.9349
2024-03-07 23:00:00,47810.81,48125.07,47166.61,47551.27,35273.8616
2024-03-08 00:00:00,47681.81,49670.96,46540.36,48362.62,20564.7517
2024-03-08 01:00:00,48472.99,50315.65,45792.03,47543.72,25892.5818
2024-03-08 02:00:00,47542.69,48414.24,46094.66,47056.55,26222.6114
2024-03-08 03:00:00,46912.48,49226.2,45229.15,47765.94,39978.7513
2024-03-08 04:00:00,47956.63,48148.02,47701.52,47859.32,21537.3032
2024-03-08 05:00:00,48045.01,48366.24,47417.75,47835.59,15931.3412
2024-03-08 06:00:00,47845.19,48352.07,47081.31,47545.25,30325.884
2024-03-08 07:00:00,47684.24,48481.55,46635.27,47280.66,29059.0255
2024-03-08 08:00:00,47115.29,49489.07,45592.48,47994.78,21108.7892
2024-03-08 09:00:00,48138.66,49288.52,45875.43,47205.91,23299.1824
2024-03-08 10:00:00,47114.25,47341.18,46825.29,46982.93,18015.7714
2024-03-08 11:00:00,46881.1,48720.55,45659.11,47554.33,15380.1975
2024-03-08 12:00:00,47445.27,49663.93,45875.26,48386.42,16115.792
2024-03-08 13:00:00,48373.44,48893.63,47611.28,48092.16,29367.2649
2024-03-08 14:00:00,47898.9,48558.31,46778.88,47441.48,52953.6869
2024-03-08 15:00:00,47357.26,47763.96,47155.94,47505.33,32464.2456
2024-03-08 16:00:00,47410.82,48710.15,45286.85,46624.94,50998.3085
2024-03-08 17:00:00,46800.21,46955.08,46498.55,46682.08,42894.1332
2024-03-08 18:00:00,46781.33,46872.58,46631.24,46722.15,35573.1617
2024-03-08 19:00:00,46749.67,48919.86,45205.76,47605.18,53334.8272
2024-03-08 20:00:00,47482.67,47536.03,47444.77,47505.85,43537.937
2024-03-08 21:00:00,47627.15,47938.46,47176.29,47422.66,62942.2486
2024-03-08 22:00:00,47403.8,48454.8,44983.71,46558.77,54983.2977
2024-03-08 23:00:00,46371.32,46987.08,45413.78,45982.87,18810.2683
2024-03-09 00:00:00,46063.07,47052.05,45461.48,46504.1,20971.0794
2024-03-09 01:00:00,46501.92,47396.96,45020.01,45987.69,19967.8508
2024-03-09 02:00:00,46212.64,47661.39,43703.54,45300.31,14496.2415
2024-03-09 03:00:00,45347.33,46225.48,43722.7,44659.92,31464.5838
2024-03-09 04:00:00,44634.83,45664.14,42632.73,43841.49,45308.2592
2024-03-09 05:00:00,43991.31,44226.21,43847.85,44073.52,33069.06
2024-03-09 06:00:00,44043.71,44607.06,43598.65,44283.65,23312.5463
2024-03-09 07:00:00,44390.67,44604.6,44271.97,44473.56,34065.3823
2024-03-09 08:00:00,44470.43,45220.06,43945.97,44768.74,16621.8012
2024-03-09 09:00:00,44735.09,46057.53,42495.61,43890.44,15405.0386
2024-03-09 10:00:00,43954.13,45817.93,43100.93,44645.48,45311.2187
2024-03-09 11:00:00,44631.15,45595.47,43840.51,45029.38,27218.6822
2024-03-09 12:00:00,45030.82,45511.4,44346.71,44758.54,17720.1893
2024-03-09 13:00:00,44692.24,45660.74,43997.77,45084.12,28052.4493
2024-03-09 14:00:00,45202.51,45742.39,44157.45,44846.19,50820.371
2024-03-09 15:00:00,44833.52,45592.1,44279.9,45118.61,57196.5026
2024-03-09 16:00:00,44951.41,45572.71,44167.42,44635.09,49821.1522
2024-03-09 17:00:00,44431.97,45888.09,43632.86,45057.63,38429.0835
2024-03-09 18:00:00,45047.0,46444.98,44182.08,45515.33,52976.5793
2024-03-09 19:00:00,45697.3,46837.83,44026.02,45101.4,40530.3502
2024-03-09 20:00:00,45151.87,46459.11,43579.44,44455.58,62996.2798
2024-03-09 21:00:00,44607.03,46463.81,43277.71,45362.76,52600.1321
2024-03-09 22:00:00,45396.23,46160.65,44005.87,44850.99,37150.8058
2024-03-09 23:00:00,44699.43,46296.95,43939.75,45260.57,30423.226
2024-03-10 00:00:00,45336.91,46330.44,43769.93,44799.28,22440.1031
2024-03-10 01:00:00,44820.15,45854.77,42683.77,44052.76,39729.0354
2024-03-10 02:00:00,44051.08,45606.89,43126.25,44636.78,25203.6022
2024-03-10 03:00:00,44662.98,45474.07,43018.44,44016.03,18962.9712
2024-03-10 04:00:00,43830.35,45037.65,43189.54,44325.43,21842.9389
2024-03-10 05:00:00,44250.48,45204.25,42815.4,43762.0,23386.8408
2024-03-10 06:00:00,43572.93,45498.75,42757.26,44220.37,34300.1569
2024-03-10 07:00:00,44411.32,44411.53,44411.21,44411.4,21870.5898
2024-03-10 08:00:00,44398.51,46185.28,43491.22,45139.77,21088.2324
2024-03-10 09:00:00,45065.08,46168.13,44283.56,45542.3,38139.849
2024-03-10 10:00:00,45616.69,47265.27,44748.17,46306.9,45047.6498
2024-03-10 11:00:00,46400.95,47499.3,45422.58,46893.86,37574.9355
2024-03-10 12:00:00,46946.58,48239.13,44617.46,46159.0,17181.3938
2024-03-10 13:00:00,45944.64,45982.65,45923.04,45958.61,23772.2479
2024-03-10 14:00:00,46175.29,47275.11,43683.67,45291.39,65744.4633
2024-03-10 15:00:00,45454.57,46377.62,44911.4,45785.37,32404.3439
2024-03-10 16:00:00,45874.85,46073.65,45576.91,45745.89,47597.7715
2024-03-10 17:00:00,45966.63,46296.2,45346.56,45723.39,27494.0992
2024-03-10 18:00:00,45763.91,46662.02,44310.0,45264.4,61071.3796
2024-03-10 19:00:00,45486.62,47054.04,42971.05,44604.0,30860.9323
2024-03-10 20:00:00,44461.53,45662.3,42250.93,43650.05,38709.0971
2024-03-10 21:00:00,43696.37,43744.69,43612.19,43659.15,35745.468
2024-03-10 22:00:00,43656.94,44677.9,42863.32,44067.69,39417.8547
2024-03-10 23:00:00,44262.22,45469.81,43407.47,44758.32,23678.2865
2024-03-11 00:00:00,44846.84,44860.7,44834.97,44853.02,29468.9347
2024-03-11 01:00:00,44754.25,45449.29,43172.4,44223.56,23492.5814
2024-03-11 02:00:00,44095.65,44512.75,43574.91,43870.57,38108.1796
2024-03-11 03:00:00,43936.34,44041.27,43725.13,43855.08,13394.4011
2024-03-11 04:00:00,43804.29,45104.24,42988.36,44377.56,29144.9123
2024-03-11 05:00:00,44538.55,44792.42,44052.68,44333.07,17899.5202
2024-03-11 06:00:00,44134.57,44696.39,43282.09,43790.58,16802.5724
2024-03-11 07:00:00,43962.75,46137.68,42588.95,44706.07,33818.967
2024-03-11 08:00:00,44634.96,46132.3,43728.52,45222.79,35747.5641
2024-03-11 09:00:00,45022.51,46085.55,43068.1,44318.73,37292.2209
2024-03-11 10:00:00,44512.84,44620.58,44340.33,44447.85,20116.8432
2024-03-11 11:00:00,44395.09,45677.39,43825.63,44831.28,18484.5842
2024-03-11 12:00:00,45033.45,46078.64,43066.76,44286.87,22752.4777
2024-03-11 13:00:00,44338.04,44761.75,43644.88,44092.76,33063.2376
2024-03-11 14:00:00,43927.11,44222.55,43757.35,44047.36,33041.7027
2024-03-11 15:00:00,44020.89,44137.47,43868.18,43961.8,51991.5782
2024-03-11 16:00:00,43767.75,45627.85,42470.7,44536.02,38325.0269
2024-03-11 17:00:00,44393.42,45536.83,43498.28,44865.72,35234.277
2024-03-11 18:00:00,44707.3,45179.71,44434.87,44918.23,30422.5457
2024-03-11 19:00:00,45080.19,45401.96,44824.65,45224.25,31080.5067
2024-03-11 20:00:00,45115.28,45878.1,43852.04,44677.57,45005.8965
2024-03-11 21:00:00,44722.51,45061.75,44035.66,44453.69,43273.0325
2024-03-11 22:00:00,44376.25,44800.54,43797.9,44147.9,56723.4332
2024-03-11 23:00:00,43990.33,44549.04,43237.04,43685.11,25413.6171
2024-03-12 00:00:00,43672.3,45903.58,42573.63,44499.46,22023.9835
2024-03-12 01:00:00,44682.74,46113.54,42268.93,43834.73,32714.7955
2024-03-12 02:00:00,43838.32,44192.0,43642.29,43981.21,23383.6047
2024-03-12 03:00:00,44080.72,44499.69,43606.3,43871.06,20241.0411
2024-03-12 04:00:00,43750.23,43766.5,43740.21,43756.35,24950.5232
2024-03-12 05:00:00,43908.44,44017.7,43831.52,43957.19,23723.3082
2024-03-12 06:00:00,43855.73,45290.68,43033.33,44445.17,24419.4991
2024-03-12 07:00:00,44383.82,44524.89,44204.03,44305.39,21510.5462
2024-03-12 08:00:00,44473.85,44837.89,43833.9,44228.14,36068.8453
2024-03-12 09:00:00,44274.68,44413.41,44034.68,44184.3,24541.3252
2024-03-12 10:00:00,44200.92,45435.6,43385.75,44689.69,16376.1628
2024-03-12 11:00:00,44594.45,45014.57,43752.07,44262.39,36799.4507
2024-03-12 12:00:00,44321.1,45732.45,43402.17,44804.45,12911.459
2024-03-12 13:00:00,44698.43,44985.73,44523.34,44796.02,12842.5928
2024-03-12 14:00:00,44765.3,45783.46,44320.9,45105.6,68175.9281
2024-03-12 15:00:00,45287.94,45689.43,44590.01,45024.13,48256.0134
2024-03-12 16:00:00,45203.07,47128.49,43983.43,45923.34,61576.142
2024-03-12 17:00:00,46032.98,46449.37,45358.07,45765.91,48677.4675
2024-03-12 18:00:00,45669.48,45724.17,45571.33,45627.65,59913.6936
2024-03-12 19:00:00,45826.87,47289.04,43786.11,45063.93,47672.73
2024-03-12 20:00:00,45009.57,45187.25,44714.31,44899.0,53774.5594
2024-03-12 21:00:00,44808.01,45278.25,43977.1,44523.24,54368.2677
2024-03-12 22:00:00,44490.6,44949.39,43751.82,44175.25,36481.0279
2024-03-12 23:00:00,44278.9,46331.14,42879.3,45145.36,31934.105
2024-03-13 00:00:00,44964.54,45465.73,44028.18,44577.47,29509.8681
2024-03-13 01:00:00,44483.18,46706.16,43143.33,45226.39,40384.0913
2024-03-13 02:00:00,45064.03,46052.74,43582.36,44535.6,19997.6712
2024-03-13 03:00:00,44740.4,44942.78,44654.48,44811.68,22922.4612
2024-03-13 04:00:00,44678.65,46776.49,43268.74,45468.22,33364.9317
2024-03-13 05:00:00,45374.98,46625.61,43337.34,44666.43,25302.0582
2024-03-13 06:00:00,44560.6,46506.09,43400.68,45210.29,17410.8358
2024-03-13 07:00:00,45019.99,46489.41,44247.9,45548.2,23541.7528
2024-03-13 08:00:00,45607.7,45673.81,45566.33,45631.13,24881.1326
2024-03-13 09:00:00,45600.73,47836.84,44454.01,46389.38,38474.3917
2024-03-13 10:00:00,46564.53,48041.46,44656.21,45699.62,18678.7508
2024-03-13 11:00:00,45902.14,46669.91,45481.65,46220.42,35679.6641
2024-03-13 12:00:00,46119.94,47176.86,44473.59,45563.86,38710.0818
2024-03-13 13:00:00,45337.5,46629.38,43480.07,44552.73,19795.5291
2024-03-13 14:00:00,44447.17,44801.99,43870.37,44234.34,47296.423
2024-03-13 15:00:00,44092.82,44581.3,43234.78,43740.25,50641.5724
2024-03-13 16:00:00,43693.1,44088.82,43124.48,43443.4,35380.2093
2024-03-13 17:00:00,43554.16,44286.3,42642.35,43183.56,47753.1355
2024-03-13 18:00:00,43168.33,43571.98,42306.03,42855.63,58877.0741
2024-03-13 19:00:00,42848.66,44202.06,42049.79,43370.94,36361.5927
2024-03-13 20:00:00,43374.19,45285.61,42529.72,44050.5,57374.375
2024-03-13 21:00:00,43970.16,44266.96,43488.93,43779.12,56692.1129
2024-03-13 22:00:00,43879.02,44400.42,43191.21,43597.91,44088.7568
2024-03-13 23:00:00,43452.53,44320.75,41941.86,42941.87,26352.0672
2024-03-14 00:00:00,42986.94,44454.48,40640.97,42161.46,21081.1524
2024-03-14 01:00:00,42335.26,43529.25,41556.26,42787.13,24740.9195
2024-03-14 02:00:00,42658.1,43611.27,40967.94,42072.82,24515.758
2024-03-14 03:00:00,42245.59,42636.39,41452.14,41960.86,25905.6336
2024-03-14 04:00:00,41759.46,43438.02,40642.62,42495.02,22613.3535
2024-03-14 05:00:00,42410.65,43243.31,41312.38,41952.63,17261.0692
2024-03-14 06:00:00,42071.8,42674.1,41603.42,42333.11,16086.8617
2024-03-14 07:00:00,42152.72,43205.05,41578.87,42527.23,18570.9784
2024-03-14 08:00:00,42571.83,43632.28,40891.61,41978.97,21576.9493
2024-03-14 09:00:00,41900.13,42375.75,41244.63,41604.69,17569.3102
2024-03-14 10:00:00,41506.62,42174.31,41135.35,41765.7,21199.8834
2024-03-14 11:00:00,41791.18,41844.79,41718.07,41763.34,14189.6755
2024-03-14 12:00:00,41762.1,42028.28,41293.55,41584.44,14532.3924
2024-03-14 13:00:00,41782.05,42019.77,41353.86,41610.49,27926.802
2024-03-14 14:00:00,41540.77,43074.54,40884.01,42055.34,39928.5417
2024-03-14 15:00:00,42051.06,42603.28,40918.4,41630.49,50107.5958
2024-03-14 16:00:00,41658.23,42466.99,40587.45,41212.37,39221.9728
2024-03-14 17:00:00,41068.38,41553.02,40327.67,40775.06,29875.1255
2024-03-14 18:00:00,40879.05,42149.5,40180.13,41360.93,52062.3372
2024-03-14 19:00:00,41447.32,41516.39,41399.61,41471.25,25965.4239
2024-03-14 20:00:00,41553.88,41926.95,41072.51,41347.25,49793.0409
2024-03-14 21:00:00,41321.45,43061.85,40120.74,42101.46,41626.4133
2024-03-14 22:00:00,42096.07,43201.95,41458.98,42515.33,39542.5286
2024-03-14 23:00:00,42427.84,44391.01,41269.15,43143.97,28266.6192
2024-03-15 00:00:00,43208.78,44211.64,41744.35,42589.2,32977.0909
2024-03-15 01:00:00,42597.45,43263.05,41347.5,42173.59,39094.2722
2024-03-15 02:00:00,42322.21,43321.98,40554.47,41704.88,15813.6774
2024-03-15 03:00:00,41559.06,42985.25,39796.12,40839.34,23035.7874
2024-03-15 04:00:00,40854.75,41199.59,40143.75,40578.63,16939.4206
2024-03-15 05:00:00,40602.63,41360.42,39293.44,40157.68,25246.9256
2024-03-15 06:00:00,40305.5,40638.41,40074.04,40441.68,19728.4888
2024-03-15 07:00:00,40458.27,41041.65,40117.33,40716.18,26460.5387
2024-03-15 08:00:00,40619.66,41806.95,38894.55,39973.52,30402.6318
2024-03-15 09:00:00,40082.24,40440.12,39809.47,40230.01,34773.7499
2024-03-15 10:00:00,40219.31,41194.68,38622.12,39685.36,20998.7231
2024-03-15 11:00:00,39545.07,40552.27,38241.5,39014.88,27107.0086
2024-03-15 12:00:00,39019.45,39182.47,38787.72,38925.31,19429.5831
2024-03-15 13:00:00,38948.72,39237.05,38455.65,38757.58,21408.4038
2024-03-15 14:00:00,38769.47,40477.61,37601.92,39363.86,74963.5641
2024-03-15 15:00:00,39447.05,40867.34,38593.25,39983.34,64427.1551
2024-03-15 16:00:00,40006.49,40159.31,39777.02,39903.14,39669.6046
2024-03-15 17:00:00,39970.99,40837.18,39369.0,40336.31,75150.1888
2024-03-15 18:00:00,40288.9,41219.06,39146.42,39771.6,47429.708
2024-03-15 19:00:00,39574.97,39957.75,38826.07,39274.82,42348.5473
2024-03-15 20:00:00,39316.76,40358.45,37421.86,38583.15,34813.5754
2024-03-15 21:00:00,38487.86,39061.98,38129.41,38680.72,66533.8671
2024-03-15 22:00:00,38873.05,39406.08,38548.42,39078.68,64168.3897
2024-03-15 23:00:00,39198.82,40084.43,37087.8,38474.73,22857.975
2024-03-16 00:00:00,38617.44,39491.22,36980.65,38048.45,18842.836
2024-03-16 01:00:00,37881.92,38879.33,36060.21,37271.99,22077.6104
2024-03-16 02:00:00,37091.84,38532.3,36364.67,37592.25,38187.032
2024-03-16 03:00:00,37624.9,39372.18,36319.36,38293.57,30390.776
2024-03-16 04:00:00,38358.53,39600.12,36622.2,37691.02,25766.4791
2024-03-16 05:00:00,37669.69,38129.33,36788.8,37331.45,21593.6883
2024-03-16 06:00:00,37457.58,38513.78,35611.26,36713.26,25750.3053
2024-03-16 07:00:00,36785.33,37035.66,36659.4,36882.72,18374.1055
2024-03-16 08:00:00,36766.78,37165.26,36523.7,36900.83,25796.9188
2024-03-16 09:00:00,36854.53,37952.93,35374.68,36237.25,37847.5445
2024-03-16 10:00:00,36382.74,37194.05,35345.95,35933.17,19007.9772
2024-03-16 11:00:00,35817.47,36565.7,34590.99,35302.31,24507.0915
2024-03-16 12:00:00,35188.32,35695.76,34492.23,34899.68,26545.9867
2024-03-16 13:00:00,34846.93,35352.96,34509.91,35044.62,24014.4227
2024-03-16 14:00:00,35161.92,35424.06,34781.09,35001.14,50826.1058
2024-03-16 15:00:00,35109.96,36094.4,34377.77,35526.04,53707.9007
2024-03-16 16:00:00,35630.59,36691.39,34226.93,35047.33,42956.2283
2024-03-16 17:00:00,34912.5,35431.92,34622.44,35133.61,47936.5089
2024-03-16 18:00:00,35090.72,35367.02,34872.23,35214.78,55263.5043
2024-03-16 19:00:00,35041.49,35203.18,34742.04,34931.33,34315.7942
2024-03-16 20:00:00,34863.66,34926.04,34761.12,34817.42,54608.457
2024-03-16 21:00:00,34843.87,34981.59,34583.98,34753.23,34698.7207
2024-03-16 22:00:00,34696.89,35301.59,34207.06,34944.7,65617.2342
2024-03-16 23:00:00,35084.78,35109.56,35067.01,35094.55,30769.8918
2024-03-17 00:00:00,34929.1,34979.19,34896.54,34946.15,40381.509
2024-03-17 01:00:00,34840.77,36685.24,33982.29,35499.16,30391.686
2024-03-17 02:00:00,35666.12,36159.34,34893.04,35394.02,20363.9575
2024-03-17 03:00:00,35217.35,36164.01,34005.19,34720.77,15502.2041
2024-03-17 04:00:00,34617.76,35409.87,33058.4,34050.26,32952.4296
2024-03-17 05:00:00,34042.55,34375.94,33461.16,33831.09,35589.2058
2024-03-17 06:00:00,33888.07,35129.96,33074.92,34337.22,14641.9749
2024-03-17 07:00:00,34427.54,35345.34,32954.7,33922.87,38344.6944
2024-03-17 08:00:00,33897.29,34078.25,33524.42,33753.36,30863.3955
2024-03-17 09:00:00,33659.42,34070.62,33440.94,33805.53,25281.7797
2024-03-17 10:00:00,33842.91,34841.75,33258.09,34183.62,15522.194
2024-03-17 11:00:00,34084.91,34214.53,33845.06,33996.83,20322.2075
2024-03-17 12:00:00,33958.35,34930.59,33100.04,34394.75,20674.9902
2024-03-17 13:00:00,34457.47,35642.29,33874.2,34918.14,24443.7388
2024-03-17 14:00:00,35044.71,35985.0,34425.49,35470.22,50270.0305
2024-03-17 15:00:00,35454.15,35492.83,35404.59,35434.49,50528.4149
2024-03-17 16:00:00,35348.97,35857.75,34999.67,35538.6,42654.7952
2024-03-17 17:00:00,35529.2,35910.81,34945.09,35294.8,65156.5975
2024-03-17 18:00:00,35305.99,35592.3,34924.15,35141.43,44762.5763
2024-03-17 19:00:00,35173.11,35960.28,33989.51,34747.68,41177.8547
2024-03-17 20:00:00,34671.83,35507.25,33363.0,34146.97,69573.2649
2024-03-17 21:00:00,34062.4,34380.61,33430.06,33840.94,43764.6321
2024-03-17 22:00:00,33792.51,34744.48,32025.92,33140.34,53900.6948
2024-03-17 23:00:00,32986.77,33742.26,32587.68,33301.7,19677.1585
2024-03-18 00:00:00,33345.96,33476.44,33072.33,33254.06,24310.4994
2024-03-18 01:00:00,33362.33,34607.58,32638.79,33809.27,20233.0945
2024-03-18 02:00:00,33766.26,34711.66,32473.16,33289.15,33190.6849
2024-03-18 03:00:00,33449.03,34543.5,31871.29,40097.715,19487.9939
2024-03-18 04:00:00,40278.3,40952.99,39139.79,39886.56,31923.511
2024-03-18 05:00:00,39733.57,40423.99,38536.51,39243.48,32009.1199
2024-03-18 06:00:00,39142.92,40312.83,38404.14,39611.0,31069.6081
2024-03-18 07:00:00,39708.79,40779.21,38940.88,40150.84,34771.4771
2024-03-18 08:00:00,40222.39,40780.41,39412.3,39856.66,19431.0209
2024-03-18 09:00:00,39763.82,40233.55,39534.59,39921.41,14319.9694
2024-03-18 10:00:00,39851.39,40846.07,37925.25,39155.94,36819.6389
2024-03-18 11:00:00,39208.71,39614.59,38418.05,38940.13,14182.4189
2024-03-18 12:00:00,38880.3,39016.07,38638.63,38793.81,20599.8409
2024-03-18 13:00:00,38860.92,39326.43,37766.51,38481.16,38303.466
2024-03-18 14:00:00,38504.76,38830.24,37792.84,38266.49,39121.5848
2024-03-18 15:00:00,38195.83,38788.67,37742.62,38462.44,32870.1661
2024-03-18 16:00:00,38436.11,40127.45,36927.74,39198.41,54649.4071
2024-03-18 17:00:00,39094.42,40612.79,37984.18,39753.05,57887.6663
2024-03-18 18:00:00,39641.07,41714.13,38593.15,40421.41,41102.4697
2024-03-18 19:00:00,40516.18,40760.86,40067.3,40355.93,43708.7517
2024-03-18 20:00:00,40283.05,40566.24,39641.97,40062.58,67856.0461
2024-03-18 21:00:00,39989.58,40132.83,39882.02,40046.56,43734.4459
2024-03-18 22:00:00,40177.17,40334.68,39986.92,40095.94,37425.1295
2024-03-18 23:00:00,40029.4,40106.47,39860.85,39971.79,23603.7998
2024-03-19 00:00:00,40161.36,40407.66,39772.97,40017.25,18592.4818
2024-03-19 01:00:00,40216.9,40663.1,39903.54,40377.07,18443.6224
2024-03-19 02:00:00,40405.05,40462.83,40291.74,40359.66,34475.0606
2024-03-19 03:00:00,40421.86,40665.18,40263.6,40506.03,16458.6115
2024-03-19 04:00:00,40657.79,41687.64,39106.38,40129.58,20520.4275
2024-03-19 05:00:00,40287.87,41028.67,39156.55,39815.71,36128.7814
2024-03-19 06:00:00,39933.86,41897.61,38960.42,40689.1,27874.6487
2024-03-19 07:00:00,40860.06,41734.26,39206.09,40303.16,12318.5683
2024-03-19 08:00:00,40374.45,42150.72,39254.21,40967.24,17095.4673
2024-03-19 09:00:00,40868.93,41679.86,40225.89,41222.0,29356.55
2024-03-19 10:00:00,41025.67,41081.76,40949.0,40994.17,25716.9257
2024-03-19 11:00:00,41104.35,41502.7,40518.21,40879.71,26992.1711
2024-03-19 12:00:00,40726.03,41539.18,39076.54,40149.32,25949.681
2024-03-19 13:00:00,40016.41,40221.63,39607.83,39876.98,25751.7711
2024-03-19 14:00:00,39716.33,40226.12,39283.23,39941.97,42574.6065
2024-03-19 15:00:00,39846.11,40353.7,38922.79,39519.84,55959.0133
2024-03-19 16:00:00,39557.16,40515.79,38965.56,39970.65,36153.1044
2024-03-19 17:00:00,39915.78,40567.75,39140.2,39582.43,52110.7607
2024-03-19 18:00:00,39558.63,40141.23,38664.09,39234.05,31938.4094
2024-03-19 19:00:00,39188.63,39665.07,38895.07,39403.01,39805.0234
2024-03-19 20:00:00,39308.21,40280.52,38613.89,39655.92,45523.3289
2024-03-19 21:00:00,39525.22,39851.49,38815.36,39278.92,38151.1309
2024-03-19 22:00:00,39422.45,39453.52,39361.49,39399.18,36276.4176
2024-03-19 23:00:00,39207.79,40941.88,38193.2,39908.75,19275.3945
2024-03-20 00:00:00,40019.7,41279.24,39331.95,40482.77,31204.1839
2024-03-20 01:00:00,40647.25,42237.34,39637.64,41200.02,23568.8311
2024-03-20 02:00:00,41077.46,41757.21,40732.28,41347.33,16879.1806
2024-03-20 03:00:00,41369.36,41529.99,41260.2,41426.87,25397.3541
2024-03-20 04:00:00,41454.5,42041.6,40287.89,41036.59,32501.9486
2024-03-20 05:00:00,40931.98,41728.34,40549.4,41242.47,28542.4726
2024-03-20 06:00:00,41073.94,42023.54,39927.55,40564.64,35723.2904
2024-03-20 07:00:00,40386.51,41120.79,39213.7,39946.43,26082.4574
2024-03-20 08:00:00,40058.84,40554.34,39374.68,39768.59,13783.3771
2024-03-20 09:00:00,39648.25,39807.63,39541.42,39715.44,26588.4256
2024-03-20 10:00:00,39858.87,41041.38,38111.06,39239.5,24078.3929
2024-03-20 11:00:00,39284.4,39366.91,39091.67,39215.65,26023.3291
2024-03-20 12:00:00,39088.8,39118.58,39066.44,39100.2,23867.4395
2024-03-20 13:00:00,39002.07,39580.16,38144.21,38651.5,30832.9093
2024-03-20 14:00:00,38823.77,38851.84,38766.3,38804.48,38798.0014
2024-03-20 15:00:00,38635.9,38787.58,38326.98,38530.83,44587.5747
2024-03-20 16:00:00,38545.7,39437.69,37170.66,38056.41,38011.2916
2024-03-20 17:00:00,37987.91,38093.34,37921.39,38034.11,49139.1568
2024-03-20 18:00:00,37902.74,38847.29,36429.14,37381.79,65797.8582
2024-03-20 19:00:00,37253.62,39285.04,36081.16,37934.18,68785.9276
2024-03-20 20:00:00,37846.7,39535.71,36611.52,38501.97,38873.2551
2024-03-20 21:00:00,38437.95,38841.33,37863.08,38213.37,42214.5296
2024-03-20 22:00:00,38181.7,39192.23,37390.77,38582.18,46401.5045
2024-03-20 23:00:00,38765.44,39682.89,38035.2,39179.53,22458.0481
2024-03-21 00:00:00,39099.13,39387.54,38538.59,38901.25,22150.1459
2024-03-21 01:00:00,38784.33,39492.85,37508.61,38342.16,15684.0893
2024-03-21 02:00:00,38275.25,38330.52,38195.12,38244.14,25089.8442
2024-03-21 03:00:00,38305.11,39147.38,37847.69,38592.86,22224.8044
2024-03-21 04:00:00,38544.63,39596.46,37057.04,37930.13,30158.4524
2024-03-21 05:00:00,37782.59,38777.39,36423.14,37229.89,31711.4444
2024-03-21 06:00:00,37100.25,37846.81,35875.93,36581.46,15714.9623
2024-03-21 07:00:00,36608.07,37534.9,35982.83,36992.87,16363.9224
2024-03-21 08:00:00,37093.53,38265.68,35318.6,36452.56,28118.6132
2024-03-21 09:00:00,36600.23,36751.49,36414.11,36520.94,23161.7965
2024-03-21 10:00:00,36459.95,37175.94,36096.09,36719.07,22828.342
2024-03-21 11:00:00,36579.24,36777.28,36241.25,36448.69,15938.4271
2024-03-21 12:00:00,36599.22,36638.94,36571.4,36617.17,14965.5772
2024-03-21 13:00:00,36726.39,37831.86,36018.92,37152.62,32977.7996
2024-03-21 14:00:00,37176.88,39168.73,36030.62,37882.1,70862.0948
2024-03-21 15:00:00,37725.92,39439.71,36454.39,38363.49,66140.291
2024-03-21 16:00:00,38337.0,38871.14,37343.18,37994.83,59203.9979
2024-03-21 17:00:00,37832.6,38385.62,37469.68,38056.33,58368.7699
2024-03-21 18:00:00,38030.6,39238.82,36425.45,37302.67,56763.9902
2024-03-21 19:00:00,37200.17,37352.7,36942.36,37091.77,48769.8873
2024-03-21 20:00:00,37076.1,37766.85,36669.02,37321.4,45699.5749
2024-03-21 21:00:00,37458.46,38404.96,36227.48,36937.94,32109.3988
2024-03-21 22:00:00,36975.59,38415.09,36143.54,37485.4,64542.6971
2024-03-21 23:00:00,37416.18,37968.38,36429.62,37012.24,21741.6847
2024-03-22 00:00:00,37173.73,37797.8,36202.54,36753.27,33764.3518
2024-03-22 01:00:00,36876.08,37162.56,36361.18,36691.87,27851.7774
2024-03-22 02:00:00,36672.35,36874.16,36301.97,36524.46,24297.5618
2024-03-22 03:00:00,36405.79,38078.66,35624.99,37007.63,26692.4507
2024-03-22 04:00:00,37003.6,37438.09,36778.03,37158.79,23385.1116
2024-03-22 05:00:00,37270.19,37563.57,36791.84,37061.26,17937.0414
2024-03-22 06:00:00,37173.71,37453.28,36805.53,37025.47,39437.9761
2024-03-22 07:00:00,37001.09,38257.42,35971.67,37515.86,19425.1269
2024-03-22 08:00:00,37474.47,37558.66,37370.6,37431.55,24356.1419
2024-03-22 09:00:00,37297.07,37915.56,36434.92,36922.61,20881.5047
2024-03-22 10:00:00,37019.45,38216.31,35139.55,36369.66,29385.7132
2024-03-22 11:00:00,36338.7,37004.81,34870.48,35840.84,41774.9514
2024-03-22 12:00:00,35952.06,36823.5,34904.69,35494.2,19517.6526
2024-03-22 13:00:00,35425.36,35945.14,35174.61,35602.93,24556.5407
2024-03-22 14:00:00,35542.97,36774.25,34493.98,36095.76,58563.1644
2024-03-22 15:00:00,36051.38,36423.58,35862.94,36193.43,30985.7415
2024-03-22 16:00:00,36045.81,37657.66,34933.27,36749.7,79893.6443
2024-03-22 17:00:00,36763.2,37667.8,35306.53,36225.58,42211.5912
2024-03-22 18:00:00,36371.53,37304.67,35023.3,35830.61,58212.5986
2024-03-22 19:00:00,35822.65,36849.62,35339.02,36179.04,33355.7849
2024-03-22 20:00:00,36339.06,36844.0,35431.16,35940.13,49772.2202
2024-03-22 21:00:00,35798.25,36326.59,34728.99,35406.22,47558.1984
2024-03-22 22:00:00,35465.83,35541.04,35411.95,35494.08,47662.1579
2024-03-22 23:00:00,35466.4,36075.52,35020.98,35695.09,19250.4418
2024-03-23 00:00:00,35654.05,36529.62,34141.99,35009.45,15121.2131
2024-03-23 01:00:00,35112.65,35805.04,33850.56,34637.76,24427.1345
2024-03-23 02:00:00,34682.34,35852.87,33995.58,35122.1,21975.1717
2024-03-23 03:00:00,35138.21,35902.84,33626.19,34601.05,33525.1301
2024-03-23 04:00:00,34736.87,35364.42,33856.24,34396.84,29422.8519
2024-03-23 05:00:00,34454.63,34805.52,33965.74,34237.39,24216.4776
2024-03-23 06:00:00,34396.51,35107.06,33076.95,33882.25,19307.3477
2024-03-23 07:00:00,33813.03,35047.84,33030.97,34317.94,29559.7458
2024-03-23 08:00:00,34443.88,34460.26,34431.17,34450.38,27939.8484
2024-03-23 09:00:00,34567.52,35034.17,33495.77,34182.93,24546.6329
2024-03-23 10:00:00,34063.9,35348.81,33161.42,34554.31,20752.7774
2024-03-23 11:00:00,34708.82,34815.95,34653.96,34751.68,18856.8942
2024-03-23 12:00:00,34792.75,36130.7,34161.42,35270.44,38676.463
2024-03-23 13:00:00,35396.81,36013.99,34468.46,35083.09,26213.6236
2024-03-23 14:00:00,35248.69,36677.89,34522.04,35803.84,58627.5753
2024-03-23 15:00:00,35714.81,35909.9,35560.4,35794.46,55173.2522
2024-03-23 16:00:00,35636.69,35804.69,35271.56,35508.93,59727.4875
2024-03-23 17:00:00,35669.04,36341.12,34670.75,35301.6,40189.8388
2024-03-23 18:00:00,35419.62,36618.72,33946.55,34811.16,60121.2965
2024-03-23 19:00:00,34894.59,36334.38,33930.35,35514.79,62990.6044
2024-03-23 20:00:00,35341.04,36124.93,34106.4,34800.03,55175.9876
2024-03-23 21:00:00,34855.86,35220.46,34072.08,34575.37,39954.6662
2024-03-23 22:00:00,34740.98,36151.78,33932.26,35311.44,68419.1627
2024-03-23 23:00:00,35449.55,36313.23,33984.85,34900.56,39279.0738
2024-03-24 00:00:00,35003.33,35864.49,34539.24,35365.2,38629.5312
2024-03-24 01:00:00,35400.23,35769.15,34868.51,35205.6,39559.4538
2024-03-24 02:00:00,35178.02,35739.87,34901.36,35372.29,26067.3422
2024-03-24 03:00:00,35284.45,35312.45,35263.81,35295.49,25783.7289
2024-03-24 04:00:00,35154.71,36184.89,34467.99,35584.99,31092.4309
2024-03-24 05:00:00,35444.06,36546.03,34787.48,35842.34,31357.25
2024-03-24 06:00:00,35849.14,37377.3,34823.89,36458.92,34402.9233
2024-03-24 07:00:00,36624.47,36878.62,36423.8,36735.26,23716.8643
2024-03-24 08:00:00,36883.59,37058.32,36561.2,36768.26,24761.285
2024-03-24 09:00:00,36897.77,37181.19,36686.45,37006.02,32632.8427
2024-03-24 10:00:00,37108.76,37666.01,36693.79,37359.72,19389.2221
2024-03-24 11:00:00,37209.83,38988.97,36093.3,37835.96,30896.9515
2024-03-24 12:00:00,37956.42,38424.96,37388.41,37719.65,18395.9388
2024-03-24 13:00:00,37703.88,39488.81,36345.19,38444.35,24916.417
2024-03-24 14:00:00,38462.53,38879.35,37783.24,38188.49,64476.1556
2024-03-24 15:00:00,38324.69,38756.16,37613.21,38069.85,54601.2015
2024-03-24 16:00:00,38194.98,39277.75,36543.27,37585.84,43100.8121
2024-03-24 17:00:00,37467.89,37716.08,36981.63,37292.09,43852.8969
2024-03-24 18:00:00,37439.68,38571.89,36883.32,37821.23,34001.4927
2024-03-24 19:00:00,37975.85,38781.37,37426.73,38280.01,47280.471
2024-03-24 20:00:00,38354.9,38943.24,37116.48,37892.52,62068.6905
2024-03-24 21:00:00,37802.85,38660.19,37307.5,38129.3,56348.8209
2024-03-24 22:00:00,38303.2,39705.7,37611.51,38785.16,45808.2852
2024-03-24 23:00:00,38978.87,39089.3,38742.48,38889.27,24271.6689
2024-03-25 00:00:00,38887.13,40435.27,38163.35,39405.49,22647.8833
2024-03-25 01:00:00,39293.57,40362.59,37594.85,38527.21,36431.2295
2024-03-25 02:00:00,38494.28,38703.65,38373.61,38573.16,32301.4066
2024-03-25 03:00:00,38622.25,40413.28,37543.16,39222.6,40092.0544
2024-03-25 04:00:00,39341.61,39898.31,38255.12,38969.53,31762.0776
2024-03-25 05:00:00,38913.83,40559.25,37567.64,39626.88,33833.8366
2024-03-25 06:00:00,39642.05,40810.43,37977.68,39053.39,27088.9979
2024-03-25 07:00:00,38980.55,40266.04,38129.67,39459.63,33699.6139
2024-03-25 08:00:00,39480.97,41451.43,38209.77,40247.02,19361.3039
2024-03-25 09:00:00,40245.87,40447.48,40005.77,40143.13,26317.0966
2024-03-25 10:00:00,39965.52,40426.96,39400.72,39721.89,22264.0216
2024-03-25 11:00:00,39808.83,40137.37,39610.87,39919.9,28446.2711
2024-03-25 12:00:00,40001.42,42118.87,39029.35,40709.85,27428.3926
2024-03-25 13:00:00,40780.96,41238.71,39979.06,40504.52,27969.9552
2024-03-25 14:00:00,40520.56,41241.06,40166.3,40814.46,54130.1922
2024-03-25 15:00:00,40756.65,41985.45,39088.13,40136.63,55002.9436
2024-03-25 16:00:00,40229.97,40909.57,39095.27,39825.74,32535.195
2024-03-25 17:00:00,39885.24,39895.63,39867.03,39877.23,60742.1934
2024-03-25 18:00:00,40056.29,40331.49,39559.09,39875.96,31042.8247
2024-03-25 19:00:00,39714.81,40121.11,39046.78,39484.71,42102.6717
2024-03-25 20:00:00,39445.79,40303.46,38278.47,39014.47,45354.7374
2024-03-25 21:00:00,39023.78,40285.17,36788.66,38275.15,32529.7039
2024-03-25 22:00:00,38148.27,40004.05,37296.73,38855.69,40727.4538
2024-03-25 23:00:00,39013.11,39298.63,38818.85,39111.99,19446.2236
2024-03-26 00:00:00,38987.53,39635.87,37714.88,38548.33,36992.9675
2024-03-26 01:00:00,38576.85,40247.01,37426.96,39180.87,16614.7251
2024-03-26 02:00:00,39305.86,40214.86,37363.78,38567.44,47490.7271
2024-03-26 03:00:00,38685.92,39103.59,37963.38,38394.49,19194.6468
2024-03-26 04:00:00,38548.16,38554.25,38537.3,38544.53,39078.2275
2024-03-26 05:00:00,38709.73,38896.29,38593.96,38784.03,17258.0813
2024-03-26 06:00:00,38721.33,39010.81,38127.63,38513.31,17839.8695
2024-03-26 07:00:00,38458.74,40340.98,37273.91,39099.64,40808.9638
2024-03-26 08:00:00,39232.21,40249.61,37512.81,38602.58,23944.5437
2024-03-26 09:00:00,38631.57,38755.66,38550.8,38680.9,16567.9503
2024-03-26 10:00:00,38660.75,39573.84,37474.18,38193.79,19690.3331
2024-03-26 11:00:00,38011.92,39004.0,36394.92,37410.3,29258.0868
2024-03-26 12:00:00,37511.58,38632.86,36852.4,37917.97,20590.5458
2024-03-26 13:00:00,37844.83,38231.5,37628.44,37977.25,30796.708
2024-03-26 14:00:00,37990.27,38982.71,36372.91,37302.2,61801.2984
2024-03-26 15:00:00,37423.58,38984.81,36517.78,37982.99,35968.473
2024-03-26 16:00:00,38058.65,39483.36,36833.33,38683.82,70986.3925
2024-03-26 17:00:00,38518.63,39142.15,37280.0,38061.96,33587.1338
2024-03-26 18:00:00,37950.07,38795.14,37603.99,38237.56,40631.0679
2024-03-26 19:00:00,38364.24,40586.61,36980.68,39107.59,51393.4019
2024-03-26 20:00:00,38929.56,39709.03,37403.56,38371.57,63865.2452
2024-03-26 21:00:00,38398.64,39907.63,37636.64,38957.33,69712.4976
2024-03-26 22:00:00,38868.75,39618.02,38415.84,39164.59,43159.0424
2024-03-26 23:00:00,39288.63,39319.75,39238.61,39270.12,24122.2037
2024-03-27 00:00:00,39250.14,39858.66,38812.61,39506.0,21219.1154
2024-03-27 01:00:00,39501.47,40232.88,38023.15,39001.16,23597.0305
2024-03-27 02:00:00,39169.11,39428.92,38781.9,39009.62,20724.5802
2024-03-27 03:00:00,38861.15,40320.27,37877.35,39363.05,27961.9869
2024-03-27 04:00:00,39216.27,41218.1,38215.44,39993.63,26186.0598
2024-03-27 05:00:00,39867.44,41058.62,39284.06,40286.12,27731.583
2024-03-27 06:00:00,40142.2,40489.98,39838.96,40297.96,25036.4781
2024-03-27 07:00:00,40181.27,40665.61,39315.37,39888.62,27519.4025
2024-03-27 08:00:00,40056.89,40383.62,39404.8,39816.73,18788.3963
2024-03-27 09:00:00,39733.83,40668.12,38100.28,39040.32,30410.6519
2024-03-27 10:00:00,39185.29,40127.95,37414.99,38510.34,23643.6253
2024-03-27 11:00:00,38689.1,39888.12,36954.89,38003.08,30520.9116
2024-03-27 12:00:00,37877.64,39514.56,37015.48,38533.38,16362.7805
2024-03-27 13:00:00,38487.61,38762.85,38312.38,38584.15,14481.8764
2024-03-27 14:00:00,38633.65,38855.82,38464.59,38731.99,67054.1768
2024-03-27 15:00:00,38788.07,39359.41,37924.15,38450.56,59972.7865
2024-03-27 16:00:00,38493.86,38968.44,37882.51,38255.42,55899.8791
2024-03-27 17:00:00,38269.37,38551.02,37689.22,38055.26,38724.1881
2024-03-27 18:00:00,38245.21,39702.7,37534.27,38829.5,56374.2832
2024-03-27 19:00:00,38813.94,39675.27,38362.02,39141.04,47976.1335
2024-03-27 20:00:00,39083.48,40836.0,38023.65,39774.29,60118.4047
2024-03-27 21:00:00,39729.92,40046.67,39183.7,39513.09,49810.777
2024-03-27 22:00:00,39401.25,40061.54,37989.34,38914.2,57306.2935
2024-03-27 23:00:00,39069.99,39281.78,38954.99,39145.33,22926.0843
2024-03-28 00:00:00,39004.93,40056.22,37514.95,38394.35,39809.4072
2024-03-28 01:00:00,38441.8,39390.5,36617.71,37751.21,19084.9067
2024-03-28 02:00:00,37757.82,38508.31,36427.55,37274.99,26482.976
2024-03-28 03:00:00,37190.5,38160.42,36705.78,37556.41,27605.0555
2024-03-28 04:00:00,37442.92,37652.16,37058.36,37310.06,21256.3785
2024-03-28 05:00:00,37241.49,38976.59,36087.97,37886.54,39604.1117
2024-03-28 06:00:00,37995.26,38755.12,36175.9,37365.68,21079.1369
2024-03-28 07:00:00,37295.92,38712.0,36504.39,37895.34,25046.0483
2024-03-28 08:00:00,37843.4,39495.43,36689.54,38462.89,29989.6401
2024-03-28 09:00:00,38382.02,39391.21,36595.13,37770.21,18983.1879
2024-03-28 10:00:00,37782.41,38198.34,37488.9,37961.18,30441.2669
2024-03-28 11:00:00,38033.29,39863.83,36970.25,38647.38,19213.1866
2024-03-28 12:00:00,38746.19,39596.03,37332.3,38181.42,14975.1822
2024-03-28 13:00:00,38253.25,39685.89,37441.8,38739.75,24094.7866
2024-03-28 14:00:00,38921.94,40766.89,37594.96,39617.25,79605.4912
2024-03-28 15:00:00,39446.46,40275.96,37997.86,38870.45,41160.0308
2024-03-28 16:00:00,38983.55,39765.59,38599.92,39246.93,61606.3375
2024-03-28 17:00:00,39083.3,39539.68,38888.37,39244.03,58393.2894
2024-03-28 18:00:00,39114.16,40407.61,38331.48,39663.71,56738.9614
2024-03-28 19:00:00,39659.59,41102.69,38764.06,40303.37,42358.2653
2024-03-28 20:00:00,40276.35,41608.98,38197.58,39536.0,44052.2785
2024-03-28 21:00:00,39556.27,40714.91,37978.77,38971.87,51446.8393
2024-03-28 22:00:00,38925.37,40502.56,38151.39,39555.23,61071.6107
2024-03-28 23:00:00,39490.22,40870.7,38615.21,39969.07,22604.3753
2024-03-29 00:00:00,40146.1,41075.7,39586.25,40497.96,25580.6583
2024-03-29 01:00:00,40667.56,41838.03,39009.49,39992.14,22216.3368
2024-03-29 02:00:00,40116.42,41239.56,39497.5,40607.81,19595.9064
2024-03-29 03:00:00,40730.23,42043.72,40181.5,41184.57,18728.712
2024-03-29 04:00:00,41337.02,41788.58,41006.67,41531.24,31586.9597
2024-03-29 05:00:00,41686.32,42776.36,41067.23,42163.43,25921.5014
2024-03-29 06:00:00,42267.18,43168.89,40170.31,41559.04,19289.0402
2024-03-29 07:00:00,41448.11,42390.79,39615.52,40702.04,28321.0284
2024-03-29 08:00:00,40578.83,42704.81,39510.56,41370.82,25758.1666
2024-03-29 09:00:00,41521.83,42504.05,39915.05,40793.15,17388.4986
2024-03-29 10:00:00,40647.88,40851.25,40527.7,40716.17,21801.3309
2024-03-29 11:00:00,40588.75,41166.8,39913.17,40298.79,29571.0242
2024-03-29 12:00:00,40339.72,40365.79,40323.17,40350.45,33711.3754
2024-03-29 13:00:00,40362.78,41106.39,40012.45,40612.77,23397.3763
2024-03-29 14:00:00,40435.2,40885.28,39755.97,40183.25,51293.1511
2024-03-29 15:00:00,40289.51,41059.06,39664.2,40637.79,32676.8802
2024-03-29 16:00:00,40806.98,41201.5,40186.88,40580.88,28092.3614
2024-03-29 17:00:00,40718.74,40862.52,40511.59,40638.59,47956.994
2024-03-29 18:00:00,40562.79,42467.6,39210.61,41372.58,31884.4617
2024-03-29 19:00:00,41358.08,41481.11,41175.49,41294.62,60568.4776
2024-03-29 20:00:00,41459.42,41563.61,41237.32,41380.11,36050.9193
2024-03-29 21:00:00,41230.91,41832.96,40413.05,40928.64,37182.5846
2024-03-29 22:00:00,41047.9,41668.97,40603.16,41313.51,30773.35
2024-03-29 23:00:00,41268.6,42118.06,39987.14,40690.67,22183.0971
2024-03-30 00:00:00,40875.89,41068.03,40747.71,40956.55,27544.3107
2024-03-30 01:00:00,41139.76,42245.51,39881.45,40579.97,28521.3183
2024-03-30 02:00:00,40508.26,40562.3,40418.1,40470.5,37662.5391
2024-03-30 03:00:00,40436.64,41576.06,38603.62,39648.89,34374.2444
2024-03-30 04:00:00,39620.74,40401.96,38167.11,39021.43,37473.2182
2024-03-30 05:00:00,39163.51,39567.33,38703.67,38959.18,22885.7283
2024-03-30 06:00:00,38845.99,39220.49,38063.5,38575.93,26316.1465
2024-03-30 07:00:00,38758.21,39933.85,38019.31,39202.86,19213.5701
2024-03-30 08:00:00,39056.69,39531.58,38228.08,38778.34,20898.6944
2024-03-30 09:00:00,38676.36,39957.61,37897.08,39170.89,16582.8291
2024-03-30 10:00:00,39012.48,40066.19,38518.57,39402.9,27338.0901
2024-03-30 11:00:00,39556.93,41306.49,38426.05,40282.04,39605.7848
2024-03-30 12:00:00,40191.89,41269.63,38902.43,39618.09,23153.9168
2024-03-30 13:00:00,39549.64,40878.57,38872.9,40063.52,19877.5798
2024-03-30 14:00:00,40257.94,40701.5,39944.25,40426.66,57558.7514
2024-03-30 15:00:00,40466.11,41564.06,38752.65,39851.61,41348.0895
2024-03-30 16:00:00,39764.92,40938.67,38907.22,40227.32,27698.6983
2024-03-30 17:00:00,40084.13,41394.3,37945.4,39322.99,34166.745
2024-03-30 18:00:00,39484.14,40430.66,38012.52,38927.59,57627.1961
2024-03-30 19:00:00,38774.89,39273.89,37803.76,38423.67,41507.7139
2024-03-30 20:00:00,38280.94,39886.67,36958.03,38979.35,51887.2642
2024-03-30 21:00:00,38907.34,39813.33,38322.89,39250.51,51594.6918
2024-03-30 22:00:00,39182.45,40355.81,38431.17,39709.18,53259.3906
2024-03-30 23:00:00,39861.37,41117.52,38228.71,39153.21,14069.3073
2024-03-31 00:00:00,39016.79,39121.74,38967.44,39052.34,36020.5955
2024-03-31 01:00:00,38989.14,39234.46,38635.73,38852.9,25797.7634
2024-03-31 02:00:00,38908.0,39122.32,38445.32,38746.13,30120.3133
2024-03-31 03:00:00,38597.05,40126.98,37713.24,39232.24,31798.5463
2024-03-31 04:00:00,39056.67,40331.84,38395.67,39592.36,17990.4477
2024-03-31 05:00:00,39454.83,40975.31,38602.13,40039.52,35797.6763
2024-03-31 06:00:00,39847.03,40944.81,39112.42,40270.27,31216.6947
2024-03-31 07:00:00,40085.08,40425.4,39845.52,40228.85,16484.8072
2024-03-31 08:00:00,40261.67,40669.22,39766.51,40049.28,19624.9977
2024-03-31 09:00:00,40215.56,41168.43,39569.22,40608.48,21589.5929
2024-03-31 10:00:00,40487.3,40917.37,40232.55,40661.59,16009.5121
2024-03-31 11:00:00,40574.32,41861.11,38493.43,39809.61,27078.5244
2024-03-31 12:00:00,39684.14,41025.54,37651.18,38956.59,30754.9796
2024-03-31 13:00:00,38983.94,40089.17,38313.26,39369.53,39888.93
2024-03-31 14:00:00,39314.78,40506.76,37455.23,38613.98,62630.611
2024-03-31 15:00:00,38618.27,39021.49,37929.73,38324.62,40817.623
2024-03-31 16:00:00,38408.91,39276.2,37897.73,38746.86,64151.6445
2024-03-31 17:00:00,38739.18,39164.31,38479.3,38889.08,53955.8596
2024-03-31 18:00:00,38736.35,39684.84,37001.88,37962.04,29905.9074
2024-03-31 19:00:00,37772.23,37920.24,37525.79,37689.23,29162.3009
2024-03-31 20:00:00,37744.17,39730.36,36678.9,38455.18,44720.4559
2024-03-31 21:00:00,38377.3,39302.46,36725.87,37663.47,56286.9384
2024-03-31 22:00:00,37845.49,39286.57,36772.73,38473.07,75276.1732
2024-03-31 23:00:00,38619.38,40180.89,37758.37,39286.79,32089.8223
2024-04-01 00:00:00,39438.61,40182.28,39064.07,39746.1,20714.5369
2024-04-01 01:00:00,39822.33,40510.33,38688.41,39369.12,16066.294
2024-04-01 02:00:00,39355.62,39974.95,37862.84,38844.03,37502.0946
2024-04-01 03:00:00,38990.23,39898.7,38544.31,39317.59,22839.5161
2024-04-01 04:00:00,39499.7,40363.04,38095.94,39006.86,28357.8008
2024-04-01 05:00:00,39031.52,40506.95,38049.24,39588.88,37279.6127
2024-04-01 06:00:00,39684.89,40115.52,38839.78,39346.01,33152.2084
2024-04-01 07:00:00,39296.15,41052.6,38264.99,39927.75,25344.6965
2024-04-01 08:00:00,39890.62,40210.29,39636.33,40018.61,24235.8716
2024-04-01 09:00:00,40087.71,41799.06,39134.63,40712.16,29401.4751
2024-04-01 10:00:00,40611.68,41753.51,39012.72,40023.04,26660.5213
2024-04-01 11:00:00,40095.22,41642.12,38885.93,40720.29,30944.8571
2024-04-01 12:00:00,40655.81,41259.14,40249.92,40871.61,33137.4927
2024-04-01 13:00:00,40991.07,42331.08,40001.53,41523.44,44045.3186
2024-04-01 14:00:00,41541.71,41628.22,41496.06,41574.23,51668.7498
2024-04-01 15:00:00,41673.89,42542.01,41185.76,41980.63,44297.701
2024-04-01 16:00:00,41927.45,43846.21,40567.8,42660.22,38150.5609
2024-04-01 17:00:00,42620.97,43601.02,41886.57,43049.85,50796.433
2024-04-01 18:00:00,43220.0,43866.83,41692.53,42681.18,43848.2082
2024-04-01 19:00:00,42529.39,43955.84,40787.54,41801.64,51791.8052
2024-04-01 20:00:00,41819.18,43068.67,40321.9,41144.37,28312.5034
2024-04-01 21:00:00,41015.06,42037.33,40379.73,41467.98,64634.9104
2024-04-01 22:00:00,41408.89,41691.38,41016.84,41248.23,37920.3803
2024-04-01 23:00:00,41218.75,41600.68,40968.56,41366.63,15514.3141
2024-04-02 00:00:00,41172.83,41536.67,40352.82,40875.78,30812.8869
2024-04-02 01:00:00,40891.73,42042.98,39118.91,40234.2,30308.419
2024-04-02 02:00:00,40230.3,41166.59,38260.3,39469.67,36915.2826
2024-04-02 03:00:00,39486.93,40659.03,37660.7,38828.23,36190.0461
2024-04-02 04:00:00,38924.93,39725.12,38027.99,38522.26,25460.8363
2024-04-02 05:00:00,38658.88,39328.82,37690.99,38220.57,22128.7689
2024-04-02 06:00:00,38327.91,40034.32,37258.43,38995.64,29874.3545
2024-04-02 07:00:00,38952.03,40755.05,38131.64,39614.19,32789.1032
2024-04-02 08:00:00,39610.66,41162.44,38762.86,40248.02,20909.8503
2024-04-02 09:00:00,40090.92,41126.06,38784.86,39537.34,19777.396
2024-04-02 10:00:00,39646.36,41069.18,38761.84,40132.9,14106.4044
2024-04-02 11:00:00,40068.72,40912.53,39663.01,40362.07,26934.7694
2024-04-02 12:00:00,40528.22,41375.31,38724.52,39882.26,38609.5931
2024-04-02 13:00:00,39857.57,40231.49,39386.45,39645.01,28123.665
2024-04-02 14:00:00,39698.46,40685.49,38183.71,39073.34,51783.4293
2024-04-02 15:00:00,38903.44,39626.59,37985.68,38534.29,49405.438
2024-04-02 16:00:00,38690.98,40025.86,37918.23,39272.17,55657.2922
2024-04-02 17:00:00,39251.0,41198.85,38151.51,40030.56,37105.8176
2024-04-02 18:00:00,39904.67,40132.81,39574.33,39766.21,29092.6672
2024-04-02 19:00:00,39846.33,40818.62,37641.15,39067.24,37811.6806
2024-04-02 20:00:00,39100.67,40563.48,37326.49,38332.51,77171.5093
2024-04-02 21:00:00,38447.98,39204.4,37211.23,37969.17,32346.6388
2024-04-02 22:00:00,38019.82,38198.84,37936.9,38082.78,31289.7338
2024-04-02 23:00:00,38220.33,39284.13,36245.64,37559.87,25424.0163
2024-04-03 00:00:00,37655.05,38929.03,36948.68,38166.82,16787.2819
2024-04-03 01:00:00,38140.82,39738.09,37449.7,38706.32,38048.6161
2024-04-03 02:00:00,38664.04,39140.35,38367.93,38828.65,18429.8119
2024-04-03 03:00:00,38941.43,40586.56,37848.85,39546.96,20956.6114
2024-04-03 04:00:00,39462.97,40560.62,38935.0,39894.07,13445.3992
2024-04-03 05:00:00,40050.32,41023.04,38633.28,39482.5,24338.4083
2024-04-03 06:00:00,39603.64,41217.75,38527.76,40264.4,21467.8198
2024-04-03 07:00:00,40444.98,40491.42,40409.88,40463.49,30277.069
2024-04-03 08:00:00,40634.83,41101.46,40351.11,40805.83,18945.0827
2024-04-03 09:00:00,40801.62,41216.63,40105.88,40544.42,17761.9386
2024-04-03 10:00:00,40451.68,41001.76,39614.85,40110.18,41428.3163
2024-04-03 11:00:00,40136.66,40488.11,39440.94,39893.45,24355.891
2024-04-03 12:00:00,39799.27,40008.67,39458.04,39678.03,26021.84
2024-04-03 13:00:00,39785.12,40355.9,38973.12,39458.91,24074.9217
2024-04-03 14:00:00,39576.51,39879.17,39346.2,39705.92,61103.6596
2024-04-03 15:00:00,39589.08,40904.22,38970.86,40048.23,54536.9115
2024-04-03 16:00:00,39946.36,39981.8,39879.95,39921.34,40759.9286
2024-04-03 17:00:00,39963.65,40744.22,38836.04,39568.07,57227.1249
2024-04-03 18:00:00,39444.98,41460.3,38373.84,40129.94,73218.0213
2024-04-03 19:00:00,40040.49,40295.38,39906.44,40148.52,48157.9663
2024-04-03 20:00:00,40186.77,40244.11,40099.57,40148.78,31593.396
2024-04-03 21:00:00,40269.75,41617.22,38531.8,39552.14,50002.8371
2024-04-03 22:00:00,39664.42,41521.57,38743.12,40339.9,68507.5334
2024-04-03 23:00:00,40142.18,40585.32,39510.7,39881.42,20486.105
2024-04-04 00:00:00,39928.6,40200.8,39743.4,40041.39,25381.2379
2024-04-04 01:00:00,40062.9,40467.01,39227.41,39769.18,27102.6398
2024-04-04 02:00:00,39815.43,41460.59,38518.11,40539.23,34111.3429
2024-04-04 03:00:00,40533.66,41763.65,38975.59,39878.12,21999.093
2024-04-04 04:00:00,39747.94,40319.69,38684.81,39303.3,23298.3734
2024-04-04 05:00:00,39342.49,39586.88,38935.93,39164.2,18371.8058
2024-04-04 06:00:00,39141.69,40080.66,38508.1,39516.14,24038.3012
2024-04-04 07:00:00,39425.93,40987.37,38323.04,40028.06,25288.6418
2024-04-04 08:00:00,40027.67,40559.16,39715.65,40212.82,24713.5883
2024-04-04 09:00:00,40253.42,41054.86,39667.12,40573.72,17712.801
2024-04-04 10:00:00,40535.22,41118.77,39563.79,40127.86,27786.6645
2024-04-04 11:00:00,39936.96,41602.45,38714.53,40632.29,31055.8345
2024-04-04 12:00:00,40587.14,40965.35,39935.47,40335.79,36149.6221
2024-04-04 13:00:00,40170.2,40714.74,39188.38,39776.41,36037.1083
2024-04-04 14:00:00,39644.57,41167.72,38702.81,40205.37,68489.2923
2024-04-04 15:00:00,40398.02,40793.81,39900.82,40179.18,54304.9538
2024-04-04 16:00:00,40257.66,41173.03,38123.46,39533.12,46750.5084
2024-04-04 17:00:00,39674.85,40354.21,38837.13,39323.35,40684.759
2024-04-04 18:00:00,39217.89,40012.11,37475.78,38578.28,70555.7949
2024-04-04 19:00:00,38748.61,39571.5,37265.1,38246.34,60133.9925
2024-04-04 20:00:00,38364.03,39191.43,37310.45,37896.58,36465.1729
2024-04-04 21:00:00,37774.83,38666.49,36179.7,37206.9,53429.0641
2024-04-04 22:00:00,37367.69,37826.57,36271.11,36987.51,58693.1694
2024-04-04 23:00:00,36810.24,36825.15,36801.55,36816.88,12443.9238
2024-04-05 00:00:00,36681.5,38203.22,35801.04,37212.19,19390.4881
2024-04-05 01:00:00,37091.3,37900.81,35521.51,36512.5,25516.7049
2024-04-05 02:00:00,36467.74,37610.51,34399.43,35739.23,30743.3102
2024-04-05 03:00:00,35754.05,35976.71,35345.9,35616.61,30840.7854
2024-04-05 04:00:00,35654.19,36525.98,35093.24,35965.6,25030.8907
2024-04-05 05:00:00,35966.73,35967.46,35965.8,35966.34,23860.3087
2024-04-05 06:00:00,35893.85,36273.05,35668.9,36043.73,20069.5061
2024-04-05 07:00:00,35935.13,37012.29,34049.4,35239.49,24256.8052
2024-04-05 08:00:00,35341.87,36299.93,34833.97,35694.19,15489.9747
2024-04-05 09:00:00,35596.77,35734.76,35373.38,35509.95,28412.0914
2024-04-05 10:00:00,35496.92,35645.29,35143.26,35377.36,39545.0213
2024-04-05 11:00:00,35304.98,36297.09,33721.44,34673.9,30329.6195
2024-04-05 12:00:00,34707.96,35032.58,34187.44,34506.34,40422.4283
2024-04-05 13:00:00,34499.25,34775.04,33901.25,34295.68,23203.189
2024-04-05 14:00:00,34174.25,34871.36,33822.26,34462.83,36988.7883
2024-04-05 15:00:00,34298.84,34542.5,33958.51,34166.32,46802.7013
2024-04-05 16:00:00,34012.88,34066.04,33977.02,34036.01,46892.3422
2024-04-05 17:00:00,33878.14,34931.47,33252.45,34256.63,36054.3966
2024-04-05 18:00:00,34404.94,34695.33,33976.23,34236.94,50458.7453
2024-04-05 19:00:00,34114.44,35402.51,33260.98,34680.74,40590.0085
2024-04-05 20:00:00,34612.39,36091.59,33572.85,35240.34,52775.442
2024-04-05 21:00:00,35117.58,35276.49,34989.82,35183.68,23447.2772
2024-04-05 22:00:00,35309.93,35835.25,34563.79,34978.74,53052.6397
2024-04-05 23:00:00,35127.34,35138.91,35103.82,35118.18,33351.905
2024-04-06 00:00:00,35286.56,36753.56,34590.57,35781.41,34156.2297
2024-04-06 01:00:00,35893.9,36315.14,35256.34,35650.68,33839.2797
2024-04-06 02:00:00,35682.69,36424.16,35207.66,35943.32,23655.3298
2024-04-06 03:00:00,35919.55,36558.46,35120.75,35592.24,44950.6336
2024-04-06 04:00:00,35432.53,35801.78,35249.8,35562.49,31901.946
2024-04-06 05:00:00,35685.0,36473.27,34653.41,35283.83,15057.9294
2024-04-06 06:00:00,35298.72,35645.77,34808.25,35105.28,16891.7851
2024-04-06 07:00:00,34986.78,35037.97,34927.42,34960.43,24540.6598
2024-04-06 08:00:00,34937.92,35960.85,34242.89,35378.23,20546.7395
2024-04-06 09:00:00,35243.17,35952.36,34276.79,34870.55,37559.03
2024-04-06 10:00:00,34837.53,36020.44,34015.32,35324.49,16258.9173
2024-04-06 11:00:00,35263.43,35483.4,34869.86,35089.72,22850.7942
2024-04-06 12:00:00,35103.89,35117.04,35073.17,35093.56,32003.2191
2024-04-06 13:00:00,35266.16,36208.8,33645.92,34563.78,36730.9762
2024-04-06 14:00:00,34627.95,35753.02,33877.73,35080.55,34792.2756
2024-04-06 15:00:00,35020.96,36097.17,33089.47,34375.1,61753.6732
2024-04-06 16:00:00,34269.31,34953.72,32914.34,33816.87,34882.8583
2024-04-06 17:00:00,33855.91,33957.14,33805.47,33891.24,29694.8599
2024-04-06 18:00:00,33809.89,34345.38,33562.15,34003.92,52912.7539
2024-04-06 19:00:00,33844.79,35147.27,33007.66,34321.54,59787.6164
2024-04-06 20:00:00,34324.59,34824.5,33610.4,34041.28,54527.2501
2024-04-06 21:00:00,34206.24,34587.48,33582.05,33945.35,30519.3604
2024-04-06 22:00:00,33802.59,34074.58,33650.11,33921.15,39082.2075
2024-04-06 23:00:00,33776.46,34781.05,33168.84,34141.74,29869.5069
2024-04-07 00:00:00,34012.9,34592.89,33690.57,34209.23,33072.0822
2024-04-07 01:00:00,34109.95,34154.77,34025.01,34073.42,13950.5533
2024-04-07 02:00:00,33913.74,35064.07,33267.52,34392.7,29306.7863
2024-04-07 03:00:00,34357.44,35064.18,33981.98,34644.87,27619.326
2024-04-07 04:00:00,34617.97,35113.56,33937.5,34361.5,21917.5822
2024-04-07 05:00:00,34458.81,36044.68,33463.51,35084.99,31803.36
2024-04-07 06:00:00,35219.79,35836.25,34133.62,34853.54,38802.9595
2024-04-07 07:00:00,34824.91,35845.62,34157.42,35202.22,30463.4652
2024-04-07 08:00:00,35027.17,35071.99,34964.49,35003.07,16765.134
2024-04-07 09:00:00,35058.61,35922.4,34519.67,35390.33,42959.0009
2024-04-07 10:00:00,35430.13,35835.37,35118.43,35589.18,30047.841
2024-04-07 11:00:00,35667.16,35844.04,35545.83,35734.39,14025.2617
2024-04-07 12:00:00,35701.28,36215.34,35414.7,35882.7,39849.4712
2024-04-07 13:00:00,36031.29,36405.11,35803.67,36188.04,25875.5251
2024-04-07 14:00:00,36115.77,36605.83,35811.85,36335.43,57110.2868
2024-04-07 15:00:00,36250.17,36349.69,36162.73,36294.75,41239.2464
2024-04-07 16:00:00,36269.35,38160.3,35325.24,36934.73,65661.6796
2024-04-07 17:00:00,36903.98,36911.64,36899.24,36906.57,45989.0907
2024-04-07 18:00:00,36943.57,38264.1,35371.26,36280.35,54726.1734
2024-04-07 19:00:00,36140.99,36904.37,35125.68,35757.65,42292.2331
2024-04-07 20:00:00,35650.47,36247.95,35197.17,35914.4,55042.498
2024-04-07 21:00:00,35781.47,36640.54,35165.35,36138.44,53407.8722
2024-04-07 22:00:00,36285.15,36856.84,35306.75,35855.66,62244.8302
2024-04-07 23:00:00,35870.83,36028.33,35732.1,35940.68,37283.7976
2024-04-08 00:00:00,35762.17,36441.34,34705.74,35389.6,44249.0419
2024-04-08 01:00:00,35252.77,35341.87,35059.58,35184.09,29086.2896
2024-04-08 02:00:00,35051.13,35621.76,34752.79,35286.67,28795.5641
2024-04-08 03:00:00,35247.11,36103.91,34029.22,34809.06,37726.6327
2024-04-08 04:00:00,34972.46,36088.46,34476.72,35345.25,23228.6515
2024-04-08 05:00:00,35412.24,36275.57,34196.73,34979.04,21510.6656
2024-04-08 06:00:00,34940.31,35759.5,34362.59,35299.16,27768.2443
2024-04-08 07:00:00,35189.78,35735.3,34841.78,35383.31,20623.7018
2024-04-08 08:00:00,35286.63,35936.09,34933.0,35508.26,28888.8678
2024-04-08 09:00:00,35558.87,36086.8,34462.27,35130.9,14823.4063
2024-04-08 10:00:00,35302.22,36968.23,34363.25,35914.95,44146.8061
2024-04-08 11:00:00,36044.96,37165.91,34444.83,35446.94,23187.0182
2024-04-08 12:00:00,35317.83,35333.78,35295.62,35309.84,22136.1148
2024-04-08 13:00:00,35144.76,36301.06,34461.6,35616.02,30193.8509
2024-04-08 14:00:00,35743.76,36660.23,33852.96,35107.4,34043.2413
2024-04-08 15:00:00,35065.12,35781.45,33834.08,34578.47,33149.0792
2024-04-08 16:00:00,34431.55,34811.53,33846.16,34167.65,62027.5831
2024-04-08 17:00:00,34240.02,35730.47,33388.64,34746.09,61812.9261
2024-04-08 18:00:00,34605.42,35084.26,33655.37,34279.02,32784.3149
2024-04-08 19:00:00,34381.98,34906.75,33321.11,34012.75,50989.1695
2024-04-08 20:00:00,34134.94,35257.71,33427.93,34560.37,53415.0974
2024-04-08 21:00:00,34578.47,35115.06,33793.89,34298.45,33497.1559
2024-04-08 22:00:00,34271.07,34793.85,34002.31,34487.52,34374.2785
2024-04-08 23:00:00,34517.97,35376.55,33119.91,33975.11,24971.2094
2024-04-09 00:00:00,33895.02,34221.32,33668.95,34018.2,13523.2822
2024-04-09 01:00:00,34068.71,34340.83,33908.39,34162.76,12753.3772
2024-04-09 02:00:00,34233.87,35123.91,32924.95,33781.12,34083.0658
2024-04-09 03:00:00,33614.0,33688.72,33557.29,33644.89,24452.8531
2024-04-09 04:00:00,33660.89,34472.97,32039.16,40518.81,21371.0677
2024-04-09 05:00:00,40455.71,40714.14,40003.22,40301.2,17764.8908
2024-04-09 06:00:00,40444.73,41377.56,38793.85,39837.49,34121.7547
2024-04-09 07:00:00,39799.86,40489.35,38667.78,39308.2,21424.1858
2024-04-09 08:00:00,39158.82,39776.55,38828.74,39426.7,40060.6712
2024-04-09 09:00:00,39517.88,40188.93,39117.95,39808.83,36238.5455
2024-04-09 10:00:00,39869.28,40861.48,39449.74,40215.72,14961.6837
2024-04-09 11:00:00,40072.71,41089.7,39391.33,40432.26,21218.7407
2024-04-09 12:00:00,40496.76,41242.96,40099.16,40788.84,23859.894
2024-04-09 13:00:00,40728.95,42468.67,39686.36,41331.66,33437.6133
2024-04-09 14:00:00,41305.81,41939.26,40352.79,40896.24,64530.1707
2024-04-09 15:00:00,40997.8,41091.89,40946.49,41037.62,34387.0113
2024-04-09 16:00:00,40905.09,42040.26,40108.24,41345.32,31194.8155
2024-04-09 17:00:00,41263.95,41883.13,39948.41,40808.92,69945.7922
2024-04-09 18:00:00,40714.91,40764.53,40641.09,40682.91,56247.2577
2024-04-09 19:00:00,40635.95,42724.68,39280.97,41426.72,34924.8144
2024-04-09 20:00:00,41373.21,41892.22,40200.7,40967.44,46034.9014
2024-04-09 21:00:00,40927.99,42334.42,39292.64,40212.52,62993.2477
2024-04-09 22:00:00,40109.69,42272.26,38725.78,40843.99,61490.9694
2024-04-09 23:00:00,41016.28,41640.15,40764.66,41225.5,31019.7887
2024-04-10 00:00:00,41303.68,41539.93,41196.77,41392.68,14537.8258
2024-04-10 01:00:00,41312.52,42360.59,40507.7,41749.05,29973.8001
2024-04-10 02:00:00,41819.96,43863.67,40675.25,42590.54,27091.8885
2024-04-10 03:00:00,42756.75,43322.22,42011.64,42456.97,31204.3028
2024-04-10 04:00:00,42454.06,42647.89,42130.8,42336.59,20130.693
2024-04-10 05:00:00,42222.83,43686.3,41275.72,42841.91,29480.7835
2024-04-10 06:00:00,42919.44,45005.41,41850.25,43736.5,28667.9841
2024-04-10 07:00:00,43560.18,44381.11,42487.71,43135.83,39041.0757
2024-04-10 08:00:00,43303.97,44852.91,41983.78,43984.89,23536.2396
2024-04-10 09:00:00,43875.07,44357.73,43538.47,44047.63,19326.5619
2024-04-10 10:00:00,43949.44,45006.48,42320.48,43364.1,35891.5481
2024-04-10 11:00:00,43577.56,45077.58,42917.72,44093.04,22843.1847
2024-04-10 12:00:00,44126.41,45676.81,41525.44,43244.04,35290.1824
2024-04-10 13:00:00,43098.87,44328.07,42416.28,43510.72,24728.0144
2024-04-10 14:00:00,43650.96,44224.62,42563.42,43186.9,55797.6607
2024-04-10 15:00:00,43098.37,44277.92,41060.11,42342.03,34225.9754
2024-04-10 16:00:00,42436.9,42845.56,41801.05,42210.53,57286.7812
2024-04-10 17:00:00,42289.85,43603.23,41441.93,42854.2,31696.7892
2024-04-10 18:00:00,42714.96,44200.95,41972.14,43300.86,31716.0051
2024-04-10 19:00:00,43264.08,43463.19,43000.11,43150.93,55779.237
2024-04-10 20:00:00,43316.56,43472.76,43227.07,43370.04,62139.7588
2024-04-10 21:00:00,43296.33,43447.8,43078.82,43215.03,46208.097
2024-04-10 22:00:00,43193.02,44251.93,41745.11,42626.56,43473.5931
2024-04-10 23:00:00,42808.24,44273.44,42115.09,43319.03,25425.1917
2024-04-11 00:00:00,43303.81,44483.4,41293.86,42595.4,14831.7523
2024-04-11 01:00:00,42696.35,42861.67,42601.94,42753.64,23775.2721
2024-04-11 02:00:00,42844.47,44061.48,42115.09,43387.23,40279.3155
2024-04-11 03:00:00,43274.63,44741.74,41225.62,42497.0,18852.4231
2024-04-11 04:00:00,42320.03,42416.59,42260.22,42362.48,29231.3769
2024-04-11 05:00:00,42169.31,42199.26,42132.3,42153.3,32444.4481
2024-04-11 06:00:00,41980.21,42899.14,40479.47,41388.83,23368.7109
2024-04-11 07:00:00,41496.5,41609.76,41302.17,41431.6,15831.4255
2024-04-11 08:00:00,41229.22,42579.28,39499.17,40449.69,26525.4003
2024-04-11 09:00:00,40377.89,41561.95,39683.74,40793.88,14606.6466
2024-04-11 10:00:00,40978.71,42181.76,39246.02,40320.2,28475.6889
2024-04-11 11:00:00,40420.38,40890.97,40082.84,40589.94,22947.8967
2024-04-11 12:00:00,40709.55,40725.47,40700.17,40716.1,17720.8872
2024-04-11 13:00:00,40572.76,41290.98,40182.6,40845.64,29436.6806
2024-04-11 14:00:00,40702.92,41986.8,39806.57,41231.01,30255.3555
2024-04-11 15:00:00,41041.51,41172.42,40754.23,40934.29,25192.1781
2024-04-11 16:00:00,40830.16,41202.25,40201.46,40577.59,47450.649
2024-04-11 17:00:00,40539.12,40783.14,40404.32,40641.28,33734.1735
2024-04-11 18:00:00,40568.79,41221.42,40082.58,40830.58,55159.631
2024-04-11 19:00:00,40643.52,41584.15,40210.69,40991.9,35466.7456
2024-04-11 20:00:00,41137.84,41396.16,40962.47,41233.71,28446.7821
2024-04-11 21:00:00,41289.89,43419.37,40313.55,42014.27,31286.4108
2024-04-11 22:00:00,41823.94,42779.9,40012.3,41192.25,35782.2943
2024-04-11 23:00:00,41204.32,42591.71,39240.52,40388.42,30368.0133
2024-04-12 00:00:00,40569.54,40574.44,40562.96,40567.02,24425.3237
2024-04-12 01:00:00,40578.51,41578.97,38934.54,39871.09,20079.6687
2024-04-12 02:00:00,39918.57,40355.79,39049.44,39591.48,32721.1842
2024-04-12 03:00:00,39554.91,40308.01,38185.12,39014.74,29482.6292
2024-04-12 04:00:00,39102.61,39207.65,39038.48,39146.91,22908.5115
2024-04-12 05:00:00,39293.1,40524.72,38288.0,39799.26,22577.6687
2024-04-12 06:00:00,39898.87,41088.51,39391.5,40310.09,20724.1636
2024-04-12 07:00:00,40380.94,40832.5,39751.35,40122.39,42037.0088
2024-04-12 08:00:00,39931.11,40927.54,38253.19,39267.63,20302.3288
2024-04-12 09:00:00,39297.36,40585.67,38340.37,39792.07,36513.9903
2024-04-12 10:00:00,39739.69,39971.58,39619.97,39828.85,30668.6474
2024-04-12 11:00:00,40017.03,40119.5,39893.48,39962.1,20959.3496
2024-04-12 12:00:00,40036.76,41370.63,38342.43,39328.15,31558.3099
2024-04-12 13:00:00,39432.39,39858.24,38882.32,39203.78,23763.2819
2024-04-12 14:00:00,39162.51,39734.61,38168.4,38726.83,33785.8128
2024-04-12 15:00:00,38736.98,39707.14,38176.29,39079.81,47227.7304
2024-04-12 16:00:00,39116.28,39599.21,38835.04,39321.05,40389.9085
2024-04-12 17:00:00,39213.2,40942.87,38146.38,39812.98,77076.7092
2024-04-12 18:00:00,39857.52,39879.39,39846.13,39865.31,39517.7955
2024-04-12 19:00:00,39865.58,40108.58,39437.73,39717.6,51264.8199
2024-04-12 20:00:00,39592.42,41113.32,38971.69,40099.76,36521.5765
2024-04-12 21:00:00,39944.18,40941.64,38196.62,39349.66,38581.7494
2024-04-12 22:00:00,39338.75,40108.32,38883.31,39657.93,58316.1038
2024-04-12 23:00:00,39747.07,39908.6,39384.81,39612.74,17613.1176
2024-04-13 00:00:00,39728.44,40453.5,38303.77,39146.7,14334.869
2024-04-13 01:00:00,39156.86,40191.38,38462.19,39582.68,19442.9192
2024-04-13 02:00:00,39573.71,41002.13,38607.67,40108.85,20634.1332
2024-04-13 03:00:00,40198.27,42104.97,39058.85,40908.34,17938.3693
2024-04-13 04:00:00,40840.92,41010.99,40447.44,40707.4,33693.7289
2024-04-13 05:00:00,40623.52,40704.29,40566.03,40655.5,32325.5686
2024-04-13 06:00:00,40768.53,41190.93,40101.66,40503.52,27656.3312
2024-04-13 07:00:00,40319.78,41036.12,39912.74,40632.15,23380.414
2024-04-13 08:00:00,40446.12,41435.8,39146.45,39949.34,19163.9014
2024-04-13 09:00:00,40102.96,41355.52,38635.92,39442.67,19536.6599
2024-04-13 10:00:00,39371.82,40252.11,38854.29,39757.92,24435.9071
2024-04-13 11:00:00,39700.59,41014.74,39021.79,40204.62,28090.1165
2024-04-13 12:00:00,40344.3,40545.3,39988.17,40222.42,33675.3181
2024-04-13 13:00:00,40355.71,41022.42,39580.01,40017.37,22328.0454
2024-04-13 14:00:00,40134.95,42334.58,38986.85,40913.8,45544.5194
2024-04-13 15:00:00,41082.66,42102.71,40489.21,41471.56,38384.1188
2024-04-13 16:00:00,41519.05,42319.28,39960.72,40894.83,50032.4372
2024-04-13 17:00:00,41026.62,41062.98,41006.4,41038.76,26882.265
2024-04-13 18:00:00,41069.16,43049.67,39952.71,41783.7,44931.8027
2024-04-13 19:00:00,41743.11,42623.74441555512,40220.545179687935,41519.55628950967,130133.03881143194
2024-04-13 20:00:00,42035.59,44191.96567195389,39689.69692038585,42263.14653976453,178346.3057905337
2024-04-13 21:00:00,42761.95,44068.5634953726,40969.55650921223,42665.22940399323,116785.16258499242
2024-04-13 22:00:00,42910.04,44674.00321357629,40855.838681162815,42996.00678627497,168311.4391359967
2024-04-13 23:00:00,43425.06,44540.626591963,41154.64897472676,42670.28231434379,98667.02367699382
2024-04-14 00:00:00,43221.62,45985.54672998748,40987.04334393875,43598.9874214414,123223.3457121454
2024-04-14 01:00:00,43883.42,45751.62729821882,41870.502313917306,43966.106127577725,126997.47339237714
2024-04-14 02:00:00,44178.27,45129.94752614842,42549.711947245625,43984.336235509145,51772.81988872623
2024-04-14 03:00:00,44375.23,45127.259377841925,42701.31629895017,43820.77055516142,35556.5413710303
2024-04-14 04:00:00,44256.42,46833.24318203826,41537.76697841308,44715.43291723057,67442.83222515284
2024-04-14 05:00:00,45316.23,46598.79824759314,43572.648085934045,45167.53959392979,70785.83632815494
2024-04-14 06:00:00,45368.51,47267.894530393154,43375.21482811669,45522.759191573925,61985.12807733793
2024-04-14 07:00:00,46022.16,48612.53,44556.65,46908.73,20194.492
2024-04-14 08:00:00,47051.61,48401.59,46083.63,47586.26,22295.8859
2024-04-14 09:00:00,47662.84,48934.22,45602.62,46887.83,25840.6988
2024-04-14 10:00:00,47086.38,47966.7,45566.91,46552.67,21065.9163
2024-04-14 11:00:00,46730.63,48148.21,46007.87,47228.77,27948.8192
2024-04-14 12:00:00,47049.39,48872.53,46068.01,47695.49,20321.3162
2024-04-14 13:00:00,47825.77,49443.35,46541.62,48494.88,40835.9717
2024-04-14 14:00:00,48332.06,49405.67,47486.07,48819.89,50098.3036
2024-04-14 15:00:00,49018.75,49452.65,48520.89,48801.67,61181.0378
2024-04-14 16:00:00,48656.27,49760.41,46464.15,47841.21,70240.3844
2024-04-14 17:00:00,47614.2,49734.79,46558.38,48462.38,50740.781
2024-04-14 18:00:00,48525.31,50008.48,46666.62,47696.82,43065.731
2024-04-14 19:00:00,47758.61,48726.43,46274.51,47177.67,40942.1075
2024-04-14 20:00:00,47286.17,48038.86,46116.05,46757.53,47663.5772
2024-04-14 21:00:00,46655.37,47771.73,45042.55,46025.17,34369.4829
2024-04-14 22:00:00,46192.25,47040.02,45724.94,46508.93,43133.2474
2024-04-14 23:00:00,46682.15,47884.03,45867.85,47102.27,43439.267
2024-04-15 00:00:00,47133.08,48970.48,45647.32,47948.46,21179.0301
2024-04-15 01:00:00,48032.19,48932.83,46957.24,47576.46,19628.8189
2024-04-15 02:00:00,47401.7,49435.34,45811.22,48219.63,25867.6408
2024-04-15 03:00:00,48172.04,48294.79,48009.49,48108.83,23181.134
2024-04-15 04:00:00,48304.94,49083.36,47847.18,48648.93,19593.0054
2024-04-15 05:00:00,48610.93,50497.39,47691.49,49243.2,26780.7273
2024-04-15 06:00:00,49477.81,49809.73,48849.96,49232.36,33512.2263
2024-04-15 07:00:00,49137.39,49643.26,48894.54,49319.31,19950.5092
2024-04-15 08:00:00,49498.89,50002.33,48334.94,49091.05,21539.3193
2024-04-15 09:00:00,48871.56,49036.26,48601.21,48777.22,22640.1424
2024-04-15 10:00:00,48985.83,51202.3,47716.2,49779.49,33988.5954
2024-04-15 11:00:00,49568.02,51363.26,48308.26,50230.16,37073.0903
2024-04-15 12:00:00,50394.57,51480.51,48297.96,49592.97,31398.6808
2024-04-15 13:00:00,49615.84,50822.89,48784.95,50081.34,24242.6161
2024-04-15 14:00:00,50044.29,51938.56,48978.53,50697.54,70765.1361
2024-04-15 15:00:00,50533.9,51434.64,50085.01,50900.84,39377.4526
2024-04-15 16:00:00,51134.87,52919.14,48528.56,50159.05,59986.66
2024-04-15 17:00:00,50249.71,52796.87,48500.4,51243.58,54372.3051
2024-04-15 18:00:00,51108.27,51462.18,50658.64,50914.23,53873.7905
2024-04-15 19:00:00,50660.81,50847.45,50506.67,50743.12,34316.2859
2024-04-15 20:00:00,50655.79,52032.46,48761.73,49965.28,48288.4471
2024-04-15 21:00:00,49882.86,52760.11,48176.4,50858.32,43499.3163
2024-04-15 22:00:00,50641.08,51545.1,50255.47,50947.57,46601.5625
2024-04-15 23:00:00,50895.57,51043.16,50698.97,50807.47,29630.3621
2024-04-16 00:00:00,50689.86,50929.46,50344.63,50547.85,18878.2703
2024-04-16 01:00:00,50375.15,52137.56,49217.68,51165.38,18184.5274
2024-04-16 02:00:00,51282.87,52159.82,50623.62,51615.83,30027.5109
2024-04-16 03:00:00,51619.63,52180.02,50370.78,51189.88,25161.217
2024-04-16 04:00:00,51196.13,51916.97,50817.69,51461.36,24596.0404
2024-04-16 05:00:00,51439.69,53310.37,50318.54,52078.07,23530.027
2024-04-16 06:00:00,51910.92,53979.92,50669.85,52731.52,23763.203
2024-04-16 07:00:00,52814.16,54508.15,50392.08,51813.27,43022.0287
2024-04-16 08:00:00,51587.1,52372.73,51166.17,51850.85,24050.3067
2024-04-16 09:00:00,51669.33,52418.63,51259.28,51924.87,23948.4547
2024-04-16 10:00:00,52098.34,52721.16,51125.52,51723.48,35216.6318
2024-04-16 11:00:00,51740.1,52566.98,51095.73,52115.87,33683.291
2024-04-16 12:00:00,52047.43,53230.38,51342.95,52454.45,37599.5482
2024-04-16 13:00:00,52396.83,53573.38,51649.86,52874.04,17830.2185
2024-04-16 14:00:00,52698.46,54670.95,51184.0,53541.14,60749.2618
2024-04-16 15:00:00,53371.18,53500.5,53294.88,53421.53,34390.5271
2024-04-16 16:00:00,53481.03,54420.56,51489.89,52808.65,60344.1098
2024-04-16 17:00:00,52991.76,54749.6,52146.2,53605.48,66895.2158
2024-04-16 18:00:00,53820.72,54177.43,53582.55,53977.0,38321.3439
2024-04-16 19:00:00,54201.54,55430.83,52314.03,53522.08,60158.7521
2024-04-16 20:00:00,53760.27,54231.34,53202.7,53521.74,57065.7069
2024-04-16 21:00:00,53625.89,54192.63,52701.98,53289.82,34961.3712
2024-04-16 22:00:00,53524.07,55015.07,51420.24,52680.98,32733.5583
2024-04-16 23:00:00,52690.96,55537.05,51107.2,53652.58,15576.2413
2024-04-17 00:00:00,53646.02,54751.29,53112.93,54032.49,20528.2619
2024-04-17 01:00:00,53827.15,54812.92,53199.56,54204.86,27145.951
2024-04-17 02:00:00,54194.68,54236.93,54105.31,54160.53,29013.1929
2024-04-17 03:00:00,54035.49,55904.93,51669.13,53036.25,21619.9591
2024-04-17 04:00:00,53011.68,53548.8,52172.04,52644.35,27929.4764
2024-04-17 05:00:00,52847.61,54579.89,51587.88,53518.86,23530.5208
2024-04-17 06:00:00,53479.39,55161.44,51999.48,54231.44,26029.0227
2024-04-17 07:00:00,54338.34,55050.82,53727.72,54649.84,23406.1931
2024-04-17 08:00:00,54569.97,54730.2,54289.93,54475.31,17669.4832
2024-04-17 09:00:00,54460.54,56171.88,52251.61,53502.35,24140.3312
2024-04-17 10:00:00,53304.27,55230.93,51918.74,54039.24,19531.0099
2024-04-17 11:00:00,53843.0,54515.79,52805.91,53478.79,18344.0257
2024-04-17 12:00:00,53384.91,54903.2,52316.14,53967.72,24515.2784
2024-04-17 13:00:00,53859.06,55000.69,52089.99,53142.92,26371.5793
2024-04-17 14:00:00,53232.9,53450.52,53085.8,53320.94,66170.7354
2024-04-17 15:00:00,53223.54,54441.92,52615.81,53676.31,37746.1096
2024-04-17 16:00:00,53896.64,56769.83,52341.58,54904.8,40291.1212
2024-04-17 17:00:00,55097.52,56980.97,53545.36,55940.49,41798.5003
2024-04-17 18:00:00,56022.91,57203.69,54639.13,55422.55,69964.1538
2024-04-17 19:00:00,55603.82,57530.93,54768.09,56269.54,28256.8135
2024-04-17 20:00:00,56007.21,57138.42,54254.15,55344.28,32320.7757
2024-04-17 21:00:00,55235.4,57267.8,54066.73,56011.17,60890.6859
2024-04-17 22:00:00,56005.92,56007.67,56003.14,56004.99,33532.8445
2024-04-17 23:00:00,56081.9,56340.97,55723.01,55949.69,12951.4262
2024-04-18 00:00:00,55874.88,55970.41,55829.22,55909.11,18114.0157
2024-04-18 01:00:00,56165.56,56330.6,56087.91,56223.59,28961.7127
2024-04-18 02:00:00,56356.87,57229.44,54709.79,55659.0,22497.2737
2024-04-18 03:00:00,55384.65,55935.42,54303.18,54952.36,12176.3643
2024-04-18 04:00:00,54812.09,55503.98,53366.94,54291.14,18920.7199
2024-04-18 05:00:00,54109.3,54208.35,53970.08,54047.96,26673.8695
2024-04-18 06:00:00,54264.07,54327.06,54143.11,54220.83,22752.3466
2024-04-18 07:00:00,54212.06,54708.4,53436.47,53949.48,22760.3322
2024-04-18 08:00:00,53955.38,55582.17,53026.06,54550.0,35782.9625
2024-04-18 09:00:00,54675.22,55060.69,54123.81,54440.11,18870.0038
2024-04-18 10:00:00,54423.11,56086.67,52180.93,53472.49,38431.1649
2024-04-18 11:00:00,53700.17,54692.64,53044.15,54033.97,30724.3036
2024-04-18 12:00:00,53857.03,54295.18,53577.67,54022.15,35060.8797
2024-04-18 13:00:00,54268.14,55703.11,53395.99,54773.49,29779.245
2024-04-18 14:00:00,54629.04,54893.51,54481.45,54739.73,53010.3375
2024-04-18 15:00:00,54599.88,55094.05,54368.94,54769.37,44542.4957
2024-04-18 16:00:00,54724.39,54765.31,54657.85,54700.54,52777.2343
2024-04-18 17:00:00,54869.15,55770.2,53643.7,54407.9,35663.6365
2024-04-18 18:00:00,54576.98,56190.89,53508.62,55177.18,35598.3239
2024-04-18 19:00:00,55356.43,57393.42,54278.92,56154.93,32468.958
2024-04-18 20:00:00,55905.29,56994.23,54445.62,55338.38,49194.9295
2024-04-18 21:00:00,55123.95,55164.82,55071.45,55102.62,47493.6012
2024-04-18 22:00:00,55331.29,56081.68,53710.44,54762.54,51349.7487
2024-04-18 23:00:00,54923.12,55337.25,54269.91,54697.13,21260.9302
2024-04-19 00:00:00,54906.82,55753.88,53522.73,54391.38,42231.585
2024-04-19 01:00:00,54401.51,54435.69,54382.47,54414.38,20604.9929
2024-04-19 02:00:00,54525.9,54975.1,53871.47,54247.15,26167.9555
2024-04-19 03:00:00,54008.94,56052.98,52550.6,54738.83,27615.0452
2024-04-19 04:00:00,54617.38,55455.28,53443.0,54185.04,38079.4861
2024-04-19 05:00:00,54225.06,55286.5,51795.63,53378.02,16996.0745
2024-04-19 06:00:00,53499.7,55967.97,52460.67,54352.57,20613.4667
2024-04-19 07:00:00,54504.33,55841.57,53763.66,55005.27,14391.4505
2024-04-19 08:00:00,54993.15,55936.08,54535.11,55331.37,23080.5859
2024-04-19 09:00:00,55057.43,55350.44,54617.14,54871.52,20734.5385
2024-04-19 10:00:00,55128.0,56097.2,53312.22,54345.59,16551.0104
2024-04-19 11:00:00,54138.03,55254.55,53503.68,54542.52,26935.7943
2024-04-19 12:00:00,54298.99,54941.91,54006.73,54528.86,16210.4279
2024-04-19 13:00:00,54326.83,55226.59,52399.78,53632.98,28645.7046
2024-04-19 14:00:00,53719.71,56287.25,51940.41,54634.09,40189.8055
2024-04-19 15:00:00,54759.57,56440.45,52178.54,53745.48,45569.4106
2024-04-19 16:00:00,53831.65,54014.5,53557.7,53735.5,48227.8841
2024-04-19 17:00:00,53877.56,54478.96,52737.29,53407.84,61657.1781
2024-04-19 18:00:00,53474.79,54604.61,51778.2,52706.06,64441.5012
2024-04-19 19:00:00,52521.66,53105.53,51234.75,52073.57,53875.2857
2024-04-19 20:00:00,52004.17,54706.01,50183.28,52977.01,36248.7325
2024-04-19 21:00:00,53059.21,54596.28,51935.7,53707.3,47255.7187
2024-04-19 22:00:00,53811.79,53820.78,53794.92,53804.38,53679.8321
2024-04-19 23:00:00,53683.57,53926.72,53281.16,53520.07,19641.8109
2024-04-20 00:00:00,53747.01,54503.37,51918.56,53127.87,39797.2973
2024-04-20 01:00:00,52875.86,55927.7,51281.63,53912.43,20770.6169
2024-04-20 02:00:00,53767.3,53781.11,53737.67,53756.24,17230.1604
2024-04-20 03:00:00,54005.67,54286.41,53676.14,53857.09,15342.8735
2024-04-20 04:00:00,53739.36,54681.75,53263.82,54062.0,24265.3213
2024-04-20 05:00:00,54239.2,55325.12,53687.97,54639.37,26429.198
2024-04-20 06:00:00,54502.61,55887.75,52108.22,53684.4,25203.2136
2024-04-20 07:00:00,53906.76,54659.04,53329.5,54208.29,16369.3804
2024-04-20 08:00:00,54177.29,55327.86,53602.63,54561.01,19788.188
2024-04-20 09:00:00,54422.48,54479.63,54294.87,54378.01,18512.0599
2024-04-20 10:00:00,54166.24,54501.37,53947.47,54285.28,18587.8991
2024-04-20 11:00:00,54028.32,56548.44,52567.24,54917.55,17812.6053
2024-04-20 12:00:00,55062.23,56262.85,52702.5,54159.16,28880.4363
2024-04-20 13:00:00,54328.32,55274.49,53840.66,54698.17,17670.9207
2024-04-20 14:00:00,54957.55,56112.13,54348.37,55406.67,29599.1758
2024-04-20 15:00:00,55266.22,55382.59,55075.78,55182.09,31346.6155
2024-04-20 16:00:00,55105.45,55269.21,55008.02,55173.11,49849.406
2024-04-20 17:00:00,55285.7,57021.88,52820.96,54234.81,53815.1802
2024-04-20 18:00:00,54156.35,54404.1,53770.66,53995.85,25051.0723
2024-04-20 19:00:00,53728.82,54852.51,51854.07,53081.85,36230.7729
2024-04-20 20:00:00,53253.08,55532.91,51999.18,54146.58,47059.8045
2024-04-20 21:00:00,54321.58,55847.77,51924.77,53406.66,68326.5276
2024-04-20 22:00:00,53393.31,55375.86,50872.58,52393.97,46202.3955
2024-04-20 23:00:00,52305.07,52829.05,51961.98,52491.94,16488.3375
2024-04-21 00:00:00,52579.36,53686.98,50828.69,51789.24,32091.6668
2024-04-21 01:00:00,51811.96,53874.59,50190.74,52726.91,40043.3148
2024-04-21 02:00:00,52796.02,53381.19,51628.31,52309.36,27975.324
2024-04-21 03:00:00,52458.16,54079.76,49959.68,51497.75,31288.0083
2024-04-21 04:00:00,51667.76,53624.79,50659.79,52332.64,36577.1833
2024-04-21 05:00:00,52405.32,53137.29,51886.43,52715.62,33650.6431
2024-04-21 06:00:00,52653.53,52943.4,52471.49,52772.62,17359.1957
2024-04-21 07:00:00,52622.9,53179.42,51462.53,52173.82,18013.5289
2024-04-21 08:00:00,52003.84,52501.47,50972.8,51634.23,38063.9087
2024-04-21 09:00:00,51683.35,52185.2,51341.32,51854.65,17481.1341
2024-04-21 10:00:00,51964.32,53956.97,50644.52,52818.76,41697.4005
2024-04-21 11:00:00,52568.56,52679.54,52372.0,52499.74,20546.8982
2024-04-21 12:00:00,52283.98,53518.88,49740.72,51353.16,20178.1511
2024-04-21 13:00:00,51418.77,53038.38,48962.6,50585.95,43280.9223
2024-04-21 14:00:00,50452.0,51493.95,49835.46,50824.03,56125.3864
2024-04-21 15:00:00,50966.36,51104.44,50726.35,50861.53,69800.2406
2024-04-21 16:00:00,50979.0,51185.53,50828.22,51055.47,59743.9491
2024-04-21 17:00:00,51216.46,53359.17,49818.08,51936.36,61960.981
2024-04-21 18:00:00,51748.48,53115.29,50732.24,52282.17,42864.6339
2024-04-21 19:00:00,52505.47,52886.52,52265.77,52654.77,36784.0584
2024-04-21 20:00:00,52482.37,54058.64,51672.19,53137.07,47828.3099
2024-04-21 21:00:00,52921.17,55005.22,51830.3,53646.39,34143.5567
2024-04-21 22:00:00,53427.25,54144.11,53007.9,53743.43,63863.8969
2024-04-21 23:00:00,53792.03,55472.71,52827.01,54419.17,28630.7075
2024-04-22 00:00:00,54542.27,55002.38,53898.18,54306.87,34414.4636
2024-04-22 01:00:00,54062.5,55528.37,51325.13,53074.53,26131.8481
2024-04-22 02:00:00,53228.51,53470.1,52864.55,53065.68,34720.5628
2024-04-22 03:00:00,52894.29,53768.99,51636.95,52437.54,24632.953
2024-04-22 04:00:00,52373.24,53974.38,50179.32,51549.96,38330.0931
2024-04-22 05:00:00,51622.74,52747.88,49711.7,50965.53,39720.1764
2024-04-22 06:00:00,50854.96,51415.03,50542.43,51078.36,21313.3091
2024-04-22 07:00:00,50836.06,50974.45,50621.12,50740.6,15214.4065
2024-04-22 08:00:00,50538.76,51973.96,48742.43,49815.73,38414.3209
2024-04-22 09:00:00,49769.22,49964.37,49633.29,49854.06,29478.1946
2024-04-22 10:00:00,49715.47,49896.28,49605.21,49784.32,31536.3654
2024-04-22 11:00:00,49603.83,50362.56,48170.11,49124.72,30409.5056
2024-04-22 12:00:00,49161.93,49412.74,48829.6,49014.28,17459.2082
2024-04-22 13:00:00,49175.88,49653.19,48873.05,49346.02,24703.5279
2024-04-22 14:00:00,49395.21,51260.84,48214.13,50017.32,51256.8353
2024-04-22 15:00:00,49873.94,51151.89,49228.13,50312.26,57318.9655
2024-04-22 16:00:00,50188.75,50445.91,50023.08,50301.76,48823.4568
2024-04-22 17:00:00,50133.54,52108.14,48958.53,50948.57,32498.2828
2024-04-22 18:00:00,50743.43,51196.34,49873.06,50373.78,33760.5247
2024-04-22 19:00:00,50407.64,50654.58,49853.85,50210.17,50169.1942
2024-04-22 20:00:00,50334.45,51596.65,49562.82,50882.9,53615.727
2024-04-22 21:00:00,50949.3,51231.52,50779.53,51044.48,56997.097
2024-04-22 22:00:00,51070.59,52111.2,49080.52,50247.12,58780.8658
2024-04-22 23:00:00,50391.47,52239.06,49066.2,51076.26,36701.9973
2024-04-23 00:00:00,51099.71,51725.98,50660.77,51337.77,24833.6637
2024-04-23 01:00:00,51284.29,51904.95,50811.49,51527.47,20287.9251
2024-04-23 02:00:00,51729.73,52977.82,49687.51,50881.97,25498.6143
2024-04-23 03:00:00,50683.86,51324.18,50281.95,50914.36,17646.5256
2024-04-23 04:00:00,50903.03,51399.34,50195.63,50620.66,26705.208
2024-04-23 05:00:00,50403.19,51886.74,48492.05,49553.6,35835.4823
2024-04-23 06:00:00,49688.04,51133.89,48800.91,50299.21,27496.9091
2024-04-23 07:00:00,50110.97,50181.77,50066.93,50140.37,15282.7816
2024-04-23 08:00:00,49914.31,50425.63,49643.55,50102.23,17744.5309
2024-04-23 09:00:00,50142.49,51066.38,48531.87,49498.52,28757.2575
2024-04-23 10:00:00,49639.85,50903.44,48900.47,50117.5,19829.4093
2024-04-23 11:00:00,50262.43,50841.8,48907.87,49784.19,21184.0919
2024-04-23 12:00:00,49716.58,50976.34,48741.16,50226.2,31791.4744
2024-04-23 13:00:00,50130.03,50629.83,49104.33,49766.95,23832.5919
2024-04-23 14:00:00,49583.24,51350.45,48280.9,50291.36,70296.5942
2024-04-23 15:00:00,50469.54,51447.75,48710.34,49832.26,30763.2926
2024-04-23 16:00:00,49749.54,50262.85,49481.81,49964.94,55399.0122
2024-04-23 17:00:00,49795.19,50631.25,48275.67,49171.23,73227.659
2024-04-23 18:00:00,49135.92,51200.98,47952.29,49885.44,49940.0077
2024-04-23 19:00:00,49941.95,50223.49,49428.09,49722.49,47219.7424
2024-04-23 20:00:00,49659.1,52101.42,47814.95,50597.48,53667.9524
2024-04-23 21:00:00,50540.93,52149.65,47886.82,49651.35,31259.6656
2024-04-23 22:00:00,49659.43,50024.54,49041.54,49453.01,35427.2815
2024-04-23 23:00:00,49291.24,49847.49,48998.32,49479.58,22536.8928
2024-04-24 00:00:00,49628.97,49842.41,49358.67,49522.0,16187.8952
2024-04-24 01:00:00,49676.5,51179.35,47204.02,48834.27,18124.4798
2024-04-24 02:00:00,48701.84,50008.71,48002.41,49207.79,24054.8761
2024-04-24 03:00:00,49151.63,50263.14,48335.66,49648.18,38631.5848
2024-04-24 04:00:00,49582.89,50334.73,48440.69,49116.27,18705.8217
2024-04-24 05:00:00,49239.64,49259.44,49229.48,49246.46,35356.1623
2024-04-24 06:00:00,49023.45,49900.34,48525.46,49368.22,24544.6822
2024-04-24 07:00:00,49288.51,50236.86,47259.65,48589.88,23057.8483
2024-04-24 08:00:00,48421.84,49476.76,47672.99,48834.25,31641.5693
2024-04-24 09:00:00,49067.26,50031.44,48404.91,49424.81,16466.4916
2024-04-24 10:00:00,49560.01,50813.83,48808.67,50083.68,32959.7054
2024-04-24 11:00:00,50078.31,51858.87,47592.73,49138.25,21058.3002
2024-04-24 12:00:00,48928.32,49015.92,48793.61,48878.87,18400.6355
2024-04-24 13:00:00,48931.04,49240.07,48437.2,48709.92,22952.7345
2024-04-24 14:00:00,48482.54,49081.0,48190.38,48693.69,53707.6867
2024-04-24 15:00:00,48520.74,49094.97,48068.26,48761.66,51564.7809
2024-04-24 16:00:00,48936.15,50948.44,47661.88,49647.14,53812.1567
2024-04-24 17:00:00,49595.68,49668.91,49445.85,49544.43,53826.9982
2024-04-24 18:00:00,49382.05,50321.15,47942.19,48896.33,38084.9081
2024-04-24 19:00:00,49055.66,49981.25,47640.43,48487.14,32803.9761
2024-04-24 20:00:00,48350.14,49395.44,47870.42,48745.79,58354.1528
2024-04-24 21:00:00,48892.25,49685.5,48336.41,49223.77,33110.1756
2024-04-24 22:00:00,49224.92,50144.43,48657.78,49542.07,59013.7702
2024-04-24 23:00:00,49505.2,49951.64,49278.87,49676.15,35398.9048
2024-04-25 00:00:00,49458.03,51850.12,47835.38,50433.76,19864.9239
2024-04-25 01:00:00,50319.9,50453.29,50065.2,50218.08,11951.2198
2024-04-25 02:00:00,50333.03,50886.35,50035.41,50530.77,17378.8661
2024-04-25 03:00:00,50735.2,52565.15,49608.59,51408.23,16907.6787
2024-04-25 04:00:00,51443.19,53060.38,49003.28,50626.69,31031.2438
2024-04-25 05:00:00,50571.96,52466.31,49512.1,51213.03,37443.2742
2024-04-25 06:00:00,51220.55,52755.41,48506.85,50297.3,16477.045
2024-04-25 07:00:00,50456.35,51811.37,47606.17,49477.3,19138.0035
2024-04-25 08:00:00,49420.87,49589.47,49038.67,49290.34,26228.094
2024-04-25 09:00:00,49374.86,49700.98,49193.0,49489.62,16407.2757
2024-04-25 10:00:00,49283.55,49887.59,48139.49,48880.36,26040.232
2024-04-25 11:00:00,48750.94,49055.28,48573.08,48854.36,21097.602
2024-04-25 12:00:00,48859.41,50262.48,46615.21,47974.79,39999.322
2024-04-25 13:00:00,48042.68,48891.1,46346.92,47456.54,33526.1721
2024-04-25 14:00:00,47594.21,48797.47,45098.45,46708.71,34885.3438
2024-04-25 15:00:00,46664.0,47550.94,44972.89,46071.14,75437.7232
2024-04-25 16:00:00,46111.83,46256.96,45856.56,45996.62,50679.2614
2024-04-25 17:00:00,46213.93,47004.09,45817.35,46525.3,29705.5918
2024-04-25 18:00:00,46718.91,47195.44,45865.8,46343.46,68624.1145
2024-04-25 19:00:00,46215.92,46959.29,45155.62,45813.27,33418.8835
2024-04-25 20:00:00,46006.78,46481.18,45741.54,46175.13,39779.5138
2024-04-25 21:00:00,46301.19,47527.15,45511.52,46783.11,36210.1268
2024-04-25 22:00:00,46799.15,47139.84,46631.5,46925.45,52744.7536
2024-04-25 23:00:00,46938.57,47137.0,46817.4,47013.55,21368.8604
2024-04-26 00:00:00,47027.25,47956.61,46401.91,47369.85,12626.4801
2024-04-26 01:00:00,47513.31,47715.12,47124.01,47377.91,31166.2959
2024-04-26 02:00:00,47152.09,47563.12,46802.97,47330.71,20898.76
2024-04-26 03:00:00,47455.66,47960.45,46729.18,47187.08,31288.8339
2024-04-26 04:00:00,47039.28,48849.32,44626.18,46126.14,21152.73
2024-04-26 05:00:00,46309.41,46628.73,45759.51,46065.9,22123.2198
2024-04-26 06:00:00,45980.38,48140.81,44663.55,46821.52,35670.9398
2024-04-26 07:00:00,46652.01,47289.7,45579.94,46272.82,18975.6352
2024-04-26 08:00:00,46427.73,46659.26,46266.64,46523.24,32053.5604
2024-04-26 09:00:00,46493.35,47281.83,44718.79,45892.7,24335.4771
2024-04-26 10:00:00,45869.42,47528.11,44767.14,46440.34,24310.5142
2024-04-26 11:00:00,46331.86,47599.84,44641.83,45649.65,22582.7181
2024-04-26 12:00:00,45802.58,46407.44,45039.33,45470.9,26366.73
2024-04-26 13:00:00,45627.58,46079.56,44956.47,45385.15,17263.8702
2024-04-26 14:00:00,45186.98,45540.15,44655.72,45004.97,47673.7303
2024-04-26 15:00:00,44986.68,45666.68,43491.35,44467.12,43244.3736
2024-04-26 16:00:00,44317.25,44579.11,44128.28,44423.59,47312.8912
2024-04-26 17:00:00,44240.99,44346.51,44174.83,44276.69,34686.0112
2024-04-26 18:00:00,44372.8,44976.02,43204.28,43911.98,49482.2887
2024-04-26 19:00:00,44098.25,45397.68,43273.84,44618.33,30307.6175
2024-04-26 20:00:00,44646.2,45692.58,44195.97,44999.82,56809.079
2024-04-26 21:00:00,45049.51,46851.74,44251.86,45669.1,54986.4188
2024-04-26 22:00:00,45525.67,46978.95,43392.32,44762.42,43561.8884
2024-04-26 23:00:00,44894.0,46222.25,43000.88,44091.72,13572.1425
2024-04-27 00:00:00,44060.94,44458.36,43088.31,43732.97,22715.2872
2024-04-27 01:00:00,43946.38,45111.45,41891.27,43219.72,26403.7486
2024-04-27 02:00:00,43130.27,44370.03,42243.61,43666.34,27300.5088
2024-04-27 03:00:00,43698.25,45313.09,42865.07,44336.61,27199.4988
2024-04-27 04:00:00,44454.54,44729.53,43997.68,44300.59,30567.1395
2024-04-27 05:00:00,44141.66,44225.87,44011.56,44095.99,19363.1833
2024-04-27 06:00:00,44195.36,45262.54,42498.26,43436.48,25322.4171
2024-04-27 07:00:00,43484.6,44136.23,42238.65,43000.66,27578.8802
2024-04-27 08:00:00,43122.64,44127.25,42484.8,43516.56,29232.1977
2024-04-27 09:00:00,43678.16,44667.27,42140.55,43069.09,22679.9628
2024-04-27 10:00:00,42870.51,43034.86,42550.49,42749.21,42871.3714
2024-04-27 11:00:00,42916.36,44841.81,41704.78,43656.15,34594.8571
2024-04-27 12:00:00,43537.34,45618.92,42287.25,44270.75,33757.6419
2024-04-27 13:00:00,44110.45,45282.03,42069.1,43311.93,23650.5264
2024-04-27 14:00:00,43117.08,43526.25,42518.25,42875.81,39968.9001
2024-04-27 15:00:00,42749.75,43758.57,41298.54,42207.29,48487.5606
2024-04-27 16:00:00,42319.42,43379.94,40484.04,41654.39,62810.6351
2024-04-27 17:00:00,41696.08,43177.02,40873.26,42345.68,37130.0346
2024-04-27 18:00:00,42532.6,43903.92,41005.28,41843.15,41297.434
2024-04-27 19:00:00,42028.28,42714.53,41489.18,42334.2,29785.1455
2024-04-27 20:00:00,42426.1,42729.87,41801.05,42207.1,65428.8723
2024-04-27 21:00:00,42031.16,42682.84,40801.03,41488.33,34362.2651
2024-04-27 22:00:00,41411.06,42702.41,40487.32,41897.86,28569.0906
2024-04-27 23:00:00,41863.37,43399.11,41202.47,42386.59,15639.0503
2024-04-28 00:00:00,42479.62,43504.25,40878.55,41941.13,33022.1276
2024-04-28 01:00:00,41840.32,42443.23,41566.04,42064.11,25625.7794
2024-04-28 02:00:00,42060.88,43292.83,41224.69,42506.7,26185.6247
2024-04-28 03:00:00,42689.8,43640.16,42158.78,43045.48,13743.9418
2024-04-28 04:00:00,43153.52,44058.82,41269.04,42403.97,40520.8452
2024-04-28 05:00:00,42603.2,43630.72,41788.52,43068.19,20680.6877
2024-04-28 06:00:00,43002.82,45188.13,41841.34,43755.69,30986.9257
2024-04-28 07:00:00,43869.59,45118.73,41804.66,43105.23,45908.4951
2024-04-28 08:00:00,43316.65,43795.16,42492.85,43033.9,32042.5774
2024-04-28 09:00:00,43145.77,43809.02,41971.66,42703.32,17409.8953
2024-04-28 10:00:00,42519.98,43997.24,40529.67,41770.48,31921.6076
2024-04-28 11:00:00,41727.78,41958.34,41386.41,41608.4,16195.4728
2024-04-28 12:00:00,41698.74,41745.1,41595.3,41661.22,18800.3492
2024-04-28 13:00:00,41564.17,42395.13,40975.37,41863.8,29830.271
2024-04-28 14:00:00,41775.46,42177.79,41572.3,41910.9,30227.1739
2024-04-28 15:00:00,41907.03,42294.41,41427.42,41700.81,36399.8248
2024-04-28 16:00:00,41756.22,42995.08,41004.66,42304.8,41596.0257
2024-04-28 17:00:00,42473.53,43163.97,41060.1,41936.06,32201.1816
2024-04-28 18:00:00,41804.7,43869.3,40818.32,42552.21,60018.9859
2024-04-28 19:00:00,42703.7,44019.09,41068.05,41968.76,36058.8698
2024-04-28 20:00:00,41935.92,42672.74,41578.77,42232.44,57413.1863
2024-04-28 21:00:00,42407.08,42449.47,42383.69,42424.79,51259.5858
2024-04-28 22:00:00,42379.22,43000.59,40982.52,41904.48,42196.0959
2024-04-28 23:00:00,42096.27,43925.69,40810.17,42809.43,39947.8605
2024-04-29 00:00:00,43015.78,43174.29,42772.98,42931.72,17025.7291
2024-04-29 01:00:00,42971.9,43147.32,42677.72,42840.4,28792.8343
2024-04-29 02:00:00,42913.67,44776.01,41661.69,43569.92,18192.3365
2024-04-29 03:00:00,43578.92,44734.22,41686.71,42842.85,18072.4842
2024-04-29 04:00:00,42629.11,42748.64,42396.61,42535.18,19703.8354
2024-04-29 05:00:00,42556.76,43395.99,40945.84,42013.62,21015.827
2024-04-29 06:00:00,42108.38,42929.87,40485.26,41554.1,33405.3614
2024-04-29 07:00:00,41724.41,42746.62,41109.99,42096.24,28012.2981
2024-04-29 08:00:00,42097.56,42825.04,40814.65,41611.65,18444.4269
2024-04-29 09:00:00,41533.81,42675.2,40880.08,41948.53,23894.5487
2024-04-29 10:00:00,41972.03,42920.59,39682.26,41207.22,21079.667
2024-04-29 11:00:00,41221.63,42585.56,40523.81,41729.97,25876.8816
2024-04-29 12:00:00,41914.67,41952.75,41887.25,41928.95,26130.5877
2024-04-29 13:00:00,42122.43,42518.19,41397.37,41803.97,21318.1344
2024-04-29 14:00:00,41910.15,42613.5,40415.99,41344.38,54793.9252
2024-04-29 15:00:00,41396.17,42732.53,40425.98,41956.98,33435.2481
2024-04-29 16:00:00,41863.59,41893.92,41813.11,41842.28,33225.1113
2024-04-29 17:00:00,41852.7,42857.08,39916.83,41199.31,46225.7118
2024-04-29 18:00:00,41074.18,42121.29,38899.97,40269.47,27705.7484
2024-04-29 19:00:00,40151.83,41558.71,38162.6,39430.23,35794.8318
2024-04-29 20:00:00,39515.77,39521.63,39508.59,39512.65,52778.0228
2024-04-29 21:00:00,39598.73,40921.77,37924.84,38872.38,33296.8064
2024-04-29 22:00:00,38696.3,39214.37,37648.53,38314.7,57864.8381
2024-04-29 23:00:00,38426.98,39197.64,37365.44,38013.21,28211.3686
2024-04-30 00:00:00,37859.62,37989.75,37788.68,37916.06,12252.1636
2024-04-30 01:00:00,37953.3,38197.29,37601.58,37825.34,28841.8212
2024-04-30 02:00:00,37779.24,38251.17,37562.38,37942.62,30197.2258
2024-04-30 03:00:00,37798.18,38837.63,36990.35,38229.32,36916.9127
2024-04-30 04:00:00,38063.74,38292.32,37607.53,37891.84,25993.3989
2024-04-30 05:00:00,37747.29,37779.08,37697.77,37727.43,23240.0744
2024-04-30 06:00:00,37856.17,39368.92,37045.28,38373.19,39138.9125
2024-04-30 07:00:00,38328.36,39232.96,37938.94,38635.64,24454.3053
2024-04-30 08:00:00,38582.2,39016.38,37728.59,38278.47,22283.8351
2024-04-30 09:00:00,38255.88,38463.86,37967.78,38151.03,22109.4003
2024-04-30 10:00:00,38046.01,38198.75,37702.02,37919.44,21583.8392
2024-04-30 11:00:00,37778.94,38433.18,36325.3,37278.66,16655.8165
2024-04-30 12:00:00,37147.01,37791.13,36173.75,36725.68,30647.9079
2024-04-30 13:00:00,36782.44,37476.32,36402.6,37069.97,34672.5083
2024-04-30 14:00:00,37120.47,38895.12,36043.41,37796.0,81073.9607
2024-04-30 15:00:00,37840.49,38909.62,37361.88,38203.61,35929.6008
2024-04-30 16:00:00,38326.11,39396.29,36577.44,37689.34,37838.7521
2024-04-30 17:00:00,37628.6,38141.28,36462.74,37236.39,75811.2118
2024-04-30 18:00:00,37412.93,38112.8,36359.7,36944.01,46511.7406
2024-04-30 19:00:00,36855.62,37668.48,35606.11,36416.75,34138.8537
2024-04-30 20:00:00,36538.55,37874.05,35762.39,37047.66,47617.1974
2024-04-30 21:00:00,36999.42,37086.72,36855.77,36950.44,43508.0617
2024-04-30 22:00:00,36887.93,37002.4,36688.0,36819.36,51515.8566
2024-04-30 23:00:00,36919.54,38525.49,35758.87,37512.45,21135.9367
2024-05-01 00:00:00,37463.95,37542.55,37359.16,37422.28,33906.9316
2024-05-01 01:00:00,37423.32,38980.91,36477.44,38115.32,18057.7844
2024-05-01 02:00:00,38055.58,38377.97,37476.16,37857.6,32356.4166
2024-05-01 03:00:00,38022.98,39573.95,37217.37,38657.3,27519.6801
2024-05-01 04:00:00,38694.39,39228.85,37965.91,38420.58,27564.726
2024-05-01 05:00:00,38298.3,39593.26,37452.23,38839.76,30358.3322
2024-05-01 06:00:00,38788.47,39796.98,38312.0,39125.78,28778.8825
2024-05-01 07:00:00,39042.02,41344.93,37704.75,39819.26,26348.464
2024-05-01 08:00:00,39977.45,41989.38,38961.49,40682.58,21445.3834
2024-05-01 09:00:00,40771.43,41968.99,39050.33,40047.06,29112.459
2024-05-01 10:00:00,40231.7,40875.54,39758.56,40522.44,23439.3396
2024-05-01 11:00:00,40700.8,42239.59,40012.24,41224.95,17370.9266
2024-05-01 12:00:00,41245.14,42553.84,39614.55,40572.65,18583.046
2024-05-01 13:00:00,40763.12,41452.78,39847.05,40403.36,39598.7342
2024-05-01 14:00:00,40306.3,41815.68,39339.22,40861.14,31773.7587
2024-05-01 15:00:00,40919.5,41865.71,39348.77,40368.88,31042.8638
2024-05-01 16:00:00,40488.63,42224.78,39651.0,41096.46,47446.0071
2024-05-01 17:00:00,41128.23,41367.54,40742.7,40964.22,39410.0435
2024-05-01 18:00:00,41132.59,41668.94,40698.55,41372.32,58556.731
2024-05-01 19:00:00,41502.09,43117.52,40107.95,42219.96,47831.4203
2024-05-01 20:00:00,42286.79,43224.62,40502.52,41518.23,60330.8718
2024-05-01 21:00:00,41363.79,41823.41,40501.89,41048.08,56930.9864
2024-05-01 22:00:00,40853.7,41495.28,39958.73,40528.71,36947.2301
2024-05-01 23:00:00,40635.33,40763.07,40575.31,40682.6,40714.7366
2024-05-02 00:00:00,40559.93,41391.54,39344.86,40070.15,22046.2489
2024-05-02 01:00:00,39940.33,40886.16,39464.3,40293.15,36245.4639
2024-05-02 02:00:00,40407.62,40855.34,39657.83,40155.43,26854.9524
2024-05-02 03:00:00,40219.39,40859.65,39141.97,39758.0,33634.9531
2024-05-02 04:00:00,39735.22,40480.32,39222.73,40052.0,20547.4445
2024-05-02 05:00:00,39997.37,40071.25,39874.6,39955.26,34871.487
2024-05-02 06:00:00,39845.58,40517.18,38710.25,39409.89,35713.5776
2024-05-02 07:00:00,39248.95,40651.67,37665.28,38540.83,22210.3096
2024-05-02 08:00:00,38651.79,39592.5,37287.68,38065.51,32893.4206
2024-05-02 09:00:00,37912.74,37930.04,37882.98,37899.69,32920.8976
2024-05-02 10:00:00,38081.79,38915.33,36921.64,37658.72,24307.8467
2024-05-02 11:00:00,37504.18,38976.18,36495.13,38042.79,28553.5441
2024-05-02 12:00:00,37952.3,39493.35,37088.42,38498.1,26465.526
2024-05-02 13:00:00,38356.05,39235.73,37299.42,37910.85,24969.9427
2024-05-02 14:00:00,38082.31,39748.61,36990.63,38721.55,57837.8738
2024-05-02 15:00:00,38914.05,39391.3,38222.61,38674.5,51934.7115
2024-05-02 16:00:00,38738.31,39567.72,38352.67,39025.49,62482.1407
2024-05-02 17:00:00,38977.5,40326.16,37979.17,39478.05,39649.7236
2024-05-02 18:00:00,39636.05,40419.72,38478.61,39227.39,51491.1307
2024-05-02 19:00:00,39057.41,39663.41,38730.25,39288.24,53019.3693
2024-05-02 20:00:00,39132.87,39788.51,38120.72,38720.12,70157.7191
2024-05-02 21:00:00,38825.5,39410.6,38537.42,39063.43,48180.2418
2024-05-02 22:00:00,39018.65,39210.58,38583.03,38864.59,47463.2814
2024-05-02 23:00:00,38992.13,39053.75,38899.2,38950.84,32777.5182
2024-05-03 00:00:00,38773.63,39239.69,37973.99,38492.01,37265.8908
2024-05-03 01:00:00,38441.31,38637.64,38191.78,38330.78,31391.5921
2024-05-03 02:00:00,38270.3,38403.56,37946.72,38160.49,18355.6142
2024-05-03 03:00:00,38195.76,38837.86,37033.2,37755.01,19582.2239
2024-05-03 04:00:00,37746.39,38734.05,35934.29,36992.26,22147.527
2024-05-03 05:00:00,36812.81,37304.75,36582.02,36993.56,23115.5358
2024-05-03 06:00:00,36922.34,38652.26,35749.52,37573.36,32572.5553
2024-05-03 07:00:00,37537.11,37667.62,37463.9,37585.13,25641.0242
2024-05-03 08:00:00,37478.25,38278.04,36178.88,36976.0,18840.6507
2024-05-03 09:00:00,37076.02,38015.99,35580.06,36530.04,21065.5745
2024-05-03 10:00:00,36601.44,38385.94,35528.41,37280.52,26897.9645
2024-05-03 11:00:00,37407.52,39333.6,36267.26,38059.86,40661.9675
2024-05-03 12:00:00,37987.08,38731.43,36340.96,37402.51,19772.5655
2024-05-03 13:00:00,37572.25,38303.89,37130.04,37830.92,15183.3355
2024-05-03 14:00:00,37659.05,38375.67,36018.62,37088.21,61208.5528
2024-05-03 15:00:00,37043.01,38979.86,35899.46,37773.78,69648.7859
2024-05-03 16:00:00,37853.47,39014.08,35852.76,37098.2,45475.7144
2024-05-03 17:00:00,37159.55,37305.89,36903.78,37063.32,54058.6545
2024-05-03 18:00:00,37205.94,38339.27,35671.67,36594.32,47165.671
2024-05-03 19:00:00,36423.71,37584.66,35628.32,36945.15,46641.4482
2024-05-03 20:00:00,36934.16,38157.76,34898.55,36251.08,56353.7871
2024-05-03 21:00:00,36418.88,36528.86,36187.63,36333.49,44955.2314
2024-05-03 22:00:00,36404.68,36955.68,35292.06,36000.94,55508.9535
2024-05-03 23:00:00,35885.47,36172.11,35383.24,35669.81,19813.7164
2024-05-04 00:00:00,35598.37,37599.2,34424.47,36292.46,40234.0921
2024-05-04 01:00:00,36314.09,36564.77,36160.25,36415.65,31188.6589
2024-05-04 02:00:00,36391.84,36821.28,35685.26,36098.58,41452.737
2024-05-04 03:00:00,36187.14,36579.11,35557.5,35908.34,35683.6758
2024-05-04 04:00:00,35870.82,37511.29,34763.96,36484.94,24475.836
2024-05-04 05:00:00,36615.46,37127.97,35833.53,36287.07,40467.8319
2024-05-04 06:00:00,36201.36,36303.85,36136.82,36238.75,20484.3851
2024-05-04 07:00:00,36074.86,36455.69,35409.34,35826.93,30622.4968
2024-05-04 08:00:00,36001.88,36641.14,35559.79,36245.27,30674.536
2024-05-04 09:00:00,36161.76,36627.21,35361.27,35798.96,35659.0434
2024-05-04 10:00:00,35666.18,36291.64,35234.22,35939.06,14747.9377
2024-05-04 11:00:00,36082.54,36145.65,36036.86,36109.35,27368.4959
2024-05-04 12:00:00,36099.46,36456.37,35938.7,36223.07,14840.1248
2024-05-04 13:00:00,36142.7,36282.87,35856.93,36045.61,18551.2446
2024-05-04 14:00:00,36069.61,37147.45,35235.61,36535.57,39161.2143
2024-05-04 15:00:00,36394.83,37269.44,35752.54,36735.26,62293.8311
2024-05-04 16:00:00,36770.12,37528.91,35539.21,36314.64,70813.6926
2024-05-04 17:00:00,36334.75,36521.79,36036.87,36233.37,55119.4522
2024-05-04 18:00:00,36146.81,36436.99,35661.2,35945.1,38532.7549
2024-05-04 19:00:00,35795.8,36444.14,34804.89,35398.93,59876.3807
2024-05-04 20:00:00,35286.92,36366.47,34480.94,35751.03,38665.7131
2024-05-04 21:00:00,35641.95,35723.5,35489.02,35581.39,43165.0757
2024-05-04 22:00:00,35486.03,35602.29,35304.07,35416.14,55934.2958
2024-05-04 23:00:00,35379.39,36683.11,34821.43,35834.45,41554.9334
2024-05-05 00:00:00,35888.6,36771.37,35387.81,36191.15,24061.8548
2024-05-05 01:00:00,36357.36,37287.83,35210.92,35852.71,30361.8153
2024-05-05 02:00:00,35992.27,36877.0,34114.17,35365.16,27691.394
2024-05-05 03:00:00,35209.0,35911.02,34111.97,34826.47,29417.163
2024-05-05 04:00:00,34936.2,35307.17,34704.72,35089.22,20912.7579
2024-05-05 05:00:00,35169.87,36172.46,34684.4,35527.04,23298.5548
2024-05-05 06:00:00,35570.95,36066.81,34696.86,35192.16,30464.7452
2024-05-05 07:00:00,35092.05,36356.24,34362.54,35622.38,21586.4317
2024-05-05 08:00:00,35468.39,36214.74,35047.73,35741.16,30304.7123
2024-05-05 09:00:00,35566.28,36737.71,34764.91,36072.61,33415.7254
2024-05-05 10:00:00,36005.94,37295.09,35189.28,36580.09,18911.4572
2024-05-05 11:00:00,36741.61,37406.97,35460.85,36261.09,38079.0525
2024-05-05 12:00:00,36141.66,37106.2,34143.84,35460.81,26516.9069
2024-05-05 13:00:00,35475.06,35590.45,35307.65,35416.1,34834.1922
2024-05-05 14:00:00,35563.88,36639.43,33960.62,34875.91,41391.8931
2024-05-05 15:00:00,34803.6,35995.57,33821.37,35334.12,66444.7719
2024-05-05 16:00:00,35248.94,36637.17,34265.36,35789.1,38471.7384
2024-05-05 17:00:00,35839.99,36512.67,35454.39,36113.78,34884.7483
2024-05-05 18:00:00,36150.15,37690.51,35500.58,36673.99,44998.8821
2024-05-05 19:00:00,36687.49,38121.14,35612.47,37304.58,53794.1896
2024-05-05 20:00:00,37443.43,38308.13,35694.34,36790.55,65367.453
2024-05-05 21:00:00,36859.75,37165.33,36449.5,36690.6,36853.9456
2024-05-05 22:00:00,36778.47,38481.17,35659.01,37436.3,53384.3694
2024-05-05 23:00:00,37277.69,37887.63,36216.47,36809.94,17323.5978
2024-05-06 00:00:00,36981.48,38172.29,34958.29,36303.92,34025.9765
2024-05-06 01:00:00,36392.05,37658.32,34439.44,35736.99,21924.644
2024-05-06 02:00:00,35866.7,35905.14,35804.52,35844.79,33826.786
2024-05-06 03:00:00,35791.93,36130.59,35615.85,35917.57,22854.0927
2024-05-06 04:00:00,36002.05,37311.17,35268.6,36574.34,24727.299
2024-05-06 05:00:00,36737.22,37613.34,36136.29,37102.3,14561.2588
2024-05-06 06:00:00,37234.81,37908.14,36013.31,36713.01,33974.6708
2024-05-06 07:00:00,36625.15,38016.83,35533.07,37180.49,40880.8852
2024-05-06 08:00:00,36995.15,37133.16,36879.13,37053.72,19551.6123
2024-05-06 09:00:00,37203.73,38351.41,35330.16,36487.22,29720.7695
2024-05-06 10:00:00,36425.41,36831.42,35646.87,36091.7,35397.4037
2024-05-06 11:00:00,36047.5,36074.26,36029.26,36058.29,25905.479
2024-05-06 12:00:00,36123.87,36131.64,36110.5,36119.3,23372.4195
2024-05-06 13:00:00,36014.27,37741.27,35077.17,36659.11,18373.3182
2024-05-06 14:00:00,36813.55,36883.39,36724.98,36775.51,35325.1676
2024-05-06 15:00:00,36745.49,38151.55,36027.0,37312.58,56415.0624
2024-05-06 16:00:00,37370.09,37689.82,37226.55,37478.77,32739.261
2024-05-06 17:00:00,37637.7,39566.13,36695.93,38322.78,35358.8929
2024-05-06 18:00:00,38421.44,39200.95,37942.72,38730.55,48767.4983
2024-05-06 19:00:00,38596.61,38859.24,38204.61,38455.51,57956.1264
2024-05-06 20:00:00,38279.67,38556.22,37826.21,38091.31,48371.4602
2024-05-06 21:00:00,38110.82,38948.47,36707.02,37496.62,61333.4201
2024-05-06 22:00:00,37324.3,37876.83,36346.32,36984.82,50091.2553
2024-05-06 23:00:00,37102.77,38264.53,35696.92,36484.95,40188.7752
2024-05-07 00:00:00,36438.29,36952.56,35574.32,36141.06,30633.7501
2024-05-07 01:00:00,36274.68,36440.37,36149.05,36337.72,15016.2309
2024-05-07 02:00:00,36433.5,37264.65,34929.15,35864.75,15976.8177
2024-05-07 03:00:00,35795.03,36775.86,34640.37,35270.37,27940.5777
2024-05-07 04:00:00,35421.35,36951.2,34414.14,36010.15,32027.2938
2024-05-07 05:00:00,36017.63,37197.47,35337.73,36415.18,26008.752
2024-05-07 06:00:00,36505.83,37427.66,35883.94,36907.5,16555.691
2024-05-07 07:00:00,36789.5,37240.3,36537.6,36952.14,13783.1841
2024-05-07 08:00:00,36835.01,37193.31,36139.85,36548.64,28352.5639
2024-05-07 09:00:00,36656.76,37670.94,34981.72,36088.98,37895.6687
2024-05-07 10:00:00,36219.58,37423.81,35217.74,36749.6,30523.5008
2024-05-07 11:00:00,36715.15,37194.2,36486.64,36875.83,22503.4535
2024-05-07 12:00:00,36750.78,37417.99,36272.79,37042.3,19817.4896
2024-05-07 13:00:00,37013.5,38255.12,35357.72,36304.23,12595.8581
2024-05-07 14:00:00,36462.61,37414.39,35972.6,36824.31,48788.3169
2024-05-07 15:00:00,36641.61,37117.1,36382.05,36834.79,36942.6161
2024-05-07 16:00:00,36737.16,37646.03,36230.81,37045.43,33781.2681
2024-05-07 17:00:00,37160.39,38051.96,35783.98,36671.23,31729.1944
2024-05-07 18:00:00,36683.69,36868.56,36404.61,36584.2,66709.894
2024-05-07 19:00:00,36466.15,36703.17,36311.02,36547.55,49812.0341
2024-05-07 20:00:00,36610.84,37935.42,35572.93,37171.37,50012.1224
2024-05-07 21:00:00,37173.47,37756.94,36777.87,37374.21,65732.828
2024-05-07 22:00:00,37474.36,38231.47,36313.31,36990.24,58302.1347
2024-05-07 23:00:00,36845.48,38485.54,35638.36,37542.82,29344.9298
2024-05-08 00:00:00,37439.81,37811.1,37173.88,37602.7,31125.0556
2024-05-08 01:00:00,37546.04,38387.8,36237.29,37075.72,17176.7384
2024-05-08 02:00:00,37152.93,38312.52,36675.46,37545.64,35436.5685
2024-05-08 03:00:00,37502.7,38076.24,37117.79,37728.68,23540.9428
2024-05-08 04:00:00,37542.4,39118.01,36775.52,38141.36,27132.6043
2024-05-08 05:00:00,38244.47,38721.53,37956.1,38429.83,22624.7344
2024-05-08 06:00:00,38431.05,39613.65,36913.74,37832.55,37859.4779
2024-05-08 07:00:00,37848.07,38374.32,37134.91,37543.63,36821.758
2024-05-08 08:00:00,37664.49,38460.56,36351.45,37138.2,34929.7892
2024-05-08 09:00:00,37095.3,38021.35,35796.12,36606.85,16467.2822
2024-05-08 10:00:00,36498.54,36954.39,36172.52,36668.98,16486.7907
2024-05-08 11:00:00,36706.51,37385.71,36403.12,36957.82,21666.5461
2024-05-08 12:00:00,36823.48,38004.98,36069.99,37356.17,30359.943
2024-05-08 13:00:00,37323.3,37727.26,37154.8,37458.06,24845.8425
2024-05-08 14:00:00,37452.23,37699.4,37295.44,37545.76,39865.7175
2024-05-08 15:00:00,37453.74,37829.54,36864.44,37231.93,37643.3551
2024-05-08 16:00:00,37235.3,38516.54,36388.73,37686.19,33477.648
2024-05-08 17:00:00,37606.66,37729.19,37451.56,37543.99,41825.4586
2024-05-08 18:00:00,37659.79,38550.97,35988.87,37067.5,48507.9949
2024-05-08 19:00:00,36999.31,38008.82,36258.61,37431.96,67368.9215
2024-05-08 20:00:00,37367.08,38286.22,35896.66,36875.18,32473.7901
2024-05-08 21:00:00,36859.94,37078.01,36451.57,36707.65,32436.2472
2024-05-08 22:00:00,36589.87,36711.66,36507.93,36640.57,46245.4982
2024-05-08 23:00:00,36778.8,37031.85,36592.39,36886.39,15328.8037
2024-05-09 00:00:00,36947.9,37092.19,36846.7,37008.28,27777.4703
2024-05-09 01:00:00,37098.4,37962.64,35351.69,36513.71,17694.6643
2024-05-09 02:00:00,36681.72,37922.08,36158.11,37104.74,22333.2596
2024-05-09 03:00:00,37186.45,38161.19,36539.71,37572.85,35690.6191
2024-05-09 04:00:00,37627.35,39061.95,35821.24,36900.82,24359.5409
2024-05-09 05:00:00,36999.44,37707.22,35797.56,36542.99,42823.9291
2024-05-09 06:00:00,36518.14,36782.24,36357.38,36619.63,21461.465
2024-05-09 07:00:00,36479.86,36542.2,36369.38,36439.15,12008.3352
2024-05-09 08:00:00,36530.29,36732.09,36287.58,36424.69,23404.6313
2024-05-09 09:00:00,36352.94,37924.82,35209.95,37034.82,17747.92
2024-05-09 10:00:00,37096.03,38881.87,35784.9,37770.72,32890.128
2024-05-09 11:00:00,37695.51,38609.22,35731.96,36999.83,23720.8374
2024-05-09 12:00:00,37041.0,37190.59,36809.14,36946.46,19025.5171
2024-05-09 13:00:00,37108.63,37908.03,35940.51,36634.83,22157.7379
2024-05-09 14:00:00,36693.41,36801.92,36462.91,36604.73,42703.5333
2024-05-09 15:00:00,36619.81,37285.62,36165.79,36890.4,48250.5794
2024-05-09 16:00:00,36741.51,37877.68,36084.12,37217.81,32716.7222
2024-05-09 17:00:00,37392.53,37959.29,36637.71,37074.65,38063.6349
2024-05-09 18:00:00,37222.75,38406.99,35561.15,36562.21,65446.6704
2024-05-09 19:00:00,36719.62,37845.09,35083.9,36085.09,71428.1017
2024-05-09 20:00:00,36133.19,36203.48,35983.78,36080.17,46267.7983
2024-05-09 21:00:00,35988.66,36310.56,35383.21,35767.7,43893.0517
2024-05-09 22:00:00,35797.91,36284.47,35107.24,35519.08,52231.562
2024-05-09 23:00:00,35485.72,37154.51,34472.72,36163.5,14567.8289
2024-05-10 00:00:00,36104.19,37320.78,34657.13,35457.53,18631.025
2024-05-10 01:00:00,35439.18,35870.14,34670.93,35165.95,26273.5904
2024-05-10 02:00:00,35039.76,35179.98,34798.31,34953.36,22966.2268
2024-05-10 03:00:00,35054.54,35135.25,34921.93,35000.2,31140.9496
2024-05-10 04:00:00,34895.0,35459.74,34200.47,34601.03,22181.0775
2024-05-10 05:00:00,34612.9,35112.77,33699.88,41564.175,20250.0453
2024-05-10 06:00:00,41642.47,42386.41,40369.75,41208.8,34909.2147
2024-05-10 07:00:00,41018.18,41086.47,40920.03,40976.24,24676.8537
2024-05-10 08:00:00,41096.88,41149.04,41024.0,41063.87,29171.0137
2024-05-10 09:00:00,40988.3,41953.02,39155.19,40271.16,21418.8977
2024-05-10 10:00:00,40335.95,42251.5,39244.3,41024.22,34819.5911
2024-05-10 11:00:00,40860.75,41101.82,40698.35,40966.21,21327.1612
2024-05-10 12:00:00,41117.52,41127.63,41103.09,41111.87,17664.2679
2024-05-10 13:00:00,41238.94,41569.03,41026.67,41385.5,17853.0462
2024-05-10 14:00:00,41421.78,41786.36,41208.45,41547.02,48283.2314
2024-05-10 15:00:00,41481.15,41964.86,41147.98,41662.99,46763.2803
2024-05-10 16:00:00,41676.43,41909.47,41526.54,41766.63,42333.1084
2024-05-10 17:00:00,41946.7,42763.6,41328.69,42297.15,47669.7673
2024-05-10 18:00:00,42306.48,43906.03,41323.37,42991.18,46984.2775
2024-05-10 19:00:00,43110.04,43738.76,42090.34,42760.92,57165.9836
2024-05-10 20:00:00,42796.34,42971.23,42488.6,42690.28,62738.809
2024-05-10 21:00:00,42617.11,43504.39,42038.69,42975.05,68770.4988
2024-05-10 22:00:00,43122.28,44139.76,41146.63,42348.39,58697.2185
2024-05-10 23:00:00,42394.64,44332.17,41134.5,43068.19,30916.6439
2024-05-11 00:00:00,43085.61,43788.01,42710.75,43325.68,12422.6433
2024-05-11 01:00:00,43251.23,43591.38,42976.2,43390.67,38236.2954
2024-05-11 02:00:00,43516.46,44730.02,42696.92,44029.62,34910.2261
2024-05-11 03:00:00,43981.72,44074.91,43908.5,44022.84,22557.7522
2024-05-11 04:00:00,44024.06,45301.64,43451.08,44467.8,15071.3645
2024-05-11 05:00:00,44683.95,44708.19,44647.97,44669.08,33045.6191
2024-05-11 06:00:00,44842.18,46414.09,42508.75,43985.98,43193.7836
2024-05-11 07:00:00,44018.03,45764.07,43070.16,44627.1,26745.9025
2024-05-11 08:00:00,44469.93,46359.95,43397.41,45112.86,24332.0273
2024-05-11 09:00:00,44927.64,46376.73,43979.3,45518.99,36592.9129
2024-05-11 10:00:00,45502.91,46778.73,44716.52,45956.13,21548.1151
2024-05-11 11:00:00,45735.53,46762.82,45112.71,46182.66,20662.3136
2024-05-11 12:00:00,46394.42,46569.0,46274.02,46454.99,21919.7137
2024-05-11 13:00:00,46369.12,47618.67,44799.94,45666.65,17991.0937
2024-05-11 14:00:00,45815.68,47388.85,44848.3,46361.08,29519.7789
2024-05-11 15:00:00,46536.94,47198.72,45653.44,46163.41,29603.5025
2024-05-11 16:00:00,46254.43,47633.49,45456.13,46785.46,50281.342
2024-05-11 17:00:00,46588.43,47512.76,45993.06,46942.89,45524.3974
2024-05-11 18:00:00,46821.77,47436.02,46443.62,47044.05,53907.1455
2024-05-11 19:00:00,47268.25,48911.23,46303.85,47914.04,66890.5229
2024-05-11 20:00:00,47792.49,48624.47,47257.83,48080.51,36583.4572
2024-05-11 21:00:00,47929.51,48488.38,47259.19,47635.64,37455.9081
2024-05-11 22:00:00,47720.83,48862.2,45445.08,46847.71,40826.9915
2024-05-11 23:00:00,46827.54,48581.47,45804.45,47492.97,30782.5609
2024-05-12 00:00:00,47257.73,49164.62,45991.95,48040.53,21753.6725
2024-05-12 01:00:00,47833.33,48824.59,47352.16,48225.17,22189.2655
2024-05-12 02:00:00,48206.76,50549.96,47026.55,49072.15,33630.5972
2024-05-12 03:00:00,49277.78,49529.49,48746.71,49099.59,25519.3554
2024-05-12 04:00:00,49182.71,49395.52,48999.78,49274.9,11917.2261
2024-05-12 05:00:00,49235.33,49533.56,48835.95,49082.15,17876.1351
2024-05-12 06:00:00,49168.75,49317.86,48924.07,49076.88,29996.5064
2024-05-12 07:00:00,49286.22,49681.35,49102.64,49434.76,21296.5768
2024-05-12 08:00:00,49561.4,51951.57,48153.42,50388.96,23620.3167
2024-05-12 09:00:00,50224.54,50256.48,50208.38,50235.9,25344.2832
2024-05-12 10:00:00,50120.17,50831.01,49293.51,49759.1,34847.7269
2024-05-12 11:00:00,49891.92,50474.964094756746,48188.58794189341,49343.27377336216,92161.65581188428
2024-05-12 12:00:00,50161.03,52435.68984649717,45899.66577361867,48586.3126402811,98559.16304567577
2024-05-12 13:00:00,49342.61,51171.4086278704,46838.73781355905,49228.64284133334,96350.10041003207
2024-05-12 14:00:00,49619.2,50512.36391760612,47045.123657056436,48617.71566955847,137944.16318247592
2024-05-12 15:00:00,49229.06,49831.92485675416,47476.47645722362,48708.586951134035,219669.7628275638
2024-05-12 16:00:00,49193.14,49892.27022133551,47142.95515344184,48393.86539670964,159613.51141322745
2024-05-12 17:00:00,49112.19,50029.913253718114,47271.464841887944,48702.87910493205,189857.892789636
2024-05-12 18:00:00,49479.27,52053.43202879356,46919.68178781639,49591.2984536547,119368.67660527989
2024-05-12 19:00:00,50099.93,51292.22022907031,46928.207809016865,48815.238748679796,159991.67204612173
2024-05-12 20:00:00,49615.17,52095.95884055495,46667.917381993255,49768.834195902644,144341.54619330363
2024-05-12 21:00:00,50149.67,51688.448839742436,47909.54220376139,50034.64405095258,181534.88909645786
2024-05-12 22:00:00,50838.83,51604.42,49760.15,50375.41,46255.5282
2024-05-12 23:00:00,50546.78,51197.74,50087.38,50836.41,21648.5738
2024-05-13 00:00:00,50904.68,52208.22,48996.85,50180.7,27594.8842
2024-05-13 01:00:00,50298.81,50390.32,50146.62,50247.85,32219.5738
2024-05-13 02:00:00,50099.46,50915.51,48420.96,49453.09,18280.1217
2024-05-13 03:00:00,49349.05,50235.96,48088.97,48885.19,19185.3398
2024-05-13 04:00:00,48693.5,50127.28,47827.38,49333.21,23469.7235
2024-05-13 05:00:00,49425.73,50315.59,48119.34,48862.5,26816.0089
2024-05-13 06:00:00,48701.17,50664.73,47662.26,49547.11,34393.7684
2024-05-13 07:00:00,49416.53,51384.21,48399.42,50193.87,24413.1833
2024-05-13 08:00:00,50423.98,50795.36,50159.59,50592.18,20021.9389
2024-05-13 09:00:00,50387.68,51146.31,48919.71,49870.49,26977.0001
2024-05-13 10:00:00,49851.24,50373.67,49436.78,50081.22,15196.9602
2024-05-13 11:00:00,49911.07,51184.84,47956.79,49130.77,17469.464
2024-05-13 12:00:00,49319.73,50114.13,48907.15,49625.68,18301.0181
2024-05-13 13:00:00,49534.47,51891.65,48033.6,50370.71,43243.6717
2024-05-13 14:00:00,50174.75,51407.93,48189.89,49506.79,41694.295
2024-05-13 15:00:00,49386.41,50012.87,47883.18,48882.43,65258.1432
2024-05-13 16:00:00,48781.31,50414.86,48028.28,49340.38,36359.4204
2024-05-13 17:00:00,49101.27,49526.09,48274.35,48791.59,50279.2088
2024-05-13 18:00:00,48905.06,51282.67,47481.86,49758.98,47382.7523
2024-05-13 19:00:00,49907.18,49975.72,49769.85,49856.2,30808.937
2024-05-13 20:00:00,49926.77,50300.91,49064.88,49633.45,39780.0457
2024-05-13 21:00:00,49616.39,51370.36,48846.04,50248.18,60791.4495
2024-05-13 22:00:00,50473.3,52116.19,49395.31,51133.82,29603.5451
2024-05-13 23:00:00,50932.23,51281.76,50632.24,51084.98,30783.3942
2024-05-14 00:00:00,50876.0,52512.16,49928.96,51497.55,28512.7237
2024-05-14 01:00:00,51552.47,51739.63,51435.4,51626.42,27228.4952
2024-05-14 02:00:00,51874.57,52707.75,51305.89,52236.58,43184.3797
2024-05-14 03:00:00,52236.68,52991.27,51166.78,51754.51,30104.1249
2024-05-14 04:00:00,51835.95,54781.04,50563.99,52823.78,15759.6431
2024-05-14 05:00:00,53006.75,54220.45,51256.46,52223.58,28296.0485
2024-05-14 06:00:00,52361.5,54915.98,50588.31,53269.01,22419.0846
2024-05-14 07:00:00,53391.72,54470.95,51435.92,52596.95,21856.0933
2024-05-14 08:00:00,52602.14,53546.82,51524.31,52119.08,16095.1286
2024-05-14 09:00:00,52361.68,52628.6,51919.77,52173.63,21385.6766
2024-05-14 10:00:00,51947.15,53190.9,50150.04,51254.18,29637.4183
2024-05-14 11:00:00,51005.36,52813.68,49882.75,51826.88,16416.5581
2024-05-14 12:00:00,51577.16,51671.19,51520.99,51616.36,26606.7793
2024-05-14 13:00:00,51481.78,52445.57,49389.92,50681.2,33266.3297
2024-05-14 14:00:00,50934.24,51933.57,48744.17,50162.72,35209.0049
2024-05-14 15:00:00,50338.49,50757.72,49709.96,50105.89,51570.3719
2024-05-14 16:00:00,50103.12,52532.07,48655.02,50972.55,56765.4053
2024-05-14 17:00:00,51088.13,52409.57,50347.24,51578.61,52852.3777
2024-05-14 18:00:00,51475.56,54456.59,49507.94,52482.4,68568.3633
2024-05-14 19:00:00,52471.92,53180.92,51333.95,51964.02,69951.3704
2024-05-14 20:00:00,52209.52,52295.87,52165.54,52240.95,27064.9535
2024-05-14 21:00:00,52415.97,54568.59,51202.96,53365.95,63985.1775
2024-05-14 22:00:00,53452.48,53747.52,53286.1,53570.71,48077.6931
2024-05-14 23:00:00,53818.66,54631.86,52852.11,53407.59,24432.0933
2024-05-15 00:00:00,53146.98,53571.89,52450.61,52855.78,17539.8799
2024-05-15 01:00:00,52761.51,55275.08,51450.99,53697.4,32997.3569
2024-05-15 02:00:00,53892.45,54085.9,53563.38,53745.73,12773.7615
2024-05-15 03:00:00,53950.63,55309.06,53108.76,54427.59,20927.7485
2024-05-15 04:00:00,54431.4,56924.47,52956.24,55347.26,34088.2486
2024-05-15 05:00:00,55606.37,57098.28,53802.4,54826.3,27762.3636
2024-05-15 06:00:00,54590.56,55348.97,53391.1,54071.03,24756.0346
2024-05-15 07:00:00,54145.2,55109.91,52174.31,53479.55,26156.7196
2024-05-15 08:00:00,53221.46,53801.79,52226.63,52784.31,38701.2096
2024-05-15 09:00:00,52811.58,53393.25,51835.96,52456.72,36544.821
2024-05-15 10:00:00,52606.9,55080.17,51394.3,53605.49,38607.5576
2024-05-15 11:00:00,53398.8,54970.91,51059.9,52398.55,17465.4992
2024-05-15 12:00:00,52148.89,53575.72,49884.03,51283.74,20139.604
2024-05-15 13:00:00,51398.31,52580.36,50394.9,51903.33,20567.3209
2024-05-15 14:00:00,52124.04,52348.74,51775.0,51972.29,47196.875
2024-05-15 15:00:00,51989.1,52407.01,51324.02,51727.62,50846.8397
2024-05-15 16:00:00,51890.51,54270.27,50426.37,52702.5,45757.2818
2024-05-15 17:00:00,52950.54,53503.56,51996.49,52538.5,51136.3218
2024-05-15 18:00:00,52723.5,53508.71,51786.36,52301.39,49389.7575
2024-05-15 19:00:00,52043.46,52046.37,52039.08,52041.84,35649.0765
2024-05-15 20:00:00,52037.58,53051.88,50103.36,51306.77,46657.0587
2024-05-15 21:00:00,51260.51,52585.11,49356.89,50581.98,53081.1342
2024-05-15 22:00:00,50561.16,52864.23,48739.6,51476.75,57226.5309
2024-05-15 23:00:00,51581.55,51925.51,50940.72,51349.28,18662.4793
2024-05-16 00:00:00,51159.3,54093.44,49479.91,52148.85,34108.0812
2024-05-16 01:00:00,52332.57,52561.44,52039.27,52211.15,26327.6671
2024-05-16 02:00:00,52383.38,53289.35,51801.09,52723.64,17005.4487
2024-05-16 03:00:00,52974.06,54306.98,50818.72,52145.23,24266.9307
2024-05-16 04:00:00,51960.41,53000.94,50392.78,51410.24,19967.5366
2024-05-16 05:00:00,51368.74,52597.38,50719.8,51859.66,14016.7614
2024-05-16 06:00:00,52010.38,52206.35,51620.38,51870.62,19958.6969
2024-05-16 07:00:00,51909.44,53254.86,50051.95,51228.52,19541.1063
2024-05-16 08:00:00,51391.61,52640.75,50423.24,51939.27,21947.3967
2024-05-16 09:00:00,51965.46,52132.17,51887.52,52030.31,23463.5097
2024-05-16 10:00:00,51887.41,52928.46,51298.94,52255.12,38133.0994
2024-05-16 11:00:00,52372.18,52515.43,52263.28,52431.33,31142.8214
2024-05-16 12:00:00,52381.6,54080.72,50941.22,53148.83,42977.8659
2024-05-16 13:00:00,52979.68,54346.48,51220.44,52261.27,26817.0423
2024-05-16 14:00:00,52419.18,53661.95,50910.68,51761.81,42904.8728
2024-05-16 15:00:00,51888.1,52015.65,51774.81,51945.99,39084.0451
2024-05-16 16:00:00,52065.46,54010.06,50522.54,52840.8,33518.8772
2024-05-16 17:00:00,52945.88,54248.59,50551.52,52109.41,62199.5019
2024-05-16 18:00:00,51874.66,53084.99,49361.1,51022.8,43793.792
2024-05-16 19:00:00,51009.96,52015.17,48858.18,50228.04,61997.4384
2024-05-16 20:00:00,50211.28,50985.42,49653.43,50517.03,32928.0341
2024-05-16 21:00:00,50460.43,52882.7,48776.9,51322.92,60719.6965
2024-05-16 22:00:00,51451.87,52936.05,49345.74,50527.65,63415.9493
2024-05-16 23:00:00,50596.43,52198.87,49625.89,51247.06,13031.7375
2024-05-17 00:00:00,51096.41,51272.4,50761.47,50968.77,21233.4383
2024-05-17 01:00:00,51184.18,51510.27,50961.73,51303.15,18275.435
2024-05-17 02:00:00,51117.23,51235.62,50935.75,51051.76,28932.758
2024-05-17 03:00:00,50850.51,52534.54,48650.7,49889.41,38577.4912
2024-05-17 04:00:00,49717.11,51863.84,48226.72,50500.17,36983.6446
2024-05-17 05:00:00,50374.58,50399.64,50329.01,50355.26,17780.0711
2024-05-17 06:00:00,50328.78,50636.22,49853.99,50166.17,17177.9732
2024-05-17 07:00:00,50189.76,51156.98,49668.99,50538.55,26717.5542
2024-05-17 08:00:00,50538.8,52227.16,47855.48,49557.81,27384.3084
2024-05-17 09:00:00,49376.9,51585.39,48388.45,50120.2,32433.5672
2024-05-17 10:00:00,49888.67,52528.89,48106.13,50873.1,35013.7505
2024-05-17 11:00:00,50750.79,51499.25,50129.08,51088.55,26831.6985
2024-05-17 12:00:00,51056.33,51986.78,50326.57,51444.55,31604.4258
2024-05-17 13:00:00,51572.42,53374.01,50437.5,52351.11,38285.3862
2024-05-17 14:00:00,52557.71,54264.99,51739.32,53237.71,60967.1687
2024-05-17 15:00:00,53165.3,56185.98,51413.4,54184.42,70366.3328
2024-05-17 16:00:00,53998.32,56077.77,52676.48,54751.13,60343.622
2024-05-17 17:00:00,54793.77,55666.97,53587.61,54330.35,31681.441
2024-05-17 18:00:00,54554.67,55950.29,53592.72,55075.31,56820.222
2024-05-17 19:00:00,54925.85,56083.84,53177.2,54151.09,47080.7614
2024-05-17 20:00:00,54317.63,54590.63,54161.84,54426.37,48422.9833
2024-05-17 21:00:00,54517.67,57263.67,53200.6,55467.84,47222.3337
2024-05-17 22:00:00,55371.24,57430.92,54363.59,56080.41,45914.108
2024-05-17 23:00:00,56357.24,56396.64,56300.6,56336.01,27812.3257
2024-05-18 00:00:00,56234.64,57071.68,54642.32,55665.05,27699.3296
2024-05-18 01:00:00,55690.66,57162.13,53242.54,54746.95,27934.7129
2024-05-18 02:00:00,54797.47,56307.08,54054.47,55378.49,19126.9695
2024-05-18 03:00:00,55574.58,56445.9,55001.01,55884.66,20818.1591
2024-05-18 04:00:00,55819.47,57234.78,53848.16,55045.83,40509.2445
2024-05-18 05:00:00,55195.39,55462.82,54801.4,55025.06,21035.9163
2024-05-18 06:00:00,54764.97,55973.75,53095.44,54115.62,27424.6867
2024-05-18 07:00:00,54253.45,54337.12,54135.99,54211.53,26335.1361
2024-05-18 08:00:00,54057.85,54099.49,53989.2,54029.04,12210.4284
2024-05-18 09:00:00,53997.87,55991.51,52885.56,54691.93,22538.8406
2024-05-18 10:00:00,54517.5,56137.45,52096.69,53535.77,32199.1496
2024-05-18 11:00:00,53550.8,56555.63,52160.4,54581.69,25672.9433
2024-05-18 12:00:00,54333.72,54587.52,53933.56,54152.51,25760.9438
2024-05-18 13:00:00,53993.78,54052.73,53858.96,53946.77,16771.6597
2024-05-18 14:00:00,54069.03,56614.4,52519.97,55078.81,37993.2481
2024-05-18 15:00:00,54923.43,55100.48,54804.31,54987.17,46774.9645
2024-05-18 16:00:00,55081.65,56541.72,52043.9,54046.58,51328.0647
2024-05-18 17:00:00,54143.55,55373.75,52164.09,53442.64,56234.9076
2024-05-18 18:00:00,53360.79,55001.72,50456.12,52347.79,62916.8708
2024-05-18 19:00:00,52388.47,53893.65,51646.49,52896.02,60321.6483
2024-05-18 20:00:00,52767.68,54170.84,49942.66,51730.97,44239.4159
2024-05-18 21:00:00,51853.44,51854.6,51852.8,51853.84,35446.3325
2024-05-18 22:00:00,51820.83,53367.23,49872.36,50943.97,65203.9282
2024-05-18 23:00:00,50764.22,51650.58,49130.25,50116.32,33210.1404
2024-05-19 00:00:00,49969.1,51149.29,47368.2,49088.92,15863.699
2024-05-19 01:00:00,49217.33,51111.41,48079.2,49878.64,28229.3808
2024-05-19 02:00:00,50112.43,51162.39,47885.91,49323.87,23981.837
2024-05-19 03:00:00,49260.71,50038.25,48211.37,48844.85,20246.6744
2024-05-19 04:00:00,48686.46,49875.29,46630.62,47914.42,25027.4517
2024-05-19 05:00:00,47760.7,48968.67,45486.51,46862.01,40023.3413
2024-05-19 06:00:00,46885.25,48389.32,45055.51,46126.94,27693.8497
2024-05-19 07:00:00,46278.62,47610.37,43923.84,45465.13,32234.7513
2024-05-19 08:00:00,45583.1,47770.03,44611.23,46351.8,36103.1529
2024-05-19 09:00:00,46480.9,48464.29,45071.35,47202.61,19225.3185
2024-05-19 10:00:00,47053.8,48534.11,45834.24,47684.57,20749.5163
2024-05-19 11:00:00,47500.09,48863.9,46666.49,48085.94,31896.4914
2024-05-19 12:00:00,48285.92,49602.34,45753.8,47330.49,38521.9522
2024-05-19 13:00:00,47247.71,48828.53,45013.03,46417.78,38236.8482
2024-05-19 14:00:00,46336.57,47212.11,45715.9,46705.19,35045.9682
2024-05-19 15:00:00,46934.66,46955.33,46905.92,46922.0,51421.3488
2024-05-19 16:00:00,46869.27,47221.97,46020.43,46584.42,47770.0787
2024-05-19 17:00:00,46409.93,46608.24,46085.06,46280.81,35243.5123
2024-05-19 18:00:00,46448.82,46689.22,46253.8,46547.22,44611.8843
2024-05-19 19:00:00,46663.08,47020.83,46376.37,46824.32,46066.1401
2024-05-19 20:00:00,46731.3,48402.9,43947.74,45801.89,69335.5282
2024-05-19 21:00:00,45582.82,46586.03,43281.19,44752.47,39943.5423
2024-05-19 22:00:00,44906.62,45304.78,44596.43,45077.3,64844.3251
2024-05-19 23:00:00,45277.67,46932.06,44429.17,45969.72,22944.7493
2024-05-20 00:00:00,45755.77,46721.04,44508.94,45252.77,16802.2967
2024-05-20 01:00:00,45029.47,45918.71,43693.49,44431.07,40741.0595
2024-05-20 02:00:00,44566.75,45116.84,43929.89,44288.74,28243.1004
2024-05-20 03:00:00,44216.83,44754.85,43332.05,43913.61,18823.7086
2024-05-20 04:00:00,43915.5,44168.48,43747.73,44011.03,15601.6579
2024-05-20 05:00:00,44132.4,44853.65,42570.4,43590.01,20082.9948
2024-05-20 06:00:00,43558.08,44957.44,41431.08,42699.54,34727.948
2024-05-20 07:00:00,42761.5,43966.1,40933.33,42115.71,25778.9602
2024-05-20 08:00:00,42275.62,43640.43,40179.79,41527.4,31040.2058
2024-05-20 09:00:00,41573.8,42139.03,41326.73,41764.68,19690.6103
2024-05-20 10:00:00,41638.59,41684.09,41560.07,41607.15,21148.0921
2024-05-20 11:00:00,41558.86,42017.25,41287.53,41717.28,31453.3697
2024-05-20 12:00:00,41651.32,43495.95,40593.93,42461.0,20194.8975
2024-05-20 13:00:00,42345.96,42389.11,42267.48,42314.83,38483.5855
2024-05-20 14:00:00,42219.23,42750.78,41420.17,41912.72,58172.4981
2024-05-20 15:00:00,41746.28,43616.75,40450.76,42423.75,47125.4791
2024-05-20 16:00:00,42536.79,43871.78,40662.11,41731.06,62690.677
2024-05-20 17:00:00,41634.49,43141.79,40790.6,42258.27,51245.6675
2024-05-20 18:00:00,42339.02,43853.54,41452.25,42948.8,43445.0019
2024-05-20 19:00:00,42794.0,43114.16,42599.14,42934.17,57806.739
2024-05-20 20:00:00,42909.1,44749.09,41969.54,43625.39,56394.4479
2024-05-20 21:00:00,43570.58,44784.84,43014.46,43991.03,32787.0407
2024-05-20 22:00:00,44082.62,46122.179560905395,42476.50271206396,43979.21713085611,224141.95889602546
2024-05-20 23:00:00,43689.09,46160.327963766715,42551.61443307339,44434.56089419699,94396.22760793699
2024-05-21 00:00:00,44071.19,45987.60161492775,43199.00499281884,44642.177418601255,43998.92141540163
2024-05-21 01:00:00,44161.34,45815.15274638976,43373.2815638477,44654.338592286396,59291.84693184735
2024-05-21 02:00:00,44123.3,45859.36460768001,42806.97651125743,44172.586845326005,112229.34723624316
2024-05-21 03:00:00,44009.52,45711.457330206904,42637.01488989088,44046.71315613924,62234.43525453791
2024-05-21 04:00:00,43860.55,45298.46387185962,43203.3495645612,44265.20118543685,63079.71324207731
2024-05-21 05:00:00,43772.97,46135.406121919004,42420.25038202704,44612.64601837662,51253.84364892126
2024-05-21 06:00:00,44315.6,46416.031199648336,42379.352163488715,44057.88692715566,82078.3566337408
2024-05-21 07:00:00,43831.26,46307.79332816788,41581.955390311516,43420.69986417155,36865.36905344371
2024-05-21 08:00:00,43030.68,45407.5547383394,41846.322580834276,43797.92798577186,138677.63996312092
2024-05-21 09:00:00,43428.59,44763.6,42733.31,43874.92,22819.0121
2024-05-21 10:00:00,43989.2,45809.7,43136.54,44659.27,42851.1891
2024-05-21 11:00:00,44545.69,45122.74,43472.81,44142.16,32072.0624
2024-05-21 12:00:00,44188.72,44878.46,43677.31,44462.91,19447.2265
2024-05-21 13:00:00,44417.78,45205.43,43372.78,43995.41,41120.0011
2024-05-21 14:00:00,43934.39,44607.96,42392.73,43397.0,47331.063
2024-05-21 15:00:00,43280.52,44597.84,41611.64,42544.53,38240.6242
2024-05-21 16:00:00,42417.23,42883.88,42126.38,42619.46,39250.5209
2024-05-21 17:00:00,42658.62,42900.51,42209.35,42457.82,70607.4972
2024-05-21 18:00:00,42306.49,42335.93,42246.16,42282.55,45384.4112
2024-05-21 19:00:00,42387.56,43646.7,41276.24,42948.7,62216.882
2024-05-21 20:00:00,42827.75,42957.81,42774.51,42871.82,43131.2591
2024-05-21 21:00:00,42731.83,43228.94,41613.84,42341.05,59322.408
2024-05-21 22:00:00,42414.43,43360.41,41236.32,41914.93,39071.7657
2024-05-21 23:00:00,42098.04,42576.99,41846.46,42295.42,19074.5102
2024-05-22 00:00:00,42168.55,43168.69,40194.25,41492.41,27879.5227
2024-05-22 01:00:00,41366.53,42204.41,39816.26,40834.85,26967.2932
2024-05-22 02:00:00,40802.27,42322.55,39513.18,41485.44,18473.1642
2024-05-22 03:00:00,41399.28,41857.22,41108.06,41604.09,18175.341
2024-05-22 04:00:00,41532.45,41959.72,40854.58,41266.94,41582.057
2024-05-22 05:00:00,41264.63,41712.82,40990.15,41455.27,22270.7517
2024-05-22 06:00:00,41366.98,42038.92,40057.98,40902.34,17459.2971
2024-05-22 07:00:00,40787.41,41247.81,40071.63,40535.1,23760.8132
2024-05-22 08:00:00,40436.0,40776.76,40284.56,40549.66,36279.9191
2024-05-22 09:00:00,40496.83,41330.28,39469.53,40052.01,20947.9173
2024-05-22 10:00:00,40127.39,40973.89,38664.32,39602.46,23590.3747
2024-05-22 11:00:00,39792.26,40955.52,37735.81,39001.52,29787.8337
2024-05-22 12:00:00,38994.39,40613.15,37947.74,39686.31,20845.3315
2024-05-22 13:00:00,39722.01,41135.82,37672.41,38953.0,22396.0372
2024-05-22 14:00:00,38860.23,39023.3,38535.28,38747.29,53265.7654
2024-05-22 15:00:00,38667.32,38802.22,38487.57,38598.66,36092.1973
2024-05-22 16:00:00,38558.59,38873.12,38065.52,38366.07,56755.3299
2024-05-22 17:00:00,38511.27,39085.87,37545.44,38136.03,53143.4093
2024-05-22 18:00:00,38034.53,38266.08,37874.18,38115.85,30539.5764
2024-05-22 19:00:00,38261.55,39208.25,36609.79,37629.67,48031.9711
2024-05-22 20:00:00,37464.03,37601.19,37299.01,37393.31,48875.8852
2024-05-22 21:00:00,37399.68,37834.88,36726.37,37152.12,57299.4054
2024-05-22 22:00:00,37074.12,37672.51,35937.29,36682.9,33765.9127
2024-05-22 23:00:00,36583.08,37104.41,35646.42,36214.29,22334.4134
2024-05-23 00:00:00,36176.76,36748.61,35921.91,36386.02,25658.3602
2024-05-23 01:00:00,36527.08,37607.06,35225.14,35972.22,19464.4397
2024-05-23 02:00:00,36100.86,37712.44,35019.58,36694.69,34492.7275
2024-05-23 03:00:00,36677.12,37226.08,36380.62,36892.85,33193.8224
2024-05-23 04:00:00,37006.6,38064.52,35420.19,36335.59,23454.6832
2024-05-23 05:00:00,36449.4,37238.15,35906.9,36735.71,25442.595
2024-05-23 06:00:00,36698.9,37569.55,35990.36,37053.99,16727.8701
2024-05-23 07:00:00,37117.26,37501.16,36278.6,36824.3,22733.2268
2024-05-23 08:00:00,36878.77,37131.95,36715.64,36968.8,23899.8228
2024-05-23 09:00:00,37051.35,38105.56,35413.89,36354.4,14164.9591
2024-05-23 10:00:00,36450.01,36787.23,36232.33,36563.56,12552.7076
2024-05-23 11:00:00,36676.76,37012.54,36484.93,36796.11,29231.1008
2024-05-23 12:00:00,36820.63,36945.8,36750.95,36874.4,19281.755
2024-05-23 13:00:00,37046.15,38171.43,36492.43,37445.46,19900.9927
2024-05-23 14:00:00,37603.5,37749.2,37529.76,37654.48,34942.3846
2024-05-23 15:00:00,37576.13,38829.05,35688.61,36870.01,62559.0612
2024-05-23 16:00:00,37044.21,38155.82,35229.47,36432.39,48924.7178
2024-05-23 17:00:00,36469.37,37469.25,34491.75,35768.1,55452.3865
2024-05-23 18:00:00,35598.84,35827.71,35140.04,35428.51,56561.7262
2024-05-23 19:00:00,35252.07,35826.24,34458.53,34911.49,62001.105
2024-05-23 20:00:00,35055.49,35879.18,34433.53,35395.52,63343.7813
2024-05-23 21:00:00,35495.62,36281.68,35148.95,35770.7,49442.7999
2024-05-23 22:00:00,35760.5,36895.79,34881.29,36275.49,63760.675
2024-05-23 23:00:00,36174.57,37239.66,34709.61,35615.89,40213.3919
2024-05-24 00:00:00,35765.88,36743.11,34401.44,35197.86,40946.8166
2024-05-24 01:00:00,35253.53,36794.4,34532.38,35819.36,20402.2708
2024-05-24 02:00:00,35917.76,36606.6,34433.61,35363.82,21238.5322
2024-05-24 03:00:00,35202.04,36465.8,34340.66,35736.88,28482.3812
2024-05-24 04:00:00,35879.2,37369.27,35001.05,36540.73,16692.5057
2024-05-24 05:00:00,36703.65,36904.47,36569.61,36777.45,36209.9539
2024-05-24 06:00:00,36713.55,38502.68,35916.56,37369.29,20174.717
2024-05-24 07:00:00,37398.98,37797.15,36745.0,37157.95,21705.1094
2024-05-24 08:00:00,37000.13,37149.79,36901.44,37059.08,17520.0922
2024-05-24 09:00:00,37205.22,38452.44,36363.24,37738.86,18482.9118
2024-05-24 10:00:00,37562.65,38230.89,36075.77,37011.94,28155.3672
2024-05-24 11:00:00,37124.63,38986.74,35848.97,37858.61,32857.4819
2024-05-24 12:00:00,37751.98,38898.5,36964.46,38209.64,27062.0462
2024-05-24 13:00:00,38218.02,39489.09,37626.26,38709.22,22383.0106
2024-05-24 14:00:00,38629.96,39312.06,38270.01,38880.16,50568.5717
2024-05-24 15:00:00,38844.32,39795.84,36644.47,38096.28,70398.808
2024-05-24 16:00:00,38000.52,38930.38,36719.33,37518.13,49677.5251
2024-05-24 17:00:00,37594.75,38159.36,36538.46,37218.69,32359.9265
2024-05-24 18:00:00,37141.89,37383.65,36621.5,36956.82,45978.4966
2024-05-24 19:00:00,36903.18,37647.04,36434.31,37196.05,31617.1024
2024-05-24 20:00:00,37173.59,37559.25,36631.86,36976.15,70203.1307
2024-05-24 21:00:00,37097.09,37740.56,36214.64,36758.73,32807.8385
2024-05-24 22:00:00,36838.44,36952.06,36652.65,36767.37,38839.8532
2024-05-24 23:00:00,36734.69,38911.6,35719.3,37468.01,17055.5622
2024-05-25 00:00:00,37454.37,38682.59,36824.52,37867.06,22671.6351
2024-05-25 01:00:00,37897.91,38160.53,37702.13,37999.4,38755.6487
2024-05-25 02:00:00,37860.66,38817.27,36033.65,37179.92,21003.08
2024-05-25 03:00:00,37146.73,37540.19,36873.56,37324.86,15981.1802
2024-05-25 04:00:00,37485.89,37778.73,37246.51,37610.95,27777.7113
2024-05-25 05:00:00,37764.66,39609.28,36869.05,38441.38,39325.5963
2024-05-25 06:00:00,38614.88,38791.36,38480.89,38689.28,34281.1339
2024-05-25 07:00:00,38650.52,38713.72,38614.89,38673.35,21839.3283
2024-05-25 08:00:00,38647.76,39077.49,37842.14,38340.29,20245.3128
2024-05-25 09:00:00,38458.18,40191.17,37682.1,39066.15,21213.3409
2024-05-25 10:00:00,38944.89,39879.04,38123.97,39356.83,18214.6885
2024-05-25 11:00:00,39513.0,39925.28,38520.96,39180.45,36587.0579
2024-05-25 12:00:00,39042.06,39552.97,38813.08,39224.69,34570.753
2024-05-25 13:00:00,39287.97,40894.41,38298.08,39842.57,24258.0484
2024-05-25 14:00:00,39690.45,40559.1,38470.75,39220.72,36686.2797
2024-05-25 15:00:00,39237.81,40203.15,37719.18,38660.85,61304.7286
2024-05-25 16:00:00,38615.9,39576.96,37064.61,38090.37,39317.8024
2024-05-25 17:00:00,38025.43,39967.74,37136.49,38739.73,36967.0624
2024-05-25 18:00:00,38635.96,38916.79,38468.68,38744.49,53083.8536
2024-05-25 19:00:00,38791.91,39505.59,37857.24,38421.09,65107.7154
2024-05-25 20:00:00,38604.27,39859.55,37756.63,39031.68,34723.2617
2024-05-25 21:00:00,38980.95,39134.64,38913.82,39033.88,46353.3818
2024-05-25 22:00:00,39203.77,39326.91,39019.86,39123.12,46521.6956
2024-05-25 23:00:00,39310.2,40298.83,37709.97,38764.47,34418.4465
2024-05-26 00:00:00,38899.98,39973.24,36634.61,38132.45,22588.2399
2024-05-26 01:00:00,38004.08,38528.97,37021.37,37586.86,26857.0377
2024-05-26 02:00:00,37551.04,38719.85,35650.53,36819.15,24511.5303
2024-05-26 03:00:00,36999.78,37307.06,36494.77,36777.2,28995.5594
2024-05-26 04:00:00,36948.58,37714.68,35539.66,36426.29,36156.7115
2024-05-26 05:00:00,36270.01,36964.9,35233.45,35832.27,15041.536
2024-05-26 06:00:00,35718.99,36306.98,35006.44,35424.55,25297.7101
2024-05-26 07:00:00,35247.46,35746.43,34422.25,34924.5,33874.2104
2024-05-26 08:00:00,34794.82,35554.79,33672.18,41896.380000000005,37953.4381
2024-05-26 09:00:00,41883.99,42429.29,41079.89,41584.7,33416.1872
2024-05-26 10:00:00,41783.25,42689.31,41160.91,42097.56,18918.6261
2024-05-26 11:00:00,42291.64,43211.67,40893.62,41727.4,20578.3395
2024-05-26 12:00:00,41924.19,43361.37,39869.39,41147.82,18337.5482
2024-05-26 13:00:00,41084.58,42191.38,40350.39,41482.26,26254.8323
2024-05-26 14:00:00,41382.94,42356.97,40755.86,41744.32,39820.9591
2024-05-26 15:00:00,41920.41,43131.13,39961.51,41160.63,28477.2806
2024-05-26 16:00:00,41056.01,42249.66,40273.32,41596.1,57946.0892
2024-05-26 17:00:00,41503.05,42949.37,39357.54,40703.49,65062.4157
2024-05-26 18:00:00,40572.51,41668.41,39897.38,41066.31,47883.2688
2024-05-26 19:00:00,41176.03,42052.46,40543.43,41568.71,64647.86
2024-05-26 20:00:00,41526.87,43540.43,40219.57,42271.89,31326.2169
2024-05-26 21:00:00,42289.0,43148.0,40705.54,41699.58,49221.6979
2024-05-26 22:00:00,41650.43,42535.89,41213.59,41970.39,33240.8423
2024-05-26 23:00:00,42063.07,42833.25,40607.45,41444.16,33843.3499
2024-05-27 00:00:00,41589.22,41602.82,41582.73,41594.44,27856.1083
2024-05-27 01:00:00,41404.18,42381.41,40826.6,41768.26,37335.3345
2024-05-27 02:00:00,41576.55,42261.35,41051.33,41875.07,20222.5891
2024-05-27 03:00:00,42010.04,42657.74,41599.16,42227.15,13944.4651
2024-05-27 04:00:00,42377.55,43286.65,41006.41,41776.22,20766.3929
2024-05-27 05:00:00,41708.75,42714.12,39804.82,40953.07,16805.6708
2024-05-27 06:00:00,40991.57,41219.34,40584.96,40832.97,35559.2829
2024-05-27 07:00:00,40688.72,41198.71,39906.88,40385.25,15272.1705
2024-05-27 08:00:00,40293.43,41122.86,39687.23,40633.78,26991.2758
2024-05-27 09:00:00,40646.71,42441.46,39414.47,41283.58,28166.1352
2024-05-27 10:00:00,41387.08,42013.87,40389.96,41038.23,30527.3485
2024-05-27 11:00:00,41069.66,41307.01,40701.72,40940.25,27624.9334
2024-05-27 12:00:00,40902.36,41628.46,39806.11,40490.38,32468.3925
2024-05-27 13:00:00,40683.2,41571.58,39037.92,40093.9,18410.0701
2024-05-27 14:00:00,40088.35,40316.17,39966.12,40177.39,39575.3753
2024-05-27 15:00:00,40109.35,41370.54,39490.85,40610.88,44266.7309
2024-05-27 16:00:00,40411.22,41726.71,38266.57,39674.15,35988.669
2024-05-27 17:00:00,39581.31,40855.66,37792.44,38802.37,69090.8222
2024-05-27 18:00:00,38838.21,40543.2,37477.97,39597.01,52191.8468
2024-05-27 19:00:00,39452.58,39874.97,39153.32,39623.51,54777.4487
2024-05-27 20:00:00,39572.41,39658.75,39449.68,39520.95,31869.9459
2024-05-27 21:00:00,39397.12,39607.27,38926.97,39227.59,38573.3265
2024-05-27 22:00:00,39410.79,39852.12,38792.46,39172.46,36820.3984
2024-05-27 23:00:00,39294.41,41316.86,38303.29,40051.19,27374.4214
2024-05-28 00:00:00,40236.48,40738.72,39370.22,39884.84,20948.3418
2024-05-28 01:00:00,39691.91,39960.9,39529.42,39788.86,19686.2069
2024-05-28 02:00:00,39674.01,41437.33,38564.56,40287.08,23941.4185
2024-05-28 03:00:00,40434.92,40866.67,40227.65,40591.99,24476.794
2024-05-28 04:00:00,40516.85,40698.39,40070.3,40366.78,26558.9505
2024-05-28 05:00:00,40504.17,40978.76,39715.03,40195.69,25489.6936
2024-05-28 06:00:00,40056.72,40300.07,39778.75,39931.1,21479.2901
2024-05-28 07:00:00,39756.56,39770.58,39747.09,39762.87,13349.2773
2024-05-28 08:00:00,39739.5,40511.66,39376.74,40024.65,19966.3421
2024-05-28 09:00:00,39993.93,40374.15,39442.84,39748.94,15443.816
2024-05-28 10:00:00,39580.03,40169.22,38550.18,39176.78,23602.6961
2024-05-28 11:00:00,39360.37,40270.42,38893.85,39725.52,35741.3704
2024-05-28 12:00:00,39919.19,39983.64,39775.19,39867.35,20639.2015
2024-05-28 13:00:00,39699.89,40294.74,39322.86,39926.95,28692.5355
2024-05-28 14:00:00,40101.32,41508.51,39336.4,40658.91,47798.5223
2024-05-28 15:00:00,40680.76,41404.73,39346.93,40184.14,41756.5653
2024-05-28 16:00:00,40168.07,40334.4,40036.14,40243.49,25937.6498
2024-05-28 17:00:00,40140.02,41160.48,39516.02,40535.14,57623.1351
2024-05-28 18:00:00,40431.52,41800.86,38313.53,39632.56,39441.602
2024-05-28 19:00:00,39605.8,40158.52,38438.85,39196.91,57258.9853
2024-05-28 20:00:00,39188.7,40223.28,38447.54,39637.23,59037.6646
2024-05-28 21:00:00,39454.87,41163.42,38606.93,40036.55,66242.8735
2024-05-28 22:00:00,40210.62,41845.41,39132.37,40847.18,49601.8795
2024-05-28 23:00:00,40710.48,40770.67,40582.84,40667.16,19494.1268
2024-05-29 00:00:00,40816.6,41370.76,40472.16,41064.28,19533.8286
2024-05-29 01:00:00,40962.18,42776.2,39598.18,41767.62,25726.4596
2024-05-29 02:00:00,41774.41,42247.5,40932.65,41429.08,30598.7552
2024-05-29 03:00:00,41439.55,42864.47,40317.48,42085.11,21511.1735
2024-05-29 04:00:00,41910.08,43491.32,41162.29,42484.65,29980.806
2024-05-29 05:00:00,42460.25,42649.42,42168.91,42352.26,23026.432
2024-05-29 06:00:00,42193.15,43755.78,39822.33,41355.67,33543.416
2024-05-29 07:00:00,41212.88,42360.61,40446.37,41663.68,39246.6583
2024-05-29 08:00:00,41660.66,41735.25,41500.52,41606.41,25072.2765
2024-05-29 09:00:00,41689.56,42870.34,39401.55,40912.08,25082.5833
2024-05-29 10:00:00,41035.9,42378.15,39208.64,40220.85,19403.5623
2024-05-29 11:00:00,40266.85,41120.12,38966.03,39734.46,23202.4884
2024-05-29 12:00:00,39863.24,40497.04,39541.51,40086.97,19502.6491
2024-05-29 13:00:00,39994.87,40807.16,39551.92,40275.47,30776.9635
2024-05-29 14:00:00,40246.48,40438.68,39868.91,40118.09,56337.5846
2024-05-29 15:00:00,39981.65,41295.14,39146.29,40529.83,64751.708
2024-05-29 16:00:00,40471.8,42071.24,39616.48,41033.47,63350.2689
2024-05-29 17:00:00,40997.21,42164.36,39298.96,40293.65,57449.8912
2024-05-29 18:00:00,40176.34,40263.02,40115.38,40212.85,56437.7485
2024-05-29 19:00:00,40312.8,41823.47,39289.65,40858.87,47107.8495
2024-05-29 20:00:00,40899.21,41756.1,40335.75,41236.33,49166.7675
2024-05-29 21:00:00,41159.46,42776.43,40048.16,41763.31,41983.2078
2024-05-29 22:00:00,41878.19,42024.21,41633.03,41771.85,35801.5234
2024-05-29 23:00:00,41936.09,42792.33,40080.86,41267.51,36154.7761
2024-05-30 00:00:00,41281.4,41961.33,40800.9,41530.61,19326.3755
2024-05-30 01:00:00,41710.35,42260.87,40457.81,41256.5,19131.8065
2024-05-30 02:00:00,41356.06,43696.19,40299.18,42162.85,22446.9612
2024-05-30 03:00:00,42175.94,44244.26,41166.65,42876.77,42826.2011
2024-05-30 04:00:00,42731.68,43006.03,42276.45,42556.81,29045.8513
2024-05-30 05:00:00,42673.57,42805.25,42614.95,42718.55,24779.1543
2024-05-30 06:00:00,42782.17,44088.12,40528.65,42025.46,21886.0234
2024-05-30 07:00:00,41836.13,42824.47,41386.59,42166.68,31406.0015
2024-05-30 08:00:00,42111.9,42699.65,41242.42,41785.02,31467.6627
2024-05-30 09:00:00,41689.34,43071.86,39618.01,40896.41,34601.5452
2024-05-30 10:00:00,40923.96,42067.69,40077.37,41409.78,15569.0487
2024-05-30 11:00:00,41459.84,43071.66,40408.13,42153.6,22725.462
2024-05-30 12:00:00,41967.85,43584.4,41006.15,42605.86,15237.7117
2024-05-30 13:00:00,42530.3,44430.22,41338.57,43212.26,22511.9899
2024-05-30 14:00:00,43211.94,45393.76,42136.4,43949.64,59040.4871
2024-05-30 15:00:00,43946.8,45334.43,42256.04,43243.43,41177.3077
2024-05-30 16:00:00,43049.83,43150.96,42974.93,43090.77,41524.1409
2024-05-30 17:00:00,42932.54,43715.03,42450.38,43247.31,39361.222
2024-05-30 18:00:00,43097.63,45048.99,42146.69,43773.02,63090.3427
2024-05-30 19:00:00,43760.9,44230.22,42733.58,43404.0,36328.1929
2024-05-30 20:00:00,43582.89,45505.1,42002.09,44451.25,72690.3392
2024-05-30 21:00:00,44614.5,45667.0,43806.61,45025.3,38522.1161
2024-05-30 22:00:00,45080.33,46429.39,44000.14,45639.12,48412.3765
2024-05-30 23:00:00,45490.04,46824.25,44819.86,46031.04,29472.3645
2024-05-31 00:00:00,45814.88,46392.26,45456.79,46014.1,20771.7541
