datetime,open,high,low,close,volume,returns,sentiment_score_mean,sentiment_score_std,sentiment_score_min,sentiment_score_max,tweet_volume,engagement_score_sum,engagement_score_mean,engagement_score_max,token_count_mean,sentiment_mean_6h,sentiment_std_6h,tweet_volume_6h,engagement_6h,sentiment_momentum_6h,sentiment_mean_12h,sentiment_std_12h,tweet_volume_12h,engagement_12h,sentiment_momentum_12h,sentiment_mean_24h,sentiment_std_24h,tweet_volume_24h,engagement_24h,sentiment_momentum_24h
2024-01-01 00:00:00,45062.74,46278.53,43026.28,44206.57,36734.6199,,0.0,0.0,0.0,0.0,4,226.0,56.5,111.0,5.75,0.0,0.0,4.0,226.0,0.0,0.0,0.0,4.0,226.0,0.0,0.0,0.0,4.0,226.0,0.0
2024-01-01 01:00:00,44379.94,45507.36,42749.28,43646.67,21505.3768,-1.266553817679139,0.6666666666666666,0.5773502691896258,0.0,1.0,3,1903.0,634.3333333333334,1499.0,6.0,0.3333333333333333,0.2886751345948129,7.0,2129.0,0.0,0.3333333333333333,0.2886751345948129,7.0,2129.0,0.0,0.3333333333333333,0.2886751345948129,7.0,2129.0,0.0
2024-01-01 02:00:00,43440.02,44340.05,42060.62,42916.72,21630.1748,-1.6724070816857228,0.0,0.0,0.0,0.0,3,490.0,163.33333333333334,289.0,5.333333333333333,0.2222222222222222,0.1924500897298753,10.0,2619.0,0.0,0.2222222222222222,0.1924500897298753,10.0,2619.0,0.0,0.2222222222222222,0.1924500897298753,10.0,2619.0,0.0
2024-01-01 03:00:00,43049.52,44617.1,40705.34,42199.72,20306.2639,-1.6706775354686898,0.16666666666666666,0.752772652709081,-1.0,1.0,6,1014.0,169.0,378.0,5.833333333333333,0.20833333333333331,0.33253073047467674,16.0,3633.0,0.0,0.20833333333333331,0.33253073047467674,16.0,3633.0,0.0,0.20833333333333331,0.33253073047467674,16.0,3633.0,0.0
2024-01-01 04:00:00,42392.66,42745.73,41761.63,42115.57,34101.6154,-0.1994089060306625,0.16666666666666666,0.752772652709081,-1.0,1.0,0,0.0,169.0,378.0,5.833333333333333,0.2,0.4165791149215575,16.0,3633.0,0.0,0.2,0.4165791149215575,16.0,3633.0,0.0,0.2,0.4165791149215575,16.0,3633.0,0.0
2024-01-01 05:00:00,42244.92,43265.49,41476.87,42633.12,24053.7955,1.2288804354304128,0.0,0.0,0.0,0.0,3,1182.0,394.0,772.0,5.666666666666667,0.16666666666666666,0.3471492624346313,19.0,4815.0,0.0,0.16666666666666666,0.3471492624346313,19.0,4815.0,0.0,0.16666666666666666,0.3471492624346313,19.0,4815.0,0.0
2024-01-01 06:00:00,42773.56,43359.46,42436.56,42976.34,22027.5687,0.8050548493752974,0.0,0.0,0.0,0.0,3,533.0,177.66666666666666,230.0,5.0,0.16666666666666666,0.3471492624346313,18.0,5122.0,0.0,0.14285714285714285,0.2975565106582554,22.0,5348.0,0.0,0.14285714285714285,0.2975565106582554,22.0,5348.0,0.0
2024-01-01 07:00:00,42859.4,43315.73,41997.81,42498.33,15482.5599,-1.1122631661979463,0.0,0.0,0.0,0.0,1,146.0,146.0,146.0,8.0,0.05555555555555555,0.2509242175696937,16.0,3365.0,-0.6666666666666666,0.125,0.26036194682597347,23.0,5494.0,0.0,0.125,0.26036194682597347,23.0,5494.0,0.0
2024-01-01 08:00:00,42555.99,42900.24,42011.24,42325.91,25048.0701,-0.4057100596658647,0.3333333333333333,0.5773502691896258,0.0,1.0,3,10895.0,3631.6666666666665,10300.0,5.666666666666667,0.1111111111111111,0.3471492624346313,16.0,13770.0,0.3333333333333333,0.14814814814814814,0.29558287153304597,26.0,16389.0,0.0,0.14814814814814814,0.29558287153304597,26.0,16389.0,0.0
2024-01-01 09:00:00,42388.57,42820.98,42058.59,42573.6,16963.0986,0.5851971050356619,0.25,0.5,0.0,1.0,4,187.0,46.75,94.0,6.0,0.125,0.3050204869831178,14.0,12943.0,0.08333333333333334,0.15833333333333333,0.3160245843797414,30.0,16576.0,0.0,0.15833333333333333,0.3160245843797414,30.0,16576.0,0.0
2024-01-01 10:00:00,42782.01,43415.83,42363.3,43021.59,36601.4386,1.0522718304301293,-0.16666666666666666,0.752772652709081,-1.0,1.0,6,9178.0,1529.6666666666667,8600.0,5.333333333333333,0.06944444444444443,0.3050204869831178,20.0,22121.0,-0.3333333333333333,0.12878787878787878,0.35572895422786316,36.0,25754.0,0.0,0.12878787878787878,0.35572895422786316,36.0,25754.0,0.0
2024-01-01 11:00:00,42905.02,44071.28,40966.4,42102.01,26728.8582,-2.137484923267585,0.5,0.5773502691896257,0.0,1.0,4,1092.0,273.0,680.0,5.75,0.1527777777777778,0.40124553184805545,21.0,22031.0,0.5,0.1597222222222222,0.3741973971413433,40.0,26846.0,0.0,0.1597222222222222,0.3741973971413433,40.0,26846.0,0.0
2024-01-01 12:00:00,42260.47,42800.66,41472.12,41947.2,33235.1295,-0.3677021595881125,0.3333333333333333,0.5773502691896258,0.0,1.0,3,876.0,292.0,465.0,6.333333333333333,0.20833333333333334,0.49747057671299305,21.0,22374.0,0.3333333333333333,0.1875,0.4223099195738122,39.0,27496.0,0.3333333333333333,0.17307692307692307,0.3898245411450574,43.0,27722.0,0.0
2024-01-01 13:00:00,41848.57,42548.01,40826.34,41424.44,33774.4334,-1.2462333600335551,0.6,0.5477225575051661,0.0,1.0,5,3700.0,740.0,3000.0,6.8,0.30833333333333335,0.5887576696305208,25.0,25928.0,0.6,0.18194444444444446,0.41984094360010715,41.0,29293.0,-0.06666666666666665,0.20357142857142854,0.40110297088506514,48.0,31422.0,0.0
2024-01-01 14:00:00,41382.77,42311.07,40171.24,40918.16,28500.2809,-1.2221770529667997,0.5,1.0,-1.0,1.0,4,32819.0,8204.75,32000.0,5.5,0.3361111111111111,0.6591992914322499,26.0,47852.0,0.16666666666666669,0.22361111111111112,0.5031742769334405,42.0,61622.0,0.5,0.2233333333333333,0.4410294394927275,52.0,64241.0,0.0
2024-01-01 15:00:00,40758.44,41347.21,40438.93,40966.22,28912.8469,0.1174539617617265,0.0,1.0,-1.0,1.0,3,798.0,266.0,318.0,4.666666666666667,0.29444444444444445,0.7425326247655831,25.0,48463.0,-0.25,0.20972222222222223,0.5237765558743505,39.0,61406.0,-0.16666666666666666,0.20937499999999998,0.475965099524432,55.0,65039.0,0.0
2024-01-01 16:00:00,41169.46,41312.19,41078.91,41217.41,28662.5445,0.613163723672816,0.5,0.7071067811865476,0.0,1.0,2,722.0,361.0,711.0,6.5,0.4055555555555556,0.7349216461784942,21.0,40007.0,0.6666666666666666,0.23749999999999996,0.519971066580806,41.0,62128.0,0.33333333333333337,0.2264705882352941,0.48956166903396825,57.0,65761.0,0.0
2024-01-01 17:00:00,41292.31,41439.68,41187.72,41353.37,30029.9094,0.3298606098733447,0.5,0.7071067811865476,0.0,1.0,0,0.0,361.0,711.0,6.5,0.4055555555555556,0.7565477315113145,17.0,38915.0,0.0,0.2791666666666666,0.578896631679685,38.0,60946.0,0.5,0.24166666666666664,0.5016475085980004,57.0,65761.0,0.0
2024-01-01 18:00:00,41334.23,43510.69,40275.74,42084.56,46967.7752,1.768150939089108,0.6666666666666666,0.5773502691896258,0.0,1.0,3,16736.0,5578.666666666667,16000.0,6.0,0.4611111111111112,0.7565477315113145,17.0,54775.0,0.3333333333333333,0.3347222222222222,0.6270091541121537,38.0,77149.0,0.6666666666666666,0.26403508771929823,0.5056318644186123,60.0,82497.0,0.0
2024-01-01 19:00:00,42258.21,43785.6,41186.52,42884.51,49196.2636,1.9008158811687716,0.6666666666666666,0.5773502691896258,0.0,1.0,0,0.0,5578.666666666667,16000.0,6.0,0.47222222222222227,0.7614856834587244,12.0,51075.0,0.06666666666666665,0.3902777777777778,0.6751216765446225,37.0,77003.0,0.6666666666666666,0.2841666666666667,0.509217784657163,60.0,82497.0,0.0
2024-01-01 20:00:00,42997.09,43188.27,42887.08,43064.81,25343.1867,0.4204315264415781,0.4,0.5477225575051662,0.0,1.0,5,695.0,139.0,275.0,5.6,0.45555555555555555,0.6861061097095855,13.0,18951.0,-0.09999999999999998,0.3958333333333333,0.6726527005709176,39.0,66803.0,0.06666666666666671,0.28968253968253965,0.5110513452689727,65.0,83192.0,0.0
2024-01-01 21:00:00,42857.87,44993.33,41485.72,43593.48,37888.4654,1.2276148437668777,0.8,0.4472135954999579,0.0,1.0,5,2810.0,562.0,1336.0,5.8,0.5888888888888889,0.5939750422929119,15.0,20963.0,0.8,0.44166666666666665,0.6682538335292474,40.0,69426.0,0.55,0.31287878787878787,0.508149629370381,70.0,86002.0,0.0
2024-01-01 22:00:00,43758.27,45532.95,42515.34,44540.58,36315.0502,2.172572595718436,-1.0,0.4472135954999579,-1.0,-1.0,1,321.0,321.0,321.0,3.0,0.33888888888888896,0.5506595113451469,14.0,20562.0,-1.5,0.3722222222222222,0.6427905787618206,35.0,60569.0,-0.8333333333333334,0.25579710144927537,0.5055002365934061,71.0,86323.0,0.0
2024-01-01 23:00:00,44658.98,45707.98,42906.59,43995.16,26495.1629,-1.224546245244218,0.0,0.0,0.0,0.0,3,174.0,58.0,114.0,6.333333333333333,0.2555555555555556,0.432808381147389,17.0,20736.0,-0.5,0.33055555555555555,0.5946780563293518,34.0,59651.0,-0.5,0.24513888888888888,0.4844377267353475,74.0,86497.0,0.0
2024-01-02 00:00:00,43961.34,44788.14,42550.47,43454.55,18157.894,-1.228794258277499,0.0,0.0,0.0,0.0,0,0.0,58.0,114.0,6.333333333333333,0.14444444444444451,0.3365833362824513,14.0,4000.0,-0.6666666666666666,0.30277777777777776,0.5465655338968829,31.0,58775.0,-0.3333333333333333,0.24513888888888888,0.4844377267353475,70.0,86271.0,0.0
2024-01-02 01:00:00,43669.71,44337.44,43247.15,43931.52,14999.5626,1.097629592298155,0.4,0.5477225575051661,0.0,1.0,5,1364.0,272.8,593.0,6.0,0.10000000000000007,0.3316453843350413,19.0,5364.0,-0.2666666666666666,0.2861111111111111,0.546565533896883,31.0,56439.0,-0.19999999999999996,0.23402777777777775,0.483203238748495,72.0,85732.0,-0.2666666666666666
2024-01-02 02:00:00,43860.39,44229.76,43647.18,44015.32,17264.2416,0.1907514240345076,1.0,0.5477225575051661,1.0,1.0,1,64.0,64.0,64.0,6.0,0.20000000000000007,0.3316453843350413,15.0,4733.0,0.6,0.3277777777777778,0.5088757470223134,28.0,23684.0,0.5,0.2756944444444444,0.506025011977877,70.0,85306.0,1.0
2024-01-02 03:00:00,43896.01,45951.64,43001.44,44607.87,23756.5692,1.3462358106222982,0.4,0.8944271909999159,-1.0,1.0,5,2326.0,465.2,945.0,4.6,0.1333333333333334,0.4061809835850343,15.0,4249.0,-0.4,0.36111111111111116,0.500078012938973,30.0,25212.0,0.4,0.2854166666666667,0.5119272844066618,69.0,86618.0,0.23333333333333336
2024-01-02 04:00:00,44480.4,45755.04,42742.31,43826.2,30639.1932,-1.7523141095954764,0.0,1.4142135623730951,-1.0,1.0,2,614.0,307.0,414.0,5.5,0.30000000000000004,0.5673476447305572,16.0,4542.0,1.0,0.3194444444444445,0.5590035780378521,30.0,25104.0,-0.5,0.27847222222222223,0.539487322309329,71.0,87232.0,-0.16666666666666666
2024-01-02 05:00:00,43960.96,44656.45,42575.57,43416.57,24624.374,-0.9346692161309788,-0.16666666666666666,0.752772652709081,-1.0,1.0,6,433.0,72.16666666666667,231.0,5.333333333333333,0.27222222222222225,0.692809753515404,19.0,4801.0,-0.16666666666666666,0.2638888888888889,0.5628090673313965,36.0,25537.0,-0.6666666666666666,0.27152777777777776,0.5708528495055407,74.0,86483.0,-0.16666666666666666
2024-01-02 06:00:00,43516.03,44417.5,43130.15,43817.79,21437.7873,0.9241172206832626,0.0,1.4142135623730951,-1.0,1.0,2,644.0,322.0,631.0,5.5,0.2722222222222223,0.92851201391092,21.0,5445.0,0.0,0.20833333333333334,0.6325476750966856,35.0,9445.0,-0.6666666666666666,0.27152777777777776,0.6297784146044197,73.0,86594.0,0.0
2024-01-02 07:00:00,43976.27,44574.1,42844.91,43534.14,21648.1909,-0.6473398133497898,0.3333333333333333,0.5773502691896258,0.0,1.0,3,1208.0,402.6666666666667,718.0,5.333333333333333,0.2611111111111111,0.9334499658583298,19.0,5289.0,-0.06666666666666671,0.18055555555555558,0.6325476750966856,38.0,10653.0,-0.3333333333333333,0.28541666666666665,0.6538346758206541,75.0,87656.0,0.3333333333333333
2024-01-02 08:00:00,43425.22,45303.33,42036.34,44160.44,22055.8837,1.4386410297757113,0.4,0.5477225575051661,0.0,1.0,5,1303.0,260.6,396.0,5.6,0.16111111111111118,0.9334499658583297,23.0,6528.0,-0.6,0.18055555555555558,0.6325476750966856,38.0,11261.0,0.0,0.2881944444444445,0.6526001878338016,77.0,78064.0,0.06666666666666671
2024-01-02 09:00:00,44380.93,46155.72,43223.01,44977.45,28406.275,1.8500947907221788,0.25,0.9574271077563381,-1.0,1.0,4,20125.0,5031.25,13700.0,6.25,0.13611111111111115,0.9439499519844001,22.0,24327.0,-0.15000000000000002,0.13472222222222222,0.6750654677847172,37.0,28576.0,-0.55,0.2881944444444445,0.6716596506569824,77.0,98002.0,0.0
2024-01-02 10:00:00,44970.99,45754.1,43814.01,44456.07,30012.952,-1.159203111781559,0.3333333333333333,0.5773502691896258,0.0,1.0,3,24586.0,8195.333333333334,24400.0,6.0,0.19166666666666674,0.804472736453822,23.0,48299.0,0.3333333333333333,0.24583333333333332,0.6859101905921895,39.0,52841.0,1.3333333333333333,0.30902777777777773,0.6643503846770051,74.0,113410.0,0.5
2024-01-02 11:00:00,44351.69,45643.85,43576.39,44855.65,45544.5822,0.8988198911869638,0.75,0.5,0.0,1.0,4,1001.0,250.25,338.0,6.5,0.34444444444444455,0.7623439610023085,21.0,48867.0,0.9166666666666666,0.30833333333333335,0.7275768572588562,40.0,53668.0,0.75,0.3194444444444444,0.661127456794104,74.0,113319.0,0.25
2024-01-02 12:00:00,44880.67,45791.82,44317.08,45272.76,36988.1386,0.9298940044342174,0.0,0.5,0.0,0.0,1,129.0,129.0,129.0,6.0,0.34444444444444455,0.609975033940126,20.0,48352.0,0.0,0.30833333333333335,0.7692435239255229,41.0,53797.0,0.0,0.3055555555555555,0.657904528911203,72.0,112572.0,-0.3333333333333333
2024-01-02 13:00:00,45291.86,46300.76,44542.81,45741.11,31022.6763,1.03450728429193,0.25,0.5,0.0,1.0,4,693.0,173.25,344.0,6.25,0.3305555555555556,0.5970833224085217,21.0,47837.0,-0.08333333333333331,0.29583333333333334,0.7652666441334257,40.0,53126.0,-0.15000000000000002,0.29097222222222224,0.6559160890151544,71.0,109565.0,-0.35
2024-01-02 14:00:00,45584.42,47486.64,44451.31,46424.59,58543.9539,1.4942357105019788,0.5,0.8366600265340756,-1.0,1.0,6,5455.0,909.1666666666666,4660.0,6.166666666666667,0.3472222222222223,0.6452395672466732,22.0,51989.0,0.09999999999999998,0.25416666666666665,0.7893447665525016,45.0,58517.0,-0.5,0.29097222222222224,0.6491102567874075,73.0,82201.0,0.0
2024-01-02 15:00:00,46301.66,47647.86,44614.2,45597.66,56062.3029,-1.7812327475589806,0.25,0.5,0.0,1.0,4,10407.0,2601.75,10300.0,6.25,0.3472222222222223,0.5690017159539502,22.0,42271.0,0.0,0.2416666666666667,0.7564758339691752,44.0,66598.0,-0.15000000000000002,0.3013888888888889,0.6282769234540742,74.0,91810.0,0.25
2024-01-02 16:00:00,45560.83,45960.07,45263.82,45713.32,36648.9802,0.2536533672999885,0.0,0.8944271909999159,-1.0,1.0,6,1702.0,283.6666666666667,1170.0,5.666666666666667,0.29166666666666674,0.6218478695889985,25.0,19387.0,-0.3333333333333333,0.2416666666666667,0.7131603030214103,48.0,67686.0,0.0,0.28055555555555556,0.6360819405296312,78.0,92790.0,-0.5
2024-01-02 17:00:00,45593.86,45924.07,45130.12,45403.8,41669.0136,-0.6770893035115244,0.0,0.0,0.0,0.0,2,582.0,291.0,298.0,5.5,0.16666666666666674,0.5385145362556653,23.0,18968.0,-0.75,0.25555555555555554,0.6504292486289869,44.0,67835.0,0.16666666666666666,0.25972222222222224,0.6066191579801917,80.0,93372.0,-0.5
2024-01-02 18:00:00,45209.72,45360.5,44983.65,45134.28,26894.0205,-0.5936067025227088,0.6666666666666666,0.5773502691896258,0.0,1.0,3,1463.0,487.6666666666667,717.0,5.666666666666667,0.27777777777777785,0.5514062477872695,25.0,20302.0,0.6666666666666666,0.3111111111111111,0.5806906408636977,45.0,68654.0,0.6666666666666666,0.25972222222222224,0.6066191579801917,80.0,78099.0,0.0
2024-01-02 19:00:00,45028.3,47295.0,43542.96,45808.66,41478.4361,1.4941636379266487,0.0,0.5773502691896258,0.0,0.0,1,252.0,252.0,252.0,6.0,0.23611111111111116,0.5642979593188738,22.0,19861.0,-0.25,0.2833333333333334,0.5806906408636977,43.0,67698.0,-0.3333333333333333,0.23194444444444443,0.6066191579801916,81.0,78351.0,-0.6666666666666666
2024-01-02 20:00:00,45961.54,46967.9,45216.97,46335.74,45667.2492,1.150612133164319,0.5,0.7071067811865476,0.0,1.0,2,257.0,128.5,136.0,7.0,0.23611111111111116,0.5427057517609525,18.0,14663.0,0.0,0.2916666666666667,0.5939726595038128,40.0,66652.0,0.09999999999999998,0.23611111111111113,0.6132601673002492,78.0,77913.0,0.09999999999999998
2024-01-02 21:00:00,46482.67,47128.26,45381.85,46109.66,29760.2616,-0.4879171024353868,0.5,0.7071067811865476,0.0,1.0,2,597.0,298.5,442.0,3.5,0.27777777777777785,0.5772235486253771,16.0,4853.0,0.25,0.3125,0.5731126322896637,38.0,47124.0,0.25,0.22361111111111112,0.6240890500371905,75.0,75700.0,-0.30000000000000004
2024-01-02 22:00:00,45928.47,46164.88,45763.82,46026.24,48017.3379,-0.1809165367951171,0.0,0.7071067811865476,0.0,0.0,1,243.0,243.0,243.0,7.0,0.27777777777777785,0.546003480323149,11.0,3394.0,0.0,0.28472222222222227,0.5839256749560738,36.0,22781.0,-0.3333333333333333,0.2652777777777778,0.6349179327741318,75.0,75622.0,1.0
2024-01-02 23:00:00,46088.02,46780.19,44815.67,45652.92,26067.2634,-0.8111025362923407,0.5,0.5345224838248488,0.0,1.0,8,3749.0,468.625,1780.0,5.75,0.36111111111111116,0.6350905609606239,17.0,6561.0,0.5,0.2638888888888889,0.5868025486081445,40.0,25529.0,-0.25,0.28611111111111115,0.6571897029335004,80.0,79197.0,0.5
2024-01-03 00:00:00,45618.03,46108.18,44470.16,45210.53,25112.4983,-0.9690289252034634,0.6,0.5477225575051661,0.0,1.0,5,1069.0,213.8,556.0,5.8,0.3500000000000001,0.6301526090132139,19.0,6167.0,-0.06666666666666665,0.3138888888888889,0.5907794284002418,44.0,26469.0,0.6,0.3111111111111111,0.6800114761628824,85.0,80266.0,0.6
2024-01-03 01:00:00,45319.59,45557.75,45206.44,45413.28,19230.6837,0.4484574721862255,0.6,0.5477225575051661,0.0,1.0,0,0.0,213.8,556.0,5.8,0.4500000000000001,0.6252146570658039,18.0,5915.0,0.6,0.3430555555555556,0.5947563081923389,40.0,25776.0,0.35,0.3194444444444445,0.6800114761628824,80.0,78902.0,0.19999999999999996
2024-01-03 02:00:00,45596.72,45835.17,45458.19,45679.87,13968.0544,0.5870309301596377,0.0,1.0,-1.0,1.0,3,1216.0,405.3333333333333,1046.0,4.666666666666667,0.36666666666666675,0.6740301935347127,19.0,6874.0,-0.5,0.3013888888888889,0.6083679726478325,37.0,21537.0,-0.5,0.2777777777777778,0.6988563696001671,82.0,80054.0,-1.0
2024-01-03 03:00:00,45592.28,47656.46,44218.13,46319.9,30785.9643,1.4011204497736074,0.0,1.0,0.0,0.0,1,19.0,19.0,19.0,5.0,0.28333333333333344,0.7228457300036215,18.0,6296.0,-0.5,0.2805555555555555,0.6500346393144992,34.0,11149.0,-0.25,0.2611111111111111,0.7032552366418372,78.0,77747.0,-0.4
2024-01-03 04:00:00,46203.88,47542.95,44069.63,45469.78,27078.9976,-1.8353234786776416,0.2,0.447213595499958,0.0,1.0,5,1032.0,206.4,350.0,6.4,0.31666666666666676,0.6795301990558564,22.0,7085.0,0.2,0.2972222222222222,0.6127668396895027,33.0,10479.0,0.2,0.26944444444444443,0.6629635713554566,81.0,78165.0,0.2
2024-01-03 05:00:00,45312.71,47565.8,43769.21,46091.87,41730.5285,1.3681394543804792,0.5,0.7071067811865476,0.0,1.0,2,382.0,191.0,316.0,6.0,0.3166666666666667,0.7082942486161397,16.0,3718.0,0.0,0.33888888888888885,0.6716924047883817,33.0,10279.0,0.5,0.2972222222222222,0.6610608267086843,77.0,78114.0,0.6666666666666666
2024-01-03 06:00:00,45872.84,46943.16,45028.71,46306.91,38469.088,0.4665464863977009,0.0,0.0,0.0,0.0,4,981.0,245.25,365.0,5.5,0.21666666666666676,0.617007155698612,15.0,3630.0,-0.6,0.2833333333333333,0.623579882355913,34.0,9797.0,-0.6666666666666666,0.2972222222222222,0.6021352616098054,79.0,78451.0,0.0
2024-01-03 07:00:00,46450.81,47243.67,45460.12,46017.53,40055.6724,-0.6249175339058555,1.0,0.0,1.0,1.0,1,278.0,278.0,278.0,7.0,0.28333333333333344,0.5257200627810842,16.0,3908.0,0.4,0.3666666666666667,0.5754673599234441,34.0,9823.0,1.0,0.325,0.5780790003935709,77.0,77521.0,0.6666666666666667
2024-01-03 08:00:00,45889.8,47382.27,45050.57,46470.92,28337.0848,0.9852549669658428,0.25,0.9574271077563381,-1.0,1.0,4,779.0,194.75,368.0,4.75,0.3250000000000001,0.5186245807404739,17.0,3471.0,0.25,0.3458333333333334,0.5963273871375933,36.0,10345.0,-0.25,0.31875000000000003,0.5951500233207031,76.0,76997.0,-0.15000000000000002
2024-01-03 09:00:00,46249.56,47079.89,44608.05,45681.86,32367.3835,-1.697965093008702,0.75,0.5,0.0,1.0,4,513.0,128.25,352.0,6.5,0.4500000000000001,0.4352912474071406,20.0,3965.0,0.75,0.3666666666666667,0.5790684887053811,38.0,10261.0,0.25,0.33958333333333335,0.5760905604975223,76.0,57385.0,0.5
2024-01-03 10:00:00,45746.49,46110.87,45263.88,45562.92,26624.9174,-0.2603659308093031,0.25,0.9574271077563382,-1.0,1.0,4,27064.0,6766.0,26200.0,7.0,0.4583333333333334,0.520326832783204,19.0,29997.0,0.04999999999999999,0.3875,0.5999285159195302,41.0,37082.0,0.25,0.3361111111111111,0.591927095437802,77.0,59863.0,-0.08333333333333331
2024-01-03 11:00:00,45777.25,46936.75,44357.39,45188.68,17772.7002,-0.8213696576075402,-0.42857142857142855,0.5345224838248488,-1.0,0.0,7,8730.0,1247.142857142857,8000.0,5.857142857142857,0.30357142857142866,0.4915627832229208,24.0,38345.0,-0.9285714285714286,0.3101190476190476,0.5999285159195302,40.0,42063.0,-0.9285714285714286,0.2870039682539683,0.5933655322638374,80.0,67592.0,-1.1785714285714286
2024-01-03 12:00:00,45291.96,45860.73,44411.22,44954.4,24110.4308,-0.5184484255791433,0.5,0.5773502691896257,0.0,1.0,4,1328.0,332.0,580.0,5.25,0.38690476190476203,0.5877878280878585,24.0,38692.0,0.5,0.3017857142857143,0.6023974918932352,39.0,42322.0,-0.09999999999999998,0.3078373015873016,0.5965884601467385,83.0,68791.0,0.5
2024-01-03 13:00:00,44844.14,45668.57,44117.41,45218.65,29588.428,0.5878178776715925,0.0,1.0,-1.0,1.0,3,21853.0,7284.333333333333,21000.0,5.333333333333333,0.22023809523809534,0.7544544947545252,26.0,60267.0,-1.0,0.25178571428571433,0.6400872787678047,42.0,64175.0,-0.6,0.2974206349206349,0.6174217934800718,82.0,89951.0,-0.25
2024-01-03 14:00:00,45328.06,46098.81,44939.49,45637.43,50311.3763,0.9261222968841354,0.3333333333333333,0.5773502691896258,0.0,1.0,3,272.0,90.66666666666667,173.0,5.666666666666667,0.2341269841269842,0.6911083549934065,25.0,59760.0,0.08333333333333331,0.27956349206349207,0.6048664678669401,42.0,63231.0,0.3333333333333333,0.2904761904761905,0.6066172202573864,79.0,84768.0,-0.16666666666666669
2024-01-03 15:00:00,45552.51,47312.69,44639.21,46186.62,41130.562,1.2033762637378986,0.3333333333333333,1.1547005383792517,-1.0,1.0,3,758.0,252.66666666666666,400.0,6.0,0.1646825396825398,0.8002251113899485,24.0,60005.0,-0.4166666666666667,0.30734126984126986,0.6177581793985446,44.0,63970.0,0.3333333333333333,0.2939484126984127,0.6338964093565219,78.0,75119.0,0.08333333333333331
2024-01-03 16:00:00,46141.54,46632.53,45184.95,45764.39,67240.8795,-0.9141825056694032,0.4,0.5477225575051661,0.0,1.0,5,15928.0,3185.6,10900.0,6.2,0.18968253968253979,0.7319410196814197,25.0,48869.0,0.15000000000000002,0.3240079365079365,0.6261339262323119,44.0,78866.0,0.2,0.31061507936507937,0.6194503829609073,77.0,89345.0,0.4
2024-01-03 17:00:00,45948.73,46466.93,45600.89,46161.04,25804.875,0.8667219206898613,0.25,0.5,0.0,1.0,4,828.0,207.0,334.0,6.0,0.30277777777777787,0.7261872723772783,22.0,40967.0,0.6785714285714286,0.30317460317460315,0.6088750278000995,46.0,79312.0,-0.25,0.32103174603174606,0.6402837162942406,79.0,89591.0,0.25
2024-01-03 18:00:00,46128.68,46530.66,45896.68,46276.26,39538.2215,0.2496044283231135,0.16666666666666666,0.408248290463863,0.0,1.0,6,685.0,114.16666666666667,241.0,6.0,0.24722222222222234,0.6980036092563178,24.0,40324.0,-0.33333333333333337,0.31706349206349205,0.6428957186720882,48.0,79016.0,0.16666666666666666,0.3001984126984127,0.6332378005140005,82.0,88813.0,-0.5
2024-01-03 19:00:00,46263.85,48369.93,45272.18,47006.26,34056.1917,1.577482709276845,1.0,0.0,1.0,1.0,3,1118.0,372.6666666666667,517.0,6.0,0.413888888888889,0.5313369425896511,24.0,19589.0,1.0,0.31706349206349205,0.6428957186720882,50.0,79856.0,0.0,0.3418650793650793,0.6091815392977661,84.0,89679.0,1.0
2024-01-03 20:00:00,47068.75,47644.27,46199.63,46758.45,48904.6761,-0.5271851025799634,0.0,0.816496580927726,-1.0,1.0,7,1686.0,240.85714285714286,715.0,5.285714285714286,0.3583333333333334,0.5711946612126678,28.0,21003.0,-0.3333333333333333,0.29623015873015873,0.6311515081030371,53.0,80763.0,-0.25,0.32103174603174606,0.6137394476203152,89.0,91108.0,-0.5
2024-01-03 21:00:00,46617.77,47855.64,44329.7,45730.96,58508.3564,-2.1974423874187354,0.5,0.7071067811865476,0.0,1.0,2,274.0,137.0,214.0,6.0,0.38611111111111124,0.49659570168055045,27.0,20519.0,0.16666666666666669,0.27539682539682536,0.6484104065352494,51.0,80524.0,-0.25,0.32103174603174606,0.6137394476203152,89.0,90785.0,0.0
2024-01-03 22:00:00,45691.83,46250.5,45275.11,45929.0,42462.7182,0.4330545433553157,0.0,0.0,0.0,0.0,2,263.0,131.5,132.0,5.0,0.3194444444444446,0.4053086087630227,24.0,4854.0,-0.4,0.25456349206349205,0.5686248142222212,49.0,53723.0,-0.25,0.32103174603174606,0.5842766650708757,90.0,90805.0,0.0
2024-01-03 23:00:00,46000.68,47639.04,43438.61,45090.86,18726.0895,-1.8248601101700457,0.3333333333333333,0.5773502691896258,0.0,1.0,3,8807.0,2935.6666666666665,8400.0,5.666666666666667,0.3333333333333334,0.4182003202946271,23.0,12833.0,0.08333333333333331,0.31805555555555554,0.5721937963359527,45.0,53800.0,0.7619047619047619,0.3140873015873016,0.5860611561277415,85.0,95863.0,-0.16666666666666669
2024-01-04 00:00:00,44944.71,47097.19,43923.65,45768.04,26580.6829,1.5018121189083633,0.6666666666666666,0.5773502691896258,0.0,1.0,3,1008.0,336.0,366.0,5.333333333333333,0.41666666666666674,0.44638398341558755,20.0,13156.0,0.5,0.33194444444444443,0.5721937963359526,44.0,53480.0,0.16666666666666663,0.3168650793650794,0.5872956441145939,83.0,95802.0,0.06666666666666665
2024-01-04 01:00:00,45748.11,47256.14,44650.32,46299.68,35430.8183,1.161596607589055,0.0,0.0,0.0,0.0,2,439.0,219.5,224.0,5.5,0.25000000000000006,0.44638398341558755,19.0,12477.0,-1.0,0.33194444444444443,0.48886046300261926,43.0,32066.0,0.0,0.2918650793650794,0.5644738708852121,85.0,96241.0,-0.6
2024-01-04 02:00:00,46480.91,47062.21,46144.99,46690.36,32174.7752,0.8438071278246362,0.3333333333333333,0.5163977794943222,0.0,1.0,6,1118.0,186.33333333333334,485.0,5.5,0.30555555555555564,0.3963675165100202,18.0,11909.0,0.3333333333333333,0.33194444444444443,0.4837810888613441,46.0,32912.0,0.0,0.3057539682539682,0.544323778364142,88.0,96143.0,0.3333333333333333
2024-01-04 03:00:00,46875.82,48054.4,46232.85,47332.68,22300.837,1.3757015366769432,0.6666666666666666,0.5773502691896258,0.0,1.0,3,1225.0,408.3333333333333,500.0,6.333333333333333,0.3333333333333335,0.37474143117719994,19.0,12860.0,0.16666666666666663,0.3597222222222222,0.43566856642887514,46.0,33379.0,0.3333333333333333,0.333531746031746,0.5267133729137098,90.0,97349.0,0.6666666666666666
2024-01-04 04:00:00,47458.5,47567.73,47401.09,47498.93,14067.9653,0.3512372424295362,0.5,0.7071067811865476,0.0,1.0,2,75.0,37.5,63.0,5.5,0.4166666666666668,0.49259256137495794,19.0,12672.0,0.5,0.3680555555555556,0.4489505850689903,43.0,17526.0,0.09999999999999998,0.3460317460317461,0.5375422556506511,87.0,96392.0,0.3
2024-01-04 05:00:00,47390.5,47948.29,46600.79,47048.73,22028.9028,-0.9478108243701432,0.5,1.0,-1.0,1.0,4,324.0,81.0,226.0,7.0,0.4444444444444445,0.5630341831766869,20.0,4189.0,0.16666666666666669,0.3888888888888889,0.490617251735657,43.0,17022.0,0.25,0.3460317460317461,0.5497461397678783,89.0,96334.0,0.0
2024-01-04 06:00:00,47145.85,48399.97,44981.17,46324.06,21997.218,-1.540254115254558,0.5,0.7071067811865476,0.0,1.0,2,1394.0,697.0,749.0,6.0,0.4166666666666668,0.5846602685095071,19.0,4575.0,-0.16666666666666663,0.4166666666666667,0.5155221259625473,39.0,17731.0,0.33333333333333337,0.3668650793650794,0.5792089223173178,87.0,96747.0,0.5
2024-01-04 07:00:00,46287.07,48286.32,44970.54,47036.62,40429.8925,1.5382071433289957,0.5,0.5773502691896257,0.0,1.0,4,21386.0,5346.5,21000.0,7.25,0.5000000000000001,0.6808853133744447,21.0,25522.0,0.5,0.375,0.5636346483950162,40.0,37999.0,-0.5,0.3460317460317461,0.6032651835335522,90.0,117855.0,-0.5
2024-01-04 08:00:00,46980.36,48355.88,44377.9,46051.83,45194.2387,-2.0936665942408283,0.25,0.9574271077563381,-1.0,1.0,4,3421.0,855.25,3000.0,4.75,0.48611111111111116,0.7543902014181141,19.0,27825.0,-0.08333333333333331,0.3958333333333333,0.5753788589640673,37.0,39734.0,0.25,0.3460317460317461,0.6032651835335522,90.0,120497.0,0.0
2024-01-04 09:00:00,46014.54,47215.84,45247.99,46470.11,17273.2063,0.908280952135887,0.75,0.5,0.0,1.0,4,23177.0,5794.25,22800.0,6.5,0.5000000000000001,0.7414984898865099,20.0,49777.0,0.08333333333333337,0.4166666666666667,0.5581199605318549,39.0,62637.0,0.25,0.3460317460317461,0.6032651835335522,90.0,143161.0,0.0
2024-01-04 10:00:00,46440.29,47725.42,44040.2,45565.4,21468.9467,-1.9468643392494656,0.75,0.5,0.0,1.0,4,653.0,163.25,529.0,6.75,0.5416666666666669,0.7069806930220852,22.0,50355.0,0.25,0.4791666666666667,0.5997866271985216,41.0,63027.0,0.75,0.3668650793650794,0.5842057207103714,90.0,116750.0,0.5
2024-01-04 11:00:00,45550.54,46702.45,44043.27,44872.07,25820.3767,-1.52161508513039,0.75,0.5,0.0,1.0,0,0.0,163.25,529.0,6.75,0.5833333333333335,0.6236473596887518,18.0,50031.0,0.25,0.513888888888889,0.5933407714327193,38.0,54220.0,0.4166666666666667,0.41597222222222224,0.582767283884336,83.0,108020.0,1.1785714285714286
2024-01-04 12:00:00,44659.87,45248.57,44259.67,44914.88,15050.8766,0.095404557890899,0.5,0.7071067811865476,0.0,1.0,2,334.0,167.0,313.0,6.0,0.5833333333333335,0.6236473596887518,18.0,48971.0,0.0,0.5,0.6041538140991296,37.0,53546.0,-0.16666666666666663,0.41597222222222224,0.588173805217541,81.0,107026.0,0.0
2024-01-04 13:00:00,44785.37,45346.5,44008.87,44475.18,35845.6313,-0.97896287377367,1.0,0.0,1.0,1.0,4,873.0,218.25,453.0,7.75,0.6666666666666669,0.5274223148238143,18.0,28458.0,0.5,0.5833333333333334,0.6041538140991296,39.0,53980.0,1.0,0.45763888888888893,0.5465071385508744,82.0,86046.0,1.0
2024-01-04 14:00:00,44365.0,45266.85,42412.54,43623.05,68424.8847,-1.9159675126666051,0.0,1.4142135623730951,-1.0,1.0,2,3559.0,1779.5,3380.0,7.5,0.6250000000000001,0.6035533905932738,16.0,28596.0,-0.25,0.5555555555555556,0.6789717960056939,35.0,56421.0,-0.3333333333333333,0.44375000000000003,0.5813764424335189,81.0,89333.0,-0.3333333333333333
2024-01-04 15:00:00,43688.55,45026.03,42802.24,44180.01,60493.7207,1.2767562103062513,-0.25,0.9574271077563381,-1.0,1.0,4,13745.0,3436.25,13700.0,5.25,0.4583333333333335,0.6797912418859968,16.0,19164.0,-1.0,0.4791666666666667,0.7106448658862533,36.0,68941.0,-0.9166666666666666,0.41944444444444445,0.5731567161575642,82.0,102320.0,-0.5833333333333333
2024-01-04 16:00:00,43968.11,44763.48,42295.69,43356.75,48162.4126,-1.8634219412806847,0.0,0.0,0.0,0.0,6,515.0,85.83333333333333,216.0,5.833333333333333,0.3333333333333335,0.5964579085526635,18.0,19026.0,-0.75,0.4375,0.6517193007873744,40.0,69381.0,-0.5,0.40277777777777785,0.5503349429281824,83.0,86907.0,-0.4
2024-01-04 17:00:00,43443.23,44525.84,42661.36,43907.03,51634.0669,1.269191071747766,0.0,0.0,0.0,0.0,0,0.0,85.83333333333333,216.0,5.833333333333333,0.20833333333333345,0.5131245752193302,18.0,19026.0,-0.75,0.3958333333333333,0.568385967454041,36.0,69057.0,-0.5,0.39236111111111116,0.529501609594849,79.0,86079.0,-0.25
2024-01-04 18:00:00,44047.23,45919.36,43047.86,44866.01,46311.1394,2.1841149355809275,0.0,0.0,0.0,0.0,0,0.0,85.83333333333333,216.0,5.833333333333333,0.1250000000000001,0.3952734450215722,16.0,18692.0,-0.5,0.3541666666666667,0.5094604023551621,34.0,67663.0,-0.5,0.3854166666666667,0.5124912641588547,73.0,85394.0,-0.16666666666666666
2024-01-04 19:00:00,45071.57,45401.73,44650.35,44885.26,54414.6882,0.0429055313811099,-0.25,0.5,-1.0,0.0,4,859.0,214.75,332.0,5.5,-0.08333333333333322,0.4786067783549055,16.0,18678.0,-1.25,0.2916666666666667,0.50301454658936,34.0,47136.0,-0.75,0.3333333333333333,0.5333245974921881,74.0,85135.0,-1.25
2024-01-04 20:00:00,44706.57,46110.02,43887.8,45193.84,38483.6738,0.6874862705484874,-0.25,0.5,-1.0,0.0,0,0.0,214.75,332.0,5.5,-0.12499999999999989,0.32623785129272304,14.0,15119.0,-0.25,0.25,0.4648956209429984,30.0,43715.0,-0.5,0.3229166666666667,0.5201372399535328,67.0,83449.0,-0.25
2024-01-04 21:00:00,45321.57,45748.9,44630.06,45044.58,44529.3638,-0.3302662486745822,-0.25,0.5,-1.0,0.0,0,0.0,214.75,332.0,5.5,-0.12499999999999989,0.25,10.0,1374.0,0.0,0.16666666666666666,0.4648956209429984,26.0,20538.0,-1.0,0.2916666666666667,0.5115077907374267,65.0,83175.0,-0.75
2024-01-04 22:00:00,45202.04,46533.41,44054.73,45784.85,59889.8601,1.643416366630568,0.5,0.5773502691896257,0.0,1.0,4,7088.0,1772.0,6500.0,5.75,-0.04166666666666655,0.3462250448649376,8.0,7947.0,0.5,0.14583333333333334,0.4713414767088005,26.0,26973.0,-0.25,0.3125,0.5355640519536611,67.0,90000.0,0.5
2024-01-04 23:00:00,45879.77,46091.34,45527.86,45761.37,23106.724,-0.0512833393578771,0.0,0.0,0.0,0.0,2,92.0,46.0,87.0,5.5,-0.04166666666666655,0.3462250448649376,10.0,8039.0,0.0,0.08333333333333333,0.42967481004213387,28.0,27065.0,-0.75,0.2986111111111111,0.5115077907374267,66.0,81285.0,-0.3333333333333333
2024-01-05 00:00:00,45778.84,45825.63,45694.69,45748.62,23082.7161,-0.0278619280847602,1.0,0.0,1.0,1.0,4,703.0,175.75,391.0,6.5,0.1250000000000001,0.3462250448649376,14.0,8742.0,1.0,0.125,0.37074924494325484,30.0,27434.0,0.5,0.3125,0.48745152952119225,67.0,80980.0,0.33333333333333337
2024-01-05 01:00:00,45899.92,47345.83,44082.32,45141.04,28457.0916,-1.3280837760789366,1.0,0.0,1.0,1.0,2,567.0,283.5,540.0,5.0,0.3333333333333335,0.2628917115316043,12.0,8450.0,1.25,0.125,0.37074924494325484,28.0,27128.0,0.0,0.3541666666666667,0.48745152952119225,67.0,81108.0,1.0
2024-01-05 02:00:00,45086.41,46685.0,43092.84,44236.45,25132.1841,-2.003919271687149,0.0,0.0,0.0,0.0,1,580.0,580.0,580.0,6.0,0.37500000000000017,0.17955837819827095,13.0,9030.0,0.25,0.125,0.25289811474549695,27.0,24149.0,0.0,0.34027777777777785,0.46593495537559554,62.0,80570.0,-0.3333333333333333
2024-01-05 03:00:00,44165.82,46020.86,43211.06,44837.71,20564.1296,1.359195866756946,0.0,0.0,0.0,0.0,3,649.0,216.33333333333334,591.0,5.666666666666667,0.4166666666666668,0.09622504486493762,16.0,9679.0,0.25,0.14583333333333334,0.17311252243246877,26.0,11053.0,0.25,0.3125,0.4418786941593611,62.0,79994.0,-0.6666666666666666
2024-01-05 04:00:00,44651.91,45670.3,43941.81,45044.98,32068.0137,0.4622671407616519,1.0,0.0,1.0,1.0,1,182.0,182.0,182.0,5.0,0.5000000000000001,0.0,13.0,2773.0,0.5,0.22916666666666666,0.17311252243246877,21.0,10720.0,1.0,0.3333333333333333,0.4124159116099216,61.0,80101.0,0.5
2024-01-05 05:00:00,45040.85,46241.2,44313.98,45568.6,27482.3023,1.1624380785605792,0.75,0.5,0.0,1.0,4,451.0,112.75,193.0,5.5,0.6250000000000001,0.08333333333333333,15.0,3132.0,0.75,0.2916666666666667,0.21477918909913543,25.0,11171.0,0.75,0.34375,0.39158257827658827,61.0,80228.0,0.25
2024-01-05 06:00:00,45605.76,45685.02,45481.85,45556.98,26168.451,-0.0255000153614459,0.0,0.5,0.0,0.0,1,221.0,221.0,221.0,6.0,0.4583333333333335,0.16666666666666666,12.0,2650.0,-1.0,0.2916666666666667,0.2564458557658021,26.0,11392.0,0.0,0.3229166666666667,0.3829531290604821,60.0,79055.0,-0.5
2024-01-05 07:00:00,45649.39,46235.49,44688.76,45231.09,15635.5577,-0.7153459250371919,0.3333333333333333,0.5773502691896258,0.0,1.0,3,264.0,88.0,206.0,6.333333333333333,0.3472222222222223,0.2628917115316043,13.0,2347.0,-0.6666666666666667,0.34027777777777773,0.2628917115316043,25.0,10797.0,0.5833333333333333,0.3159722222222222,0.3829531290604821,59.0,57933.0,-0.16666666666666669
2024-01-05 08:00:00,45247.31,46361.58,44595.72,45721.85,28971.6103,1.0850059107573973,0.5,0.7071067811865476,0.0,1.0,2,700.0,350.0,362.0,6.0,0.43055555555555564,0.3807428417293622,14.0,2467.0,0.5,0.40277777777777773,0.2801506099638166,27.0,11497.0,0.75,0.3263888888888889,0.3725231154534075,57.0,55212.0,0.25
2024-01-05 09:00:00,45939.76,46049.61,45881.8,45985.04,15516.7763,0.5756328757476004,0.6666666666666666,0.5773502691896258,0.0,1.0,3,2946.0,982.0,2140.0,6.333333333333333,0.5416666666666667,0.4769678865942999,14.0,4764.0,0.6666666666666666,0.4791666666666667,0.2865964657296188,30.0,14443.0,0.9166666666666666,0.3229166666666667,0.3757460433363086,56.0,34981.0,-0.08333333333333337
2024-01-05 10:00:00,45837.63,47287.26,43682.36,44946.82,40227.3873,-2.257734254444488,0.0,1.4142135623730951,-1.0,1.0,2,144.0,72.0,111.0,6.0,0.37500000000000006,0.7126701469898157,15.0,4726.0,-1.0,0.4375,0.35633507349490784,28.0,7499.0,-0.5,0.2916666666666667,0.4138382751018543,54.0,34472.0,-0.75
2024-01-05 11:00:00,45035.55,46311.17,43290.07,44362.32,36822.1645,-1.3004257030864497,0.75,0.5,0.0,1.0,4,6710.0,1677.5,5180.0,5.0,0.37500000000000006,0.7126701469898157,15.0,10985.0,0.0,0.5,0.3980017401615745,30.0,14117.0,0.75,0.2916666666666667,0.4138382751018543,58.0,41182.0,0.0
2024-01-05 12:00:00,44348.74,44491.05,44112.07,44243.14,32509.7266,-0.2686514140829432,0.0,0.6324555320336759,-1.0,1.0,6,1158.0,193.0,662.0,5.5,0.37500000000000006,0.7347460689954284,20.0,11922.0,0.0,0.4166666666666667,0.4507063678310475,32.0,14572.0,-1.0,0.2708333333333333,0.4107278063871513,62.0,42006.0,-0.5
2024-01-05 13:00:00,44385.65,44607.65,43909.05,44209.37,12943.9491,-0.0763282172106194,0.5,0.7071067811865476,0.0,1.0,2,12370.0,6185.0,12200.0,6.0,0.4027777777777779,0.7563721543282487,19.0,24028.0,0.16666666666666669,0.375,0.5096319329299265,32.0,26375.0,-0.5,0.25,0.44019058893659074,60.0,53503.0,-0.5
2024-01-05 14:00:00,44237.15,44929.68,43440.62,43890.04,58901.101,-0.7223129395420025,0.6666666666666666,0.5163977794943222,0.0,1.0,6,31259.0,5209.833333333333,30000.0,5.833333333333333,0.43055555555555564,0.7245873207128777,23.0,54587.0,0.16666666666666663,0.4305555555555555,0.55266508122112,37.0,57054.0,0.6666666666666666,0.27777777777777773,0.4027815979833085,64.0,81203.0,0.6666666666666666
2024-01-05 15:00:00,44017.65,44799.14,42781.01,43534.66,51092.8761,-0.8097053454496628,0.6666666666666666,0.5163977794943222,0.0,1.0,0,0.0,5209.833333333333,30000.0,5.833333333333333,0.43055555555555564,0.7144285724303271,20.0,51641.0,0.0,0.4861111111111111,0.5956982295123135,34.0,56405.0,0.6666666666666666,0.3159722222222222,0.38440537597239116,60.0,67458.0,0.9166666666666666
2024-01-05 16:00:00,43747.99,44325.88,42832.64,43407.42,63401.8369,-0.2922728694791821,0.25,0.5,0.0,1.0,4,298.0,74.5,201.0,5.75,0.4722222222222223,0.5620596453681447,22.0,51795.0,0.25,0.4236111111111111,0.6373648961789802,37.0,56521.0,-0.75,0.3263888888888889,0.40523870930572453,58.0,67241.0,0.25
2024-01-05 17:00:00,43280.58,44145.23,42117.1,42780.3,31691.5289,-1.4447299563070004,0.0,1.0,-1.0,1.0,3,143.0,47.666666666666664,97.0,5.0,0.3472222222222223,0.6453929787014779,21.0,45228.0,-0.75,0.3611111111111111,0.6790315628456468,36.0,56213.0,-0.75,0.3263888888888889,0.44690537597239116,61.0,67384.0,0.0
2024-01-05 18:00:00,42567.54,42708.71,42362.5,42483.27,37103.2178,-0.6943149066276022,0.5,0.7071067811865476,0.0,1.0,2,5171.0,2585.5,4980.0,6.5,0.43055555555555564,0.6578348535602899,17.0,49241.0,0.5,0.40277777777777773,0.6962904612778592,37.0,61163.0,0.5,0.34722222222222227,0.4763681585218307,63.0,72555.0,0.5
2024-01-05 19:00:00,42569.51,42706.48,42339.45,42491.23,56772.2072,0.0187367874459942,0.0,0.7071067811865476,-1.0,1.0,5,10584.0,2116.8,10300.0,6.4,0.3472222222222223,0.6578348535602899,20.0,47455.0,-0.5,0.375,0.7071035039442694,39.0,71483.0,-0.3333333333333333,0.3576388888888889,0.48499760773793676,64.0,82280.0,0.25
2024-01-05 20:00:00,42559.72,44435.01,41352.16,43297.99,64101.026,1.898650615668207,0.3333333333333333,0.816496580927726,-1.0,1.0,6,968.0,161.33333333333334,374.0,6.166666666666667,0.2916666666666668,0.7078513204658572,20.0,17164.0,-0.3333333333333333,0.3611111111111111,0.7162193205893675,43.0,71751.0,-0.16666666666666669,0.3819444444444445,0.498184965276592,70.0,83248.0,0.5833333333333333
2024-01-05 21:00:00,43439.41,44431.92,41617.79,42694.71,62672.8893,-1.3933210294519438,-0.4,0.5477225575051662,-1.0,0.0,5,982.0,196.4,472.0,5.2,0.11388888888888897,0.7130721168009978,25.0,18146.0,-1.0666666666666667,0.2722222222222222,0.7137503446156624,45.0,69787.0,-1.0666666666666667,0.3756944444444445,0.5001734051726406,75.0,84230.0,-0.15000000000000002
2024-01-05 22:00:00,42604.46,43725.36,40837.73,41964.29,68154.7287,-1.7107974266601156,0.0,0.0,0.0,0.0,2,853.0,426.5,592.0,5.5,0.07222222222222233,0.6297387834676645,23.0,18701.0,-0.25,0.2722222222222222,0.5958992144179046,45.0,70496.0,0.0,0.3548611111111111,0.4761171439564062,73.0,77995.0,-0.5
2024-01-05 23:00:00,41961.69,42829.2,40169.02,41257.47,20667.2616,-1.684336849259216,0.0,0.0,0.0,0.0,1,31.0,31.0,31.0,4.0,0.07222222222222233,0.4630721168009979,21.0,18589.0,0.0,0.20972222222222223,0.554232547751238,42.0,63817.0,-0.75,0.3548611111111111,0.4761171439564062,72.0,77934.0,0.0
2024-01-06 00:00:00,41088.86,43266.76,39828.51,41848.04,48352.1306,1.431425630316152,1.0,0.0,1.0,1.0,1,103.0,103.0,103.0,5.0,0.15555555555555567,0.34522098660324,20.0,13521.0,0.5,0.29305555555555557,0.5015279200817649,37.0,62762.0,1.0,0.3548611111111111,0.4761171439564062,69.0,77334.0,0.0
2024-01-06 01:00:00,41920.14,42396.36,40836.04,41533.65,27347.147,-0.7512657701531533,0.0,0.0,0.0,0.0,1,29.0,29.0,29.0,6.0,0.15555555555555567,0.22736985640548202,16.0,2966.0,0.0,0.2513888888888889,0.44260235498288597,36.0,50421.0,-0.5,0.3131944444444445,0.4761171439564062,68.0,76796.0,-1.0
2024-01-06 02:00:00,41706.46,42592.91,40267.63,41175.1,20876.306,-0.8632759220535746,0.0,0.0,0.0,0.0,1,349.0,349.0,349.0,4.0,0.10000000000000013,0.09128709291752769,11.0,2347.0,-0.3333333333333333,0.1958333333333333,0.3995692066916925,31.0,19511.0,-0.6666666666666666,0.3131944444444445,0.4761171439564062,68.0,76565.0,0.0
2024-01-06 03:00:00,41112.5,41588.41,40321.32,40838.37,24114.9616,-0.8178000782025907,0.3333333333333333,0.5163977794943222,0.0,1.0,6,515.0,85.83333333333333,191.0,6.166666666666667,0.22222222222222232,0.08606629658238703,12.0,1880.0,0.7333333333333334,0.16805555555555554,0.3995692066916925,37.0,20026.0,-0.3333333333333333,0.32708333333333334,0.49763371810200296,71.0,76431.0,0.3333333333333333
2024-01-06 04:00:00,40751.88,42820.74,39561.68,41477.58,24335.4826,1.5652191799035986,0.16666666666666666,0.752772652709081,-1.0,1.0,6,492.0,82.0,153.0,6.0,0.2500000000000001,0.21152840536723386,16.0,1519.0,0.16666666666666666,0.16111111111111112,0.42063359441744913,39.0,20220.0,-0.08333333333333334,0.29236111111111107,0.5289992452982147,76.0,76741.0,-0.8333333333333334
2024-01-06 05:00:00,41404.28,43369.22,40149.26,42182.98,42490.9762,1.7006778119649235,1.0,0.0,1.0,1.0,4,614.0,153.5,458.0,5.75,0.4166666666666668,0.21152840536723386,19.0,2102.0,1.0,0.24444444444444444,0.33730026108411587,40.0,20691.0,1.0,0.30277777777777776,0.5081659119648814,76.0,76904.0,0.25
2024-01-06 06:00:00,42200.95,42398.65,41836.39,42054.51,31570.4146,-0.3045541116346029,0.0,0.0,0.0,0.0,1,93.0,93.0,93.0,6.0,0.2500000000000001,0.21152840536723386,19.0,2092.0,-1.0,0.20277777777777775,0.27837469598523695,39.0,15613.0,-0.5,0.30277777777777776,0.48733257863154805,76.0,76776.0,0.0
2024-01-06 07:00:00,42163.85,42983.48,40692.88,41663.88,27885.7216,-0.9288658933370164,0.5,0.5773502691896257,0.0,1.0,4,27029.0,6757.25,26200.0,6.25,0.3333333333333335,0.3077534502321715,22.0,29092.0,0.5,0.24444444444444444,0.2675616533188268,38.0,32058.0,0.5,0.30972222222222223,0.48733257863154805,77.0,103541.0,0.16666666666666669
2024-01-06 08:00:00,41506.15,43616.97,40413.12,42291.69,21074.8486,1.5068447777787597,0.5,0.5773502691896257,0.0,1.0,4,21358.0,5339.5,21000.0,5.25,0.4166666666666668,0.4039784950971091,25.0,50101.0,0.5,0.25833333333333336,0.2476327940073184,36.0,52448.0,0.16666666666666669,0.30972222222222223,0.481926057298343,79.0,124199.0,0.0
2024-01-06 09:00:00,42313.79,43686.55,40296.2,41625.27,21374.5765,-1.5757705591807891,0.6666666666666666,0.5773502691896258,0.0,1.0,3,179.0,59.666666666666664,75.0,5.0,0.4722222222222223,0.41413724337965974,22.0,49765.0,0.3333333333333333,0.34722222222222227,0.25010176998102335,34.0,51645.0,1.0666666666666667,0.30972222222222223,0.481926057298343,79.0,121432.0,0.0
2024-01-06 10:00:00,41763.53,41768.34,41756.45,41760.81,22885.5826,0.3256195094950787,-0.5,0.7071067811865476,-1.0,0.0,2,1032.0,516.0,937.0,5.0,0.3611111111111112,0.40652626479257076,18.0,50305.0,-0.6666666666666666,0.3055555555555555,0.3090273350799023,34.0,51824.0,-0.5,0.2888888888888889,0.45246327474890347,79.0,122320.0,-0.5
2024-01-06 11:00:00,41961.36,42667.22,40883.07,41531.23,35173.6007,-0.54974987314661,1.0,0.0,1.0,1.0,3,26733.0,8911.0,26200.0,5.0,0.3611111111111112,0.40652626479257076,17.0,76424.0,0.0,0.38888888888888884,0.3090273350799023,36.0,78526.0,1.0,0.29930555555555555,0.43162994141557015,78.0,142343.0,0.25
2024-01-06 12:00:00,41688.77,43158.4,40576.68,42295.8,31152.1926,1.8409519775840928,0.6666666666666666,0.816496580927726,-1.0,1.0,6,6929.0,1154.8333333333333,6000.0,5.666666666666667,0.4722222222222223,0.5426090282805252,22.0,83260.0,0.6666666666666666,0.3611111111111111,0.3770687168238795,41.0,85352.0,-0.33333333333333337,0.32708333333333334,0.43929831845282225,78.0,148114.0,0.6666666666666666
2024-01-06 13:00:00,42299.07,43614.98,41518.7,42841.43,36184.0735,1.2900335257874262,0.6666666666666666,0.816496580927726,-1.0,1.0,0,0.0,1154.8333333333333,6000.0,5.666666666666667,0.5000000000000001,0.5824667469035418,18.0,56231.0,0.16666666666666663,0.4166666666666667,0.44511009856785666,40.0,85323.0,0.6666666666666666,0.33402777777777776,0.44385622677537134,76.0,135744.0,0.16666666666666663
2024-01-06 14:00:00,42836.99,43818.98,41346.07,42234.87,52617.0066,-1.4158257555828446,0.25,0.9574271077563381,-1.0,1.0,4,1049.0,262.25,396.0,5.5,0.4583333333333334,0.6458128866646606,18.0,35922.0,-0.25,0.4375,0.5248956908808848,43.0,86023.0,0.25,0.31666666666666665,0.4622324487862887,74.0,105534.0,-0.41666666666666663
2024-01-06 15:00:00,42216.01,42622.58,41385.98,41915.06,45788.1287,-0.7572179102244281,0.4,0.5477225575051661,0.0,1.0,5,1209.0,241.8,648.0,6.0,0.41388888888888903,0.6408749347172507,20.0,36952.0,-0.2666666666666666,0.44305555555555554,0.5275060890484552,42.0,86717.0,0.06666666666666671,0.3055555555555555,0.46353764787007384,79.0,106743.0,-0.2666666666666666
2024-01-06 16:00:00,42030.55,43408.32,39909.79,41263.32,62521.5797,-1.5549065180868071,0.5,0.5773502691896257,0.0,1.0,4,3991.0,997.75,3380.0,5.0,0.5805555555555557,0.6192488493844304,22.0,39911.0,1.0,0.47083333333333327,0.5128875570885006,40.0,90216.0,0.33333333333333337,0.3159722222222222,0.46676057575297486,79.0,110436.0,0.25
2024-01-06 17:00:00,41330.86,42913.54,40484.41,41861.13,31100.1162,1.4487685431031627,0.2,0.8366600265340756,-1.0,1.0,5,1091.0,218.2,498.0,5.6,0.44722222222222235,0.7586921871401096,24.0,14269.0,-0.8,0.4041666666666666,0.5826092259663402,41.0,90693.0,-0.8,0.32430555555555557,0.459954743525228,81.0,111384.0,0.2
2024-01-06 18:00:00,41898.88,43695.32,40937.11,42518.48,50631.5131,1.5703111693353922,0.2,0.8366600265340756,-1.0,1.0,5,706.0,141.2,358.0,5.4,0.36944444444444463,0.7620527614078346,23.0,8046.0,-0.4666666666666666,0.42083333333333334,0.6523308948441798,45.0,91306.0,0.2,0.3118055555555555,0.4653527954147083,84.0,106919.0,-0.3
2024-01-06 19:00:00,42613.06,42877.57,42256.54,42459.62,50147.0255,-0.1384339233199361,0.3333333333333333,0.5773502691896258,0.0,1.0,3,879.0,293.0,553.0,5.666666666666667,0.31388888888888905,0.7221950427848177,26.0,8925.0,-0.3333333333333333,0.4069444444444444,0.6523308948441798,44.0,65156.0,-0.16666666666666669,0.32569444444444445,0.4599462740815033,82.0,97214.0,0.3333333333333333
2024-01-06 20:00:00,42391.07,43279.81,41776.31,42717.83,66606.5634,0.6081307369213418,-0.3333333333333333,0.5773502691896258,-1.0,0.0,3,43.0,14.333333333333334,22.0,5.0,0.21666666666666679,0.6588489030236991,25.0,7919.0,-0.5833333333333333,0.33749999999999997,0.6523308948441798,43.0,43841.0,-0.8333333333333333,0.29791666666666666,0.4499818444257491,79.0,96289.0,-0.6666666666666666
2024-01-06 21:00:00,42666.57,43221.96,41788.11,42353.68,52865.9735,-0.8524543498581338,0.0,0.0,0.0,0.0,3,658.0,219.33333333333334,449.0,5.333333333333333,0.15000000000000013,0.5675618101061715,23.0,7368.0,-0.4,0.28194444444444444,0.6042183724117111,43.0,44320.0,-0.6666666666666666,0.3145833333333334,0.42716007119636723,77.0,95965.0,0.4
2024-01-06 22:00:00,42170.89,42820.64,41728.85,42392.14,54095.1234,0.0908067492600306,0.3333333333333333,0.5773502691896258,0.0,1.0,3,6823.0,2274.3333333333335,6700.0,6.333333333333333,0.12222222222222234,0.5675618101061715,22.0,10200.0,-0.16666666666666669,0.3513888888888889,0.5934053297453009,44.0,50111.0,0.8333333333333333,0.3284722222222222,0.4512163324126017,78.0,101935.0,0.3333333333333333
2024-01-06 23:00:00,42221.91,42876.54,41870.68,42447.8,35040.93,0.1312979245680967,1.0,0.5773502691896258,1.0,1.0,1,92.0,92.0,92.0,7.0,0.2555555555555557,0.5243435172154298,18.0,9201.0,0.8,0.3513888888888889,0.6415178521777697,42.0,23470.0,0.0,0.37013888888888885,0.47527259362883606,78.0,101996.0,1.0
2024-01-07 00:00:00,42255.08,43473.75,41504.33,42755.63,19343.6559,0.7251965944053529,0.5,0.7071067811865476,0.0,1.0,2,784.0,392.0,449.0,4.0,0.30555555555555564,0.5027513096575085,15.0,9279.0,0.3,0.33749999999999997,0.6324020355326715,38.0,17325.0,-0.16666666666666663,0.34930555555555554,0.5047353761782755,79.0,102677.0,-0.5
2024-01-07 01:00:00,42783.82,43953.22,42151.47,43284.42,36566.6635,1.2367727946003937,0.4,0.5477225575051661,0.0,1.0,5,1134.0,226.8,426.0,6.4,0.3166666666666668,0.49781335771009855,17.0,9534.0,0.06666666666666671,0.31527777777777777,0.6100042002474582,43.0,18459.0,-0.2666666666666666,0.3659722222222222,0.5275571494076575,83.0,103782.0,0.4
2024-01-07 02:00:00,43172.24,44822.27,42053.74,43885.15,19363.4446,1.3878665810931556,0.0,1.4142135623730951,-1.0,1.0,2,1073.0,536.5,1028.0,6.0,0.3722222222222224,0.6372905732406767,16.0,10564.0,0.3333333333333333,0.29444444444444445,0.6480697381321879,41.0,18483.0,-0.25,0.3659722222222222,0.5864827145065364,84.0,104506.0,0.0
2024-01-07 03:00:00,43669.85,45224.19,42742.83,44201.98,18760.1429,0.721952642294732,0.6666666666666666,0.5773502691896258,0.0,1.0,3,498.0,166.0,287.0,4.333333333333333,0.48333333333333345,0.7335156181056144,16.0,10404.0,0.6666666666666666,0.31666666666666665,0.6505387141058929,39.0,17772.0,0.2666666666666666,0.37986111111111115,0.589022401577174,81.0,104489.0,0.3333333333333333
2024-01-07 04:00:00,44133.72,44552.85,43895.73,44288.31,23241.8223,0.1953079929903456,0.2,0.4472135954999579,0.0,1.0,5,851.0,170.2,615.0,5.8,0.46111111111111125,0.7118261724906697,18.0,4432.0,-0.1333333333333333,0.2916666666666667,0.6396939912984206,40.0,14632.0,-0.3,0.38125000000000003,0.5762907741934605,80.0,104848.0,0.033333333333333354
2024-01-07 05:00:00,44155.1,44478.21,43668.41,43951.44,27309.5426,-0.7606296108386035,0.0,0.0,0.0,0.0,2,629.0,314.5,584.0,6.0,0.29444444444444456,0.615601127625732,19.0,4969.0,-1.0,0.275,0.5699723224205809,37.0,14170.0,-0.2,0.33958333333333335,0.5762907741934605,78.0,104863.0,-1.0
2024-01-07 06:00:00,44167.99,44885.14,43181.59,43806.22,21790.2237,-0.3304101071546217,0.2,0.8366600265340756,-1.0,1.0,5,523.0,104.6,204.0,6.8,0.24444444444444455,0.6371933351836535,22.0,4708.0,-0.3,0.27499999999999997,0.5699723224205809,37.0,13987.0,0.0,0.34791666666666665,0.6111516086323804,82.0,105293.0,0.2
2024-01-07 07:00:00,43887.61,44849.4,43163.82,44317.13,31537.9277,1.1662955625936222,0.0,1.0,-1.0,1.0,3,388.0,129.33333333333334,298.0,5.333333333333333,0.1777777777777779,0.7125729089327923,20.0,3962.0,-0.4,0.2472222222222222,0.6051931333214454,37.0,13496.0,-0.3333333333333333,0.32708333333333334,0.6287620140828126,81.0,78652.0,-0.5
2024-01-07 08:00:00,44222.38,45642.15,43438.99,44751.03,31371.906,0.9790796470800388,0.16666666666666666,0.752772652709081,-1.0,1.0,6,2559.0,426.5,884.0,6.166666666666667,0.20555555555555569,0.6023327573221234,24.0,5448.0,0.16666666666666666,0.2888888888888889,0.6198116652814001,40.0,16012.0,0.5,0.3131944444444444,0.63607128006279,83.0,59853.0,-0.33333333333333337
2024-01-07 09:00:00,44830.58,45911.08,44089.47,45226.76,34552.1094,1.0630593307014546,0.375,0.5175491695067657,0.0,1.0,8,17383.0,2172.875,16200.0,5.75,0.15694444444444455,0.5923659073749801,29.0,22333.0,-0.29166666666666663,0.3201388888888889,0.6629407627402972,45.0,32737.0,0.375,0.30104166666666665,0.6335795675760041,88.0,77057.0,-0.29166666666666663
2024-01-07 10:00:00,45292.95,45830.41,44370.89,44946.79,23777.3408,-0.6190361635456609,0.3333333333333333,0.5773502691896258,0.0,1.0,3,4932.0,1644.0,4660.0,6.333333333333333,0.17916666666666678,0.6140553529899248,27.0,26414.0,0.1333333333333333,0.32013888888888886,0.6629407627402971,45.0,30846.0,0.0,0.3357638888888889,0.628173046242799,89.0,80957.0,0.8333333333333333
2024-01-07 11:00:00,44854.7,45893.95,44274.92,45298.73,33605.1755,0.7830147603421711,0.3333333333333333,0.5773502691896258,0.0,1.0,0,0.0,1644.0,4660.0,6.333333333333333,0.23472222222222236,0.7102803978548624,25.0,25785.0,0.3333333333333333,0.26458333333333334,0.6629407627402972,44.0,30754.0,-0.6666666666666667,0.3079861111111111,0.6522293074590334,86.0,54224.0,-0.6666666666666667
2024-01-07 12:00:00,45312.71,47459.41,44259.3,46062.15,34534.4539,1.6853011110907534,0.0,0.5773502691896258,0.0,0.0,1,513.0,513.0,513.0,7.0,0.20138888888888898,0.6670621049641207,21.0,25775.0,-0.2,0.22291666666666665,0.6521277200738871,43.0,30483.0,-0.5,0.28020833333333334,0.6422648778032792,81.0,47808.0,-0.6666666666666666
2024-01-07 13:00:00,46203.33,47329.28,45614.53,46659.0,28994.3543,1.2957493299813327,1.0,0.5773502691896258,1.0,1.0,1,104.0,104.0,104.0,4.0,0.36805555555555564,0.5966204831623917,19.0,25491.0,1.0,0.27291666666666664,0.6545966960475921,39.0,29453.0,0.6,0.29409722222222223,0.6323004481475251,82.0,47912.0,0.33333333333333337
2024-01-07 14:00:00,46876.66,48753.54,45536.92,47551.95,74746.9517,1.913778692213719,0.0,0.816496580927726,-1.0,1.0,4,5330.0,1332.5,5180.0,5.25,0.3402777777777779,0.6072411378654992,17.0,28262.0,-0.16666666666666666,0.27291666666666664,0.6047869475938112,41.0,33710.0,0.0,0.28368055555555555,0.6264283428629996,82.0,52193.0,-0.25
2024-01-07 15:00:00,47488.12,48709.02,46588.52,48040.28,49394.7618,1.0269400098208423,0.3333333333333333,0.5773502691896258,0.0,1.0,3,24624.0,8208.0,24600.0,6.333333333333333,0.3333333333333334,0.6172079878126425,12.0,35503.0,-0.041666666666666685,0.24513888888888888,0.6047869475938114,41.0,57836.0,-0.3333333333333333,0.2809027777777778,0.6276628308498521,80.0,75608.0,-0.06666666666666671
2024-01-07 16:00:00,48123.07,48588.26,47805.3,48285.84,28696.251,0.5111543896080484,0.3333333333333333,0.5773502691896258,0.0,1.0,3,1522.0,507.3333333333333,1179.0,5.0,0.3333333333333335,0.6172079878126425,12.0,32093.0,0.0,0.25625,0.6156316704012835,39.0,58507.0,0.1333333333333333,0.2739583333333333,0.6276628308498521,79.0,73139.0,-0.16666666666666669
2024-01-07 17:00:00,48056.49,50013.14,46629.37,48795.09,34328.2619,1.0546570174610137,0.3333333333333333,0.5773502691896258,0.0,1.0,3,544.0,181.33333333333334,385.0,5.666666666666667,0.3333333333333334,0.6172079878126425,15.0,32637.0,0.0,0.28402777777777777,0.6637441928337524,40.0,58422.0,0.3333333333333333,0.2795138888888889,0.6168582576271667,77.0,72592.0,0.1333333333333333
2024-01-07 18:00:00,48953.12,50910.5,47729.31,49754.75,40862.8474,1.9667142739156815,-0.5,0.7071067811865476,-1.0,0.0,2,14.0,7.0,11.0,5.5,0.25000000000000006,0.6388340731454628,16.0,32138.0,-0.5,0.22569444444444442,0.6529480890547917,37.0,57913.0,-0.7,0.2503472222222222,0.6114602057376864,74.0,71900.0,-0.7
2024-01-07 19:00:00,49657.41,49676.13,49614.78,49642.76,30677.9194,-0.225084037202472,0.6,0.5477225575051661,0.0,1.0,5,1099.0,219.8,525.0,6.0,0.18333333333333343,0.6338961211980528,20.0,33133.0,-0.4,0.2756944444444444,0.6152583021802223,39.0,58624.0,0.6,0.2614583333333333,0.6102257177508339,76.0,72120.0,0.26666666666666666
2024-01-07 20:00:00,49727.39,51157.38,48984.88,50211.02,51652.1959,1.1446986428635286,0.6,0.5477225575051661,0.0,1.0,5,11308.0,2261.6,10900.0,6.2,0.28333333333333344,0.5891004506276262,21.0,39111.0,0.6,0.3118055555555555,0.5981707942465627,38.0,67373.0,0.43333333333333335,0.30034722222222215,0.6089912297639813,78.0,83385.0,0.9333333333333333
2024-01-07 21:00:00,50168.28,51448.87,48135.33,49363.63,59878.8861,-1.687657410664034,0.3333333333333333,0.5773502691896258,0.0,1.0,3,1087.0,362.3333333333333,727.0,5.333333333333333,0.28333333333333344,0.5891004506276262,21.0,15574.0,0.0,0.3083333333333333,0.6031542192201343,33.0,51077.0,-0.041666666666666685,0.3142361111111111,0.6330474909802158,78.0,83814.0,0.3333333333333333
2024-01-07 22:00:00,49299.72,49518.6,48977.69,49188.07,32013.4414,-0.3556464546873861,0.0,0.0,0.0,0.0,2,179.0,89.5,160.0,5.0,0.22777777777777786,0.4928754057626885,20.0,14231.0,-0.3333333333333333,0.28055555555555556,0.5550416967876656,32.0,46324.0,-0.3333333333333333,0.3003472222222222,0.6089912297639813,77.0,77170.0,-0.3333333333333333
2024-01-07 23:00:00,49209.94,51549.12,47781.65,50150.53,17039.6764,1.9566939707128084,0.3333333333333333,0.5163977794943223,0.0,1.0,6,9197.0,1532.8333333333333,8400.0,6.333333333333333,0.22777777777777786,0.482716657480138,23.0,22884.0,0.0,0.2805555555555555,0.5499623226463902,38.0,55521.0,0.0,0.2725694444444444,0.6064515426933438,82.0,86275.0,-0.6666666666666667
2024-01-08 00:00:00,50325.07,50482.79,50077.74,50233.92,19494.5839,0.1662793992406541,0.3333333333333333,0.5773502691896258,0.0,1.0,3,476.0,158.66666666666666,395.0,5.666666666666667,0.36666666666666675,0.4610905721473177,24.0,23346.0,0.8333333333333333,0.3083333333333333,0.5499623226463902,40.0,55484.0,0.3333333333333333,0.26562499999999994,0.6010450213601387,83.0,85967.0,-0.16666666666666669
2024-01-08 01:00:00,50377.99,51050.13,49007.77,49861.25,19542.2124,-0.7418692389524861,0.3333333333333333,0.5773502691896258,0.0,1.0,3,339.0,113.0,284.0,6.333333333333333,0.3222222222222223,0.46602852409472767,22.0,22586.0,-0.26666666666666666,0.25277777777777777,0.5499623226463902,42.0,55719.0,-0.6666666666666667,0.26284722222222223,0.6022795093469911,81.0,85172.0,-0.06666666666666671
2024-01-08 02:00:00,49715.24,50786.08,48324.07,49150.37,22994.5853,-1.425716362907059,0.3333333333333333,0.5773502691896258,0.0,1.0,3,568.0,189.33333333333334,422.0,6.0,0.27777777777777785,0.47096647604213765,20.0,11846.0,-0.26666666666666666,0.2805555555555555,0.5300334633348819,41.0,50957.0,0.3333333333333333,0.2767361111111111,0.5674102054643466,82.0,84667.0,0.3333333333333333
2024-01-08 03:00:00,48906.01,50529.65,47991.74,49607.14,18013.9859,0.929331762914498,0.0,0.5773502691896258,0.0,0.0,1,394.0,394.0,394.0,6.0,0.22222222222222232,0.47096647604213754,18.0,11153.0,-0.3333333333333333,0.25277777777777777,0.5300334633348819,39.0,26727.0,-0.3333333333333333,0.2489583333333333,0.5674102054643466,80.0,84563.0,-0.6666666666666666
2024-01-08 04:00:00,49687.04,50829.24,47017.88,48744.53,20260.0086,-1.738882749539683,-0.5,0.7071067811865476,-1.0,0.0,2,559.0,279.5,397.0,4.5,0.13888888888888898,0.5888176062398957,18.0,11533.0,-0.5,0.18333333333333332,0.540846506001292,38.0,25764.0,-0.8333333333333333,0.21979166666666664,0.5782390882012879,77.0,84271.0,-0.7
2024-01-08 05:00:00,48585.74,50145.77,46305.9,47715.86,33086.6552,-2.110329097439234,0.3333333333333333,0.5773502691896258,0.0,1.0,3,331.0,110.33333333333333,200.0,6.333333333333333,0.13888888888888898,0.5989763545224461,15.0,2667.0,0.0,0.18333333333333332,0.540846506001292,38.0,25551.0,0.0,0.23368055555555553,0.6022953494175222,78.0,83973.0,0.3333333333333333
2024-01-08 06:00:00,47848.52,47906.47,47807.9,47873.85,24600.6152,0.3311058419569468,0.6666666666666666,0.5773502691896258,0.0,1.0,3,247.0,82.33333333333333,137.0,5.666666666666667,0.19444444444444456,0.5989763545224461,15.0,2438.0,0.3333333333333333,0.2805555555555555,0.5300334633348819,39.0,25784.0,1.1666666666666665,0.253125,0.5914907761948368,76.0,83697.0,0.4666666666666666
2024-01-08 07:00:00,48009.44,49853.86,46905.51,48714.18,28714.4537,1.75530064951952,0.0,0.0,0.0,0.0,2,191.0,95.5,102.0,6.0,0.13888888888888898,0.5027513096575085,14.0,2290.0,-0.3333333333333333,0.23055555555555554,0.48438991687611804,36.0,24876.0,-0.6,0.253125,0.5498241095281702,75.0,83500.0,0.0
2024-01-08 08:00:00,48703.94,49039.14,48207.1,48512.28,25417.9388,-0.4144583774170152,1.0,0.0,1.0,1.0,2,6044.0,3022.0,5180.0,7.0,0.2500000000000001,0.40652626479257087,13.0,7766.0,0.6666666666666667,0.26388888888888884,0.4387463704173542,33.0,19612.0,0.4,0.2878472222222222,0.5184585823319584,71.0,86985.0,0.8333333333333334
2024-01-08 09:00:00,48308.91,48780.3,48011.75,48518.18,28114.5921,0.0121618691184988,1.0,0.0,1.0,1.0,1,31.0,31.0,31.0,6.0,0.4166666666666668,0.3103012199276332,13.0,7403.0,1.0,0.3194444444444444,0.3906338479848854,31.0,18556.0,0.6666666666666667,0.3138888888888889,0.4968940336025099,64.0,69633.0,0.625
2024-01-08 10:00:00,48433.36,50948.26,46935.63,49391.62,24340.6537,1.800232407728397,0.6666666666666666,0.5773502691896258,0.0,1.0,3,32712.0,10904.0,32000.0,6.0,0.6111111111111113,0.2886751345948129,14.0,39556.0,1.1666666666666665,0.375,0.4387463704173542,32.0,51089.0,0.6666666666666666,0.3277777777777778,0.4968940336025099,64.0,97413.0,0.3333333333333333
2024-01-08 11:00:00,49491.28,51391.46,48223.56,50189.69,27106.5564,1.6158004131065162,1.0,0.0,1.0,1.0,3,21508.0,7169.333333333333,21000.0,6.0,0.7222222222222223,0.19245008972987532,14.0,60733.0,0.6666666666666667,0.4305555555555555,0.3957132221261607,29.0,63400.0,0.6666666666666667,0.35555555555555557,0.4728377723862755,67.0,118921.0,0.6666666666666667
2024-01-08 12:00:00,50165.38,50966.87,48769.14,49620.57,19325.7655,-1.133938065766105,-0.5,0.7071067811865476,-1.0,0.0,2,3036.0,1518.0,3000.0,6.0,0.5277777777777779,0.21407617506269558,13.0,63522.0,-1.1666666666666665,0.3611111111111111,0.40652626479257087,28.0,65960.0,-0.8333333333333333,0.3347222222222222,0.4782442937194806,68.0,121444.0,-0.5
2024-01-08 13:00:00,49584.23,50402.72,49151.28,49911.7,26165.9445,0.5867123251506401,0.75,0.5,0.0,1.0,4,1070.0,267.5,691.0,5.5,0.6527777777777779,0.2974095083960289,15.0,64401.0,0.75,0.3958333333333333,0.4000804090267687,29.0,66691.0,0.4166666666666667,0.32430555555555557,0.47502136583657945,71.0,122410.0,-0.25
2024-01-08 14:00:00,50077.29,51117.99,47803.16,49262.5,64579.4811,-1.3006970309566657,-0.3333333333333333,0.5773502691896258,-1.0,0.0,3,1703.0,567.6666666666666,1220.0,6.0,0.43055555555555564,0.3936345532609666,16.0,60060.0,-1.3333333333333333,0.34027777777777785,0.40008040902676867,29.0,67826.0,-0.6666666666666666,0.3104166666666666,0.4650569361808253,70.0,118783.0,-0.3333333333333333
2024-01-08 15:00:00,49305.09,49604.34,49147.46,49426.56,41447.1112,0.3330322253235263,1.0,0.0,1.0,1.0,2,908.0,454.0,510.0,6.0,0.43055555555555564,0.3936345532609666,17.0,60937.0,0.0,0.42361111111111116,0.35196788659429984,30.0,68340.0,1.0,0.33819444444444446,0.44100067496459094,69.0,95067.0,0.6666666666666667
2024-01-08 16:00:00,49550.27,51576.15,48109.59,50279.83,51925.0511,1.7263390371492715,0.0,0.0,0.0,0.0,1,733.0,733.0,733.0,6.0,0.3194444444444446,0.2974095083960289,15.0,28958.0,-0.6666666666666666,0.46527777777777785,0.2930423214954209,29.0,68514.0,0.5,0.3243055555555555,0.4169444137483565,67.0,94278.0,-0.3333333333333333
2024-01-08 17:00:00,50319.01,51316.61,48943.27,49740.82,36793.7448,-1.072020331015444,0.0,0.7071067811865476,-1.0,1.0,5,519.0,103.8,246.0,5.2,0.1527777777777779,0.41526063859378687,17.0,7969.0,-1.0,0.4375,0.30385536416183107,31.0,68702.0,-0.3333333333333333,0.3104166666666666,0.4223509350815616,69.0,94253.0,-0.3333333333333333
2024-01-08 18:00:00,49674.94,51062.55,48711.82,50196.74,70059.8835,0.9165912423639178,1.0,0.7071067811865476,1.0,1.0,1,327.0,327.0,327.0,6.0,0.4027777777777779,0.41526063859378687,16.0,5260.0,1.5,0.46527777777777785,0.3146684068282412,29.0,68782.0,0.33333333333333337,0.3729166666666666,0.4223509350815615,68.0,94566.0,1.5
2024-01-08 19:00:00,50356.58,50977.49,50077.26,50585.35,67220.9736,0.7741737810065041,0.6666666666666666,0.5773502691896258,0.0,1.0,3,413.0,137.66666666666666,166.0,6.0,0.388888888888889,0.42815235012539116,15.0,4603.0,-0.08333333333333337,0.5208333333333334,0.36278092926071004,30.0,69004.0,0.6666666666666666,0.3756944444444444,0.423585423068414,66.0,93880.0,0.06666666666666665
2024-01-08 20:00:00,50467.71,51604.56,48888.92,49822.57,36949.2738,-1.5079069335291684,0.3333333333333333,1.1547005383792517,-1.0,1.0,3,13758.0,4586.0,13700.0,5.666666666666667,0.5000000000000001,0.5243773949903288,15.0,16658.0,0.6666666666666666,0.46527777777777773,0.45900597412564764,31.0,76718.0,-0.6666666666666667,0.3645833333333333,0.44887617227150095,64.0,96330.0,-0.26666666666666666
2024-01-08 21:00:00,50006.85,50341.23,49832.6,50139.51,43031.2517,0.636137397167591,0.0,0.0,0.0,0.0,4,569.0,142.25,440.0,5.75,0.3333333333333335,0.5243773949903288,17.0,16319.0,-1.0,0.38194444444444436,0.45900597412564764,34.0,77256.0,-1.0,0.3506944444444444,0.42481991105526656,65.0,95812.0,-0.3333333333333333
2024-01-08 22:00:00,50262.91,51142.55,48846.71,49690.18,46433.5941,-0.8961595356635987,-0.25,0.5,-1.0,0.0,4,700.0,175.0,327.0,5.25,0.2916666666666668,0.6077107283236621,20.0,16286.0,-0.25,0.3055555555555555,0.4525601183598455,35.0,45244.0,-0.9166666666666666,0.34027777777777773,0.4456532443885999,67.0,96333.0,-0.25
2024-01-08 23:00:00,49827.74,50133.28,49660.4,49962.46,18805.1203,0.5479553505340462,-1.0,0.0,-1.0,-1.0,2,110.0,55.0,91.0,5.0,0.1250000000000001,0.4898595981259041,17.0,15877.0,-1.0,0.13888888888888887,0.4525601183598455,34.0,23846.0,-2.0,0.2847222222222222,0.4241366702430031,63.0,87246.0,-1.3333333333333333
2024-01-09 00:00:00,50049.38,50838.48,48868.38,49593.13,21763.0414,-0.7392150026239719,0.3333333333333333,0.5773502691896258,0.0,1.0,3,289.0,96.33333333333333,107.0,6.0,0.013888888888888997,0.4682335127930839,19.0,15839.0,-0.6666666666666667,0.20833333333333334,0.4417470756934354,35.0,21099.0,0.8333333333333333,0.28472222222222227,0.42413667024300317,63.0,87059.0,0.0
2024-01-09 01:00:00,49719.56,50905.35,47855.86,48951.53,31113.3816,-1.2937275787997191,0.3333333333333333,0.5773502691896258,0.0,1.0,3,228.0,76.0,135.0,5.666666666666667,-0.041666666666666546,0.4682335127930839,19.0,15654.0,-0.3333333333333333,0.17361111111111108,0.4481929314592375,34.0,20257.0,-0.4166666666666667,0.2847222222222222,0.4241366702430031,63.0,86948.0,0.0
2024-01-09 02:00:00,49033.34,50385.18,46644.37,48141.76,15235.5238,-1.6542281722348506,0.5,0.7071067811865476,0.0,1.0,2,127.0,63.5,76.0,6.5,-0.013888888888888784,0.3936345532609666,18.0,2023.0,0.16666666666666669,0.24305555555555555,0.45900597412564764,33.0,18681.0,0.8333333333333333,0.2916666666666667,0.4295431915762082,62.0,86507.0,0.16666666666666669
2024-01-09 03:00:00,48002.74,48980.99,46287.49,47306.19,18629.2362,-1.7356448954088943,0.75,0.5,0.0,1.0,4,1624.0,406.0,1371.0,5.0,0.11111111111111122,0.4769678865942999,18.0,3078.0,0.75,0.2222222222222222,0.5006726407923143,35.0,19397.0,-0.25,0.3229166666666667,0.42632026369330706,65.0,87737.0,0.75
2024-01-09 04:00:00,47152.77,47551.1,46565.28,46926.83,36605.799,-0.8019246529893831,0.0,0.0,0.0,0.0,3,1177.0,392.3333333333333,447.0,5.666666666666667,0.15277777777777787,0.3936345532609666,17.0,3555.0,0.25,0.2222222222222222,0.5006726407923143,37.0,19841.0,0.0,0.34375,0.3968574811438676,66.0,88355.0,0.5
2024-01-09 05:00:00,46726.02,48236.44,45904.5,47402.17,43273.9211,1.0129386536444018,0.0,1.0,-1.0,1.0,3,743.0,247.66666666666666,321.0,6.0,0.3194444444444446,0.5603012199276333,18.0,4188.0,1.0,0.2222222222222222,0.5250804090267688,35.0,20065.0,0.0,0.3298611111111111,0.4144678865942999,66.0,88767.0,-0.3333333333333333
2024-01-09 06:00:00,47438.08,47823.55,47224.41,47577.36,12653.7898,0.3695822364250478,0.5,0.5477225575051662,0.0,1.0,6,1990.0,331.6666666666667,892.0,5.333333333333333,0.3472222222222223,0.5553632679802233,21.0,5889.0,0.16666666666666669,0.18055555555555555,0.5117983903866535,40.0,21728.0,-0.5,0.3229166666666667,0.4132333986074474,69.0,90510.0,-0.16666666666666663
2024-01-09 07:00:00,47493.99,49036.43,46426.03,48066.43,27843.2851,1.02794690583925,0.0,0.0,0.0,0.0,2,119.0,59.5,111.0,4.5,0.2916666666666668,0.4591382231152856,20.0,5780.0,-0.3333333333333333,0.125,0.4636858679541847,39.0,21434.0,-0.6666666666666666,0.3229166666666667,0.4132333986074474,69.0,90438.0,0.0
2024-01-09 08:00:00,48232.01,49059.56,46934.96,47736.8,21607.7195,-0.6857800756161825,0.5,0.7071067811865476,0.0,1.0,2,241.0,120.5,180.0,6.0,0.2916666666666668,0.4591382231152856,20.0,5894.0,0.0,0.13888888888888887,0.4263863881881261,38.0,7917.0,0.16666666666666669,0.3020833333333333,0.44269618115688686,69.0,84635.0,-0.5
2024-01-09 09:00:00,47660.19,48084.88,46830.1,47341.95,17604.4083,-0.827139649075781,-0.16666666666666666,0.752772652709081,-1.0,1.0,6,14044.0,2340.6666666666665,10300.0,6.333333333333333,0.13888888888888903,0.5012669985667991,22.0,18314.0,-0.9166666666666666,0.12499999999999999,0.4891174425805495,40.0,21392.0,-0.16666666666666666,0.2534722222222222,0.47406170835309863,74.0,98648.0,-1.1666666666666667
2024-01-09 10:00:00,47534.12,48044.45,46716.43,47247.73,27151.1051,-0.1990201079592024,1.0,0.752772652709081,1.0,1.0,1,24600.0,24600.0,24600.0,7.0,0.3055555555555557,0.626729107351646,20.0,41737.0,1.0,0.22916666666666666,0.5101818303063063,37.0,45292.0,1.25,0.2673611111111111,0.4813709743330759,72.0,90536.0,0.33333333333333337
2024-01-09 11:00:00,47080.68,48039.56,45479.73,46510.58,24851.153,-1.5601807748224172,0.3333333333333333,0.5773502691896258,0.0,1.0,3,1055.0,351.6666666666667,746.0,6.666666666666667,0.3611111111111112,0.5562874855499169,20.0,42049.0,0.3333333333333333,0.34027777777777773,0.558294352738775,38.0,46237.0,1.3333333333333333,0.23958333333333334,0.5054272355493102,72.0,70083.0,-0.6666666666666667
2024-01-09 12:00:00,46637.48,46657.28,46606.67,46626.51,27929.9778,0.2492551157177613,1.0,0.5773502691896258,1.0,1.0,1,48.0,48.0,48.0,5.0,0.4444444444444446,0.5612254374973269,15.0,40107.0,0.5,0.3958333333333333,0.558294352738775,36.0,45996.0,0.6666666666666667,0.3020833333333333,0.5000207142161052,71.0,67095.0,1.5
2024-01-09 13:00:00,46656.58,47338.24,46179.0,46909.08,22516.0471,0.6060286304936824,0.6,0.5477225575051661,0.0,1.0,5,33258.0,6651.6,22600.0,5.4,0.5444444444444446,0.6525125304148546,18.0,73246.0,0.6,0.41805555555555557,0.5558253767650702,38.0,79026.0,0.26666666666666666,0.29583333333333334,0.5020091541121537,72.0,99283.0,-0.15000000000000002
2024-01-09 14:00:00,46706.57,46862.29,46445.31,46598.6,28928.8029,-0.6618761229169379,0.6666666666666666,0.5773502691896258,0.0,1.0,3,1176.0,392.0,845.0,6.0,0.5722222222222223,0.6308864450820343,19.0,74181.0,0.16666666666666663,0.43194444444444446,0.54501233409866,39.0,80075.0,0.16666666666666663,0.33749999999999997,0.5020091541121537,72.0,98756.0,1.0
2024-01-09 15:00:00,46510.25,46621.68,46253.92,46420.79,32561.4352,-0.3815779873215019,0.0,0.0,0.0,0.0,2,628.0,314.0,580.0,5.5,0.6000000000000001,0.5054243362971874,15.0,60765.0,0.16666666666666666,0.36944444444444446,0.5033456674319933,37.0,79079.0,-0.75,0.29583333333333334,0.5020091541121537,72.0,98476.0,-1.0
2024-01-09 16:00:00,46585.72,47144.14,46249.22,46800.03,51732.5021,0.8169615381383943,0.0,0.0,0.0,0.0,0,0.0,314.0,580.0,5.5,0.4333333333333334,0.3799622275123406,14.0,36165.0,-1.0,0.36944444444444446,0.5033456674319933,34.0,77902.0,0.0,0.29583333333333334,0.5020091541121537,71.0,97743.0,0.0
2024-01-09 17:00:00,46985.3,47159.87,46728.2,46890.83,37991.1081,0.1940169696472482,0.0,0.6324555320336759,-1.0,1.0,6,6198.0,1033.0,5200.0,6.333333333333333,0.37777777777777793,0.38914643798634896,17.0,41308.0,-0.3333333333333333,0.36944444444444446,0.4727169617681329,37.0,83357.0,0.0,0.29583333333333334,0.4988986853974508,72.0,103422.0,0.0
2024-01-09 18:00:00,46727.12,47777.6,44336.51,45908.22,47731.3065,-2.0955269932308784,0.0,0.0,0.0,0.0,2,757.0,378.5,653.0,5.0,0.21111111111111122,0.29292139312141136,18.0,42017.0,-1.0,0.3277777777777778,0.4270734153093691,33.0,82124.0,-0.5,0.25416666666666665,0.46943590284801134,73.0,103852.0,-1.0
2024-01-09 19:00:00,45910.31,46751.07,44376.83,45308.99,47388.289,-1.3052782268622165,0.0,0.0,0.0,0.0,1,1113.0,1113.0,1113.0,5.0,0.11111111111111122,0.20163430020388362,14.0,9872.0,-0.6,0.3277777777777778,0.4270734153093691,32.0,83118.0,0.0,0.2263888888888889,0.44537964163177696,71.0,104552.0,-0.6666666666666666
2024-01-09 20:00:00,45154.37,45481.93,44574.04,44924.72,41149.7631,-0.8481098342735027,0.5,0.7071067811865476,0.0,1.0,2,149.0,74.5,101.0,4.5,0.08333333333333344,0.2232603855367039,13.0,8845.0,-0.16666666666666663,0.3277777777777778,0.4270734153093691,32.0,83026.0,0.0,0.2333333333333333,0.4267299017487476,70.0,90943.0,0.16666666666666669
2024-01-09 21:00:00,45054.65,45652.69,44716.02,45320.13,49674.1193,0.8801613009496778,0.7142857142857143,0.4879500364742666,0.0,1.0,7,1546.0,220.85714285714286,664.0,6.142857142857143,0.20238095238095247,0.3045853916157483,18.0,9763.0,0.7142857142857143,0.40119047619047615,0.4050048639564679,33.0,70528.0,0.8809523809523809,0.2630952380952381,0.4470611532685087,73.0,91920.0,0.7142857142857143
2024-01-09 22:00:00,45421.53,46253.58,44881.45,45705.98,41244.7936,0.8513876725420033,-0.3333333333333333,0.5773502691896258,-1.0,0.0,3,242.0,80.66666666666667,144.0,6.333333333333333,0.14682539682539694,0.400810436480686,21.0,10005.0,-0.3333333333333333,0.29007936507936505,0.3903863319965133,35.0,46170.0,-1.3333333333333333,0.2596230158730159,0.4502840811514098,72.0,91462.0,-0.08333333333333331
2024-01-09 23:00:00,45542.09,46082.18,44787.35,45268.51,24151.1177,-0.957139525287498,0.25,0.5,0.0,1.0,4,191.0,47.75,139.0,5.5,0.1884920634920636,0.37873451447507334,19.0,3998.0,0.25,0.2831349206349206,0.3839404762307111,36.0,45306.0,-0.08333333333333331,0.3117063492063492,0.47111741448474315,74.0,91543.0,1.25
2024-01-10 00:00:00,45466.79,45986.71,44485.58,45120.48,34824.4972,-0.3270043568918024,0.0,0.0,0.0,0.0,2,1419.0,709.5,1183.0,7.5,0.1884920634920636,0.37873451447507334,19.0,4660.0,0.0,0.19980158730158726,0.33582795379824226,37.0,46677.0,-1.0,0.2978174603174603,0.4470611532685087,73.0,92673.0,-0.3333333333333333
2024-01-10 01:00:00,45268.91,46457.18,44568.0,45701.27,27886.4288,1.2871981858348924,0.0,0.0,0.0,0.0,0,0.0,709.5,1183.0,7.5,0.1884920634920636,0.37873451447507334,18.0,3547.0,0.0,0.1498015873015873,0.2901844073394785,32.0,13419.0,-0.6,0.2839285714285714,0.42300489205227426,70.0,92445.0,-0.3333333333333333
2024-01-10 02:00:00,45638.12,45975.29,45043.31,45387.29,33782.6161,-0.6870268594286189,0.0,0.0,0.0,0.0,2,78.0,39.0,46.0,6.0,0.10515873015873027,0.26088338427731544,18.0,3476.0,-0.5,0.09424603174603173,0.24207188490700968,31.0,12321.0,-0.6666666666666666,0.2630952380952381,0.39354210950283486,70.0,92396.0,-0.5
2024-01-10 03:00:00,45263.18,46091.12,43376.25,44606.98,21155.9106,-1.719225800879487,0.25,0.9574271077563381,-1.0,1.0,4,721.0,180.25,319.0,6.0,0.02777777777777789,0.3391295628243273,15.0,2651.0,-0.4642857142857143,0.11507936507936506,0.3218574772200378,33.0,12414.0,0.25,0.24226190476190476,0.41260157232601563,70.0,91493.0,-0.5
2024-01-10 04:00:00,44756.47,46288.37,43747.14,45443.36,26778.349,1.8749980384235696,0.0,0.0,0.0,0.0,3,341.0,113.66666666666667,277.0,6.0,0.08333333333333344,0.2429045179593897,15.0,2750.0,0.3333333333333333,0.11507936507936506,0.3218574772200378,36.0,12755.0,0.0,0.24226190476190476,0.41260157232601563,70.0,90657.0,0.0
2024-01-10 05:00:00,45387.34,46530.98,43660.06,44774.15,27704.9124,-1.472624383408272,1.0,0.0,1.0,1.0,1,409.0,409.0,409.0,5.0,0.20833333333333345,0.15957118462605635,12.0,2968.0,0.75,0.19841269841269837,0.26915284955056484,31.0,6966.0,1.0,0.2839285714285714,0.37093490565934895,68.0,90323.0,1.0
2024-01-10 06:00:00,44746.24,45024.03,44364.92,44586.69,20838.847,-0.4186790815682739,0.0,0.816496580927726,-1.0,1.0,4,843.0,210.75,370.0,5.25,0.20833333333333345,0.2956539481140107,14.0,2392.0,0.0,0.19841269841269837,0.337194231294542,33.0,7052.0,0.0,0.2630952380952381,0.38213382330195556,66.0,89176.0,-0.5
2024-01-10 07:00:00,44697.5,44846.09,44474.01,44606.19,29726.0336,0.043735024959246,-1.0,0.816496580927726,-1.0,-1.0,1,25.0,25.0,25.0,4.0,0.041666666666666775,0.43173671160196503,15.0,2417.0,-1.0,0.11507936507936506,0.4052356130385191,33.0,5964.0,-1.0,0.22142857142857142,0.41615451417394417,65.0,89082.0,-1.0
2024-01-10 08:00:00,44755.67,45218.85,44048.83,44519.08,21454.9298,-0.1952867976395267,0.8,0.4472135954999579,0.0,1.0,5,1391.0,278.2,873.0,5.8,0.17500000000000013,0.506272310851958,18.0,3730.0,0.8,0.14007936507936505,0.3835778475646367,36.0,7206.0,0.30000000000000004,0.2339285714285714,0.4053256314370029,68.0,90232.0,0.30000000000000004
2024-01-10 09:00:00,44466.49,44611.7,44375.96,44515.33,24126.6754,-0.0084233546605139,0.4,0.8944271909999159,-1.0,1.0,5,28680.0,5736.0,28000.0,6.0,0.2000000000000001,0.4957723247258876,19.0,31689.0,0.15000000000000002,0.11388888888888887,0.4174509437751075,34.0,34340.0,-0.3142857142857143,0.25753968253968257,0.4112279038657877,67.0,104868.0,0.5666666666666667
2024-01-10 10:00:00,44404.04,45131.06,43991.89,44654.8,20229.5794,0.3133077975609799,0.6666666666666666,0.5773502691896258,0.0,1.0,3,26621.0,8873.666666666666,26200.0,6.0,0.3111111111111112,0.5919973695908253,19.0,57969.0,0.6666666666666666,0.1972222222222222,0.4174509437751075,34.0,60719.0,1.0,0.24365079365079367,0.40391863788581034,69.0,106889.0,-0.33333333333333337
2024-01-10 11:00:00,44811.61,45509.14,43879.95,44426.35,27815.4616,-0.5115911391384675,0.0,0.5773502691896258,0.0,0.0,1,82.0,82.0,82.0,6.0,0.14444444444444457,0.688222414455763,19.0,57642.0,-1.0,0.17638888888888885,0.4238967995409096,31.0,60610.0,-0.25,0.22976190476190475,0.4039186378858104,67.0,105916.0,-0.3333333333333333
2024-01-10 12:00:00,44398.57,46283.57,43161.08,45191.38,18488.6873,1.7220185768130891,0.6,0.5477225575051661,0.0,1.0,5,2140.0,428.0,1732.0,4.8,0.24444444444444455,0.6434267438853363,20.0,58939.0,0.6,0.22638888888888886,0.4695403459996735,34.0,61331.0,0.6,0.2130952380952381,0.4026841498989579,71.0,108008.0,-0.4
2024-01-10 13:00:00,44989.49,44998.12,44982.28,44993.1,16078.7611,-0.4387562406812928,0.6666666666666666,0.5773502691896258,0.0,1.0,3,243.0,81.0,96.0,6.0,0.5222222222222223,0.6035690252623196,22.0,59157.0,1.6666666666666665,0.2819444444444444,0.5176528684321423,37.0,61574.0,0.6666666666666666,0.21587301587301586,0.4039186378858104,69.0,74993.0,0.06666666666666665
2024-01-10 14:00:00,45186.94,46854.43,44063.15,45800.0,33132.4241,1.7933860969793214,0.6666666666666666,0.5773502691896258,0.0,1.0,3,8163.0,2721.0,6400.0,6.0,0.5000000000000001,0.6252584708772643,20.0,65929.0,-0.13333333333333341,0.33749999999999997,0.5657653908646111,38.0,69659.0,0.6666666666666666,0.21587301587301588,0.4039186378858104,69.0,81980.0,0.0
2024-01-10 15:00:00,45951.03,46783.9,45315.15,46311.42,38846.0676,1.1166375545851537,0.0,1.0,-1.0,1.0,3,14482.0,4827.333333333333,13700.0,6.333333333333333,0.4333333333333334,0.6428539390439449,18.0,51731.0,-0.4,0.31666666666666665,0.5693131318849163,37.0,83420.0,-0.25,0.21587301587301586,0.4455853045524771,70.0,95834.0,0.0
2024-01-10 16:00:00,46116.55,46957.58,44928.36,45666.32,57201.328,-1.3929609586577074,0.0,0.6324555320336759,-1.0,1.0,6,1010.0,168.33333333333334,638.0,4.833333333333333,0.32222222222222235,0.6520381495179532,21.0,26120.0,-0.6666666666666666,0.31666666666666665,0.6220177595543893,40.0,84089.0,0.0,0.21587301587301586,0.47193761838721354,76.0,96844.0,0.0
2024-01-10 17:00:00,45488.76,46044.32,44625.8,45103.2,48143.7913,-1.2331188499533186,0.0,0.0,0.0,0.0,3,28.0,9.333333333333334,16.0,6.0,0.32222222222222235,0.5558131046530156,23.0,26066.0,0.0,0.2333333333333333,0.6220177595543893,42.0,83708.0,-1.0,0.21587301587301586,0.4455853045524771,73.0,90674.0,0.0
2024-01-10 18:00:00,45083.86,46434.13,43204.97,44382.1,31136.9575,-1.5987779137622171,0.0,0.0,0.0,0.0,1,37.0,37.0,37.0,5.0,0.22222222222222232,0.4645260117354879,19.0,23963.0,-0.6,0.2333333333333333,0.5539763778104121,39.0,82902.0,0.0,0.21587301587301586,0.4455853045524771,72.0,89954.0,0.0
2024-01-10 19:00:00,44267.57,45241.63,42568.69,43636.45,38668.3107,-1.680069217094282,0.0,0.816496580927726,-1.0,1.0,4,1150.0,287.5,489.0,5.0,0.11111111111111122,0.5043837303585046,20.0,24870.0,-0.6666666666666666,0.31666666666666665,0.5539763778104121,42.0,84027.0,1.0,0.21587301587301586,0.47960599542446564,75.0,89991.0,0.0
2024-01-10 20:00:00,43708.18,45142.45,42075.09,42983.69,52174.0225,-1.4959053726872673,0.0,0.816496580927726,0.0,0.0,1,47.0,47.0,47.0,6.0,0.0,0.5442414489815214,18.0,16754.0,-0.6666666666666666,0.25,0.5847499599293927,38.0,82683.0,-0.8,0.1950396825396825,0.48416390374701473,74.0,89889.0,-0.5
2024-01-10 21:00:00,43193.59,43428.65,43046.13,43287.15,56358.998,0.7059887133933795,0.42857142857142855,0.5345224838248488,0.0,1.0,7,11264.0,1609.142857142857,10300.0,6.0,0.07142857142857154,0.4666618629523294,22.0,13536.0,0.42857142857142855,0.2523809523809523,0.5547579009981372,40.0,65267.0,0.028571428571428525,0.18313492063492062,0.48610442238662227,74.0,99607.0,-0.28571428571428575
2024-01-10 22:00:00,43180.51,44710.26,41111.81,42344.96,64216.3283,-2.176604373353297,0.16666666666666666,0.408248290463863,0.0,1.0,6,1242.0,207.0,470.0,6.0,0.09920634920634931,0.42929398935736063,22.0,13768.0,0.16666666666666666,0.21071428571428566,0.5406660694376569,43.0,39888.0,-0.5,0.20396825396825394,0.4790585066063822,77.0,100607.0,0.5
2024-01-10 23:00:00,42459.93,43444.95,41966.43,42859.37,31386.1384,1.214808090502406,0.2,0.447213595499958,0.0,1.0,5,1327.0,265.4,440.0,5.2,0.13253968253968265,0.5038295886073536,24.0,15067.0,0.2,0.22738095238095235,0.5298213466301847,47.0,41133.0,0.2,0.2018849206349206,0.47685907308554715,78.0,101743.0,-0.04999999999999999
2024-01-11 00:00:00,42720.12,43946.82,41882.35,43197.12,33968.9666,0.7880423813975801,0.5,0.7071067811865476,0.0,1.0,2,256.0,128.0,225.0,6.0,0.215873015873016,0.6216807188051116,25.0,15286.0,0.5,0.21904761904761902,0.5431033652702998,44.0,39249.0,-0.09999999999999998,0.22271825396825395,0.5063218556349866,78.0,100580.0,0.5
2024-01-11 01:00:00,43008.39,44227.67,42326.68,43483.53,14099.3737,0.6630303131319737,1.0,0.0,1.0,1.0,3,285.0,95.0,168.0,5.333333333333333,0.3825396825396827,0.4855979553171572,24.0,14421.0,1.0,0.2468253968253968,0.49499084283783096,44.0,39291.0,0.33333333333333337,0.26438492063492064,0.5063218556349867,81.0,100865.0,1.0
2024-01-11 02:00:00,43284.33,45244.42,41790.21,44034.66,25083.6712,1.2674453982921996,1.0,0.0,1.0,1.0,2,387.0,193.5,289.0,7.0,0.5492063492063494,0.3495151918292028,25.0,14761.0,1.0,0.27460317460317457,0.44687832040536213,43.0,31515.0,0.33333333333333337,0.30605158730158727,0.5063218556349867,81.0,101174.0,1.0
2024-01-11 03:00:00,44146.2,44956.53,42605.44,43600.73,31442.1244,-0.9854282967099116,-0.25,0.5,-1.0,0.0,4,857.0,214.25,302.0,6.0,0.4361111111111113,0.3437614445250614,22.0,4354.0,-0.6785714285714286,0.25376984126984126,0.40521165373869544,44.0,17890.0,-0.25,0.28521825396825395,0.4872623928118059,81.0,101310.0,-0.5
2024-01-11 04:00:00,43437.0,43875.35,42796.15,43207.68,30935.0706,-0.9014757321723854,-0.25,0.5,-1.0,0.0,0,0.0,214.25,302.0,6.0,0.36666666666666675,0.35905339611441756,16.0,3112.0,-0.41666666666666663,0.2329365079365079,0.39417369273588915,38.0,16880.0,-0.25,0.27480158730158727,0.5080957261451392,78.0,100969.0,-0.25
2024-01-11 05:00:00,43412.36,43422.9,43392.98,43405.77,27981.0719,0.4584601626377527,-0.5,0.7071067811865476,-1.0,0.0,2,165.0,82.5,100.0,6.0,0.25000000000000017,0.4023689270621826,13.0,1950.0,-0.7,0.19126984126984126,0.45309925783476807,37.0,17017.0,-0.5,0.2123015873015873,0.5375585086945788,79.0,100725.0,-1.5
2024-01-11 06:00:00,43504.34,44736.78,41410.26,42771.6,26053.4629,-1.4610269556328492,0.0,1.4142135623730951,-1.0,1.0,2,525.0,262.5,317.0,6.5,0.16666666666666682,0.5202200572599405,13.0,2219.0,-0.5,0.19126984126984126,0.570950388032526,38.0,17505.0,0.0,0.2123015873015873,0.562463382921469,77.0,100407.0,0.0
2024-01-11 07:00:00,42591.99,43262.35,42130.83,42866.14,26160.0927,0.2210345182317219,0.0,1.0,-1.0,1.0,3,96.0,32.0,50.0,5.0,1.295260195396016e-16,0.6868867239266071,13.0,2030.0,-1.0,0.19126984126984126,0.5862423396218822,37.0,16451.0,0.0,0.25396825396825395,0.5701093587161471,79.0,100478.0,1.0
2024-01-11 08:00:00,42802.5,44288.11,40857.74,42018.97,34632.5417,-1.9763151055821604,0.6666666666666666,0.5773502691896258,0.0,1.0,3,5271.0,1757.0,4660.0,6.333333333333333,-0.055555555555555435,0.7831117687915446,14.0,6914.0,-0.33333333333333337,0.2468253968253968,0.5663134803103739,39.0,21675.0,0.6666666666666666,0.2484126984126984,0.5755317201198833,77.0,104358.0,-0.13333333333333341
2024-01-11 09:00:00,42220.67,43930.24,40927.16,42977.11,28895.4135,2.2802557987499528,0.3333333333333333,0.5163977794943223,0.0,1.0,6,751.0,125.16666666666667,394.0,5.833333333333333,0.04166666666666679,0.7858447320405985,16.0,6808.0,0.5833333333333333,0.23888888888888885,0.56480308828283,38.0,11162.0,-0.09523809523809523,0.24563492063492065,0.5597804946404835,78.0,76429.0,-0.06666666666666671
2024-01-11 10:00:00,43054.22,44858.8,41739.46,43834.0,25950.5876,1.993828807939857,0.6666666666666666,0.5163977794943223,0.0,1.0,6,51614.0,8602.333333333334,26200.0,5.666666666666667,0.19444444444444456,0.7885776952896522,22.0,58422.0,0.9166666666666666,0.2805555555555555,0.573815545702035,38.0,61534.0,0.5,0.24563492063492062,0.557240807569846,81.0,101422.0,0.0
2024-01-11 11:00:00,43644.3,44856.49,42911.91,44130.53,29354.4639,0.6764840078477885,0.3333333333333333,0.5773502691896258,0.0,1.0,3,626.0,208.66666666666666,236.0,7.333333333333333,0.3333333333333334,0.7669516099568319,23.0,58883.0,0.8333333333333333,0.29166666666666663,0.5846602685095071,36.0,60833.0,0.1333333333333333,0.25952380952380955,0.557240807569846,83.0,101966.0,0.3333333333333333
2024-01-11 12:00:00,44209.55,46191.88,42772.6,45003.24,30130.5357,1.9775651912632863,0.4,0.5477225575051662,0.0,1.0,5,1294.0,258.8,412.0,5.4,0.40000000000000013,0.6225364424788437,26.0,59652.0,0.4,0.2833333333333333,0.5713782498693921,39.0,61871.0,-0.09999999999999998,0.2511904761904762,0.557240807569846,83.0,101120.0,-0.19999999999999996
2024-01-11 13:00:00,44957.35,45602.76,44610.2,45226.31,29901.4785,0.4956754224807014,0.0,0.5477225575051662,0.0,0.0,1,763.0,763.0,763.0,7.0,0.40000000000000013,0.5471568687297047,24.0,60319.0,0.0,0.19999999999999996,0.617021796328156,37.0,62349.0,-1.0,0.2234126984126984,0.5560063195829935,81.0,101640.0,-0.6666666666666666
2024-01-11 14:00:00,45175.2,45443.71,45018.26,45286.64,48986.8071,0.1333958043448602,1.0,0.0,1.0,1.0,2,24632.0,12316.0,24400.0,5.5,0.4555555555555557,0.4509318238647671,23.0,79680.0,0.33333333333333337,0.19999999999999996,0.617021796328156,37.0,86594.0,0.0,0.23730158730158726,0.531950058366759,80.0,118109.0,0.33333333333333337
2024-01-11 15:00:00,45189.53,47141.57,44212.29,45942.35,64547.8002,1.4479104654264496,0.2,0.447213595499958,0.0,1.0,5,9650.0,1930.0,8400.0,5.8,0.4333333333333334,0.439401126532373,22.0,88579.0,-0.1333333333333333,0.23749999999999996,0.6126229292864859,38.0,95387.0,0.45,0.24563492063492062,0.5089172915125906,82.0,113277.0,0.2
2024-01-11 16:00:00,46125.51,46254.15,45847.47,46024.24,54127.5956,0.1782451267730023,0.0,0.447213595499958,0.0,0.0,1,4660.0,4660.0,4660.0,6.0,0.32222222222222235,0.4278704291999789,17.0,41625.0,-0.6666666666666666,0.2583333333333333,0.6082240622448157,39.0,100047.0,0.25,0.24563492063492062,0.5011988774903523,77.0,116927.0,0.0
2024-01-11 17:00:00,45954.02,47260.54,43624.41,45154.31,69783.4243,-1.8901561438059653,0.5,0.7071067811865476,0.0,1.0,2,459.0,229.5,336.0,5.5,0.3500000000000001,0.4494965145327993,16.0,41458.0,0.16666666666666669,0.3416666666666666,0.6082240622448156,39.0,100341.0,1.0,0.26646825396825397,0.5306616600397919,76.0,117358.0,0.5
2024-01-11 18:00:00,45347.27,46055.36,44945.88,45597.04,29428.4405,0.9804822618261656,0.2,0.447213595499958,0.0,1.0,5,437.0,87.4,220.0,6.0,0.31666666666666676,0.43274502086526456,16.0,40601.0,-0.2,0.35833333333333334,0.5276407316720543,42.0,100253.0,0.2,0.27480158730158727,0.5492955598522901,80.0,117758.0,0.2
2024-01-11 19:00:00,45432.38,46604.4,44565.26,45960.07,47502.8598,0.7961701022697998,0.0,0.0,0.0,0.0,3,282.0,94.0,158.0,6.333333333333333,0.31666666666666676,0.34145792794773683,18.0,40120.0,0.0,0.35833333333333334,0.4443073983387209,42.0,100439.0,0.0,0.27480158730158727,0.5152748689803015,79.0,116890.0,0.0
2024-01-11 20:00:00,45983.81,46451.02,45685.76,46189.72,67978.7345,0.4996728682092888,0.0,0.0,0.0,0.0,1,414.0,414.0,414.0,6.0,0.1500000000000001,0.34145792794773683,17.0,15902.0,-1.0,0.30277777777777776,0.3961948759062521,40.0,95582.0,-0.6666666666666666,0.27480158730158727,0.4812541781083129,79.0,117257.0,0.0
2024-01-11 21:00:00,46201.59,47623.59,45575.32,46699.02,69489.3063,1.1026262986655766,1.0,0.0,1.0,1.0,1,490.0,490.0,490.0,6.0,0.28333333333333344,0.26692232869774385,13.0,6742.0,0.8,0.35833333333333334,0.3531617276150585,35.0,95321.0,0.6666666666666667,0.2986111111111111,0.45898240794894424,73.0,106483.0,0.5714285714285714
2024-01-11 22:00:00,46675.66,47508.13,46035.95,47011.93,59711.1315,0.6700568877034296,0.3333333333333333,0.5773502691896258,0.0,1.0,3,101.0,33.666666666666664,49.0,5.666666666666667,0.338888888888889,0.28861177431268853,15.0,2183.0,0.3333333333333333,0.33055555555555555,0.3582411017563338,32.0,43808.0,-0.3333333333333333,0.3055555555555555,0.4660283237291844,70.0,105342.0,0.16666666666666666
2024-01-11 23:00:00,46862.41,49087.73,45176.82,47736.43,14565.296,1.541098185077705,0.5,0.5773502691896257,0.0,1.0,4,9018.0,2254.5,8400.0,5.75,0.338888888888889,0.26698568897986824,17.0,10742.0,0.0,0.3444444444444444,0.3582411017563338,33.0,52200.0,0.16666666666666669,0.31805555555555554,0.4714506851329205,69.0,113033.0,0.3
2024-01-12 00:00:00,47570.79,48501.23,45804.87,46932.69,29098.3858,-1.6837036200654243,-0.25,0.9574271077563381,-1.0,1.0,4,521.0,130.25,251.0,5.5,0.263888888888889,0.3520212743559316,16.0,10826.0,-0.45,0.29027777777777775,0.3923831476105981,32.0,51427.0,-0.65,0.28680555555555554,0.48188069873999506,71.0,113298.0,-0.75
2024-01-12 01:00:00,47118.04,48683.13,46004.41,47770.03,22585.3832,1.784129569389692,0.0,0.0,0.0,0.0,2,661.0,330.5,549.0,6.0,0.263888888888889,0.3520212743559316,15.0,11205.0,0.0,0.29027777777777775,0.3467396011518343,33.0,51325.0,0.0,0.24513888888888888,0.48188069873999506,70.0,113674.0,-1.0
2024-01-12 02:00:00,47675.84,47841.96,47590.61,47739.68,26642.9253,-0.0635335585931096,0.3333333333333333,1.1547005383792517,-1.0,1.0,3,579.0,193.0,263.0,5.333333333333333,0.3194444444444446,0.5444713640858069,17.0,11370.0,0.3333333333333333,0.2347222222222222,0.44296464601677193,34.0,27272.0,-0.6666666666666667,0.2173611111111111,0.529993221172464,71.0,113866.0,-0.6666666666666667
2024-01-12 03:00:00,47815.46,48948.12,47024.65,48237.44,31810.8408,1.0426546637933187,0.0,0.0,0.0,0.0,5,1036.0,207.2,474.0,5.6,0.15277777777777787,0.5444713640858069,21.0,11916.0,-1.0,0.21805555555555553,0.4056968463917754,34.0,18658.0,-0.2,0.22777777777777775,0.5091598878391306,72.0,114045.0,0.25
2024-01-12 04:00:00,48009.94,49505.35,45686.8,47137.05,35882.1717,-2.281194856111768,0.6,0.5477225575051662,0.0,1.0,5,786.0,157.2,511.0,6.6,0.19722222222222233,0.5395334121383969,23.0,12601.0,0.26666666666666666,0.2680555555555555,0.41407259322554274,38.0,14784.0,0.6,0.26319444444444445,0.5111483277351792,77.0,114831.0,0.85
2024-01-12 05:00:00,47097.73,47778.12,46652.14,47359.58,25863.6167,0.472091486420978,-0.3333333333333333,0.5773502691896258,-1.0,0.0,3,742.0,247.33333333333334,356.0,5.0,0.05833333333333343,0.5395334121383969,22.0,4325.0,-0.8333333333333333,0.19861111111111107,0.4032595505591326,39.0,15067.0,-0.8333333333333333,0.2701388888888889,0.5057418064019741,78.0,115408.0,0.16666666666666669
2024-01-12 06:00:00,47351.5,48937.36,46521.67,47928.6,13478.984,1.201488695634545,0.6666666666666666,0.5773502691896258,0.0,1.0,3,797.0,265.6666666666667,479.0,5.666666666666667,0.21111111111111122,0.4761872723772782,21.0,4601.0,0.9166666666666666,0.23749999999999996,0.41410427336660494,37.0,15427.0,0.4666666666666666,0.29791666666666666,0.4708725025193296,79.0,115680.0,0.6666666666666666
2024-01-12 07:00:00,47899.65,47940.79,47818.63,47869.48,22651.152,-0.1233501500148004,0.3333333333333333,0.5773502691896258,0.0,1.0,3,21676.0,7225.333333333333,21000.0,6.333333333333333,0.2666666666666668,0.5724123172422159,22.0,25616.0,0.3333333333333333,0.2652777777777778,0.4622167957990737,37.0,36821.0,0.3333333333333333,0.3118055555555555,0.45326209706889736,79.0,137260.0,0.3333333333333333
2024-01-12 08:00:00,47981.59,50045.23,47078.24,48674.02,25153.2024,1.6806950900657205,0.0,0.5773502691896258,0.0,0.0,1,540.0,540.0,540.0,5.0,0.21111111111111122,0.4761872723772782,20.0,25577.0,-0.3333333333333333,0.2652777777777778,0.5103293182315426,37.0,36947.0,0.0,0.28402777777777777,0.45326209706889725,77.0,132529.0,-0.6666666666666666
2024-01-12 09:00:00,48585.98,48678.11,48429.7,48520.82,14504.8623,-0.3147469635752187,-0.25,0.5,-1.0,0.0,4,14182.0,3545.5,13700.0,6.75,0.16944444444444454,0.5595206057106116,19.0,38723.0,-0.25,0.16111111111111107,0.5519959848982092,40.0,50639.0,-1.25,0.2597222222222222,0.4525788562566338,75.0,145960.0,-0.5833333333333333
2024-01-12 10:00:00,48464.61,49001.1,48041.37,48688.28,16439.7163,0.3451301935952333,0.3333333333333333,0.5163977794943223,0.0,1.0,6,26567.0,4427.833333333333,24600.0,6.0,0.12500000000000008,0.5542998093754709,20.0,64504.0,-0.26666666666666666,0.1611111111111111,0.546916610756934,43.0,77105.0,0.0,0.24583333333333335,0.4525788562566339,75.0,120913.0,-0.3333333333333333
2024-01-12 11:00:00,48726.1,49386.98,47777.54,48361.08,25813.0776,-0.6720303120175908,0.6666666666666666,0.5773502691896258,0.0,1.0,3,22856.0,7618.666666666667,22800.0,6.0,0.29166666666666674,0.5542998093754709,20.0,86618.0,1.0,0.17499999999999996,0.546916610756934,42.0,90943.0,0.16666666666666663,0.2597222222222222,0.4525788562566339,75.0,143143.0,0.3333333333333333
2024-01-12 12:00:00,48268.49,50069.4,45870.86,47347.87,33015.3186,-2.0950938233802896,0.25,0.5,0.0,1.0,4,517.0,129.25,353.0,5.5,0.22222222222222232,0.5414080978438666,21.0,86338.0,-0.41666666666666663,0.21666666666666665,0.5087976851105724,42.0,90939.0,0.5,0.2534722222222222,0.45059041636058533,74.0,142366.0,-0.15000000000000002
2024-01-12 13:00:00,47278.22,48634.72,44808.27,46428.23,30990.4482,-1.942304901994529,0.0,0.816496580927726,-1.0,1.0,4,3818.0,954.5,3380.0,5.5,0.16666666666666674,0.5812658164668832,22.0,68480.0,-0.3333333333333333,0.21666666666666665,0.5768390668545497,44.0,94096.0,0.0,0.2534722222222222,0.46178933400319194,77.0,145421.0,0.0
2024-01-12 14:00:00,46445.26,48086.57,45215.95,47090.25,63333.968,1.4258997166163745,0.5,0.5773502691896257,0.0,1.0,4,4477.0,1119.25,3380.0,6.5,0.25000000000000006,0.5812658164668832,25.0,72417.0,0.5,0.2305555555555555,0.5287265444220808,45.0,97994.0,0.16666666666666669,0.23263888888888887,0.48584559521942633,79.0,125266.0,-0.5
2024-01-12 15:00:00,47027.12,47336.86,46586.57,46840.11,41647.8505,-0.5311927628330659,0.3333333333333333,0.5773502691896258,0.0,1.0,3,526.0,175.33333333333334,347.0,5.666666666666667,0.3472222222222223,0.5941575279984875,24.0,58761.0,0.5833333333333333,0.2583333333333333,0.5768390668545497,43.0,97484.0,0.3333333333333333,0.23819444444444446,0.4912679566231625,77.0,116142.0,0.1333333333333333
2024-01-12 16:00:00,46842.1,48042.87,45855.61,47337.51,49329.6087,1.0619104011497793,0.4,0.5477225575051661,0.0,1.0,5,2465.0,493.0,904.0,6.8,0.3583333333333334,0.5993783243336283,23.0,34659.0,0.06666666666666671,0.24166666666666667,0.5768390668545497,43.0,99163.0,-0.19999999999999996,0.2548611111111111,0.49545583004004623,81.0,113947.0,0.4
2024-01-12 17:00:00,47562.4,47932.98,47063.58,47360.55,66110.8569,0.0486717615692189,-0.5,0.5477225575051661,-1.0,0.0,6,993.0,165.5,474.0,6.333333333333333,0.16388888888888897,0.5944403723862183,26.0,12796.0,-1.1666666666666665,0.22777777777777775,0.5743700908808446,46.0,99414.0,-0.16666666666666669,0.21319444444444444,0.48881482071998866,85.0,114481.0,-1.0
2024-01-12 18:00:00,47218.02,47262.82,47196.72,47235.25,29673.1673,-0.2645661843031832,0.0,0.7071067811865476,-1.0,1.0,5,11065.0,2213.0,10300.0,5.2,0.1222222222222223,0.6289581692506429,27.0,23344.0,-0.25,0.1722222222222222,0.5851831335472547,48.0,109682.0,-0.6666666666666666,0.20486111111111108,0.4996437034569298,85.0,125109.0,-0.2
2024-01-12 19:00:00,47222.85,47359.75,47010.6,47141.6,39617.718,-0.1982629498097354,0.5,0.7071067811865476,0.0,1.0,2,453.0,226.5,338.0,6.5,0.20555555555555563,0.6107265359604465,25.0,19979.0,0.5,0.18611111111111112,0.595996176213665,47.0,88459.0,0.16666666666666669,0.22569444444444442,0.5291064860063693,84.0,125280.0,0.5
2024-01-12 20:00:00,46982.5,49556.26,45655.36,47904.51,49751.3087,1.6183370950498157,-0.5,0.7071067811865476,-1.0,0.0,2,86.0,43.0,46.0,5.5,0.03888888888888897,0.6323526212932667,23.0,15588.0,-1.0,0.14444444444444443,0.606809218880075,48.0,88005.0,-0.5,0.20486111111111108,0.5585692685558088,85.0,124952.0,-0.5
2024-01-12 21:00:00,47920.0,48896.21,47178.75,48320.11,44516.8393,0.8675592339844274,0.3333333333333333,0.5773502691896258,0.0,1.0,3,699.0,233.0,574.0,6.0,0.03888888888888897,0.6323526212932667,23.0,15761.0,0.0,0.19305555555555554,0.6132550746458773,47.0,74522.0,0.5833333333333333,0.17708333333333334,0.5826255297720432,87.0,125161.0,-0.6666666666666667
2024-01-12 22:00:00,48552.0,49013.23,48262.6,48714.55,44981.745,0.8163060887071749,-0.25,0.5,-1.0,0.0,4,680.0,170.0,331.0,5.25,-0.06944444444444436,0.6243988617090723,22.0,13976.0,-0.65,0.1444444444444444,0.6118885930213503,45.0,48635.0,-0.5833333333333333,0.15277777777777776,0.5794026018891422,88.0,125740.0,-0.5833333333333333
2024-01-12 23:00:00,48702.17,51273.83,47045.32,49612.07,33426.3509,1.842406426827292,0.4,0.5477225575051662,0.0,1.0,5,739.0,147.8,327.0,7.0,0.08055555555555564,0.6243988617090724,21.0,13722.0,0.9,0.12222222222222222,0.6094196170476454,47.0,26518.0,-0.2666666666666666,0.1486111111111111,0.5781681139022897,89.0,117461.0,-0.09999999999999998
2024-01-13 00:00:00,49653.51,50768.11,47889.36,48999.1,27873.51,-1.235525951648464,0.6666666666666666,0.5773502691896258,0.0,1.0,3,357.0,119.0,166.0,6.0,0.19166666666666674,0.602772776376252,19.0,3014.0,0.6666666666666666,0.15694444444444441,0.6158654728134475,46.0,26358.0,0.41666666666666663,0.18680555555555556,0.56233157896201,88.0,117297.0,0.9166666666666666
2024-01-13 01:00:00,49087.65,50889.07,46983.31,48167.89,15646.2616,-1.6963780967405473,0.6666666666666666,0.5773502691896258,0.0,1.0,0,0.0,119.0,166.0,6.0,0.21944444444444453,0.5811466910434319,17.0,2561.0,0.16666666666666663,0.2125,0.5959366135019392,42.0,22540.0,0.6666666666666666,0.21458333333333332,0.5863878401782444,86.0,116636.0,0.6666666666666666
2024-01-13 02:00:00,47999.99,48924.74,47334.32,48365.75,40861.0536,0.4107715741752393,0.5,0.7071067811865476,0.0,1.0,2,256.0,128.0,181.0,5.0,0.38611111111111124,0.5811466910434319,17.0,2731.0,1.0,0.2125,0.6067496561683493,40.0,18319.0,0.0,0.22152777777777777,0.5677381002952151,85.0,116313.0,0.16666666666666669
2024-01-13 03:00:00,48479.81,49592.17,46471.61,47630.99,26051.6421,-1.5191742090218896,-0.25,0.5,-1.0,0.0,4,1258.0,314.5,821.0,5.0,0.288888888888889,0.5682549795118276,18.0,3290.0,-0.5833333333333333,0.16388888888888886,0.6003038004025472,41.0,19051.0,-0.5833333333333333,0.2111111111111111,0.5885714336285485,84.0,116535.0,-0.25
2024-01-13 04:00:00,47643.13,48118.22,46603.27,47288.19,20590.1409,-0.7196995065607448,0.0,0.5,0.0,0.0,1,22.0,22.0,22.0,6.0,0.33055555555555566,0.5682549795118276,15.0,2632.0,0.25,0.13055555555555554,0.59632692061045,37.0,16608.0,-0.4,0.1861111111111111,0.5865829937324998,80.0,115771.0,-0.6
2024-01-13 05:00:00,47416.81,48554.3,46681.57,47835.83,23569.75,1.1580904238457812,0.3333333333333333,0.5773502691896258,0.0,1.0,3,806.0,268.6666666666667,521.0,5.666666666666667,0.3194444444444445,0.5731929314592374,13.0,2699.0,-0.06666666666666671,0.19999999999999996,0.598795896584155,34.0,16421.0,0.8333333333333333,0.2138888888888889,0.5865829937324998,80.0,115835.0,0.6666666666666666
2024-01-13 06:00:00,47714.58,47978.42,47495.25,47825.44,18105.3733,-0.0217201206710537,-0.6666666666666666,0.5773502691896258,-1.0,0.0,3,517.0,172.33333333333334,378.0,6.0,0.09722222222222232,0.5731929314592374,13.0,2859.0,-1.3333333333333333,0.1444444444444444,0.5879828539177449,32.0,5873.0,-0.6666666666666666,0.15833333333333333,0.5865829937324998,80.0,115555.0,-1.3333333333333333
2024-01-13 07:00:00,47685.44,48644.81,47107.14,48076.44,39994.9266,0.5248252812728893,0.2857142857142857,0.7559289460184544,-1.0,1.0,7,22208.0,3172.5714285714284,21000.0,6.0,0.03373015873015883,0.6029560442640421,20.0,25067.0,-0.38095238095238093,0.12658730158730155,0.5920513676537371,37.0,27628.0,-0.2142857142857143,0.15634920634920632,0.5940237719337009,84.0,116087.0,-0.047619047619047616
2024-01-13 08:00:00,47967.53,49230.86,46151.03,47242.02,44186.7057,-1.7356110394197375,0.5,0.7071067811865476,0.0,1.0,2,708.0,354.0,694.0,5.0,0.03373015873015883,0.6029560442640421,20.0,25519.0,0.0,0.20992063492063487,0.5920513676537371,37.0,28250.0,1.0,0.1771825396825397,0.5994302932669061,85.0,116255.0,0.5
2024-01-13 09:00:00,47456.79,48863.28,46629.84,48035.03,28684.7461,1.6786115411661084,0.0,0.0,0.0,0.0,2,258.0,129.0,202.0,6.5,0.0753968253968255,0.5196227109307089,18.0,24519.0,0.25,0.18214285714285708,0.5439388452212682,36.0,27809.0,-0.3333333333333333,0.18759920634920635,0.5785969599335727,83.0,102331.0,0.25
2024-01-13 10:00:00,48007.35,48747.84,46902.81,47539.65,32991.6248,-1.031289040518968,0.0,0.0,0.0,0.0,4,575.0,143.75,337.0,5.75,0.0753968253968255,0.4362893775973755,21.0,25072.0,0.0,0.20297619047619042,0.5022721785546016,36.0,27704.0,0.25,0.17371031746031748,0.5570803857879759,81.0,76339.0,-0.3333333333333333
2024-01-13 11:00:00,47632.91,48802.64,45788.02,46941.8,23522.723,-1.2575818290626817,-0.2,0.8366600265340756,-1.0,1.0,5,6129.0,1225.8,5180.0,5.6,-0.013492063492063389,0.47950767048811715,23.0,30395.0,-0.5333333333333333,0.15297619047619043,0.5263503009736774,36.0,33094.0,-0.6000000000000001,0.13759920634920633,0.5678849590106614,83.0,59612.0,-0.8666666666666667
2024-01-13 12:00:00,46956.37,47537.26,46559.79,47215.47,23233.2922,0.58299852157353,0.5,0.7071067811865476,0.0,1.0,2,12181.0,6090.5,12000.0,6.0,0.18095238095238106,0.5011337558209376,22.0,42059.0,1.1666666666666665,0.13908730158730157,0.5371633436400874,35.0,44918.0,-0.16666666666666663,0.14801587301587302,0.5765144082267676,81.0,71276.0,0.25
2024-01-13 13:00:00,47343.31,48880.35,44585.3,46406.26,32361.0034,-1.7138662391796622,0.25,0.5,0.0,1.0,4,678.0,169.5,303.0,5.5,0.17500000000000013,0.4584789314845284,19.0,20529.0,-0.0357142857142857,0.10436507936507933,0.5307174878742854,39.0,45596.0,-0.41666666666666663,0.15843253968253967,0.5633270506881123,81.0,68136.0,0.25
2024-01-13 14:00:00,46581.86,46638.99,46457.02,46539.84,39405.9683,0.28784909622106,0.6666666666666666,0.5773502691896258,0.0,1.0,3,461.0,153.66666666666666,191.0,4.666666666666667,0.20277777777777786,0.4368528461517081,20.0,20282.0,0.16666666666666663,0.11825396825396822,0.5199044452078753,40.0,45801.0,0.16666666666666663,0.16537698412698412,0.5633270506881122,80.0,64120.0,0.16666666666666663
2024-01-13 15:00:00,46729.69,48003.0,44712.94,45962.32,67514.9328,-1.2409153104093074,0.5,0.5773502691896257,0.0,1.0,4,27051.0,6762.75,26200.0,6.25,0.2861111111111112,0.5330778910166457,22.0,47075.0,0.5,0.1807539682539682,0.5263503009736773,40.0,71594.0,0.75,0.1723214285714286,0.5633270506881123,81.0,90645.0,0.16666666666666669
2024-01-13 16:00:00,46152.25,47295.46,44748.2,45552.39,75412.4051,-0.8918827422114473,0.0,0.5773502691896257,0.0,0.0,1,331.0,331.0,331.0,6.0,0.2861111111111112,0.6293029358815834,19.0,46831.0,0.0,0.1807539682539682,0.5327961567394796,40.0,71903.0,0.0,0.1556547619047619,0.5645615386749648,77.0,88511.0,-0.4
2024-01-13 17:00:00,45505.47,45521.85,45480.52,45497.07,65095.7284,-0.1214425851201239,0.3333333333333333,0.7071067811865475,-1.0,1.0,9,1691.0,187.88888888888889,547.0,5.222222222222222,0.37500000000000006,0.607710728323662,23.0,42393.0,0.5333333333333333,0.18075396825396825,0.5436091994058896,46.0,72788.0,0.0,0.19037698412698412,0.5712025479950223,80.0,89209.0,0.8333333333333333
2024-01-13 18:00:00,45273.8,45555.13,45029.32,45396.88,42391.5996,-0.2202119828815352,0.0,1.0,-1.0,1.0,3,958.0,319.3333333333333,456.0,5.333333333333333,0.29166666666666674,0.6565262647925708,24.0,31170.0,-0.5,0.23630952380952377,0.5788300103067542,46.0,73229.0,0.6666666666666666,0.19037698412698412,0.5834064321122495,78.0,79102.0,0.0
2024-01-13 19:00:00,45416.54,45438.11,45384.68,45405.48,38983.8022,0.0189440331582302,0.0,0.816496580927726,-1.0,1.0,4,11235.0,2808.75,10300.0,5.0,0.25000000000000006,0.7092756949471918,24.0,41727.0,-0.25,0.2125,0.5838773132158601,43.0,62256.0,-0.2857142857142857,0.16954365079365077,0.5879643404347986,80.0,89884.0,-0.5
2024-01-13 20:00:00,45229.6,46186.51,43760.59,44618.99,39704.8568,-1.7321477495668036,0.0,0.816496580927726,-1.0,1.0,4,1908.0,477.0,1113.0,5.25,0.13888888888888898,0.7491334135702084,25.0,43174.0,-0.6666666666666666,0.1708333333333333,0.5929931298609583,45.0,63456.0,-0.5,0.19037698412698412,0.5925222487573477,82.0,91706.0,0.5
2024-01-13 21:00:00,44748.73,45089.14,44586.1,44870.05,64289.2469,0.562675219676656,0.25,0.9574271077563382,-1.0,1.0,4,5797.0,1449.25,5200.0,5.5,0.09722222222222232,0.8124795533313272,25.0,21920.0,-0.25,0.19166666666666665,0.6727787221739865,47.0,68995.0,0.25,0.18690476190476188,0.6083587836976273,83.0,96804.0,-0.08333333333333331
2024-01-13 22:00:00,45016.77,45079.21,44969.02,45044.29,29537.2923,0.3883213858687506,0.0,1.4142135623730951,-1.0,1.0,2,614.0,307.0,480.0,6.0,0.09722222222222232,0.9519567688619054,26.0,22203.0,0.0,0.19166666666666665,0.7906298523717444,45.0,69034.0,0.0,0.19732142857142854,0.646451015463173,81.0,96738.0,0.25
2024-01-13 23:00:00,44964.83,45603.17,43882.5,44511.67,38966.5032,-1.1824362199959304,0.6666666666666666,0.5773502691896258,0.0,1.0,3,646.0,215.33333333333334,587.0,6.333333333333333,0.1527777777777779,0.9303306835290851,20.0,21158.0,0.3333333333333333,0.26388888888888884,0.7690207059263737,43.0,63551.0,0.8666666666666667,0.2084325396825397,0.6476855034500255,79.0,96645.0,0.2666666666666666
2024-01-14 00:00:00,44423.51,45298.44,43741.14,44819.56,22975.7597,0.6917062424303566,0.0,0.0,0.0,0.0,3,411.0,137.0,229.0,5.666666666666667,0.1527777777777779,0.7636640168624185,20.0,20611.0,0.0,0.22222222222222218,0.7100951408274948,44.0,51781.0,-0.5,0.1806547619047619,0.6236292422337911,79.0,96699.0,-0.6666666666666666
2024-01-14 01:00:00,44648.45,45174.39,43750.67,44303.42,37280.2673,-1.1515954194998734,0.0,0.7071067811865476,-1.0,1.0,5,764.0,152.8,243.0,7.0,0.1527777777777779,0.7454323835722221,21.0,10140.0,0.0,0.20138888888888884,0.727354039259707,45.0,51867.0,-0.25,0.1528769841269841,0.6290357635669962,84.0,97463.0,-0.6666666666666666
2024-01-14 02:00:00,44219.68,45527.69,42571.19,43542.97,25476.3268,-1.7164589099441965,0.5,0.7071067811865476,0.0,1.0,2,195.0,97.5,193.0,6.5,0.23611111111111124,0.7272007502820257,19.0,8427.0,0.5,0.18749999999999997,0.7381670819261171,44.0,51601.0,-0.16666666666666663,0.1528769841269841,0.6290357635669962,84.0,97402.0,0.0
2024-01-14 03:00:00,43383.41,44465.64,41767.72,42781.58,25877.6173,-1.7485945492464072,0.4,0.5477225575051661,0.0,1.0,5,606.0,121.2,405.0,6.0,0.26111111111111124,0.658916658573497,20.0,3236.0,0.15000000000000002,0.1791666666666666,0.735698105952412,45.0,25156.0,-0.09999999999999998,0.17996031746031746,0.6310242034630448,85.0,96750.0,0.65
2024-01-14 04:00:00,42769.1,42944.4,42680.86,42833.28,21815.3259,0.1208464016522858,0.42857142857142855,0.5345224838248488,0.0,1.0,7,1182.0,168.85714285714286,552.0,6.0,0.33253968253968264,0.512301478815456,25.0,3804.0,0.42857142857142855,0.21488095238095237,0.7321291238386808,51.0,26007.0,0.42857142857142855,0.1978174603174603,0.6324626402890802,91.0,97910.0,0.42857142857142855
2024-01-14 05:00:00,42993.11,44112.98,41006.31,42274.04,18985.7424,-1.3056203027178803,0.25,0.5,0.0,1.0,4,717.0,179.25,530.0,6.0,0.2630952380952382,0.49940976728385156,26.0,3875.0,-0.41666666666666663,0.2079365079365079,0.7148702254064685,46.0,25033.0,-0.08333333333333331,0.1943452380952381,0.629239712406179,92.0,97821.0,-0.08333333333333331
2024-01-14 06:00:00,42088.78,42297.7,41955.76,42169.0,15846.8957,-0.2484740043771527,0.5,0.5773502691896257,0.0,1.0,4,2527.0,631.75,1792.0,5.75,0.34642857142857153,0.5956348121487892,27.0,5991.0,0.5,0.24960317460317458,0.679649414505604,47.0,26602.0,0.5,0.2429563492063492,0.629239712406179,93.0,99831.0,1.1666666666666665
2024-01-14 07:00:00,42177.58,43060.9,40451.16,41530.14,18531.2053,-1.5149991700064036,0.3333333333333333,0.5773502691896258,0.0,1.0,3,2772.0,924.0,1851.0,6.0,0.4019841269841271,0.5740087268159689,25.0,7999.0,0.3333333333333333,0.27738095238095234,0.6597205551940956,46.0,18139.0,0.3333333333333333,0.24494047619047618,0.6217989342049779,89.0,80395.0,0.047619047619047616
2024-01-14 08:00:00,41658.34,41783.32,41459.27,41580.74,15323.3239,0.1218392232725351,0.5,0.7071067811865476,0.0,1.0,2,21409.0,10704.5,21000.0,5.0,0.4019841269841271,0.5740087268159689,25.0,29213.0,0.0,0.31904761904761897,0.6506047385489974,44.0,37640.0,0.5,0.24494047619047618,0.6217989342049779,89.0,101096.0,0.0
2024-01-14 09:00:00,41708.36,42645.87,41018.04,42080.86,32234.5606,1.2027683970992298,0.2857142857142857,0.4879500364742666,0.0,1.0,7,2663.0,380.42857142857144,1468.0,6.285714285714286,0.3829365079365081,0.5640466399774856,27.0,31270.0,-0.11428571428571432,0.3220238095238095,0.6114816492754914,47.0,34506.0,0.0357142857142857,0.25684523809523807,0.642130185724739,94.0,103501.0,0.2857142857142857
2024-01-14 10:00:00,41889.51,42215.41,41109.23,41629.01,26285.8118,-1.073766077974636,0.0,0.8944271909999159,-1.0,1.0,6,39649.0,6608.166666666667,20800.0,6.333333333333333,0.3115079365079366,0.6240307578399968,26.0,69737.0,-0.42857142857142855,0.3220238095238095,0.5681661183277265,51.0,73541.0,0.0,0.25684523809523807,0.6793979853497355,96.0,142575.0,0.0
2024-01-14 11:00:00,41809.59,43005.48,39604.97,41026.47,42804.0861,-1.4474041059347795,0.5,0.5773502691896257,0.0,1.0,4,3854.0,963.5,3000.0,5.5,0.35317460317460325,0.6369224693716012,26.0,72874.0,0.25,0.3081349206349206,0.5681661183277265,52.0,76749.0,-0.16666666666666663,0.28601190476190474,0.6685934121270499,95.0,140300.0,0.7
2024-01-14 12:00:00,41086.32,41347.33,40758.33,40955.44,38551.0103,-0.1731321266489671,0.0,0.0,0.0,0.0,3,1031.0,343.6666666666667,523.0,6.0,0.26984126984126994,0.5406974245066635,25.0,71378.0,-0.5,0.3081349206349206,0.5681661183277265,52.0,77369.0,0.0,0.26517857142857143,0.6391306295776106,96.0,129150.0,-0.5
2024-01-14 13:00:00,40904.51,41720.56,40416.74,41203.49,26323.5365,0.6056582471095417,0.2,0.7888106377466155,-1.0,1.0,10,1809.0,180.9,528.0,5.6,0.24761904761904774,0.5759408192661618,32.0,70415.0,-0.1333333333333333,0.32480158730158726,0.5749747730410654,57.0,78414.0,0.2,0.2630952380952381,0.6511644061503862,102.0,130281.0,-0.04999999999999999
2024-01-14 14:00:00,41071.01,41231.57,40961.92,41132.22,29649.886,-0.1729707847563322,0.25,0.9574271077563381,-1.0,1.0,4,51120.0,12780.0,30000.0,7.0,0.20595238095238108,0.6176608736944602,34.0,100126.0,-0.25,0.30396825396825394,0.5958348002552146,59.0,129339.0,-0.25,0.24573412698412697,0.667000941090666,103.0,180940.0,-0.41666666666666663
2024-01-14 15:00:00,40935.91,41510.01,40065.73,40605.74,52966.0717,-1.2799698144180027,-0.5,0.5773502691896257,-1.0,0.0,4,775.0,193.75,597.0,6.0,0.07500000000000012,0.6325609124803534,31.0,98238.0,-0.7857142857142857,0.22896825396825393,0.5983037762289196,58.0,129508.0,-0.9,0.2040674603174603,0.667000941090666,103.0,154664.0,-1.0
2024-01-14 16:00:00,40503.22,40857.27,39767.97,40253.97,48740.6467,-0.866306093670488,0.0,0.0,0.0,0.0,4,852.0,213.0,306.0,6.25,0.07500000000000012,0.4834897139803675,29.0,59441.0,0.0,0.1932539682539682,0.5537602359101822,55.0,129178.0,-0.42857142857142855,0.2040674603174603,0.6429446798744315,106.0,155185.0,0.0
2024-01-14 17:00:00,40378.55,40615.01,39999.36,40248.11,25340.197,-0.0145575703464739,0.3333333333333333,1.1547005383792517,-1.0,1.0,3,26354.0,8784.666666666666,26200.0,7.0,0.04722222222222234,0.579714758845305,28.0,81941.0,-0.16666666666666669,0.20019841269841265,0.6083186141084532,54.0,154815.0,0.08333333333333331,0.2040674603174603,0.6615944197574608,100.0,179848.0,0.0
2024-01-14 18:00:00,40087.48,41342.64,38021.28,39339.57,35448.545,-2.257348233246237,-0.3333333333333333,0.5773502691896258,-1.0,0.0,3,823.0,274.3333333333333,500.0,6.0,-0.008333333333333212,0.6759398037102428,28.0,81733.0,-0.3333333333333333,0.1307539682539682,0.6083186141084532,53.0,153111.0,-0.8333333333333333,0.19017857142857142,0.6439840143070286,100.0,179713.0,-0.3333333333333333
2024-01-14 19:00:00,39301.12,39874.87,38093.76,38883.49,31259.6647,-1.1593415993108258,0.14285714285714285,0.6900655593423541,-1.0,1.0,7,1804.0,257.7142857142857,631.0,5.571428571428571,-0.017857142857142738,0.6594822906428658,25.0,81728.0,-0.05714285714285716,0.11488095238095235,0.6177115549545139,57.0,152143.0,-0.19047619047619047,0.19613095238095238,0.6387160550743047,103.0,170282.0,0.14285714285714285
2024-01-14 20:00:00,38801.55,40166.64,38088.36,39291.67,55755.6164,1.0497514497798344,0.0,1.0,-1.0,1.0,3,1214.0,404.6666666666667,704.0,4.333333333333333,-0.0595238095238094,0.6665777726834762,24.0,31822.0,-0.25,0.07321428571428568,0.6421193231889682,58.0,131948.0,-0.5,0.19613095238095238,0.6463620308689829,102.0,169588.0,0.0
2024-01-14 21:00:00,39221.21,39630.05,38372.74,38910.2,34590.5974,-0.9708673619624796,0.0,1.0,-1.0,1.0,3,398.0,132.66666666666666,313.0,4.666666666666667,0.02380952380952393,0.7370193944852051,23.0,31445.0,0.5,0.04940476190476187,0.6847901534827794,54.0,129683.0,-0.2857142857142857,0.18571428571428572,0.6481359013791353,101.0,164189.0,-0.25
2024-01-14 22:00:00,38739.37,40757.53,37398.5,39434.38,55618.5801,1.3471531886240615,-0.25,0.5,-1.0,0.0,4,7146.0,1786.5,6700.0,6.0,-0.017857142857142738,0.8203527278185385,23.0,37739.0,-0.25,0.028571428571428536,0.651921220899453,52.0,97180.0,-0.25,0.17529761904761906,0.6100436696135898,103.0,170721.0,-0.25
2024-01-14 23:00:00,39432.65,41632.68,38138.63,40177.6,31383.1081,1.8847006089610208,0.6,0.5477225575051661,0.0,1.0,5,1305.0,261.0,1021.0,5.8,0.026587301587301704,0.7191897310061909,25.0,12690.0,0.26666666666666666,0.036904761904761864,0.6494522449257482,53.0,94631.0,0.09999999999999998,0.1725198412698413,0.6088091816267373,105.0,171380.0,-0.06666666666666665
2024-01-15 00:00:00,40143.98,40989.55,38564.83,39580.71,31382.6779,-1.4856288080920654,0.25,0.5,0.0,1.0,4,337.0,84.25,133.0,6.0,0.12380952380952392,0.7062980194745866,26.0,12204.0,0.5833333333333333,0.0577380952380952,0.6911189115924148,54.0,93937.0,0.25,0.18293650793650795,0.6296425149600706,106.0,171306.0,0.25
2024-01-15 01:00:00,39501.84,40434.84,38868.24,39829.83,33654.6308,0.6293975019649789,0.0,0.816496580927726,-1.0,1.0,4,554.0,138.5,226.0,6.25,0.10000000000000013,0.727369856405482,23.0,10954.0,-0.14285714285714285,0.04107142857142853,0.693426073524174,48.0,92682.0,-0.2,0.18293650793650795,0.6342004232826197,105.0,171096.0,0.0
2024-01-15 02:00:00,39852.65,40665.93,38474.51,39269.35,37181.8999,-1.4071865232666123,0.0,0.0,0.0,0.0,3,1513.0,504.3333333333333,709.0,6.666666666666667,0.10000000000000013,0.5607031897388153,23.0,11253.0,0.0,0.020238095238095197,0.6136404812111458,47.0,43075.0,-0.25,0.1621031746031746,0.6047376407331803,106.0,172414.0,-0.5
2024-01-15 03:00:00,39405.67,40548.87,37894.57,38763.3,24562.3431,-1.2886640598838373,0.3333333333333333,0.816496580927726,-1.0,1.0,6,1348.0,224.66666666666666,472.0,5.833333333333333,0.15555555555555567,0.5301192865601029,26.0,12203.0,0.3333333333333333,0.08968253968253964,0.6335693405226541,49.0,43648.0,0.8333333333333333,0.15932539682539684,0.6159365583757869,107.0,173156.0,-0.06666666666666671
2024-01-15 04:00:00,38803.2,40166.28,37753.94,39383.1,33195.4143,1.5989350751870912,1.0,0.0,1.0,1.0,3,1150.0,383.3333333333333,824.0,6.333333333333333,0.363888888888889,0.44678595322676956,25.0,6207.0,1.25,0.17301587301587298,0.6335693405226541,48.0,43946.0,1.0,0.18313492063492062,0.5936647882164182,103.0,173124.0,0.5714285714285714
2024-01-15 05:00:00,39374.98,40810.22,38231.15,39956.91,20530.5935,1.456995513303938,0.0,1.0,-1.0,1.0,3,109.0,36.333333333333336,83.0,6.666666666666667,0.263888888888889,0.5221655269759086,23.0,5011.0,-0.6,0.1452380952380952,0.6206776289910498,48.0,17701.0,-0.3333333333333333,0.17271825396825394,0.6144981215497515,102.0,172516.0,-0.25
2024-01-15 06:00:00,40141.54,41370.25,38554.31,39527.08,22941.0353,-1.075733834272974,0.6666666666666666,0.5773502691896258,0.0,1.0,3,848.0,282.6666666666667,522.0,4.666666666666667,0.3333333333333334,0.535057238507513,22.0,5522.0,0.41666666666666663,0.22857142857142854,0.6206776289910498,48.0,17726.0,1.0,0.1796626984126984,0.6144981215497515,101.0,170837.0,0.16666666666666663
2024-01-15 07:00:00,39410.28,41139.01,38218.99,40064.69,25493.4132,1.3601055276534435,0.6666666666666666,0.5773502691896258,0.0,1.0,3,277.0,92.33333333333333,150.0,5.666666666666667,0.4444444444444445,0.49519951988449623,21.0,5245.0,0.6666666666666666,0.27222222222222214,0.6112846881449893,44.0,16199.0,0.5238095238095237,0.1935515873015873,0.6144981215497515,101.0,168342.0,0.3333333333333333
2024-01-15 08:00:00,40008.3,40622.74,39017.02,39626.72,22135.4156,-1.093157091693464,-0.5,0.7071067811865476,-1.0,0.0,2,376.0,188.0,351.0,5.5,0.36111111111111116,0.6130506500822541,20.0,4108.0,-0.5,0.23055555555555549,0.5868769199105348,43.0,15361.0,-0.5,0.15188492063492062,0.6144981215497515,101.0,147309.0,-1.0
2024-01-15 09:00:00,39614.63,41192.73,38808.98,40152.96,25946.53,1.3279928290809817,0.25,0.9574271077563382,-1.0,1.0,4,13893.0,3473.25,13100.0,6.25,0.3472222222222223,0.6365390712203561,18.0,16653.0,-0.08333333333333331,0.25138888888888883,0.5833291788902296,44.0,28856.0,0.25,0.1503968253968254,0.6340596661865044,98.0,158539.0,-0.0357142857142857
2024-01-15 10:00:00,40041.04,40839.88,38369.33,39473.94,27579.7598,-1.6910832974704637,0.6666666666666666,0.5163977794943223,0.0,1.0,6,12205.0,2034.1666666666667,6400.0,6.833333333333333,0.29166666666666674,0.7226053678027432,21.0,27708.0,-0.33333333333333337,0.3277777777777777,0.5846956605147565,46.0,33915.0,0.9166666666666666,0.17817460317460318,0.6183084407071048,98.0,131095.0,0.6666666666666666
2024-01-15 11:00:00,39336.73,39739.32,38569.32,39069.03,27415.0718,-1.0257653530405195,0.16666666666666666,0.408248290463863,0.0,1.0,6,669.0,111.5,374.0,6.166666666666667,0.31944444444444453,0.6239800828800537,24.0,28268.0,0.16666666666666666,0.29166666666666663,0.5730728049279813,47.0,33279.0,-0.43333333333333335,0.16428571428571428,0.6112625249268647,100.0,127910.0,-0.33333333333333337
2024-01-15 12:00:00,39141.25,39846.9,38011.6,38761.31,28865.3346,-0.7876315332118633,0.16666666666666666,0.408248290463863,0.0,1.0,0,0.0,111.5,374.0,6.166666666666667,0.2361111111111112,0.5957964197590933,21.0,27420.0,-0.5,0.28472222222222215,0.5654268291333031,43.0,32942.0,-0.08333333333333334,0.1712301587301587,0.628272870362859,97.0,126879.0,0.16666666666666666
2024-01-15 13:00:00,38632.71,39697.26,37823.05,39088.54,32075.7464,0.8442181133712978,1.0,0.0,1.0,1.0,2,47200.0,23600.0,24600.0,6.0,0.2916666666666668,0.49957137489415565,20.0,74343.0,0.33333333333333337,0.3680555555555555,0.497385447389326,41.0,79588.0,1.0,0.2045634920634921,0.59540576045675,89.0,172270.0,0.8
2024-01-15 14:00:00,39105.01,39603.43,38832.83,39326.83,66565.9006,0.6096160153334029,0.0,1.0,-1.0,1.0,3,26689.0,8896.333333333334,26200.0,6.0,0.37500000000000017,0.5483869113630644,21.0,100656.0,0.5,0.3680555555555555,0.5807187807226594,41.0,104764.0,0.0,0.1941468253968254,0.5971796309669025,88.0,147839.0,-0.25
2024-01-15 15:00:00,39392.98,40446.75,38612.4,39809.51,40230.4184,1.227355472078484,0.25,0.5,0.0,1.0,4,14485.0,3621.25,13700.0,6.0,0.37500000000000017,0.47214906007034135,21.0,101248.0,0.0,0.361111111111111,0.5543440656453488,39.0,117901.0,-0.08333333333333331,0.2253968253968254,0.5939567030840015,88.0,161549.0,0.75
2024-01-15 16:00:00,39614.1,39636.8,39598.71,39623.19,51354.7046,-0.4680288704884794,-1.0,0.5,-1.0,-1.0,1,11.0,11.0,11.0,4.0,0.09722222222222232,0.46941609682128765,16.0,89054.0,-1.6666666666666665,0.19444444444444442,0.5960107323120155,37.0,116762.0,-2.0,0.18373015873015874,0.6147900364173349,85.0,160708.0,-1.0
2024-01-15 17:00:00,39616.53,39639.73,39565.7,39597.29,27019.5354,-0.0653657618177705,0.5,0.5773502691896257,0.0,1.0,4,1099.0,274.75,558.0,5.25,0.1527777777777779,0.4975997599422481,14.0,89484.0,0.33333333333333337,0.23611111111111108,0.560789921411151,38.0,117752.0,0.5,0.19067460317460316,0.5907337752011004,86.0,135453.0,0.16666666666666669
2024-01-15 18:00:00,39508.09,41178.5,38111.74,40262.67,64553.0412,1.6803675201004786,0.5,0.5773502691896257,0.0,1.0,4,471.0,117.75,302.0,5.75,0.20833333333333345,0.5257834230632085,18.0,89955.0,0.33333333333333337,0.22222222222222218,0.560789921411151,39.0,117375.0,-0.16666666666666663,0.2253968253968254,0.5907337752011004,87.0,135101.0,0.8333333333333333
2024-01-15 19:00:00,40427.66,41239.22,38953.87,39792.16,38438.2851,-1.1686010888001142,0.0,0.6324555320336759,-1.0,1.0,6,1544.0,257.3333333333333,695.0,6.166666666666667,0.041666666666666775,0.6311926784021544,22.0,44299.0,-1.0,0.16666666666666663,0.5653820266481551,42.0,118642.0,-0.6666666666666666,0.21944444444444441,0.5883333573965721,86.0,134841.0,-0.14285714285714285
2024-01-15 20:00:00,39917.59,40481.37,38989.39,39546.08,45048.045,-0.6184132753788707,0.0,0.0,0.0,0.0,2,727.0,363.5,608.0,5.5,0.041666666666666775,0.46452601173548774,21.0,18337.0,0.0,0.2083333333333333,0.5064564615492761,42.0,118993.0,0.5,0.21944444444444441,0.5466666907299055,85.0,134354.0,0.0
2024-01-15 21:00:00,39739.95,40501.35,38485.65,39304.17,60098.1413,-0.6117167618130637,0.0,0.0,0.0,0.0,5,531.0,106.2,200.0,5.8,1.1102230246251565e-16,0.38119267840215443,22.0,4383.0,-0.25,0.18749999999999997,0.426670869236248,43.0,105631.0,-0.25,0.21944444444444441,0.5050000240632387,87.0,134487.0,0.0
2024-01-15 22:00:00,39406.2,40369.5,37713.25,38765.45,28204.2379,-1.3706433693931208,1.0,0.0,1.0,1.0,1,4660.0,4660.0,4660.0,5.0,0.3333333333333335,0.2978593450688211,22.0,9032.0,2.0,0.21527777777777776,0.3836377209450544,38.0,98086.0,0.33333333333333337,0.27152777777777776,0.4841666907299054,84.0,132001.0,1.25
2024-01-15 23:00:00,38638.06,38638.4,38637.44,38637.84,29713.2034,-0.3291848798350094,0.0,1.0,-1.0,1.0,3,8609.0,2869.6666666666665,8400.0,5.0,0.2500000000000001,0.3683009668705502,21.0,16542.0,-0.5,0.20138888888888884,0.43295036340639914,35.0,106026.0,-0.16666666666666666,0.24652777777777776,0.5030115841671902,82.0,139305.0,-0.6
2024-01-16 00:00:00,38481.5,38578.33,38422.15,38524.84,37432.2309,-0.2924594128450253,0.5,0.7071067811865476,0.0,1.0,2,161.0,80.5,104.0,7.5,0.2500000000000001,0.3899270522033705,19.0,16232.0,0.0,0.22916666666666663,0.4578552376332896,37.0,106187.0,0.33333333333333337,0.2569444444444444,0.5116410333832964,80.0,139129.0,0.25
2024-01-16 01:00:00,38515.4,39395.24,36461.27,37816.83,38258.1238,-1.837801273152584,0.0,0.0,0.0,0.0,2,404.0,202.0,299.0,5.5,0.2500000000000001,0.2845177968644245,15.0,15092.0,0.0,0.1458333333333333,0.4578552376332896,37.0,59391.0,-1.0,0.2569444444444444,0.47762034251130775,78.0,138979.0,0.0
2024-01-16 02:00:00,37640.19,39222.82,36368.98,38285.74,33711.7636,1.239950572271642,0.0,0.0,0.0,0.0,0,0.0,202.0,299.0,5.5,0.2500000000000001,0.2845177968644245,13.0,14365.0,0.0,0.1458333333333333,0.3745219042999562,34.0,32702.0,0.0,0.2569444444444444,0.47762034251130775,75.0,137466.0,0.0
2024-01-16 03:00:00,38367.18,38564.09,38003.51,38211.09,23034.0222,-0.1949812123260508,0.5,0.7071067811865476,0.0,1.0,2,110.0,55.0,66.0,6.0,0.3333333333333335,0.40236892706218247,10.0,13944.0,0.5,0.16666666666666663,0.39178080273216853,32.0,18327.0,0.25,0.2638888888888889,0.47306243418875876,71.0,136228.0,0.16666666666666669
2024-01-16 04:00:00,38168.74,39661.27,37076.31,38774.13,24627.7379,1.47349892400348,0.5,0.7071067811865476,0.0,1.0,2,354.0,177.0,350.0,5.5,0.2500000000000001,0.5202200572599404,11.0,9638.0,-0.5,0.29166666666666663,0.4090397011643809,33.0,18670.0,1.5,0.24305555555555558,0.5025252167381982,70.0,135432.0,-0.5
2024-01-16 05:00:00,38861.05,38864.72,38859.52,38862.28,26583.4719,0.2273423027157495,0.3333333333333333,0.5773502691896258,0.0,1.0,3,699.0,233.0,313.0,5.666666666666667,0.30555555555555564,0.44977843545821133,11.0,1728.0,0.3333333333333333,0.27777777777777773,0.4090397011643809,32.0,18270.0,-0.16666666666666669,0.2569444444444445,0.48491481128776587,70.0,136022.0,0.3333333333333333
2024-01-16 06:00:00,38800.33,40037.75,38166.83,39217.83,24124.8311,0.9148974275312804,-0.3333333333333333,0.5773502691896258,-1.0,0.0,3,325.0,108.33333333333333,248.0,5.0,0.16666666666666677,0.42815235012539105,12.0,1892.0,-0.8333333333333333,0.2083333333333333,0.4090397011643809,31.0,18124.0,-0.8333333333333333,0.21527777777777776,0.4849148112877659,70.0,135499.0,-1.0
2024-01-16 07:00:00,39128.93,41127.67,37984.31,39899.91,37083.1252,1.7392089261440535,-0.3333333333333333,0.5773502691896258,-1.0,0.0,0,0.0,108.33333333333333,248.0,5.0,0.11111111111111123,0.5243773949903288,10.0,1488.0,-0.3333333333333333,0.1805555555555555,0.4044475959273767,25.0,16580.0,-0.3333333333333333,0.17361111111111113,0.4849148112877659,67.0,135222.0,-1.0
2024-01-16 08:00:00,39971.61,40554.38,39536.2,40228.5,34814.4513,0.8235356921857617,0.3333333333333333,0.5773502691896258,0.0,1.0,3,284.0,94.66666666666667,194.0,6.0,0.16666666666666677,0.6206024398552664,13.0,1772.0,0.3333333333333333,0.2083333333333333,0.4525601183598455,26.0,16137.0,0.3333333333333333,0.20833333333333334,0.47950828995456085,68.0,135130.0,0.8333333333333333
2024-01-16 09:00:00,40060.36,41040.72,38560.4,39506.28,29109.574,-1.7952943808493993,0.5714285714285714,0.5345224838248488,0.0,1.0,7,66763.0,9537.57142857143,30000.0,6.0,0.1785714285714287,0.5918383902949832,18.0,68425.0,0.0714285714285714,0.25595238095238093,0.4971036586785829,28.0,82369.0,0.5714285714285714,0.22172619047619047,0.4618872639574154,71.0,188000.0,0.3214285714285714
2024-01-16 10:00:00,39350.84,40477.52,37413.14,38572.0,18721.1142,-2.364889835236317,0.6666666666666666,0.5773502691896258,0.0,1.0,3,410.0,136.66666666666666,218.0,5.333333333333333,0.20634920634920642,0.5702123049621629,19.0,68481.0,0.16666666666666663,0.22817460317460314,0.5452161811110517,30.0,78119.0,-0.33333333333333337,0.22172619047619047,0.46442695102805304,68.0,176205.0,0.0
2024-01-16 11:00:00,38451.42,38580.76,38252.64,38372.74,13893.5651,-0.5165923467800537,0.5,0.8366600265340756,-1.0,1.0,6,28879.0,4813.166666666667,28000.0,6.5,0.23412698412698427,0.6134305978529045,22.0,96661.0,0.16666666666666669,0.2698412698412698,0.531604516655558,33.0,98389.0,0.5,0.23561507936507933,0.4822774400309786,68.0,204415.0,0.33333333333333337
2024-01-16 12:00:00,38216.59,38585.21,37990.55,38366.46,19356.6134,-0.0163657846690146,0.14285714285714285,0.6900655593423541,-1.0,1.0,7,3884.0,554.8571428571429,3000.0,5.857142857142857,0.3134920634920636,0.6322164795450259,26.0,100220.0,0.47619047619047616,0.24007936507936503,0.5301844148352086,38.0,102112.0,-0.35714285714285715,0.2346230158730159,0.49401982623424906,75.0,208299.0,-0.023809523809523808
2024-01-16 13:00:00,38207.12,39999.78,36991.73,38820.17,24078.5764,1.1825693587576236,0.0,0.6900655593423541,0.0,0.0,1,25.0,25.0,25.0,6.0,0.3690476190476191,0.6510023612371474,27.0,100245.0,0.3333333333333333,0.24007936507936503,0.5876898781137382,37.0,101733.0,0.0,0.19295634920634921,0.5227725578735137,74.0,161124.0,-1.0
2024-01-16 14:00:00,38773.87,39580.98,37320.58,38213.73,31968.4196,-1.562177599943526,0.75,0.5,0.0,1.0,4,22586.0,5646.5,18800.0,7.25,0.43849206349206354,0.638110649705543,28.0,122547.0,0.4166666666666667,0.30257936507936506,0.6293565447804048,41.0,124319.0,0.75,0.22420634920634921,0.5019392245401805,75.0,157021.0,0.75
2024-01-16 15:00:00,38183.58,38213.96,38125.75,38159.5,36354.5941,-0.1419123440711045,0.5,0.7071067811865476,0.0,1.0,2,504.0,252.0,312.0,6.0,0.4265873015873017,0.6668746992658261,23.0,56288.0,-0.0714285714285714,0.30257936507936506,0.6293565447804047,41.0,124713.0,0.0,0.2346230158730159,0.5105686737562866,73.0,143040.0,0.25
2024-01-16 16:00:00,38195.3,38793.28,37058.61,37730.15,63502.3097,-1.1251457697296852,-0.5,0.7071067811865476,-1.0,0.0,2,176.0,88.0,125.0,5.5,0.23214285714285723,0.6885007845986464,22.0,56054.0,-1.1666666666666665,0.21924603174603172,0.6293565447804047,41.0,124535.0,-1.0,0.25545634920634924,0.5191981229723928,74.0,143205.0,0.5
2024-01-16 17:00:00,37775.5,38907.45,37101.1,38234.96,67768.5367,1.3379485636818345,1.0,0.0,1.0,1.0,2,273.0,136.5,201.0,6.5,0.31547619047619063,0.5490574468429671,18.0,27448.0,0.5,0.27480158730158727,0.5812440223479359,40.0,124109.0,0.6666666666666667,0.27628968253968256,0.49514186175615843,72.0,142379.0,0.5
2024-01-16 18:00:00,38416.28,39230.7,36762.41,37857.13,36099.6792,-0.9881794043984926,0.5,0.7071067811865476,0.0,1.0,2,108.0,54.0,97.0,6.0,0.37500000000000017,0.551897650483666,13.0,23672.0,0.35714285714285715,0.3442460317460317,0.5920570650143461,39.0,123892.0,0.8333333333333333,0.27628968253968256,0.5005483830893634,70.0,142016.0,0.0
2024-01-16 19:00:00,38033.0,39768.04,36780.86,38746.09,52697.1567,2.3481970239159766,0.0,0.7071067811865476,0.0,0.0,1,241.0,241.0,241.0,6.0,0.37500000000000017,0.5547378541243649,13.0,23888.0,0.0,0.3720238095238095,0.6028701076807562,40.0,124133.0,0.3333333333333333,0.27628968253968256,0.5036588518040664,65.0,140713.0,0.0
2024-01-16 20:00:00,38646.29,39001.36,38164.54,38454.69,32314.058,-0.7520758868830191,1.0,0.7071067811865476,1.0,1.0,1,13700.0,13700.0,13700.0,7.0,0.4166666666666668,0.5892556509887895,10.0,15002.0,0.25,0.42757936507936506,0.6136831503471664,38.0,137549.0,0.6666666666666667,0.31795634920634924,0.5331216343535059,64.0,153686.0,1.0
2024-01-16 21:00:00,38490.16,38683.02,38374.94,38560.41,60027.5489,0.2749209524247842,0.0,0.7071067811865476,0.0,0.0,1,620.0,620.0,620.0,5.0,0.3333333333333335,0.5892556509887895,9.0,15118.0,-0.5,0.37996031746031744,0.628065175127308,32.0,71406.0,-0.5714285714285714,0.31795634920634924,0.5625844169029454,60.0,153775.0,0.0
2024-01-16 22:00:00,38640.76,38777.08,38378.75,38545.63,61018.6146,-0.0383294679698886,0.5,0.7071067811865476,0.0,1.0,2,356.0,178.0,271.0,7.0,0.5000000000000001,0.5892556509887895,9.0,15298.0,1.0,0.36607142857142855,0.6388782177937181,31.0,71352.0,-0.16666666666666663,0.29712301587301587,0.5920471994523849,61.0,149471.0,-0.5
2024-01-16 23:00:00,38510.61,38512.44,38508.04,38509.53,29804.8565,-0.0936552340693341,0.4,0.894427190999916,-1.0,1.0,5,1158.0,231.6,341.0,5.6,0.40000000000000013,0.7383268494887756,12.0,16183.0,-0.6,0.35773809523809524,0.6436921481658714,30.0,43631.0,-0.09999999999999998,0.3137896825396826,0.5876483324107148,63.0,142020.0,0.4
2024-01-17 00:00:00,38620.85,39932.26,36920.59,37962.7,25680.5153,-1.419986169657228,-0.3333333333333333,0.5773502691896258,-1.0,0.0,3,942.0,314.0,486.0,4.333333333333333,0.26111111111111124,0.7167007641559553,13.0,17017.0,-0.8333333333333333,0.3180555555555556,0.6342992073198107,26.0,40689.0,-0.47619047619047616,0.2790674603174603,0.5822418110775097,64.0,142801.0,-0.8333333333333333
2024-01-17 01:00:00,38122.29,38892.57,37586.57,38414.63,27422.34,1.1904580021969036,0.6666666666666666,0.5773502691896258,0.0,1.0,3,678.0,226.0,332.0,6.0,0.3722222222222224,0.695074678823135,15.0,17454.0,0.6666666666666666,0.37361111111111106,0.62490626647375,28.0,41342.0,0.6666666666666666,0.3068452380952381,0.606298072293744,65.0,143075.0,0.6666666666666666
2024-01-17 02:00:00,38428.81,38910.54,38043.26,38641.21,26068.9503,0.5898273652512165,0.0,0.7071067811865476,-1.0,1.0,5,785.0,157.0,443.0,5.2,0.2055555555555557,0.695074678823135,19.0,4539.0,-1.0,0.31111111111111106,0.6421651649059623,29.0,19541.0,-0.75,0.30684523809523806,0.6357608548431836,70.0,143860.0,0.0
2024-01-17 03:00:00,38698.01,40099.55,36763.84,37992.62,29258.6527,-1.6784929871502374,0.0,0.0,0.0,0.0,4,896.0,224.0,538.0,4.5,0.2055555555555557,0.5772235486253771,22.0,4815.0,0.0,0.26944444444444443,0.5832395998070834,31.0,19933.0,-0.5,0.28601190476190474,0.606298072293744,72.0,144646.0,-0.5
2024-01-17 04:00:00,38169.56,38297.87,37913.99,38063.38,24862.7349,0.1862466973848953,0.0,0.0,0.0,0.0,1,240.0,240.0,240.0,7.0,0.12222222222222238,0.45937241842761917,21.0,4699.0,-0.5,0.31111111111111106,0.5243140347082044,30.0,19997.0,0.5,0.26517857142857143,0.5768352897443046,71.0,144532.0,-0.5
2024-01-17 05:00:00,38094.03,38387.12,37920.59,38208.67,31184.1896,0.3817054607341719,0.0,0.0,0.0,0.0,2,653.0,326.5,490.0,5.5,0.05555555555555571,0.3103012199276331,18.0,4194.0,-0.4,0.22777777777777775,0.5243140347082044,30.0,20377.0,-1.0,0.25128968253968254,0.5527790285280701,70.0,144486.0,-0.3333333333333333
2024-01-17 06:00:00,38208.85,38497.84,37667.75,37971.9,29244.8302,-0.6196761101603276,0.3333333333333333,0.5773502691896258,0.0,1.0,3,322.0,107.33333333333333,287.0,7.333333333333333,0.16666666666666682,0.31030121992763315,18.0,3574.0,0.6666666666666666,0.21388888888888888,0.5135009920417942,31.0,20591.0,-0.16666666666666669,0.27906746031746027,0.5527790285280701,70.0,144483.0,0.6666666666666666
2024-01-17 07:00:00,37826.11,39368.56,36859.63,38492.88,22782.1196,1.3720145686678675,0.5,0.7071067811865476,0.0,1.0,2,641.0,320.5,502.0,5.5,0.13888888888888903,0.33192730526045344,17.0,3537.0,-0.16666666666666663,0.25555555555555554,0.5135009920417942,32.0,20991.0,0.5,0.31378968253968254,0.5581855498612752,72.0,145124.0,0.8333333333333333
2024-01-17 08:00:00,38486.31,38543.21,38385.12,38449.61,18347.5754,-0.1124103990140401,0.5,0.7071067811865476,0.0,1.0,2,10446.0,5223.0,10300.0,6.0,0.22222222222222235,0.33192730526045344,14.0,13198.0,0.5,0.21388888888888888,0.5135009920417942,33.0,17737.0,-0.5,0.320734126984127,0.5635920711944803,71.0,155286.0,0.16666666666666669
2024-01-17 09:00:00,38568.88,39684.88,36954.62,37975.05,25762.8801,-1.234238786817332,0.5454545454545454,0.6875516509523286,-1.0,1.0,11,83396.0,7581.454545454545,34000.0,6.454545454545454,0.31313131313131326,0.4465192470858415,21.0,95698.0,0.5454545454545454,0.25934343434343426,0.5118713978556094,43.0,100513.0,0.5454545454545454,0.3196518759018759,0.5699682864914587,75.0,171919.0,-0.025974025974025983
2024-01-17 10:00:00,38158.81,38682.42,37248.8,37767.93,34056.745,-0.5454107367864003,0.0,1.4142135623730951,-1.0,1.0,2,1174.0,587.0,1065.0,5.0,0.31313131313131326,0.6822215074813575,22.0,96632.0,0.0,0.2176767676767676,0.5707969629544883,43.0,101331.0,-0.5,0.29187409812409815,0.6048375903741032,74.0,172683.0,-0.6666666666666666
2024-01-17 11:00:00,37666.66,37859.44,37278.62,37523.6,17536.6627,-0.6469245203536533,0.25,0.5,0.0,1.0,4,24616.0,6154.0,24000.0,6.25,0.35479797979797995,0.7655548408146907,24.0,120595.0,0.25,0.20517676767676765,0.537928030371162,42.0,124789.0,-0.15000000000000002,0.28145743145743146,0.5908100892685167,72.0,168420.0,-0.25
2024-01-17 12:00:00,37566.42,38327.67,36424.34,37111.6,26188.1094,-1.0979756739758484,0.25,0.9574271077563381,-1.0,1.0,4,1202.0,300.5,399.0,4.75,0.34090909090909105,0.8289009805758094,25.0,121475.0,-0.08333333333333331,0.25378787878787873,0.5696011002517213,43.0,125049.0,0.5833333333333333,0.28592171717171716,0.601950153785766,69.0,165738.0,0.10714285714285715
2024-01-17 13:00:00,37205.24,38239.04,36616.5,37664.7,28918.8622,1.4903695879455503,0.6666666666666666,0.5773502691896258,0.0,1.0,3,617.0,205.66666666666666,375.0,4.666666666666667,0.3686868686868688,0.8072748952429891,26.0,121451.0,0.16666666666666663,0.25378787878787873,0.5696011002517213,43.0,124988.0,0.0,0.31369949494949495,0.5972536833627358,71.0,166330.0,0.6666666666666666
2024-01-17 14:00:00,37599.16,37689.17,37414.65,37535.32,47286.9556,-0.3435046608628145,0.3333333333333333,0.5163977794943222,0.0,1.0,6,29685.0,4947.5,28000.0,5.666666666666667,0.34090909090909105,0.7754900616276182,30.0,140690.0,-0.16666666666666669,0.2815656565656565,0.5537086834440359,44.0,153888.0,0.3333333333333333,0.29633838383838385,0.5979369241749991,73.0,173429.0,-0.4166666666666667
2024-01-17 15:00:00,37571.72,38018.29,37324.42,37739.0,60285.3614,0.542635576305206,0.0,0.0,0.0,0.0,2,71.0,35.5,63.0,5.5,0.25000000000000017,0.6608981198022301,21.0,57365.0,-0.5454545454545454,0.2815656565656565,0.5537086834440359,42.0,153063.0,0.0,0.27550505050505053,0.5684741416255596,73.0,172996.0,-0.5
2024-01-17 16:00:00,37857.4,38617.87,37329.75,38169.33,28316.2098,1.1402792866795686,0.0,0.0,0.0,0.0,1,21000.0,21000.0,21000.0,6.0,0.25000000000000017,0.4251958594067142,20.0,77191.0,0.0,0.2815656565656565,0.5537086834440359,42.0,173823.0,0.0,0.29633838383838385,0.5390113590761202,72.0,193820.0,0.5
2024-01-17 17:00:00,38023.47,38422.02,37208.05,37727.47,46453.1025,-1.1576310089802533,0.3333333333333333,1.1547005383792517,-1.0,1.0,3,5478.0,1826.0,5200.0,5.0,0.263888888888889,0.5343126158032562,19.0,58053.0,0.08333333333333331,0.3093434343434343,0.6499337283089736,43.0,178648.0,0.3333333333333333,0.26856060606060606,0.587123881508589,73.0,199025.0,-0.6666666666666667
2024-01-17 18:00:00,37590.85,37826.66,37117.26,37415.99,55064.4123,-0.825605321533629,0.0,0.7071067811865476,-1.0,1.0,5,1472.0,294.4,829.0,6.2,0.22222222222222235,0.4925925613749578,20.0,58323.0,-0.25,0.2815656565656565,0.6607467709753837,45.0,179798.0,-0.3333333333333333,0.2477272727272727,0.587123881508589,76.0,200389.0,-0.5
2024-01-17 19:00:00,37603.03,37817.1,37494.65,37685.63,37545.6326,0.7206544581608076,0.0,0.0,0.0,0.0,3,133.0,44.333333333333336,66.0,5.666666666666667,0.11111111111111126,0.39636751651002017,20.0,57839.0,-0.6666666666666666,0.23989898989898983,0.6018212058765048,46.0,179290.0,-0.5,0.2477272727272727,0.5576610989591495,78.0,200281.0,0.0
2024-01-17 20:00:00,37517.41,37772.87,37028.91,37305.87,65540.7088,-1.007705058930941,0.5,0.7071067811865476,0.0,1.0,2,801.0,400.5,752.0,5.5,0.13888888888888903,0.42815235012539105,16.0,28955.0,0.16666666666666669,0.23989898989898983,0.6018212058765048,46.0,169645.0,0.0,0.2268939393939394,0.5576610989591495,79.0,187382.0,-0.5
2024-01-17 21:00:00,37307.9,37321.02,37288.89,37300.39,55578.1496,-0.0146893773017575,0.5,0.5773502691896257,0.0,1.0,4,5958.0,1489.5,5200.0,5.0,0.22222222222222235,0.5243773949903288,18.0,34842.0,0.5,0.23611111111111108,0.5926377573962794,39.0,92207.0,-0.045454545454545414,0.2477272727272727,0.5522545776259444,82.0,192720.0,0.5
2024-01-17 22:00:00,37144.72,38405.57,35448.35,36447.68,43058.7967,-2.2860618883609463,0.0,0.0,0.0,0.0,3,894.0,298.0,387.0,4.666666666666667,0.22222222222222235,0.5243773949903288,20.0,14736.0,0.0,0.23611111111111108,0.4747866271985215,40.0,91927.0,0.0,0.2268939393939394,0.522791795076505,83.0,193258.0,-0.5
2024-01-17 23:00:00,36326.75,36438.01,36152.32,36264.73,20003.3539,-0.5019523876416798,0.5,0.5773502691896257,0.0,1.0,4,1780.0,445.0,782.0,6.25,0.25000000000000017,0.42815235012539105,21.0,11038.0,0.16666666666666669,0.2569444444444444,0.4812324829643237,40.0,69091.0,0.25,0.23106060606060605,0.5095802566677429,82.0,193880.0,0.09999999999999998
2024-01-18 00:00:00,36124.82,37261.23,35531.11,36522.36,25165.7513,0.7104147749066314,-0.3333333333333333,0.5773502691896258,-1.0,0.0,3,451.0,150.33333333333334,189.0,4.666666666666667,0.19444444444444461,0.40652626479257076,19.0,10017.0,-0.3333333333333333,0.2083333333333333,0.4495594130837643,39.0,68340.0,-0.5833333333333333,0.23106060606060608,0.5095802566677429,82.0,193389.0,0.0
2024-01-18 01:00:00,36602.34,36805.38,36515.34,36670.2,34623.0508,0.4047931185169773,0.0,1.0,-1.0,1.0,3,139.0,46.333333333333336,72.0,5.666666666666667,0.19444444444444461,0.5731929314592374,19.0,10023.0,0.0,0.15277777777777773,0.48478022398462883,39.0,67862.0,-0.6666666666666666,0.2032828282828283,0.5271906621181751,82.0,192850.0,-0.6666666666666666
2024-01-18 02:00:00,36596.02,38467.0,35515.1,37326.93,34567.959,1.790909239655103,1.0,0.0,1.0,1.0,2,822.0,411.0,517.0,6.5,0.27777777777777796,0.45534180126147944,19.0,10044.0,0.5,0.2083333333333333,0.4417470756934354,35.0,38999.0,0.6666666666666667,0.24494949494949494,0.49772787956873565,79.0,192887.0,1.0
2024-01-18 03:00:00,37511.31,38499.56,36746.8,37924.88,26004.4581,1.6019265447225317,0.0,0.0,0.0,0.0,2,317.0,158.5,221.0,7.0,0.19444444444444461,0.3591167563965419,17.0,4403.0,-0.5,0.2083333333333333,0.4417470756934354,35.0,39245.0,0.0,0.24494949494949494,0.49772787956873565,77.0,192308.0,0.0
2024-01-18 04:00:00,38004.81,38475.65,37740.12,38206.65,16188.7275,0.7429687318720735,0.5,0.7071067811865476,0.0,1.0,2,766.0,383.0,471.0,6.5,0.27777777777777796,0.47696788659429984,16.0,4275.0,0.5,0.24999999999999997,0.5006726407923143,36.0,19011.0,0.5,0.2657828282828283,0.5271906621181751,78.0,192834.0,0.5
2024-01-18 05:00:00,38038.3,38361.72,37441.08,37811.31,23938.2955,-1.0347413342965297,0.75,0.5,0.0,1.0,4,486.0,121.5,323.0,7.5,0.3194444444444446,0.46407617506269555,16.0,2981.0,0.25,0.28472222222222215,0.44611426259404335,37.0,14019.0,0.4166666666666667,0.2970328282828283,0.5480239954515085,80.0,192667.0,0.75
2024-01-18 06:00:00,37731.65,38394.05,36682.31,37380.51,23360.1102,-1.139341641429492,0.0,0.0,0.0,0.0,2,1457.0,728.5,1112.0,6.0,0.37500000000000017,0.36785113019775784,15.0,3987.0,0.3333333333333333,0.28472222222222215,0.3871886974951644,34.0,14004.0,0.0,0.2831439393939394,0.5239677342352741,79.0,193802.0,-0.3333333333333333
2024-01-18 07:00:00,37553.5,38813.05,36697.78,37982.64,27512.0512,1.6108126935667766,1.0,0.0,1.0,1.0,1,226.0,226.0,226.0,4.0,0.5416666666666669,0.20118446353109118,13.0,4074.0,1.0,0.3680555555555555,0.3871886974951644,32.0,14097.0,1.0,0.30397727272727276,0.49450495168583447,78.0,193387.0,0.5
2024-01-18 08:00:00,38121.69,38796.97,37028.94,37739.98,34523.9621,-0.6388708104544505,1.0,0.0,1.0,1.0,2,166.0,83.0,150.0,6.5,0.5416666666666669,0.20118446353109118,13.0,3418.0,0.0,0.40972222222222215,0.3282631323962854,32.0,13462.0,0.5,0.3248106060606061,0.46504216913639507,78.0,183107.0,0.5
2024-01-18 09:00:00,37736.0,38018.24,37557.03,37852.87,25201.0744,0.299125754703633,0.0,0.0,0.0,0.0,3,242.0,80.66666666666667,184.0,5.0,0.5416666666666669,0.20118446353109118,14.0,3343.0,0.0,0.3680555555555555,0.28015060996381663,31.0,7746.0,-0.5,0.3020833333333333,0.436394183680048,70.0,99953.0,-0.5454545454545454
2024-01-18 10:00:00,37996.76,38993.99,36498.53,37378.32,34688.0838,-1.253669800995283,0.6,0.5477225575051662,0.0,1.0,5,30061.0,6012.2,26200.0,6.6,0.5583333333333335,0.17462042625086097,17.0,32638.0,0.09999999999999998,0.41805555555555546,0.32579415642258047,33.0,36913.0,0.6,0.32708333333333334,0.400290391810551,73.0,128840.0,0.6
2024-01-18 11:00:00,37546.62,37858.4,36815.32,37287.23,33778.6159,-0.2436974160422322,0.3333333333333333,0.5773502691896258,0.0,1.0,3,23016.0,7672.0,22600.0,5.333333333333333,0.488888888888889,0.18751213778246525,16.0,55168.0,-0.4166666666666667,0.4041666666666666,0.32579415642258047,32.0,58149.0,-0.16666666666666669,0.33055555555555555,0.4035133196934521,72.0,127240.0,0.08333333333333331
2024-01-18 12:00:00,37271.74,37880.24,36965.68,37516.45,22144.154,0.6147412934669472,0.3333333333333333,0.5773502691896258,0.0,1.0,0,0.0,7672.0,22600.0,5.333333333333333,0.5444444444444446,0.2837371826474029,14.0,53711.0,0.3333333333333333,0.4597222222222222,0.3257941564225804,29.0,57698.0,0.6666666666666666,0.33402777777777776,0.38767678475317235,68.0,126038.0,0.08333333333333331
2024-01-18 13:00:00,37490.05,38101.41,36253.07,37057.95,23994.8901,-1.2221305587282405,0.6,0.5477225575051662,0.0,1.0,5,1635.0,327.0,580.0,5.4,0.4777777777777779,0.3750242755649306,18.0,55120.0,-0.4,0.5097222222222222,0.28810436954801094,31.0,59194.0,0.6,0.33125,0.38644229676631986,70.0,127056.0,-0.06666666666666665
2024-01-18 14:00:00,37082.46,37114.54,37022.74,37060.71,24892.4307,0.0074477946027773,0.2,0.8366600265340756,-1.0,1.0,5,20709.0,4141.8,13700.0,6.0,0.34444444444444455,0.5144676133206099,21.0,75663.0,-0.8,0.4430555555555555,0.35782603842585065,34.0,79081.0,-0.8,0.32569444444444445,0.399786557059643,69.0,118080.0,-0.1333333333333333
2024-01-18 15:00:00,37165.92,37244.0,36992.5,37105.83,36324.5571,0.1217461834918998,0.0,0.8366600265340756,0.0,0.0,1,167.0,167.0,167.0,6.0,0.34444444444444455,0.6539109510762892,19.0,75588.0,0.0,0.44305555555555554,0.42754770730369024,33.0,78931.0,0.0,0.32569444444444445,0.43464739149856274,68.0,118176.0,0.0
2024-01-18 16:00:00,37275.79,38052.92,36252.47,36831.93,49491.6579,-0.738158936210298,1.0,0.0,1.0,1.0,4,12208.0,3052.0,10300.0,7.5,0.41111111111111126,0.5626238581587614,18.0,57735.0,0.4,0.4847222222222222,0.36862214220481127,35.0,90373.0,0.5,0.3673611111111111,0.43464739149856274,71.0,109384.0,1.0
2024-01-18 17:00:00,36991.31,37567.66,36188.71,36656.94,47753.2256,-0.4751040741009182,0.0,0.7071067811865476,-1.0,1.0,5,1040.0,208.0,616.0,5.6,0.3555555555555558,0.5842499434915817,20.0,35759.0,-0.3333333333333333,0.4222222222222222,0.3858810406370236,36.0,90927.0,-0.75,0.35347222222222224,0.4159976516155334,73.0,104946.0,-0.3333333333333333
2024-01-18 18:00:00,36534.33,36753.14,36116.3,36382.85,37466.8873,-0.7477165306215006,0.8,0.4472135954999579,0.0,1.0,5,1155.0,231.0,373.0,4.8,0.4333333333333335,0.5625604978766371,25.0,36914.0,0.46666666666666673,0.48888888888888893,0.42314884026202004,39.0,90625.0,0.8,0.3868055555555556,0.40516876887859216,73.0,104629.0,0.8
2024-01-18 19:00:00,36456.96,37607.55,34779.1,35729.41,43092.7765,-1.796011032670597,0.5,0.5773502691896257,0.0,1.0,4,10518.0,2629.5,10300.0,6.25,0.4166666666666668,0.567498449824047,24.0,45797.0,-0.09999999999999998,0.44722222222222224,0.4712613626944889,42.0,100917.0,-0.5,0.40763888888888894,0.4292250300948266,74.0,115014.0,0.5
2024-01-18 20:00:00,35554.08,36347.89,35000.38,35832.25,39591.772,0.2878301097051228,0.5,0.7071067811865476,0.0,1.0,2,171.0,85.5,125.0,6.5,0.46666666666666684,0.5459062422661257,21.0,25259.0,0.3,0.4055555555555556,0.5301869277933678,42.0,100922.0,-0.5,0.40763888888888894,0.42922503009482665,74.0,114384.0,0.0
2024-01-18 21:00:00,35678.47,35976.28,35297.67,35511.59,43198.7678,-0.8948921711586677,-0.6666666666666666,0.5773502691896258,-1.0,0.0,3,403.0,134.33333333333334,253.0,5.0,0.3555555555555558,0.5026879493753841,23.0,25495.0,-0.6666666666666666,0.35000000000000003,0.5782994502258366,42.0,101083.0,-0.6666666666666666,0.3590277777777778,0.42922503009482665,73.0,108829.0,-1.1666666666666665
2024-01-18 22:00:00,35382.73,36467.39,34877.07,35769.76,60769.9007,0.7270020857979231,0.0,0.5773502691896258,0.0,0.0,1,82.0,82.0,82.0,5.0,0.18888888888888902,0.5989129942403216,20.0,13369.0,-1.0,0.3,0.5807684261995417,38.0,71104.0,-0.6,0.3590277777777778,0.45328129131106104,71.0,108017.0,0.0
2024-01-18 23:00:00,35780.67,36990.68,33985.33,35077.19,35733.2906,-1.936188557038121,0.3333333333333333,0.5773502691896258,0.0,1.0,3,241.0,80.33333333333333,134.0,5.333333333333333,0.2444444444444446,0.5772869089075013,18.0,12570.0,0.3333333333333333,0.3,0.5807684261995416,38.0,48329.0,0.0,0.35208333333333336,0.45328129131106104,70.0,106478.0,-0.16666666666666669
2024-01-19 00:00:00,34954.9,35170.84,34598.39,34831.45,12997.5771,-0.7005692303174937,0.4,0.5477225575051661,0.0,1.0,5,659.0,131.8,257.0,5.4,0.17777777777777792,0.5940384025750362,18.0,12074.0,-0.4,0.3055555555555555,0.5782994502258366,43.0,48988.0,0.06666666666666671,0.3826388888888889,0.4520468033242085,72.0,106686.0,0.7333333333333334
2024-01-19 01:00:00,34919.38,35233.07,34672.83,35044.5,16978.8509,0.6116598648635119,0.5,0.7071067811865476,0.0,1.0,2,1015.0,507.5,810.0,3.0,0.17777777777777792,0.6156644879078563,16.0,2571.0,0.0,0.2972222222222222,0.5915814688659518,40.0,48368.0,-0.09999999999999998,0.40347222222222223,0.4398429192069813,71.0,107562.0,0.5
2024-01-19 02:00:00,34966.34,35921.57,33407.94,34384.85,34500.9672,-1.8823210489520517,0.0,1.4142135623730951,-1.0,1.0,2,207.0,103.5,200.0,4.5,0.0944444444444446,0.7335156181056144,16.0,2607.0,-0.5,0.28055555555555556,0.6397109301858701,37.0,27866.0,-0.2,0.36180555555555555,0.49876848430586035,71.0,106947.0,-1.0
2024-01-19 03:00:00,34450.34,35757.54,33759.38,34929.75,27576.6583,1.5847095450467252,-0.3333333333333333,0.5773502691896258,-1.0,0.0,3,683.0,227.66666666666666,419.0,5.666666666666667,0.15000000000000016,0.7335156181056144,16.0,2887.0,0.3333333333333333,0.25277777777777777,0.6181017837404993,39.0,28382.0,-0.3333333333333333,0.34791666666666665,0.5228247455220948,72.0,107313.0,-0.3333333333333333
2024-01-19 04:00:00,35016.32,35372.47,34180.59,34729.95,34943.3396,-0.5720052390870367,0.6,0.894427190999916,-1.0,1.0,5,1708.0,341.6,532.0,6.2,0.25000000000000017,0.7863617717406627,20.0,4513.0,0.6,0.21944444444444444,0.6926373829904923,40.0,17882.0,-0.4,0.3520833333333333,0.5306297625976517,75.0,108255.0,0.09999999999999998
2024-01-19 05:00:00,34595.46,34596.42,34593.94,34594.88,41244.9827,-0.3889150430680166,0.6666666666666666,0.5773502691896258,0.0,1.0,3,2026.0,675.3333333333334,1784.0,5.333333333333333,0.3055555555555557,0.7863617717406627,20.0,6298.0,0.3333333333333333,0.27499999999999997,0.6818243403240821,38.0,18868.0,0.6666666666666666,0.34861111111111115,0.5338526904805528,74.0,109795.0,-0.08333333333333337
2024-01-19 06:00:00,34745.0,35710.98,33387.19,34233.53,26653.5101,-1.0445187264705005,0.6666666666666666,0.5163977794943222,0.0,1.0,6,838.0,139.66666666666666,358.0,6.833333333333333,0.3500000000000001,0.781140975405522,21.0,6477.0,0.2666666666666666,0.26388888888888884,0.6875896889902792,39.0,18551.0,-0.13333333333333341,0.3763888888888889,0.5553692646261497,78.0,109176.0,0.6666666666666666
2024-01-19 07:00:00,34323.47,36080.66,33566.42,34947.41,16059.1136,2.085323949940321,-0.3333333333333333,0.5773502691896258,-1.0,0.0,3,410.0,136.66666666666666,295.0,5.666666666666667,0.21111111111111122,0.7595148900727017,22.0,5872.0,-0.8333333333333333,0.19444444444444442,0.6875896889902791,38.0,8443.0,-0.8333333333333333,0.32083333333333336,0.579425525842384,80.0,109360.0,-1.3333333333333333
2024-01-19 08:00:00,34786.59,35906.68,33193.22,34175.0,30814.8744,-2.2102067077360066,0.6,0.5477225575051661,0.0,1.0,5,46334.0,9266.8,26200.0,6.8,0.3111111111111112,0.6150997225947136,25.0,51999.0,0.6,0.20277777777777772,0.674307670350164,41.0,54606.0,0.09999999999999998,0.30416666666666664,0.6022472990717659,83.0,155528.0,-0.4
2024-01-19 09:00:00,34146.1,34770.69,33697.01,34421.74,24764.7948,0.7219897585954538,0.5,0.5773502691896257,0.0,1.0,4,42795.0,10698.75,26200.0,7.0,0.4500000000000001,0.6150997225947136,26.0,94111.0,0.8333333333333333,0.3,0.674307670350164,42.0,96998.0,1.1666666666666665,0.325,0.6263035602880003,84.0,198081.0,0.5
2024-01-19 10:00:00,34356.31,34393.01,34327.62,34371.84,23139.9592,-0.1449665240629949,0.0,0.7071067811865476,-1.0,1.0,5,1274.0,254.8,535.0,5.6,0.3500000000000001,0.5838796542924855,26.0,93677.0,-0.6,0.3,0.6851207130165742,46.0,98190.0,0.0,0.3,0.6329445696080579,84.0,169294.0,-0.6
2024-01-19 11:00:00,34418.0,35682.14,33840.98,34878.55,34985.0787,1.4742009738204498,0.14285714285714285,0.37796447300922725,0.0,1.0,7,23603.0,3371.8571428571427,22600.0,6.285714285714286,0.2626984126984128,0.550648688262419,30.0,115254.0,-0.5238095238095237,0.2841269841269841,0.6685052300015409,50.0,121552.0,-0.19047619047619047,0.2920634920634921,0.6246368281005413,88.0,169881.0,-0.19047619047619047
2024-01-19 12:00:00,34999.39,35784.79,33422.64,34380.47,28448.5473,-1.4280410166133684,0.3333333333333333,0.5773502691896258,0.0,1.0,3,660.0,220.0,469.0,6.666666666666667,0.2071428571428573,0.5608074365449697,27.0,115076.0,-0.3333333333333333,0.2785714285714285,0.6709742059752459,48.0,121553.0,-0.06666666666666671,0.2920634920634921,0.6246368281005413,91.0,170541.0,0.0
2024-01-19 13:00:00,34314.9,35241.32,33885.11,34646.65,33599.7562,0.7742186188844924,0.0,0.816496580927726,-1.0,1.0,4,7262.0,1815.5,6400.0,6.0,0.2626984126984128,0.6006651551679864,28.0,121928.0,0.3333333333333333,0.23690476190476184,0.6800900226203441,50.0,127800.0,-0.5,0.26706349206349206,0.6358357457431479,90.0,176168.0,-0.6
2024-01-19 14:00:00,34530.18,36168.54,33387.39,35155.89,55018.9431,1.469810212531364,0.3333333333333333,0.5773502691896258,0.0,1.0,3,219.0,73.0,118.0,5.0,0.2182539682539684,0.6056031071153963,26.0,75813.0,-0.26666666666666666,0.26468253968253963,0.610351414855055,51.0,127812.0,0.3333333333333333,0.2726190476190476,0.6250311725204626,88.0,155678.0,0.1333333333333333
2024-01-19 15:00:00,35024.73,35975.89,34272.82,35418.59,51272.294,0.7472432073259982,0.625,0.5175491695067657,0.0,1.0,8,54326.0,6790.75,24400.0,6.5,0.23908730158730174,0.595636257168253,30.0,87344.0,0.125,0.3445436507936508,0.6053679898814833,56.0,181455.0,0.9583333333333333,0.2986607142857143,0.6117348868109912,95.0,209837.0,0.625
2024-01-19 16:00:00,35527.36,35932.77,34629.83,35203.33,44545.2845,-0.6077599362368624,0.0,0.0,0.0,0.0,3,423.0,141.0,209.0,5.333333333333333,0.23908730158730174,0.4777851269704951,28.0,86493.0,0.0,0.29454365079365075,0.5308323906314903,54.0,180170.0,-0.6,0.2569940476190476,0.6117348868109912,94.0,198052.0,-1.0
2024-01-19 17:00:00,35187.56,35502.5,34665.15,34990.68,38417.6255,-0.6040621725274309,0.5,0.7071067811865476,0.0,1.0,2,4885.0,2442.5,4660.0,5.5,0.29861111111111127,0.5326421783333818,23.0,67775.0,0.35714285714285715,0.28065476190476185,0.5416454332979005,53.0,183029.0,-0.16666666666666663,0.27782738095238096,0.6117348868109913,91.0,201897.0,0.5
2024-01-19 18:00:00,34851.73,35138.0,34709.26,34954.77,39452.0081,-0.1026273281914069,1.0,0.7071067811865476,1.0,1.0,1,4.0,4.0,4.0,6.0,0.4097222222222224,0.5542682636662021,21.0,67119.0,0.6666666666666667,0.30843253968253964,0.557537850105586,48.0,182195.0,0.33333333333333337,0.28616071428571427,0.6225637695479326,87.0,200746.0,0.19999999999999996
2024-01-19 19:00:00,35081.63,35647.07,34183.19,34723.17,38999.2621,-0.6625705161269813,-0.25,0.5,-1.0,0.0,4,818.0,204.5,437.0,6.5,0.36805555555555575,0.501518833511581,21.0,60675.0,-0.25,0.31537698412698406,0.5510919943397837,49.0,182603.0,0.08333333333333331,0.25491071428571427,0.6193408416650314,87.0,191046.0,-0.75
2024-01-19 20:00:00,34847.3,35063.29,34715.21,34920.99,39665.5279,0.5697060493036865,1.0,0.0,1.0,1.0,3,338.0,112.66666666666667,239.0,4.333333333333333,0.4791666666666668,0.40529378864664345,21.0,60794.0,0.6666666666666667,0.34871031746031744,0.50544844788102,47.0,136607.0,0.4,0.27574404761904764,0.589878059115592,88.0,191213.0,0.5
2024-01-19 21:00:00,34891.75,35634.85,34503.65,35199.2,42785.996,0.7966841718977546,0.0,0.0,0.0,0.0,2,530.0,265.0,368.0,5.5,0.37500000000000017,0.3190355937288491,15.0,6998.0,-0.625,0.30704365079365076,0.4573359254485511,45.0,94342.0,-0.5,0.3035218253968254,0.5658217978993575,87.0,191340.0,0.6666666666666666
2024-01-19 22:00:00,35340.68,36176.3,33987.56,34887.39,59004.6676,-0.8858439964544607,0.5,0.7071067811865476,0.0,1.0,2,189.0,94.5,140.0,6.0,0.4583333333333335,0.43688672392660705,14.0,6764.0,0.5,0.34871031746031744,0.4573359254485511,42.0,93257.0,0.5,0.3243551587301587,0.5712283192325627,88.0,191447.0,0.5
2024-01-19 23:00:00,34875.21,35444.89,34127.59,34571.53,19944.7424,-0.905370106505532,1.0,0.7071067811865476,1.0,1.0,1,100.0,100.0,100.0,7.0,0.5416666666666669,0.43688672392660705,13.0,1979.0,0.5,0.42013888888888884,0.48476445112999444,36.0,69754.0,0.8571428571428572,0.3521329365079365,0.5766348405657676,86.0,191306.0,0.6666666666666667
2024-01-20 00:00:00,34468.05,34682.97,34318.66,34556.02,24794.7471,-0.044863504739312,0.0,0.0,0.0,0.0,3,587.0,195.66666666666666,375.0,6.0,0.37500000000000017,0.3190355937288491,15.0,2562.0,-1.0,0.3923611111111111,0.43665192869752567,36.0,69681.0,-0.3333333333333333,0.3354662698412698,0.5538130673363858,84.0,191234.0,-0.4
2024-01-20 01:00:00,34553.73,35441.58,33830.15,34930.52,27559.0538,1.0837474917539724,0.5,0.7071067811865476,0.0,1.0,2,223.0,111.5,112.0,6.5,0.5000000000000001,0.35355339059327373,13.0,1967.0,0.75,0.43402777777777773,0.4275361120524275,34.0,62642.0,0.5,0.3354662698412698,0.5538130673363858,84.0,190442.0,0.0
2024-01-20 02:00:00,34758.1,34931.5,34448.26,34633.02,37500.3537,-0.8516907277647201,0.3333333333333333,0.5163977794943223,0.0,1.0,6,1044.0,174.0,359.0,5.833333333333333,0.38888888888888906,0.4396196871756608,16.0,2673.0,-0.6666666666666667,0.43402777777777773,0.4224567379111521,37.0,63467.0,0.0,0.3493551587301587,0.5164040763831036,88.0,191279.0,0.3333333333333333
2024-01-20 03:00:00,34789.21,35986.51,32791.76,34095.46,26646.8807,-1.552160337158004,0.5,0.7071067811865476,0.0,1.0,2,822.0,411.0,465.0,6.0,0.4722222222222224,0.5574708173734187,16.0,2965.0,0.5,0.423611111111111,0.43825320555113406,31.0,9963.0,-0.125,0.384077380952381,0.5218105977163087,87.0,191418.0,0.8333333333333333
2024-01-20 04:00:00,34105.63,34674.86,33302.67,33748.43,40753.2771,-1.0178187946430328,0.5,0.7071067811865476,0.0,1.0,2,832.0,416.0,672.0,6.0,0.4722222222222224,0.5574708173734187,16.0,3608.0,0.0,0.4652777777777777,0.497178770650013,30.0,10372.0,0.5,0.3799107142857143,0.5140055806407516,84.0,190542.0,-0.09999999999999998
2024-01-20 05:00:00,33611.08,35263.68,32695.92,34177.46,30049.5665,1.271259137091718,0.0,0.0,0.0,0.0,4,1160.0,290.0,736.0,5.0,0.3055555555555557,0.4396196871756608,19.0,4668.0,-1.0,0.423611111111111,0.43825320555113395,32.0,6647.0,-0.5,0.3521329365079365,0.48994931942451725,85.0,189676.0,-0.6666666666666666
2024-01-20 06:00:00,34339.65,35067.45,33024.37,33769.48,26998.8075,-1.193710708753648,0.5,0.7071067811865476,0.0,1.0,2,247.0,123.5,159.0,5.0,0.388888888888889,0.5574708173734187,18.0,4328.0,0.5,0.38194444444444436,0.43825320555113395,33.0,6890.0,-0.5,0.34518849206349206,0.4978955278283599,81.0,189085.0,-0.16666666666666663
2024-01-20 07:00:00,33792.38,33965.63,33582.39,33704.5,17789.5067,-0.1924222700497746,0.0,0.0,0.0,0.0,4,453.0,113.25,268.0,5.75,0.3055555555555557,0.43961968717566074,20.0,4558.0,-0.5,0.4027777777777777,0.3965865388844673,33.0,6525.0,0.25,0.359077380952381,0.47383926661212555,82.0,189128.0,0.3333333333333333
2024-01-20 08:00:00,33805.89,34562.71,33411.11,34077.32,16280.6814,1.1061430966191388,0.0,0.816496580927726,-1.0,1.0,4,451.0,112.75,204.0,5.25,0.25000000000000017,0.489636154081228,18.0,3965.0,-0.3333333333333333,0.3194444444444444,0.4646279206284445,34.0,6638.0,-1.0,0.33407738095238093,0.48503818425473216,81.0,143245.0,-0.6
2024-01-20 09:00:00,33976.01,34990.95,33472.18,34356.46,18973.338,0.8191371856707041,0.0,1.0,-1.0,1.0,5,36880.0,7376.0,14400.0,6.8,0.16666666666666682,0.5384516905501368,21.0,40023.0,-0.5,0.3194444444444444,0.5479612539617779,37.0,42988.0,0.0,0.3132440476190476,0.5026485897051645,82.0,137330.0,-0.5
2024-01-20 10:00:00,34324.34,34470.92,34256.96,34373.66,17874.1167,0.0500633650847737,0.6666666666666666,0.5773502691896258,0.0,1.0,3,54328.0,18109.333333333332,28000.0,6.333333333333333,0.19444444444444456,0.5168256052173165,22.0,93519.0,0.16666666666666663,0.3333333333333333,0.5371482112953677,38.0,97127.0,0.16666666666666663,0.3410218253968254,0.4972420683719594,80.0,190384.0,0.6666666666666666
2024-01-20 11:00:00,34243.01,35063.17,32901.23,33774.04,23693.9077,-1.744417091458994,0.0,1.1547005383792515,-1.0,1.0,4,916.0,229.0,383.0,6.75,0.19444444444444456,0.7092756949471918,22.0,93275.0,0.0,0.24999999999999997,0.5744476910614263,41.0,97943.0,-1.0,0.3350694444444445,0.5296060710957105,77.0,167697.0,-0.14285714285714285
2024-01-20 12:00:00,33887.5,34184.64,33327.61,33654.07,22615.3544,-0.3552136492998792,0.16666666666666666,0.408248290463863,0.0,1.0,6,927.0,154.5,362.0,5.5,0.13888888888888903,0.6594659464934111,26.0,93955.0,-0.33333333333333337,0.26388888888888884,0.6084683819334149,44.0,98283.0,0.16666666666666666,0.328125,0.5225601553154703,80.0,167964.0,-0.16666666666666666
2024-01-20 13:00:00,33713.7,34358.14,32994.12,33390.27,23432.8798,-0.7838576433697453,0.6,0.5477225575051661,0.0,1.0,5,21221.0,4244.2,17400.0,6.4,0.238888888888889,0.7507530394109386,27.0,114723.0,0.6,0.2722222222222222,0.5951863632932998,47.0,119281.0,0.09999999999999998,0.35312499999999997,0.5113612376728637,81.0,181923.0,0.6
2024-01-20 14:00:00,33473.1,33998.82,32520.86,33138.18,29481.7812,-0.7549804179480923,0.3333333333333333,0.5773502691896258,0.0,1.0,3,3687.0,1229.0,3380.0,5.666666666666667,0.29444444444444456,0.710895320787922,26.0,117959.0,0.3333333333333333,0.27222222222222214,0.6002657374345751,44.0,121924.0,0.0,0.35312499999999997,0.5113612376728636,81.0,185391.0,0.0
2024-01-20 15:00:00,33247.66,34726.66,32054.65,33889.43,48604.6815,2.26702250998696,1.0,0.5773502691896258,1.0,1.0,1,225.0,225.0,225.0,6.0,0.46111111111111125,0.640453698986193,22.0,81304.0,1.0,0.31388888888888883,0.589452694768165,43.0,121327.0,0.5,0.36874999999999997,0.5138529501596495,74.0,131290.0,0.375
2024-01-20 16:00:00,33938.46,34207.47,33731.69,34050.22,24430.4366,0.4744547193623605,0.16666666666666666,0.983192080250175,-1.0,1.0,6,991.0,165.16666666666666,636.0,6.333333333333333,0.37777777777777793,0.7080940008296178,25.0,27967.0,-0.5,0.28611111111111104,0.6124598030234673,47.0,121486.0,-0.33333333333333337,0.3756944444444445,0.5548192868367401,77.0,131858.0,0.16666666666666666
2024-01-20 17:00:00,34187.27,34288.07,33961.07,34109.91,53807.6295,0.1752998952723405,0.0,0.983192080250175,0.0,0.0,1,170.0,170.0,170.0,6.0,0.37777777777777793,0.679509257808105,22.0,27221.0,0.0,0.28611111111111104,0.6943924763776486,44.0,120496.0,0.0,0.3548611111111111,0.5663228409643912,76.0,127143.0,-0.5
2024-01-20 18:00:00,33953.92,34024.61,33813.06,33900.95,54191.2028,-0.6126078901996679,0.25,0.9574271077563382,-1.0,1.0,4,12053.0,3013.25,10300.0,5.5,0.3916666666666668,0.7710390606901841,20.0,38347.0,0.08333333333333334,0.2652777777777777,0.7152525035917977,46.0,132302.0,-0.25,0.3236111111111111,0.5767528545714659,79.0,139192.0,-0.75
2024-01-20 19:00:00,33741.44,34319.63,33402.24,33988.71,32989.7738,0.2588718015276825,0.5,0.7071067811865476,0.0,1.0,2,346.0,173.0,174.0,5.5,0.37500000000000017,0.7976030979704145,17.0,17472.0,-0.09999999999999998,0.3069444444444444,0.7741780686906766,44.0,132195.0,0.5,0.35486111111111107,0.585382303787572,77.0,138720.0,0.75
2024-01-20 20:00:00,34119.03,35195.73,32596.95,33483.94,42296.4635,-1.4851107912009498,0.6666666666666666,0.5773502691896258,0.0,1.0,3,11093.0,3697.6666666666665,10300.0,5.666666666666667,0.43055555555555564,0.7976030979704145,17.0,24878.0,0.3333333333333333,0.3625,0.7542492093791683,43.0,142837.0,0.6666666666666666,0.34097222222222223,0.6094385650038064,77.0,149475.0,-0.33333333333333337
2024-01-20 21:00:00,33500.91,34338.55,32142.05,32912.61,43360.1242,-1.7062806826197874,1.0,0.0,1.0,1.0,2,1453.0,726.5,1219.0,6.5,0.43055555555555564,0.701378053105477,18.0,26106.0,0.0,0.4458333333333333,0.6709158760458349,40.0,107410.0,1.0,0.3826388888888889,0.6094385650038064,77.0,150398.0,1.0
2024-01-20 22:00:00,32921.11,33410.4,32605.0,33093.29,69223.3344,0.5489689210305793,0.5,0.7071067811865476,0.0,1.0,2,19.0,9.5,10.0,5.0,0.4861111111111113,0.6553638365948723,14.0,25134.0,0.33333333333333337,0.43194444444444446,0.6817289187122452,39.0,53101.0,-0.16666666666666663,0.3826388888888889,0.6094385650038063,77.0,150228.0,0.0
2024-01-20 23:00:00,33046.67,33198.95,32933.08,33105.51,22796.4027,0.0369259145887257,0.0,0.816496580927726,-1.0,1.0,7,2476.0,353.7142857142857,752.0,5.428571428571429,0.4861111111111113,0.6275812533744641,20.0,27440.0,0.0,0.43194444444444446,0.6535452555912847,42.0,54661.0,0.0,0.34097222222222223,0.6139964733263555,83.0,152604.0,-1.0
2024-01-21 00:00:00,32999.51,33328.3,32302.21,32760.43,23910.3843,-1.042364246918415,0.5,0.5477225575051661,0.0,1.0,6,538.0,89.66666666666667,247.0,5.166666666666667,0.527777777777778,0.5592971616659355,22.0,15925.0,0.25,0.45972222222222214,0.66516811117806,42.0,54272.0,0.33333333333333337,0.36180555555555555,0.6368182465557374,86.0,152555.0,0.5
2024-01-21 01:00:00,32921.46,33030.5,32843.95,32960.22,26166.4852,0.6098515800922133,0.16666666666666666,0.408248290463863,0.0,1.0,6,888.0,148.0,525.0,6.166666666666667,0.4722222222222224,0.5094874132121547,26.0,16467.0,-0.33333333333333337,0.4236111111111111,0.6535452555912847,43.0,33939.0,-0.43333333333333335,0.34791666666666665,0.6243658094422923,90.0,153220.0,-0.33333333333333337
2024-01-21 02:00:00,33011.92,33583.2,32107.44,32703.63,21116.3314,-0.7784838814789419,1.0,0.0,1.0,1.0,4,588.0,147.0,279.0,5.75,0.527777777777778,0.413262368347217,27.0,5962.0,0.33333333333333337,0.4791666666666666,0.6054327331588159,44.0,30840.0,0.6666666666666667,0.3756944444444444,0.6028492352966954,88.0,152764.0,0.6666666666666667
2024-01-21 03:00:00,32611.87,33894.62,31941.16,33063.87,40627.0857,1.1015290963113378,1.0,0.0,1.0,1.0,2,185.0,92.5,184.0,5.5,0.527777777777778,0.413262368347217,27.0,4694.0,0.0,0.4791666666666666,0.557320210726347,45.0,30800.0,0.0,0.39652777777777776,0.573386452747256,88.0,152127.0,0.5
2024-01-21 04:00:00,32956.78,33303.77,32742.35,33078.74,24644.5648,0.0449735617760183,0.0,0.0,0.0,0.0,2,86.0,43.0,59.0,6.0,0.44444444444444464,0.2954112381494591,27.0,4761.0,-0.5,0.46527777777777773,0.4753875373721658,41.0,29895.0,-0.16666666666666666,0.3756944444444444,0.5439236701978164,88.0,151381.0,-0.5
2024-01-21 05:00:00,33145.08,34718.05,32165.73,33738.46,26416.1136,1.9943927731225664,0.0,0.0,0.0,0.0,3,161.0,53.666666666666664,76.0,5.666666666666667,0.44444444444444464,0.15932847466150477,23.0,2446.0,0.0,0.46527777777777773,0.3934548640179845,43.0,29886.0,0.0,0.3756944444444444,0.5439236701978164,87.0,150382.0,0.0
2024-01-21 06:00:00,33867.21,33882.45,33839.92,33856.68,13760.8925,0.3504012927679545,0.5,0.7071067811865476,0.0,1.0,2,812.0,406.0,567.0,6.0,0.44444444444444464,0.18589251194173503,19.0,2720.0,0.0,0.4861111111111111,0.37259483680383537,41.0,18645.0,0.25,0.3756944444444444,0.5439236701978165,87.0,150947.0,0.0
2024-01-21 07:00:00,33761.48,33840.08,33692.39,33797.2,14716.1209,-0.1756817266193922,0.5,0.5773502691896257,0.0,1.0,4,21773.0,5443.25,21000.0,6.25,0.5000000000000001,0.21407617506269547,17.0,23605.0,0.33333333333333337,0.4861111111111111,0.3617817941374251,43.0,40072.0,0.0,0.39652777777777776,0.5679799314140509,87.0,172267.0,0.5
2024-01-21 08:00:00,33870.52,35501.96,33042.79,34437.89,17903.6757,1.8956895837525023,0.3333333333333333,0.5773502691896258,0.0,1.0,3,1328.0,442.6666666666667,848.0,5.0,0.388888888888889,0.3103012199276331,16.0,24345.0,-0.6666666666666667,0.4583333333333333,0.3617817941374251,43.0,30307.0,-0.3333333333333333,0.41041666666666665,0.5580155017582967,86.0,173144.0,0.3333333333333333
2024-01-21 09:00:00,34581.57,35673.53,33864.83,34961.09,33667.8389,1.5192568418099794,0.25,0.9574271077563381,-1.0,1.0,4,27011.0,6752.75,26200.0,5.5,0.263888888888889,0.46987240455368945,18.0,51171.0,-0.75,0.3958333333333333,0.4415673864504533,45.0,55865.0,-0.75,0.42083333333333334,0.5562416312481442,85.0,163275.0,0.25
2024-01-21 10:00:00,35115.59,35303.42,34757.56,34968.94,14383.1039,0.0224535333423592,0.5,0.5773502691896257,0.0,1.0,4,41703.0,10425.75,22200.0,6.5,0.3472222222222224,0.5660974494186272,20.0,92788.0,0.5,0.3958333333333333,0.43075434378404315,47.0,97549.0,0.0,0.4138888888888889,0.5562416312481441,86.0,150650.0,-0.16666666666666663
2024-01-21 11:00:00,35125.84,36343.08,34420.83,35535.89,24447.59,1.6212959271856509,0.3333333333333333,0.5773502691896258,0.0,1.0,3,41994.0,13998.0,21000.0,5.333333333333333,0.40277777777777796,0.6623224942835647,20.0,134621.0,0.3333333333333333,0.4236111111111111,0.4108254844725348,43.0,137067.0,0.3333333333333333,0.4277777777777778,0.5321853700319097,85.0,191728.0,0.3333333333333333
2024-01-21 12:00:00,35604.67,37332.86,34762.69,36215.43,24711.4556,1.9122639112176376,0.5,0.7071067811865476,0.0,1.0,2,12630.0,6315.0,12000.0,6.0,0.40277777777777796,0.6623224942835647,20.0,146439.0,0.0,0.4236111111111111,0.42410750311264994,39.0,149159.0,0.0,0.4416666666666667,0.5446378071453549,81.0,203431.0,0.33333333333333337
2024-01-21 13:00:00,36145.47,36772.81,35659.52,36418.0,42907.7952,0.5593472174705738,0.0,1.0,-1.0,1.0,3,28384.0,9461.333333333334,28000.0,5.333333333333333,0.3194444444444446,0.7327641160852938,19.0,153050.0,-0.5,0.40972222222222215,0.47342014557399476,36.0,176655.0,-0.16666666666666666,0.4166666666666667,0.5634827005826396,79.0,210594.0,-0.6
2024-01-21 14:00:00,36378.52,38516.25,35496.79,37097.78,63511.9509,1.8666044263825563,0.5,1.0,-1.0,1.0,4,24877.0,6219.25,24600.0,6.0,0.3472222222222223,0.8032057378870228,20.0,176599.0,0.16666666666666669,0.3680555555555555,0.5567534789073281,36.0,200944.0,-0.5,0.42361111111111116,0.581093106033072,80.0,231784.0,0.16666666666666669
2024-01-21 15:00:00,37271.22,37958.81,36043.99,36855.12,37081.7636,-0.6541092216299615,1.0,0.0,1.0,1.0,2,32055.0,16027.5,32000.0,6.5,0.4722222222222223,0.6436345532609664,18.0,181643.0,0.75,0.3680555555555555,0.5567534789073281,36.0,232814.0,0.0,0.42361111111111116,0.5570368448168376,81.0,263614.0,0.0
2024-01-21 16:00:00,36758.56,38414.2,35405.1,37467.82,37110.4194,1.662455582833533,1.0,0.0,1.0,1.0,3,599.0,199.66666666666666,290.0,6.0,0.5555555555555557,0.5474095083960289,17.0,140539.0,0.5,0.45138888888888884,0.5567534789073281,37.0,233327.0,1.0,0.4583333333333333,0.5160705081397469,78.0,263222.0,0.8333333333333334
2024-01-21 17:00:00,37519.94,39003.91,36700.47,38100.23,35406.3785,1.6878750885426674,0.14285714285714285,0.37796447300922725,0.0,1.0,7,1139.0,162.71428571428572,268.0,6.142857142857143,0.5238095238095241,0.5141785423659624,21.0,99684.0,-0.19047619047619047,0.46329365079365076,0.5882505183247636,41.0,234305.0,0.14285714285714285,0.46428571428571425,0.49085269117137403,84.0,264191.0,0.14285714285714285
2024-01-21 18:00:00,38007.52,38723.21,36512.54,37411.61,68071.415,-1.8073906640458717,0.0,0.37796447300922725,0.0,0.0,1,71.0,71.0,71.0,6.0,0.4404761904761907,0.4593214910030757,20.0,87125.0,-0.5,0.42162698412698413,0.5608219926433203,40.0,233564.0,-0.5,0.4538690476190476,0.4667084147235778,81.0,252209.0,-0.25
2024-01-21 19:00:00,37555.48,37571.1,37528.07,37545.08,29707.3446,0.3567609092471668,0.5,0.5773502691896257,0.0,1.0,4,520.0,130.0,363.0,7.0,0.5238095238095241,0.38887986920134665,21.0,59261.0,0.5,0.42162698412698413,0.5608219926433202,40.0,212311.0,0.0,0.4538690476190476,0.4613018933903727,83.0,252383.0,0.0
2024-01-21 20:00:00,37681.76,38307.47,37379.09,37909.32,33590.8666,0.970140428519528,-0.25,0.5,-1.0,0.0,4,705.0,176.25,306.0,5.5,0.398809523809524,0.30554653586801334,21.0,35089.0,-0.75,0.373015873015873,0.5543761368775181,41.0,211688.0,-0.5833333333333333,0.4156746031746032,0.45807896550747157,84.0,241995.0,-0.9166666666666666
2024-01-21 21:00:00,37831.57,38369.62,37211.76,37557.24,33309.8626,-0.9287425888937162,-0.2,0.8366600265340756,-1.0,1.0,5,6398.0,1279.6,5200.0,5.8,0.19880952380952396,0.4449898736236926,24.0,9432.0,-1.2,0.335515873015873,0.5443122134423296,42.0,191075.0,-0.45,0.36567460317460315,0.4929397999463914,87.0,246940.0,-1.2
2024-01-21 22:00:00,37644.37,37851.12,37554.08,37715.21,49482.4751,0.4206113122263488,0.5,0.5773502691896257,0.0,1.0,4,126.0,31.5,72.0,5.75,0.11547619047619062,0.5412149184886302,25.0,8959.0,-0.5,0.335515873015873,0.5443122134423296,42.0,149498.0,0.0,0.36567460317460315,0.48753327861318646,89.0,247047.0,0.0
2024-01-21 23:00:00,37708.7,39090.98,36058.98,37001.27,30322.6566,-1.8929763350117976,0.0,0.0,0.0,0.0,3,6333.0,2111.0,5180.0,6.333333333333333,0.09166666666666683,0.478220839653759,21.0,14153.0,-0.14285714285714285,0.30773809523809526,0.4961996910098608,42.0,113837.0,-0.3333333333333333,0.36567460317460315,0.45351258774119785,85.0,250904.0,0.0
2024-01-22 00:00:00,36853.73,37440.58,35656.69,36419.67,35046.9005,-1.5718379396166604,0.5,0.7071067811865476,0.0,1.0,2,35.0,17.5,35.0,5.5,0.17500000000000016,0.5330778910166457,22.0,14117.0,0.5,0.30773809523809526,0.4961996910098607,42.0,101242.0,0.0,0.36567460317460315,0.46015359706125536,81.0,250401.0,0.0
2024-01-22 01:00:00,36334.18,36775.56,35623.01,36016.65,32192.9873,-1.1065998126836285,0.0,0.7071067811865476,0.0,0.0,1,75.0,75.0,75.0,5.0,0.09166666666666683,0.554703976349466,19.0,13672.0,-0.5,0.30773809523809526,0.4717919227754064,40.0,72933.0,0.0,0.35873015873015873,0.47260603417470054,76.0,249588.0,-0.16666666666666666
2024-01-22 02:00:00,35891.88,36200.0,35405.23,35692.08,29815.7163,-0.9011665438068196,1.0,0.7071067811865476,1.0,1.0,1,523.0,523.0,523.0,7.0,0.30000000000000016,0.5892217732138906,16.0,13490.0,1.25,0.34940476190476194,0.44738415454095204,37.0,48579.0,0.5,0.3587301587301588,0.50206881672414,73.0,249523.0,0.0
2024-01-22 03:00:00,35584.89,36487.22,33942.15,34909.82,22207.9093,-2.191690705613125,0.5,0.7071067811865476,0.0,1.0,2,948.0,474.0,921.0,5.5,0.4166666666666668,0.5676295656559692,13.0,8040.0,0.7,0.30773809523809526,0.506309719639831,37.0,17472.0,-0.5,0.3378968253968255,0.5315315992735795,73.0,250286.0,-0.5
2024-01-22 04:00:00,34842.92,35070.31,34452.96,34700.02,17023.4378,-0.6009770316776297,0.2,0.4472135954999579,0.0,1.0,5,543.0,108.6,285.0,6.2,0.36666666666666686,0.5459401200410247,14.0,8457.0,-0.3,0.24107142857142858,0.5435775192648274,39.0,17416.0,-0.8,0.3462301587301588,0.5501654990860778,76.0,250743.0,0.2
2024-01-22 05:00:00,34590.67,35921.73,33760.41,35124.05,21812.6593,1.221987768306776,0.75,0.5,0.0,1.0,4,835.0,208.75,598.0,6.0,0.49166666666666686,0.6292734533743579,15.0,2959.0,0.75,0.2916666666666667,0.5537471465140585,36.0,17112.0,0.6071428571428572,0.3774801587301588,0.5709988324194112,77.0,251417.0,0.75
2024-01-22 06:00:00,35027.9,35433.01,34119.36,34703.62,23009.0138,-1.1969861106563728,0.5,0.5773502691896257,0.0,1.0,4,1033.0,258.25,677.0,6.25,0.49166666666666686,0.6076473680415376,17.0,3957.0,0.0,0.3333333333333333,0.5703626295290918,39.0,18074.0,0.5,0.3774801587301588,0.565592311086206,79.0,251638.0,0.0
2024-01-22 07:00:00,34649.41,34820.41,34553.37,34706.86,29695.3826,0.0093362018140918,0.0,0.0,0.0,0.0,3,1244.0,414.6666666666667,647.0,6.333333333333333,0.49166666666666686,0.48979623784377974,19.0,5126.0,0.0,0.2916666666666667,0.5222501070966229,38.0,18798.0,-0.5,0.3566468253968254,0.5415360498699716,78.0,231109.0,-0.5
2024-01-22 08:00:00,34817.37,35001.9,34489.47,34704.05,28855.8245,-0.0080963820985213,0.3333333333333333,1.1547005383792517,-1.0,1.0,3,8728.0,2909.3333333333335,8400.0,5.333333333333333,0.3805555555555557,0.564395197375897,21.0,13331.0,-0.6666666666666667,0.34027777777777773,0.5768084852948939,37.0,26821.0,0.5833333333333333,0.3566468253968254,0.565592311086206,78.0,238509.0,0.0
2024-01-22 09:00:00,34695.81,35819.04,33076.35,34111.47,33655.1485,-1.7075240497867017,0.3333333333333333,0.5773502691896258,0.0,1.0,3,24871.0,8290.333333333334,24600.0,6.333333333333333,0.3527777777777779,0.5427691120430768,22.0,37254.0,-0.16666666666666669,0.38472222222222224,0.5551993388495231,35.0,45294.0,0.5333333333333333,0.3601190476190476,0.5497557761459263,77.0,236369.0,0.08333333333333331
2024-01-22 10:00:00,34213.96,34869.05,33899.02,34456.92,25389.7299,1.0127092148183523,1.0,0.0,1.0,1.0,2,21159.0,10579.5,21000.0,8.5,0.4861111111111112,0.46823351279308384,19.0,57870.0,0.8,0.42638888888888893,0.5070868164170542,33.0,66327.0,0.5,0.38095238095238093,0.525699514929692,75.0,215825.0,0.5
2024-01-22 11:00:00,34623.82,36485.39,33773.09,35277.74,33316.158,2.382163002380944,0.25,0.7071067811865475,-1.0,1.0,8,27196.0,3399.5,22600.0,6.0,0.4027777777777779,0.5027513096575084,23.0,84231.0,-0.5,0.44722222222222224,0.5660123815159332,38.0,87190.0,0.25,0.37748015873015867,0.5311060362628971,80.0,201027.0,-0.08333333333333331
2024-01-22 12:00:00,35254.95,37149.57,33945.52,35956.2,27922.8997,1.9231957602726224,0.25,0.5,0.0,1.0,4,415.0,103.75,246.0,5.5,0.3611111111111112,0.4898595981259041,23.0,83613.0,-0.25,0.42638888888888893,0.548753483083721,40.0,87570.0,-0.25,0.36706349206349204,0.5224765870467909,82.0,188812.0,-0.25
2024-01-22 13:00:00,36105.12,37049.66,34530.63,35479.8,21162.1497,-1.3249453501760322,0.0,1.4142135623730951,-1.0,1.0,2,37700.0,18850.0,24600.0,7.0,0.3611111111111112,0.72556185852142,22.0,120069.0,0.0,0.42638888888888893,0.6076790481825999,41.0,125195.0,0.0,0.36706349206349204,0.5397354854790032,81.0,198128.0,0.0
2024-01-22 14:00:00,35464.95,36963.88,34565.12,35994.75,50017.2226,1.451389241202028,0.6666666666666666,0.5773502691896258,0.0,1.0,3,996.0,332.0,495.0,6.666666666666667,0.4166666666666668,0.6293368136564823,22.0,112337.0,0.3333333333333333,0.3986111111111111,0.5968660055161897,43.0,125668.0,-0.33333333333333337,0.3740079365079365,0.5221250800285709,80.0,174247.0,0.16666666666666663
2024-01-22 15:00:00,35963.95,36809.29,34543.52,35457.87,75649.7604,-1.4915508511657904,0.3333333333333333,1.1547005383792517,-1.0,1.0,3,32314.0,10771.333333333334,22800.0,6.333333333333333,0.4166666666666668,0.72556185852142,22.0,119780.0,0.0,0.38472222222222224,0.6341654852822485,44.0,157034.0,-0.16666666666666669,0.3462301587301588,0.5702376024610397,81.0,174506.0,-0.6666666666666667
2024-01-22 16:00:00,35480.1,36289.23,33991.64,34913.82,43265.6012,-1.534356124606473,1.0,0.0,1.0,1.0,2,546.0,273.0,365.0,6.5,0.4166666666666668,0.72556185852142,22.0,99167.0,0.0,0.45138888888888884,0.596897685657252,41.0,157037.0,0.8,0.3462301587301588,0.5702376024610397,80.0,174453.0,0.0
2024-01-22 17:00:00,34872.99,34906.91,34828.15,34852.88,32423.394,-0.1745440630672945,0.6,0.5477225575051661,0.0,1.0,5,27468.0,5493.6,26200.0,6.0,0.4750000000000001,0.6989978212411897,19.0,99439.0,0.35,0.4388888888888889,0.6008745654493491,42.0,183670.0,-0.15000000000000002,0.3652777777777778,0.5773108559817038,78.0,200782.0,0.45714285714285713
2024-01-22 18:00:00,34890.75,35493.75,34374.07,35161.03,37726.588,0.8841450118326044,0.16666666666666666,0.752772652709081,-1.0,1.0,6,1822.0,303.6666666666667,708.0,6.166666666666667,0.46111111111111125,0.7411265966927032,21.0,100846.0,-0.08333333333333334,0.41111111111111115,0.6154930974093037,44.0,184459.0,-0.33333333333333337,0.37222222222222223,0.5929278634691978,83.0,202533.0,0.16666666666666666
2024-01-22 19:00:00,35247.44,36978.56,34525.83,35840.77,60486.5417,1.9332198175081805,0.625,0.5175491695067657,0.0,1.0,8,4313.0,539.125,1336.0,5.5,0.5652777777777779,0.5916825312149817,27.0,67459.0,0.625,0.46319444444444446,0.6586221948682008,49.0,187528.0,0.625,0.37743055555555555,0.590436150982412,87.0,206326.0,0.125
2024-01-22 20:00:00,35762.04,35783.11,35734.73,35750.06,50912.673,-0.2530916606981348,-0.3333333333333333,0.5773502691896258,-1.0,0.0,3,840.0,280.0,303.0,5.333333333333333,0.39861111111111125,0.5916825312149817,27.0,67303.0,-1.0,0.4076388888888889,0.6105096724357321,49.0,179640.0,-0.6666666666666666,0.3739583333333334,0.593659078865313,86.0,206461.0,-0.08333333333333331
2024-01-22 21:00:00,35919.59,36071.68,35722.15,35837.86,43503.2631,0.2455939934086881,-0.25,0.5,-1.0,0.0,4,21065.0,5266.25,20000.0,5.5,0.301388888888889,0.4825657748184397,28.0,56054.0,-0.5833333333333333,0.3590277777777777,0.6040638166699299,50.0,175834.0,-0.5833333333333333,0.371875,0.5796315777597265,85.0,221128.0,-0.04999999999999999
2024-01-22 22:00:00,35726.02,36492.81,34574.19,35313.59,65113.9852,-1.4628942687984314,0.3333333333333333,0.5773502691896258,0.0,1.0,3,563.0,187.66666666666666,419.0,5.666666666666667,0.1902777777777779,0.5787908196833773,29.0,56071.0,-0.6666666666666667,0.3034722222222222,0.6521763391023988,51.0,155238.0,-0.6666666666666667,0.36493055555555554,0.5796315777597265,84.0,221565.0,-0.16666666666666669
2024-01-22 23:00:00,35426.95,35477.31,35395.6,35448.59,19417.8563,0.3822890847404725,0.5,0.5773502691896257,0.0,1.0,4,194.0,48.5,88.0,5.5,0.17361111111111124,0.5837287716307873,28.0,28797.0,-0.09999999999999998,0.32430555555555557,0.6413632964359886,47.0,128236.0,0.25,0.38576388888888885,0.6036878389759609,85.0,215426.0,0.5
2024-01-23 00:00:00,35573.12,36773.1,34842.17,36112.88,40782.6059,1.8739532376323087,0.5,0.7071067811865476,0.0,1.0,2,75.0,37.5,60.0,6.5,0.22916666666666682,0.5761177930436984,24.0,27050.0,0.33333333333333337,0.3451388888888889,0.6586221948682008,45.0,127896.0,0.25,0.38576388888888885,0.6036878389759609,85.0,215466.0,0.0
2024-01-23 01:00:00,36022.41,36143.8,35848.98,35959.66,23164.8384,-0.4242807552319094,1.0,0.7071067811865476,1.0,1.0,1,279.0,279.0,279.0,7.0,0.2916666666666668,0.607710728323662,17.0,23016.0,0.375,0.4284722222222222,0.5996966297693219,44.0,90475.0,1.0,0.42743055555555554,0.6036878389759609,85.0,215670.0,1.0
2024-01-23 02:00:00,35961.5,36409.33,35723.0,36156.29,23594.7993,0.5468071722591228,0.0,1.0,-1.0,1.0,3,602.0,200.66666666666666,257.0,5.666666666666667,0.3472222222222224,0.6781523501253911,17.0,22778.0,0.3333333333333333,0.3729166666666666,0.6349174406701864,44.0,90081.0,-0.6666666666666666,0.38576388888888885,0.6158917230931881,87.0,215749.0,-1.0
2024-01-23 03:00:00,36039.72,37465.45,35249.38,36573.8,24066.6804,1.1547368383205248,0.0,0.7071067811865476,-1.0,1.0,5,532.0,106.4,245.0,6.4,0.38888888888888906,0.7126701469898157,18.0,2245.0,0.25,0.3451388888888889,0.5976179609041278,46.0,58299.0,-0.3333333333333333,0.36493055555555554,0.6158917230931881,90.0,215333.0,-0.5
2024-01-23 04:00:00,36664.85,37337.35,36246.84,36941.82,19364.9832,1.0062394391613605,0.5,0.7071067811865476,0.0,1.0,2,193.0,96.5,136.0,5.0,0.4166666666666668,0.734296232322636,17.0,1875.0,0.16666666666666669,0.3034722222222222,0.6565435260030067,46.0,57946.0,-0.5,0.37743055555555555,0.6267206058301293,87.0,214983.0,0.3
2024-01-23 05:00:00,37113.57,38554.46,36189.97,37643.72,21074.4986,1.9000146717189412,0.25,0.9574271077563382,-1.0,1.0,4,903.0,225.75,310.0,6.5,0.37500000000000017,0.7976423720837547,17.0,2584.0,-0.25,0.2743055555555555,0.6906855718572711,45.0,31381.0,-0.35,0.35659722222222223,0.6457800686533101,87.0,215051.0,-0.5
2024-01-23 06:00:00,37463.05,38645.07,36956.01,37883.09,37831.4746,0.63588295736976,0.0,0.816496580927726,-1.0,1.0,4,1170.0,292.5,579.0,5.75,0.2916666666666668,0.815874005373951,19.0,3679.0,-0.5,0.2604166666666667,0.6959958992088248,43.0,30729.0,-0.16666666666666666,0.3357638888888889,0.6557444983090642,87.0,215188.0,-0.5
2024-01-23 07:00:00,37921.41,38966.66,35800.9,37175.82,29895.0072,-1.866980755793668,0.8,0.4472135954999579,0.0,1.0,5,320.0,64.0,128.0,5.4,0.25833333333333347,0.7725584744261863,23.0,3720.0,-0.19999999999999996,0.27499999999999997,0.6901346013749242,40.0,26736.0,0.17500000000000004,0.36909722222222224,0.6743783981215626,89.0,214264.0,0.8
2024-01-23 08:00:00,37228.88,37399.21,36947.61,37115.42,19274.3459,-0.1624711976763393,0.0,0.0,0.0,0.0,4,323.0,80.75,142.0,6.25,0.25833333333333347,0.6058918077595195,24.0,3441.0,0.0,0.3027777777777778,0.6420220789424553,41.0,26219.0,0.3333333333333333,0.35520833333333335,0.6262658756890936,90.0,205859.0,-0.3333333333333333
2024-01-23 09:00:00,37181.19,38395.56,36562.91,37663.52,29391.9214,1.4767447061086791,0.16666666666666666,0.983192080250175,-1.0,1.0,6,75715.0,12619.166666666666,30000.0,7.5,0.28611111111111126,0.651906024270124,25.0,78624.0,0.16666666666666666,0.33749999999999997,0.6822880856299699,43.0,80869.0,0.41666666666666663,0.3482638888888889,0.6431759511499499,93.0,256703.0,-0.16666666666666666
2024-01-23 10:00:00,37792.81,38119.43,37281.89,37602.68,16607.5902,-0.1615356185507788,0.6666666666666666,0.5163977794943223,0.0,1.0,6,29735.0,4955.833333333333,22800.0,5.666666666666667,0.31388888888888905,0.6201211906547531,29.0,108166.0,0.16666666666666663,0.36527777777777776,0.6772087114886945,46.0,110041.0,0.3333333333333333,0.33437500000000003,0.6646925252955467,97.0,265279.0,-0.33333333333333337
2024-01-23 11:00:00,37438.67,39422.42,36057.02,38170.01,25516.1314,1.508748844497254,1.0,0.5163977794943223,1.0,1.0,1,24400.0,24400.0,24400.0,6.0,0.43888888888888905,0.5466163026110838,26.0,131663.0,0.75,0.4069444444444444,0.6721293373474193,43.0,134247.0,0.5,0.36562500000000003,0.6567463168917039,90.0,262483.0,0.75
2024-01-23 12:00:00,38319.78,38726.86,37452.41,38011.37,39310.8983,-0.4156142479396774,0.0,0.0,0.0,0.0,2,946.0,473.0,727.0,5.5,0.43888888888888905,0.4105335391231295,24.0,131439.0,0.0,0.36527777777777776,0.6132037722485404,43.0,135118.0,-0.5,0.35520833333333335,0.6359129835583706,88.0,263014.0,-0.25
2024-01-23 13:00:00,38126.3,38542.54,37860.15,38278.86,31450.7966,0.7037104950439854,0.75,0.5,0.0,1.0,4,20012.0,5003.0,19200.0,6.25,0.43055555555555564,0.41933127320646985,23.0,151131.0,-0.050000000000000044,0.3444444444444444,0.5959448738163281,46.0,154851.0,-0.25,0.38645833333333335,0.597820751792825,90.0,245326.0,0.75
2024-01-23 14:00:00,38469.29,39037.47,37539.88,38099.1,31922.3894,-0.469606461634442,0.6666666666666666,0.5163977794943222,0.0,1.0,6,87578.0,14596.333333333334,36000.0,6.666666666666667,0.5416666666666669,0.5053975697888569,25.0,238386.0,0.6666666666666666,0.39999999999999997,0.5556446887741883,49.0,241827.0,0.6666666666666666,0.38645833333333335,0.5952810647221873,93.0,331908.0,0.0
2024-01-23 15:00:00,38126.55,38968.89,37002.05,37653.65,54652.9086,-1.1691877235945114,0.16666666666666666,0.983192080250175,-1.0,1.0,6,99008.0,16501.333333333332,30000.0,7.0,0.5416666666666669,0.5053975697888569,25.0,261679.0,0.0,0.4138888888888889,0.5786517970294905,50.0,340303.0,0.16666666666666666,0.37951388888888893,0.5881348789668092,96.0,398602.0,-0.16666666666666666
2024-01-23 16:00:00,37806.72,38484.01,37319.04,38066.63,65900.0607,1.0967861017457723,0.7142857142857143,0.4879500364742666,0.0,1.0,7,2170.0,310.0,1167.0,5.571428571428571,0.5496031746031748,0.5006562792855141,26.0,234114.0,0.04761904761904767,0.43174603174603177,0.5603887349701338,55.0,342280.0,0.2142857142857143,0.367609126984127,0.6084661304865703,101.0,400226.0,-0.2857142857142857
2024-01-23 17:00:00,37945.25,38740.68,36475.19,37334.49,68077.7,-1.9233118350639344,0.0,0.0,0.0,0.0,2,360.0,180.0,352.0,6.5,0.3829365079365081,0.4145899827031272,27.0,210074.0,-1.0,0.41091269841269845,0.4806031426571056,53.0,341737.0,-0.25,0.342609126984127,0.5856443572571883,98.0,373118.0,-0.6
2024-01-23 18:00:00,37216.17,37876.56,36876.02,37483.69,44359.0267,0.3996304757343694,0.6666666666666666,0.5773502691896258,0.0,1.0,3,547.0,182.33333333333334,496.0,6.0,0.4940476190476191,0.5108150275680648,28.0,209675.0,0.6666666666666666,0.4664682539682539,0.46067428334559724,52.0,341114.0,0.6666666666666666,0.36344246031746025,0.578335091277211,95.0,371843.0,0.5
2024-01-23 19:00:00,37411.38,38474.1,36804.18,37842.49,44842.1319,0.9572163252870692,-0.3333333333333333,0.5773502691896258,-1.0,0.0,3,839.0,279.6666666666667,750.0,5.666666666666667,0.31349206349206366,0.5237067390996691,27.0,190502.0,-1.0833333333333333,0.37202380952380953,0.47151900615306963,50.0,341633.0,-1.1333333333333333,0.3235119047619048,0.5808268037639969,90.0,368369.0,-0.9583333333333333
2024-01-23 20:00:00,37831.34,39309.97,36747.15,38385.79,36621.7054,1.4356877679032376,0.0,0.0,0.0,0.0,2,204.0,102.0,179.0,4.0,0.20238095238095255,0.4376404425172821,23.0,103128.0,-0.6666666666666666,0.37202380952380953,0.47151900615306963,48.0,341514.0,0.0,0.3374007936507937,0.5567705425477625,89.0,367733.0,0.3333333333333333
2024-01-23 21:00:00,38385.97,39799.66,37574.17,38950.24,35546.0484,1.4704660240156595,0.6,0.5477225575051661,0.0,1.0,5,2616.0,523.2,1226.0,6.8,0.27460317460317474,0.3650621887264473,22.0,6736.0,0.43333333333333335,0.4081349206349206,0.43522987925765216,47.0,268415.0,0.43333333333333335,0.3728174603174603,0.5587589824438111,90.0,349284.0,0.85
2024-01-23 22:00:00,38808.99,39519.59,37573.52,38343.75,64145.5191,-1.5570892502844602,0.4,0.5477225575051662,0.0,1.0,5,4943.0,988.6,4660.0,5.8,0.22222222222222235,0.3750242755649305,20.0,9509.0,-0.3142857142857143,0.38591269841269843,0.4378402774252225,46.0,243623.0,-0.2666666666666666,0.3755952380952381,0.5575244944569585,92.0,353664.0,0.06666666666666671
2024-01-23 23:00:00,38273.34,39205.48,37748.35,38603.52,23655.0581,0.6774767726161368,0.0,1.0,-1.0,1.0,3,28763.0,9587.666666666666,28400.0,5.333333333333333,0.22222222222222235,0.5416909422315972,21.0,37912.0,0.0,0.30257936507936506,0.47814046246736225,48.0,247986.0,-1.0,0.3547619047619048,0.5751348999073909,91.0,382233.0,-0.5
2024-01-24 00:00:00,38655.44,39742.0,36504.29,37889.62,23822.1991,-1.849313223250093,0.3333333333333333,0.5773502691896258,0.0,1.0,3,452.0,150.66666666666666,226.0,6.333333333333333,0.16666666666666682,0.5416909422315972,21.0,37817.0,-0.3333333333333333,0.33035714285714285,0.5262529848998311,49.0,247492.0,0.3333333333333333,0.34781746031746036,0.5697283785741858,92.0,382610.0,-0.16666666666666669
2024-01-24 01:00:00,37885.67,38792.53,37210.02,38285.09,27580.1153,1.0437423230953424,0.25,0.5,0.0,1.0,4,504.0,126.0,216.0,6.0,0.263888888888889,0.5287992306999928,22.0,37482.0,0.5833333333333333,0.28869047619047616,0.5262529848998311,49.0,227984.0,-0.5,0.31656746031746036,0.5610989293580796,95.0,382835.0,-0.75
2024-01-24 02:00:00,38463.24,38684.08,38039.66,38283.72,16622.765,-0.0035784165584917,0.2,0.447213595499958,0.0,1.0,5,572.0,114.4,207.0,5.6,0.29722222222222233,0.6033348299499859,25.0,37850.0,0.2,0.2498015873015873,0.5204876362336341,48.0,140978.0,-0.4666666666666666,0.32490079365079366,0.5380661625039111,97.0,382805.0,0.2
2024-01-24 03:00:00,38215.66,39413.96,37328.62,38725.04,25724.7331,1.15276153936974,0.25,0.9574271077563381,-1.0,1.0,4,344.0,86.0,320.0,5.5,0.23888888888888904,0.6716189216585146,24.0,35578.0,-0.35,0.2567460317460317,0.518340555192481,46.0,42314.0,0.08333333333333334,0.3353174603174603,0.5484961761109858,96.0,382617.0,0.25
2024-01-24 04:00:00,38799.98,39114.78,38194.41,38558.41,22283.2848,-0.4302900655493102,0.5,0.5773502691896257,0.0,1.0,4,557.0,139.25,422.0,5.5,0.2555555555555557,0.6765568736059245,23.0,31192.0,0.09999999999999998,0.2388888888888889,0.5257905745854277,43.0,40701.0,-0.2142857142857143,0.3353174603174603,0.5430896547777807,98.0,382981.0,0.0
2024-01-24 05:00:00,38683.28,39130.62,37814.52,38371.03,25286.3301,-0.4859640218567218,0.0,0.0,0.0,0.0,3,596.0,198.66666666666666,251.0,5.666666666666667,0.2555555555555557,0.5098902069392578,23.0,3025.0,0.0,0.2388888888888889,0.5257905745854276,44.0,40937.0,0.0,0.32490079365079366,0.5031968586212666,97.0,382674.0,-0.25
2024-01-24 06:00:00,38519.9,40408.75,37053.28,39283.32,21111.646,2.377548895612125,0.0,0.0,0.0,0.0,1,2.0,2.0,2.0,6.0,0.20000000000000015,0.41366516207432014,21.0,2575.0,-0.3333333333333333,0.18333333333333335,0.47767805215295883,42.0,40392.0,-0.6666666666666666,0.32490079365079366,0.46917616774927806,94.0,381506.0,0.0
2024-01-24 07:00:00,39459.34,41124.55,38546.62,40119.43,26402.1651,2.12840971689765,0.3333333333333333,0.5773502691896258,0.0,1.0,3,696.0,232.0,635.0,7.0,0.21388888888888902,0.4265568736059245,20.0,2767.0,0.08333333333333331,0.2388888888888889,0.47767805215295883,42.0,40249.0,0.6666666666666666,0.30545634920634923,0.4745985291530142,92.0,381882.0,-0.46666666666666673
2024-01-24 08:00:00,40213.34,40550.25,39997.9,40357.61,20853.0926,0.593677427620487,0.25,0.5,0.0,1.0,4,5380.0,1345.0,4880.0,5.5,0.22222222222222235,0.43535460768926487,19.0,7575.0,0.04999999999999999,0.25972222222222224,0.5193447188196255,44.0,45425.0,0.25,0.3158730158730159,0.4954318624863476,92.0,386939.0,0.25
2024-01-24 09:00:00,40509.57,41153.71,39623.62,40113.86,39488.954,-0.6039753097371259,0.6,0.5477225575051661,0.0,1.0,5,39037.0,7807.4,30000.0,6.0,0.2805555555555557,0.36707051598073615,20.0,46268.0,0.35,0.2597222222222222,0.5193447188196255,44.0,81846.0,0.0,0.3339285714285714,0.4772872990386388,91.0,350261.0,0.43333333333333335
2024-01-24 10:00:00,40175.46,41527.47,38220.21,39403.68,26237.2785,-1.7704105264364944,-0.1111111111111111,0.7817359599705717,-1.0,1.0,9,16792.0,1865.7777777777778,15800.0,6.111111111111111,0.17870370370370384,0.4011347977775605,25.0,62503.0,-0.6111111111111112,0.21712962962962964,0.5388458356917426,48.0,93695.0,-0.5111111111111111,0.3015211640211641,0.48834305655848254,94.0,337318.0,-0.7777777777777777
2024-01-24 11:00:00,39393.59,40353.47,37915.5,38847.01,24677.2587,-1.4127360693214408,0.0,0.0,0.0,0.0,4,30759.0,7689.75,30000.0,6.5,0.17870370370370384,0.4011347977775605,26.0,92666.0,0.0,0.21712962962962964,0.45551250235840923,49.0,95691.0,0.0,0.2598544973544974,0.4668264824128858,97.0,343677.0,-1.0
2024-01-24 12:00:00,38910.13,39513.2,38083.23,38552.12,25976.1323,-0.7591060418806972,0.2,0.447213595499958,0.0,1.0,5,21369.0,4273.8,20600.0,6.4,0.21203703703703716,0.4756703970275535,30.0,114033.0,0.2,0.20601851851851852,0.444667779550937,51.0,116608.0,-0.1333333333333333,0.26818783068783075,0.48546038222538407,100.0,364100.0,0.2
2024-01-24 13:00:00,38636.46,39399.27,37286.53,38045.68,17496.4685,-1.3136501961500513,0.0,0.0,0.0,0.0,2,374.0,187.0,276.0,4.5,0.15648148148148164,0.3794453521626158,29.0,113711.0,-0.3333333333333333,0.1851851851851852,0.4030011128842703,49.0,116478.0,-0.25,0.2369378306878307,0.4646270488920507,98.0,344462.0,-0.75
2024-01-24 14:00:00,37955.51,38038.49,37893.56,37990.65,32066.6276,-0.1446419146667876,1.0,0.0,1.0,1.0,3,24571.0,8190.333333333333,21000.0,6.0,0.2814814814814816,0.2961120188292825,28.0,132902.0,0.75,0.2518518518518518,0.3657333132592738,47.0,140477.0,0.8,0.2508267195767196,0.443110474746454,95.0,281455.0,0.33333333333333337
2024-01-24 15:00:00,37989.27,38853.86,36894.59,37545.09,30869.2533,-1.1728148899795232,0.5,0.7071067811865476,0.0,1.0,2,448.0,224.0,284.0,6.0,0.264814814814815,0.3226760561095127,25.0,94313.0,-0.09999999999999998,0.2726851851851852,0.3448732860451245,45.0,140581.0,0.25,0.2647156084656085,0.43160692061880285,91.0,182895.0,0.33333333333333337
2024-01-24 16:00:00,37697.85,39080.51,37030.94,38203.35,33457.1324,1.753251889927565,1.0,0.0,1.0,1.0,2,1181.0,590.5,1089.0,5.5,0.4500000000000002,0.19238672944775081,18.0,78702.0,1.1111111111111112,0.3143518518518518,0.29676076361265574,43.0,141205.0,0.5,0.2766203703703704,0.41127566909904173,86.0,181906.0,0.2857142857142857
2024-01-24 17:00:00,38288.76,39146.54,36832.42,37678.12,66446.3238,-1.3748270766830606,1.0,0.0,1.0,1.0,0,0.0,590.5,1089.0,5.5,0.6166666666666668,0.19238672944775081,14.0,47943.0,1.0,0.3976851851851852,0.29676076361265574,40.0,140609.0,1.0,0.31828703703703703,0.41127566909904173,84.0,181546.0,1.0
2024-01-24 18:00:00,37664.66,38472.43,36319.21,37061.74,45890.4906,-1.6359096472966406,0.0,0.0,0.0,0.0,3,1036.0,345.3333333333333,594.0,5.666666666666667,0.5833333333333335,0.1178511301977578,12.0,27610.0,-0.2,0.3976851851851852,0.29676076361265574,42.0,141643.0,0.0,0.2905092592592593,0.3872194078828073,84.0,182035.0,-0.6666666666666666
2024-01-24 19:00:00,36992.33,37795.68,36354.67,37345.29,33582.869,0.7650747104696265,1.0,0.0,1.0,1.0,1,207.0,207.0,207.0,5.0,0.7500000000000001,0.1178511301977578,11.0,27443.0,1.0,0.4532407407407408,0.2486482411801869,40.0,141154.0,0.6666666666666667,0.3460648148148148,0.36316314666657296,82.0,181403.0,1.3333333333333333
2024-01-24 20:00:00,37406.3,38138.9,36149.07,36913.3,60217.3843,-1.1567456029930367,0.25,0.5,0.0,1.0,4,1065.0,266.25,675.0,5.5,0.6250000000000001,0.20118446353109112,12.0,3937.0,-0.75,0.4532407407407408,0.2486482411801869,40.0,136839.0,0.0,0.35648148148148145,0.38399647999990627,84.0,182264.0,0.25
2024-01-24 21:00:00,36763.04,37849.76,36058.75,37226.21,63082.1369,0.8476890443281926,0.0,0.0,0.0,0.0,2,188.0,94.0,104.0,6.0,0.5416666666666669,0.0833333333333332,12.0,3677.0,-0.5,0.40324074074074073,0.2030046947214231,37.0,97990.0,-0.6,0.33148148148148154,0.36117470677052427,81.0,179836.0,-0.6
2024-01-24 22:00:00,37183.67,38664.88,36287.05,37705.24,54910.9694,1.2868084073022643,0.0,0.0,0.0,0.0,0,0.0,94.0,104.0,6.0,0.37500000000000017,0.0833333333333332,10.0,2496.0,-1.0,0.41250000000000003,0.13786003139054212,28.0,81198.0,0.1111111111111111,0.3148148148148148,0.3383529335411424,76.0,174893.0,-0.4
2024-01-24 23:00:00,37779.21,39082.43,36226.85,37112.25,27310.7039,-1.5726991792122225,0.3333333333333333,0.5773502691896258,0.0,1.0,3,14296.0,4765.333333333333,13700.0,5.666666666666667,0.263888888888889,0.17955837819827083,13.0,16792.0,-0.6666666666666667,0.44027777777777777,0.18597255382301095,27.0,64735.0,0.3333333333333333,0.3287037037037037,0.3207425280907101,76.0,160426.0,0.3333333333333333
2024-01-25 00:00:00,37224.43,37847.32,36824.98,37490.05,16970.1288,1.0179927113015408,0.0,0.0,0.0,0.0,2,53.0,26.5,49.0,6.5,0.26388888888888906,0.17955837819827083,12.0,15809.0,0.0,0.4236111111111111,0.14870475419801446,24.0,43419.0,-0.2,0.3148148148148148,0.2966862668744757,75.0,160027.0,-0.3333333333333333
2024-01-25 01:00:00,37559.21,39074.22,36895.72,38067.81,28694.2852,1.5411022391274454,1.0,0.0,1.0,1.0,2,741.0,370.5,728.0,3.5,0.26388888888888906,0.17955837819827083,13.0,16343.0,0.0,0.5069444444444444,0.14870475419801446,24.0,43786.0,1.0,0.3460648148148149,0.2758529335411424,73.0,160264.0,0.75
2024-01-25 02:00:00,38034.04,39007.49,36340.76,37343.3,35714.0679,-1.9032090367163133,1.0,0.0,1.0,1.0,1,38.0,38.0,38.0,9.0,0.38888888888888906,0.0962250448649375,10.0,15316.0,0.75,0.5069444444444444,0.14870475419801446,22.0,19253.0,0.0,0.37939814814814826,0.25721903372864413,69.0,159730.0,0.8
2024-01-25 03:00:00,37443.2,37747.65,37215.64,37558.0,25437.8783,0.5749357983895198,0.0,0.0,0.0,0.0,3,705.0,235.0,479.0,5.666666666666667,0.38888888888888906,0.0962250448649375,11.0,15833.0,0.0,0.46527777777777773,0.08977918909913547,23.0,19510.0,-0.5,0.3689814814814816,0.21732623757213002,68.0,160091.0,-0.25
2024-01-25 04:00:00,37566.68,38252.73,37045.44,37868.08,18831.3107,0.8256030672559866,0.5,1.0,-1.0,1.0,4,1340.0,335.0,681.0,5.75,0.4722222222222224,0.2628917115316042,15.0,17173.0,0.5,0.4236111111111111,0.1731125224324688,25.0,19669.0,-0.5,0.3689814814814816,0.2349366430225623,68.0,160874.0,0.0
2024-01-25 05:00:00,37934.84,38261.72,37472.5,37760.15,26441.3327,-0.285015770538144,0.5,0.5773502691896257,0.0,1.0,4,611.0,152.75,269.0,6.75,0.5000000000000001,0.2628917115316041,16.0,3488.0,0.16666666666666669,0.3819444444444444,0.22122504486493763,29.0,20280.0,-0.5,0.3898148148148149,0.2589929042387967,69.0,160889.0,0.5
2024-01-25 06:00:00,37814.3,38789.39,36319.03,37295.38,27161.8042,-1.2308478647463097,0.0,0.0,0.0,0.0,2,669.0,334.5,630.0,5.5,0.5000000000000001,0.2628917115316041,16.0,4104.0,0.0,0.3819444444444444,0.22122504486493763,28.0,19913.0,0.0,0.3898148148148149,0.2589929042387967,70.0,161556.0,0.0
2024-01-25 07:00:00,37292.27,38056.05,36426.38,36905.76,21935.4407,-1.044687036303149,0.0,0.0,0.0,0.0,3,294.0,98.0,148.0,5.333333333333333,0.3333333333333335,0.2628917115316041,17.0,3657.0,-1.0,0.2986111111111111,0.22122504486493763,30.0,20000.0,-1.0,0.37592592592592594,0.23493664302256226,70.0,161154.0,-0.3333333333333333
2024-01-25 08:00:00,36870.06,37482.59,35759.73,36479.24,29901.9969,-1.1557003568006818,1.0,0.0,1.0,1.0,2,10372.0,5186.0,10300.0,6.0,0.3333333333333335,0.2628917115316041,18.0,13991.0,0.0,0.3611111111111111,0.17955837819827095,28.0,29307.0,0.75,0.40717592592592594,0.21410330968922894,68.0,166146.0,0.75
2024-01-25 09:00:00,36459.93,37348.49,34945.9,35903.85,17809.5998,-1.577308079883244,0.2,0.8366600265340756,-1.0,1.0,5,28688.0,5737.6,28000.0,5.8,0.36666666666666686,0.4023350492872834,20.0,41974.0,0.2,0.37777777777777777,0.2492800470761106,31.0,57807.0,0.2,0.39050925925925933,0.22614237089876688,68.0,155797.0,-0.39999999999999997
2024-01-25 10:00:00,35924.36,36838.48,33997.05,35206.12,28002.9042,-1.943329197286636,-0.2,0.8366600265340756,-1.0,1.0,5,45147.0,9029.4,26200.0,5.2,0.25000000000000017,0.375111720376296,21.0,85781.0,-0.7,0.3611111111111111,0.3190017159539502,36.0,102954.0,-0.2,0.3868055555555556,0.22843087367224615,64.0,184152.0,-0.0888888888888889
2024-01-25 11:00:00,35209.06,35926.27,33986.87,34796.2,18089.6197,-1.1643430176344505,0.9,0.31622776601683794,0.0,1.0,10,61243.0,6124.3,30000.0,6.8,0.3166666666666669,0.33159130318083135,27.0,146413.0,0.4,0.40833333333333327,0.2972415073562179,43.0,149901.0,0.5666666666666667,0.42430555555555555,0.2416070305896144,70.0,214636.0,0.9
2024-01-25 12:00:00,34699.79,34803.96,34529.39,34636.58,25620.2544,-0.4587282519355473,0.0,0.31622776601683794,0.0,0.0,1,467.0,467.0,467.0,6.0,0.3166666666666669,0.3842959308503044,26.0,146211.0,0.0,0.40833333333333327,0.3235938211909544,42.0,150315.0,0.0,0.4159722222222222,0.2361492876944844,66.0,193734.0,-0.2
2024-01-25 13:00:00,34711.37,35680.0,33437.29,34175.45,28093.2469,-1.3313381401974578,0.0,0.31622776601683794,0.0,0.0,0,0.0,467.0,467.0,6.0,0.3166666666666669,0.43700055851977737,23.0,145917.0,0.0,0.325,0.3499461350256909,40.0,149574.0,-1.0,0.4159722222222222,0.24932544461185266,64.0,193360.0,0.0
2024-01-25 14:00:00,34334.17,34796.29,33545.21,34048.49,27274.7687,-0.3714947425710546,0.16666666666666666,0.983192080250175,-1.0,1.0,6,39312.0,6552.0,24600.0,6.5,0.17777777777777795,0.6008659052281399,27.0,174857.0,-0.8333333333333334,0.2555555555555556,0.43187880837987214,45.0,188848.0,-0.8333333333333334,0.38125000000000003,0.2902917812889433,67.0,208101.0,-0.8333333333333334
2024-01-25 15:00:00,33926.07,34743.37,33547.75,34220.35,47140.4319,0.5047507246283223,0.6666666666666666,0.5163977794943222,0.0,1.0,6,52753.0,8792.166666666666,26200.0,6.166666666666667,0.25555555555555576,0.5474888640548476,28.0,198922.0,0.4666666666666666,0.31111111111111106,0.4749119566710656,48.0,240896.0,0.6666666666666666,0.38819444444444445,0.2823455728851006,71.0,260406.0,0.16666666666666663
2024-01-25 16:00:00,34367.57,34598.09,33951.61,34220.34,47537.2292,-2.922237791747051e-05,0.2,1.0954451150103321,-1.0,1.0,5,22489.0,4497.8,21000.0,5.4,0.3222222222222224,0.5906197121342237,28.0,176264.0,0.4,0.28611111111111115,0.48286571625526004,49.0,262045.0,-0.3,0.35486111111111107,0.32798911934386443,74.0,281714.0,-0.8
2024-01-25 17:00:00,34191.07,35865.62,33216.06,34774.54,61484.5476,1.619504657171733,1.0,0.0,1.0,1.0,3,10448.0,3482.6666666666665,10300.0,6.666666666666667,0.3388888888888891,0.5379150844647508,21.0,125469.0,0.09999999999999998,0.3277777777777778,0.43475319382279115,48.0,271882.0,0.5,0.3548611111111111,0.32798911934386443,77.0,292162.0,0.0
2024-01-25 18:00:00,34829.64,36296.33,33813.35,35465.2,46155.3826,1.9861082274560624,0.6666666666666666,0.5773502691896258,0.0,1.0,3,288.0,96.0,162.0,5.666666666666667,0.4500000000000002,0.5814355016602154,23.0,125290.0,0.6666666666666666,0.38333333333333336,0.4828657162552599,49.0,271501.0,0.6666666666666666,0.3826388888888889,0.3520453805600989,77.0,291414.0,0.6666666666666666
2024-01-25 19:00:00,35619.58,36868.11,34843.98,36102.32,60292.1503,1.796465267360681,0.0,0.0,0.0,0.0,2,496.0,248.0,471.0,5.0,0.4500000000000002,0.5287308739907424,25.0,125786.0,0.0,0.38333333333333336,0.48286571625526004,48.0,271703.0,0.0,0.34097222222222223,0.3520453805600989,78.0,291703.0,-1.0
2024-01-25 20:00:00,36130.68,36897.75,35627.7,36463.8,57272.2288,1.0012652926460142,0.6666666666666666,0.5773502691896258,0.0,1.0,3,129.0,43.0,100.0,5.666666666666667,0.5333333333333335,0.4610905721473175,22.0,86603.0,0.5,0.35555555555555557,0.5309782386877289,49.0,261460.0,-0.33333333333333337,0.3583333333333334,0.3552683084429999,77.0,290767.0,0.41666666666666663
2024-01-25 21:00:00,36465.3,36799.0,35971.92,36297.07,51793.131,-0.4572480103554821,0.3333333333333333,0.7071067811865476,-1.0,1.0,9,7364.0,818.2222222222222,5200.0,6.111111111111111,0.4777777777777779,0.4928754057626885,25.0,41214.0,-0.3333333333333333,0.3666666666666667,0.5201821349087682,53.0,240136.0,0.1333333333333333,0.37222222222222223,0.38473109099243935,84.0,297943.0,0.3333333333333333
2024-01-25 22:00:00,36465.34,38223.74,35568.6,37151.61,51118.298,2.354294713044336,0.6666666666666666,0.5773502691896258,0.0,1.0,3,412.0,137.33333333333334,250.0,4.666666666666667,0.5555555555555558,0.40652626479257076,23.0,19137.0,0.4666666666666666,0.4388888888888889,0.49857298846339737,51.0,195401.0,0.8666666666666667,0.4000000000000001,0.4087873522086738,87.0,298355.0,0.6666666666666666
2024-01-25 23:00:00,37243.9,37771.51,36378.58,36944.33,36888.4755,-0.5579300600969894,0.16666666666666666,0.408248290463863,0.0,1.0,6,1981.0,330.1666666666667,611.0,6.166666666666667,0.4166666666666669,0.47456764653654787,26.0,10670.0,-0.8333333333333334,0.37777777777777777,0.5062413655006495,47.0,136139.0,-0.7333333333333334,0.39305555555555555,0.4017414364284337,90.0,286040.0,-0.16666666666666666
2024-01-26 00:00:00,36993.31,37745.44,35916.69,36550.71,25414.333,-1.0654408944484883,0.25,0.9574271077563382,-1.0,1.0,4,258.0,64.5,183.0,5.5,0.3472222222222224,0.5379137862976666,27.0,10640.0,-0.41666666666666663,0.3986111111111111,0.5596746439789412,50.0,135930.0,0.25,0.40347222222222223,0.4416342325849478,92.0,286245.0,0.25
2024-01-26 01:00:00,36726.64,37380.75,36373.18,36947.13,26370.014,1.0845753748695897,0.5,0.5773502691896257,0.0,1.0,4,585.0,146.25,424.0,6.0,0.43055555555555575,0.6341388311626043,29.0,10729.0,0.5,0.44027777777777777,0.5814348525766735,54.0,136515.0,0.5,0.3826388888888889,0.46569049380118216,94.0,286089.0,-0.5
2024-01-26 02:00:00,36805.03,37149.67,36227.15,36587.5,27278.8561,-0.9733638309660232,1.0,0.5773502691896257,1.0,1.0,1,267.0,267.0,267.0,7.0,0.4861111111111113,0.6341388311626042,27.0,10867.0,0.33333333333333337,0.5097222222222222,0.547614701654961,49.0,97470.0,0.8333333333333334,0.3826388888888889,0.4897467550174166,94.0,286318.0,0.0
2024-01-26 03:00:00,36678.19,37894.65,35737.65,37179.05,34053.4749,1.616809019473875,0.0,0.0,0.0,0.0,2,354.0,177.0,200.0,5.5,0.43055555555555575,0.5162877009648463,20.0,3857.0,-0.3333333333333333,0.45416666666666666,0.5045815533637675,45.0,45071.0,-0.6666666666666666,0.3826388888888889,0.4897467550174166,93.0,285967.0,0.0
2024-01-26 04:00:00,37002.55,37913.98,35763.7,36477.6,26739.0612,-1.8866808054536224,0.0,0.0,0.0,0.0,3,573.0,191.0,264.0,6.333333333333333,0.31944444444444464,0.4200626560999086,20.0,4018.0,-0.6666666666666666,0.4375,0.4132944604462398,43.0,23155.0,-0.2,0.36180555555555555,0.4480800883507499,92.0,285200.0,-0.5
2024-01-26 05:00:00,36399.76,37079.46,35400.12,36036.58,24753.8415,-1.2090159440313997,1.0,0.0,1.0,1.0,1,66.0,66.0,66.0,6.0,0.4583333333333335,0.35202127435593145,15.0,2103.0,0.8333333333333334,0.4375,0.4132944604462398,41.0,12773.0,0.0,0.3826388888888889,0.42402382713451553,89.0,284655.0,0.5
2024-01-26 06:00:00,35868.04,36896.16,35014.52,36318.58,37972.0686,0.7825381875860682,0.0,0.0,0.0,0.0,2,409.0,204.5,213.0,6.0,0.4166666666666668,0.19245008972987512,13.0,2254.0,-0.25,0.3819444444444444,0.365181938013771,40.0,12894.0,-0.6666666666666666,0.3826388888888889,0.42402382713451553,89.0,284395.0,0.0
2024-01-26 07:00:00,36406.62,36619.88,36243.56,36495.85,26779.1231,0.4880972769309766,0.5,0.7071067811865476,0.0,1.0,2,773.0,386.5,612.0,6.0,0.4166666666666668,0.21407617506269547,11.0,2442.0,0.0,0.4236111111111111,0.42410750311265,40.0,13171.0,0.5,0.40347222222222223,0.45348660968395493,88.0,284874.0,0.5
2024-01-26 08:00:00,36555.88,38121.2,35330.24,37179.5,34599.6796,1.873226681937812,0.3333333333333333,0.5773502691896258,0.0,1.0,3,285.0,95.0,128.0,4.666666666666667,0.30555555555555575,0.21407617506269547,13.0,2460.0,-0.6666666666666667,0.3958333333333333,0.42410750311265,40.0,13327.0,-0.3333333333333333,0.3756944444444444,0.4775428709001894,89.0,274787.0,-0.6666666666666667
2024-01-26 09:00:00,37198.88,38214.22,35244.8,36474.19,41524.327,-1.897040035503428,-0.2,1.0954451150103321,-1.0,1.0,5,5873.0,1174.6,4660.0,4.8,0.27222222222222237,0.3966503608977508,16.0,7979.0,-0.2,0.3513888888888888,0.45646903093129865,36.0,11836.0,-0.5333333333333333,0.3590277777777778,0.4883255829200334,89.0,251972.0,-0.4
2024-01-26 10:00:00,36594.55,38259.2,35559.69,37196.88,34121.0533,1.9813736782091416,0.375,0.7440238091428449,-1.0,1.0,8,87771.0,10971.375,28000.0,6.125,0.33472222222222237,0.520654329088225,21.0,95177.0,0.375,0.32708333333333334,0.4703584925940669,41.0,99195.0,-0.29166666666666663,0.3829861111111111,0.4844657405287321,92.0,294596.0,0.575
2024-01-26 11:00:00,37235.34,38457.48,36644.99,37646.63,21448.6403,1.2091067853002624,0.7142857142857143,0.4879500364742666,0.0,1.0,7,28241.0,4034.4285714285716,26400.0,6.571428571428571,0.28710317460317475,0.6019793351672694,27.0,123352.0,-0.2857142857142857,0.3727182539682539,0.47700030476160055,42.0,125455.0,0.5476190476190477,0.375248015873016,0.49162083513112503,89.0,261594.0,-0.18571428571428572
2024-01-26 12:00:00,37528.79,38317.7,36303.72,37039.1,26067.4075,-1.6137699443482645,0.3333333333333333,0.5773502691896258,0.0,1.0,3,323.0,107.66666666666667,172.0,6.0,0.34265873015873033,0.6982043800322071,28.0,123266.0,0.3333333333333333,0.37966269841269845,0.44532723488104126,41.0,125520.0,0.08333333333333331,0.3891369047619048,0.5025009394299912,91.0,261450.0,0.3333333333333333
2024-01-26 13:00:00,36902.08,37200.11,36720.53,37026.05,23457.7689,-0.0352330375197995,0.0,0.0,0.0,0.0,3,749.0,249.66666666666666,604.0,6.0,0.25932539682539696,0.5803532498344491,29.0,123242.0,-0.5,0.33799603174603177,0.39721471244857237,40.0,125684.0,-0.5,0.3891369047619048,0.48932478251262296,94.0,262199.0,0.0
2024-01-26 14:00:00,36897.83,37222.62,36126.64,36636.05,53554.9929,-1.053312465142786,0.5714285714285714,0.5345224838248488,0.0,1.0,7,78833.0,11261.857142857143,28000.0,6.714285714285714,0.29900793650793667,0.5732152856069862,33.0,201790.0,0.23809523809523808,0.302281746031746,0.393645730334841,46.0,204250.0,-0.4285714285714286,0.40600198412698413,0.47063021599490096,95.0,301720.0,0.40476190476190477
2024-01-26 15:00:00,36632.59,36897.38,36438.0,36739.08,35384.2436,0.2812257325776057,-0.16666666666666666,0.752772652709081,-1.0,1.0,6,20254.0,3375.6666666666665,19200.0,6.166666666666667,0.3045634920634922,0.5161032085567777,34.0,216171.0,0.033333333333333354,0.2883928571428571,0.4563767847272644,50.0,224150.0,-0.16666666666666666,0.3712797619047619,0.4804791690455159,95.0,269221.0,-0.8333333333333333
2024-01-26 16:00:00,36622.94,37637.68,35020.76,35990.35,46668.123,-2.037966111290768,0.5,0.7071067811865476,0.0,1.0,2,481.0,240.5,371.0,5.5,0.3253968253968256,0.5099503705640616,28.0,128881.0,0.125,0.3300595238095238,0.5153023498261434,49.0,224058.0,0.5,0.383779761904762,0.4642984051361916,92.0,247213.0,0.3
2024-01-26 17:00:00,35890.01,36493.08,34865.91,35478.5,40509.3833,-1.422186780623136,0.0,0.816496580927726,-1.0,1.0,4,969.0,242.25,653.0,5.75,0.2063492063492065,0.5647081279729714,25.0,101609.0,-0.7142857142857143,0.24672619047619046,0.5833437315701205,52.0,224961.0,-1.0,0.34211309523809524,0.4983190960081802,93.0,237734.0,-1.0
2024-01-26 18:00:00,35489.32,37504.89,34089.95,36194.32,33370.5325,2.017616302831282,0.6666666666666666,0.5773502691896258,0.0,1.0,3,862.0,287.3333333333333,394.0,5.666666666666667,0.2619047619047621,0.5647081279729714,25.0,102148.0,0.3333333333333333,0.302281746031746,0.6314562540025893,53.0,225414.0,0.6666666666666666,0.34211309523809524,0.4983190960081802,93.0,238308.0,0.0
2024-01-26 19:00:00,36174.65,37749.68,35181.45,36759.96,73113.1501,1.5627866471866314,0.25,0.9574271077563382,-1.0,1.0,4,10730.0,2682.5,10300.0,5.5,0.30357142857142877,0.7242793125990278,26.0,112129.0,0.25,0.2814484126984127,0.6523162812167386,55.0,235371.0,-0.25,0.3525297619047619,0.5382118921646942,95.0,248542.0,0.25
2024-01-26 20:00:00,36694.14,38498.74,35773.09,37304.63,49403.2256,1.4816936688723192,0.25,0.9574271077563382,-1.0,1.0,0,0.0,2682.5,10300.0,5.5,0.25000000000000017,0.7947634165876094,19.0,33296.0,-0.3214285714285714,0.2745039682539683,0.6839893510972979,52.0,235086.0,-0.08333333333333331,0.3351686507936508,0.5540484271049739,92.0,248413.0,-0.41666666666666663
2024-01-26 21:00:00,37458.08,38664.62,36568.96,37940.7,41079.7241,1.705069853259511,0.0,0.0,0.0,0.0,3,280.0,93.33333333333333,170.0,5.666666666666667,0.27777777777777796,0.6693013078027624,16.0,13322.0,0.16666666666666666,0.2911706349206349,0.5927022581797702,50.0,229493.0,0.2,0.3212797619047619,0.5245856445555345,86.0,241329.0,-0.3333333333333333
2024-01-26 22:00:00,38091.81,38846.64,36705.69,37623.3,40758.7374,-0.8365686452806442,0.6666666666666666,0.5773502691896258,0.0,1.0,3,10529.0,3509.6666666666665,10300.0,6.333333333333333,0.30555555555555575,0.6476752224699422,17.0,23370.0,0.16666666666666663,0.31547619047619047,0.578812796517002,45.0,152251.0,0.29166666666666663,0.32127976190476193,0.5245856445555345,86.0,251446.0,0.0
2024-01-26 23:00:00,37637.59,38566.5,35608.05,36895.87,41308.8808,-1.9334561295792807,0.6,0.5477225575051661,0.0,1.0,5,770.0,154.0,401.0,5.8,0.4055555555555557,0.6028795518995156,18.0,23171.0,0.6,0.3059523809523809,0.5837938399362436,43.0,124780.0,-0.11428571428571432,0.3393353174603175,0.5303970723489221,85.0,250235.0,0.43333333333333335
2024-01-27 00:00:00,36867.91,37820.1,35254.52,36283.81,43497.7903,-1.6588848562183345,-0.5,0.7071067811865476,-1.0,0.0,2,390.0,195.0,350.0,6.0,0.21111111111111128,0.6245056372323359,17.0,22699.0,-1.1666666666666665,0.23650793650793647,0.5946068826026537,42.0,124847.0,-0.8333333333333333,0.3080853174603175,0.5199670587418476,83.0,250367.0,-0.75
2024-01-27 01:00:00,36336.99,38125.07,35491.36,36976.16,24623.7543,1.908151321484719,-0.5,0.7071067811865476,-1.0,0.0,2,406.0,203.0,262.0,6.0,0.08611111111111129,0.5827855828040375,15.0,12375.0,-0.75,0.19484126984126982,0.6535324477015327,41.0,124504.0,-0.5,0.2664186507936508,0.5253735800750525,81.0,250188.0,-1.0
2024-01-27 02:00:00,36823.64,38028.63,35086.13,36167.1,25410.6978,-2.1880584679426,0.0,0.0,0.0,0.0,2,234.0,117.0,123.0,4.5,0.04444444444444462,0.423214398177981,17.0,12609.0,-0.25,0.14722222222222223,0.6089889073827953,36.0,45905.0,-0.5714285714285714,0.22475198412698413,0.5013173188588181,82.0,250155.0,-1.0
2024-01-27 03:00:00,36079.81,36355.19,35668.33,35918.22,16612.0507,-0.6881392204517334,0.25,0.5,0.0,1.0,4,1152.0,288.0,725.0,5.5,0.08611111111111129,0.5065477315113144,18.0,13481.0,0.25,0.18194444444444446,0.5879245196570386,34.0,26803.0,0.41666666666666663,0.2351686507936508,0.5221506521921514,84.0,250953.0,0.25
2024-01-27 04:00:00,35930.73,36478.44,35563.9,36133.99,29646.8521,0.6007257597954396,0.25,0.5,0.0,1.0,4,1048.0,262.0,373.0,5.0,0.016666666666666847,0.49365601997971004,19.0,4000.0,-0.41666666666666663,0.16111111111111112,0.5706656212248263,36.0,27370.0,-0.25,0.24558531746031745,0.5429839855254848,85.0,251428.0,0.25
2024-01-27 05:00:00,35979.55,37387.14,34852.5,36595.59,18304.2609,1.2774675589382722,0.6,0.5477225575051661,0.0,1.0,5,1814.0,362.8,1031.0,6.0,0.016666666666666847,0.49365601997971015,19.0,5044.0,0.0,0.2111111111111111,0.5482677859396129,37.0,28215.0,0.6,0.2289186507936508,0.5658057587548667,89.0,253176.0,-0.4
2024-01-27 06:00:00,36692.67,36831.35,36443.08,36601.2,24255.3749,0.0153297159575904,0.0,0.0,0.0,0.0,3,314.0,104.66666666666667,162.0,5.333333333333333,0.10000000000000019,0.37580488978195215,20.0,4968.0,0.5,0.15555555555555556,0.5001552635071441,37.0,27667.0,-0.6666666666666666,0.2289186507936508,0.5658057587548667,90.0,253081.0,0.0
2024-01-27 07:00:00,36468.11,36760.37,36048.86,36309.1,27557.1347,-0.798061265750849,-0.4,0.8944271909999159,-1.0,1.0,5,850.0,170.0,323.0,5.0,0.11666666666666682,0.4070249580841802,23.0,5412.0,0.09999999999999998,0.10138888888888888,0.494905270444109,38.0,17787.0,-0.65,0.1914186507936508,0.5736107758304237,93.0,253158.0,-0.9
2024-01-27 08:00:00,36373.47,38082.43,35298.78,36976.06,30759.1223,1.8368948831009255,0.25,0.5,0.0,1.0,4,26526.0,6631.5,26200.0,5.5,0.15833333333333352,0.4903582914175135,25.0,31704.0,0.25,0.10138888888888888,0.4567863447977474,42.0,44313.0,0.0,0.1879464285714286,0.5703878479475227,94.0,279399.0,-0.08333333333333331
2024-01-27 09:00:00,36995.85,37183.17,36897.73,37077.35,26661.3891,0.2739339994580314,1.0,0.5,1.0,1.0,1,6700.0,6700.0,6700.0,7.0,0.2833333333333335,0.4903582914175135,22.0,37252.0,0.75,0.18472222222222223,0.49845301146441406,40.0,50733.0,1.0,0.2379464285714286,0.5455776348220921,90.0,280226.0,1.2
2024-01-27 10:00:00,37243.08,37766.4,36392.66,36952.12,21376.7652,-0.3377533723418646,0.0,0.5,0.0,0.0,1,24400.0,24400.0,24400.0,7.0,0.24166666666666684,0.4903582914175135,19.0,60604.0,-0.25,0.12916666666666668,0.4920071556986119,38.0,64604.0,-0.6666666666666666,0.2223214285714286,0.5354099761078069,83.0,216855.0,-0.375
2024-01-27 11:00:00,37006.04,37049.32,36980.47,37024.63,25392.9215,0.1962269011899664,0.2,0.8366600265340756,-1.0,1.0,5,43677.0,8735.4,24400.0,5.6,0.17500000000000018,0.5385145362556651,19.0,102467.0,-0.39999999999999997,0.09583333333333333,0.5160852781176878,38.0,107511.0,-0.39999999999999997,0.20089285714285718,0.5499395590269657,81.0,232291.0,-0.5142857142857142
2024-01-27 12:00:00,36906.65,38181.5,36074.49,37349.03,45109.468,0.8761735093639089,0.5,0.7071067811865476,0.0,1.0,2,314.0,157.0,190.0,6.5,0.2583333333333335,0.6563656664534231,18.0,102467.0,0.5,0.17916666666666667,0.5160852781176878,38.0,107435.0,1.0,0.2078373015873016,0.5553460803601707,80.0,232282.0,0.16666666666666669
2024-01-27 13:00:00,37334.56,37514.98,37241.56,37408.73,18387.4664,0.15984350865339,0.4,0.5477225575051661,0.0,1.0,5,48819.0,9763.8,24400.0,7.2,0.39166666666666683,0.5985815608709648,18.0,150436.0,0.8,0.25416666666666665,0.5028032594775725,41.0,155848.0,0.9,0.22450396825396826,0.5781678535895526,82.0,280352.0,0.4
2024-01-27 14:00:00,37403.94,37733.58,36714.47,37150.86,32849.2336,-0.6893310732548286,0.5,0.5773502691896257,0.0,1.0,4,55116.0,13779.0,34000.0,5.75,0.4333333333333335,0.611473272402569,18.0,179026.0,0.25,0.29583333333333334,0.5509157819100413,43.0,210730.0,0.5,0.2215277777777778,0.5799523446464184,79.0,256635.0,-0.0714285714285714
2024-01-27 15:00:00,37299.51,37723.75,36567.37,37027.65,40594.9917,-0.3316477734297329,0.6666666666666666,0.5773502691896258,0.0,1.0,3,28673.0,9557.666666666666,28000.0,6.333333333333333,0.37777777777777793,0.6243649839341734,20.0,200999.0,-0.33333333333333337,0.33055555555555555,0.5573616376758436,42.0,238251.0,0.41666666666666663,0.25625000000000003,0.572643078666441,76.0,265054.0,0.8333333333333333
2024-01-27 16:00:00,37051.92,37343.74,36541.28,36851.09,25831.3008,-0.4768328532866794,0.3333333333333333,0.7071067811865476,-1.0,1.0,9,16892.0,1876.888888888889,15800.0,6.444444444444445,0.4333333333333335,0.6588827807985979,28.0,193491.0,0.3333333333333333,0.33749999999999997,0.5746205361080559,47.0,254095.0,0.08333333333333331,0.24930555555555559,0.572643078666441,83.0,281465.0,-0.16666666666666669
2024-01-27 17:00:00,36748.47,37646.99,36088.53,37100.98,36177.5154,0.6781074861015091,1.0,0.0,1.0,1.0,2,4749.0,2374.5,4660.0,6.0,0.5666666666666669,0.5194394430429187,25.0,154563.0,0.8,0.3708333333333333,0.5289769896492921,44.0,257030.0,0.4,0.29097222222222224,0.5386223877944525,81.0,285245.0,1.0
2024-01-27 18:00:00,37241.18,37323.47,37105.9,37185.84,41952.4165,0.2287271117905609,-0.3333333333333333,0.5773502691896258,-1.0,0.0,3,312.0,104.0,208.0,5.0,0.427777777777778,0.49781335771009844,26.0,154561.0,-0.8333333333333333,0.3430555555555555,0.5770895120817608,44.0,257028.0,-0.3333333333333333,0.24930555555555556,0.5386223877944525,81.0,284695.0,-1.0
2024-01-27 19:00:00,37225.49,38694.78,36557.77,37734.43,47799.6747,1.475265853884178,0.6,0.5477225575051662,0.0,1.0,5,922.0,184.4,397.0,7.0,0.46111111111111125,0.49781335771009844,26.0,106664.0,0.19999999999999996,0.42638888888888893,0.5481974592905318,44.0,257100.0,1.0,0.2638888888888889,0.5215513648673203,82.0,274887.0,0.35
2024-01-27 20:00:00,37880.21,38689.02,36458.8,37238.46,44563.5032,-1.3143699268810982,0.25,0.5,0.0,1.0,4,423.0,105.75,193.0,5.75,0.41944444444444456,0.48492164617849415,26.0,51971.0,-0.25,0.42638888888888893,0.5481974592905318,44.0,230997.0,0.0,0.2638888888888889,0.5024919020441395,86.0,275310.0,0.0
2024-01-27 21:00:00,37268.95,37505.42,36855.29,37127.53,47871.7235,-0.2978909439326993,0.0,0.0,0.0,0.0,3,688.0,229.33333333333334,357.0,5.666666666666667,0.3083333333333335,0.3886966013135565,26.0,23986.0,-0.6666666666666666,0.3430555555555556,0.506530792623865,46.0,224985.0,-1.0,0.2638888888888889,0.5024919020441395,86.0,275718.0,0.0
2024-01-27 22:00:00,37312.7,37388.48,37208.91,37271.06,37124.2127,0.3865864494621673,0.14285714285714285,0.37796447300922725,0.0,1.0,7,2390.0,341.42857142857144,992.0,6.142857142857143,0.27658730158730177,0.3338395499506697,24.0,9484.0,-0.19047619047619047,0.3549603174603175,0.496361165374634,52.0,202975.0,0.14285714285714285,0.2420634920634921,0.4941841605366229,90.0,267579.0,-0.5238095238095237
2024-01-27 23:00:00,37357.99,37848.87,36543.37,37045.67,23637.4106,-0.6047319287404207,0.3333333333333333,0.5163977794943222,0.0,1.0,6,1437.0,239.5,433.0,5.333333333333333,0.16547619047619064,0.4199058465330568,28.0,6172.0,-0.6666666666666667,0.36607142857142855,0.4696726447879878,53.0,160735.0,0.1333333333333333,0.23095238095238094,0.49287896145283777,91.0,268246.0,-0.26666666666666666
2024-01-28 00:00:00,37105.94,38575.46,36232.44,37622.42,19970.6153,1.5568621110105374,0.2,0.8366600265340756,-1.0,1.0,5,586.0,117.2,249.0,6.2,0.2543650793650795,0.4631241394237984,30.0,6446.0,0.5333333333333333,0.3410714285714285,0.4804687485669485,56.0,161007.0,-0.3,0.26011904761904764,0.49827701334231816,94.0,268442.0,0.7
2024-01-28 01:00:00,37602.19,38547.57,36285.9,37119.59,41398.2493,-1.3365168960423168,0.42857142857142855,0.5345224838248488,0.0,1.0,7,1089.0,155.57142857142858,392.0,6.0,0.22579365079365096,0.4609241271437455,32.0,6613.0,-0.17142857142857143,0.3434523809523809,0.479368742426922,58.0,113277.0,0.028571428571428525,0.2988095238095238,0.49108600095224736,99.0,269125.0,0.9285714285714286
2024-01-28 02:00:00,37113.47,37401.71,36570.52,36903.84,15195.4318,-0.5812294801747497,0.0,0.816496580927726,-1.0,1.0,4,865.0,216.25,538.0,5.75,0.18412698412698428,0.5136735572983665,32.0,7055.0,-0.25,0.30178571428571427,0.49929760173843046,58.0,59026.0,-0.5,0.2988095238095238,0.525106691824236,101.0,269756.0,0.0
2024-01-28 03:00:00,36735.12,37565.05,35662.69,36304.25,25273.7877,-1.624736070826227,0.0,0.0,0.0,0.0,3,464.0,154.66666666666666,246.0,6.0,0.18412698412698428,0.5136735572983665,32.0,6831.0,0.0,0.24623015873015874,0.4511850793059616,58.0,30817.0,-0.6666666666666666,0.2883928571428572,0.5042733584909026,100.0,269068.0,-0.25
2024-01-28 04:00:00,36139.59,37848.11,34914.78,36834.32,33796.4662,1.4600769882314069,0.6,0.5477225575051661,0.0,1.0,5,979.0,195.8,368.0,5.8,0.2603174603174605,0.541966571381023,30.0,5420.0,0.45714285714285713,0.26845238095238094,0.4379030606658465,54.0,14904.0,0.26666666666666666,0.30297619047619045,0.5062617983869512,101.0,268999.0,0.35
2024-01-28 05:00:00,36957.67,37529.91,36139.24,36607.78,27124.9548,-0.6150242491241853,0.0,0.0,0.0,0.0,2,597.0,298.5,417.0,5.5,0.20476190476190492,0.455900274798636,26.0,4580.0,-0.3333333333333333,0.18511904761904763,0.4379030606658465,54.0,10752.0,-1.0,0.2779761904761905,0.4834400251575693,98.0,267782.0,-0.6
2024-01-28 06:00:00,36663.91,37949.63,35925.41,37155.9,36020.5812,1.497277354704396,0.0,0.0,0.0,0.0,1,26.0,26.0,26.0,6.0,0.17142857142857157,0.3164569370429567,22.0,4020.0,-0.2,0.2128968253968254,0.38979053823337767,52.0,10466.0,0.3333333333333333,0.2779761904761905,0.4834400251575693,96.0,267494.0,0.0
2024-01-28 07:00:00,37101.24,38514.36,36235.91,37646.96,29543.1139,1.3216205232547074,0.2,0.8366600265340756,-1.0,1.0,5,1025.0,205.0,547.0,6.0,0.1333333333333335,0.36681319416116115,20.0,3956.0,-0.22857142857142854,0.17956349206349206,0.41386866065245337,52.0,10569.0,-0.39999999999999997,0.30297619047619045,0.48103305997149254,96.0,267669.0,0.6000000000000001
2024-01-28 08:00:00,37511.04,38144.07,36148.93,37009.3,17299.2935,-1.693788821195641,0.8333333333333334,0.408248290463863,0.0,1.0,6,6358.0,1059.6666666666667,5180.0,6.166666666666667,0.2722222222222224,0.29877181241718404,22.0,9449.0,0.8333333333333334,0.22817460317460317,0.4062226848577753,54.0,16504.0,0.5833333333333334,0.3272817460317461,0.4772100720741535,98.0,247501.0,0.5833333333333334
2024-01-28 09:00:00,36958.31,37695.46,36513.62,37279.56,35978.0129,0.730248883388751,0.8333333333333334,0.408248290463863,0.0,1.0,6,76407.0,12734.5,34000.0,7.0,0.41111111111111126,0.36681319416116115,25.0,85392.0,0.8333333333333334,0.2976190476190476,0.4402433757297639,57.0,92223.0,0.8333333333333334,0.3203373015873016,0.47338708417681447,103.0,317208.0,-0.16666666666666663
2024-01-28 10:00:00,37272.67,37315.9,37199.11,37241.08,22713.3717,-0.1032201023831724,0.0,0.0,0.0,0.0,3,1344.0,448.0,1115.0,6.0,0.3111111111111113,0.27552610124363347,23.0,85757.0,-0.6,0.28571428571428575,0.4087463363123283,53.0,91177.0,-0.14285714285714285,0.3203373015873016,0.45255375084348115,105.0,294152.0,0.0
2024-01-28 11:00:00,37070.94,37324.72,36885.3,37179.91,16022.4953,-0.1642540978940454,1.0,0.0,1.0,1.0,2,26312.0,13156.0,26200.0,7.0,0.4777777777777779,0.27552610124363347,23.0,111472.0,1.0,0.3412698412698412,0.36571318802113484,49.0,116052.0,0.6666666666666667,0.35367063492063494,0.4176929164045613,102.0,276787.0,0.8
2024-01-28 12:00:00,37014.8,37495.85,35953.0,36656.88,29058.1134,-1.406754346635064,0.5,0.7071067811865476,0.0,1.0,2,853.0,426.5,801.0,5.5,0.5611111111111112,0.3933772314413914,24.0,112299.0,0.5,0.3662698412698413,0.3549170842421742,46.0,116319.0,0.3,0.35367063492063494,0.41769291640456135,102.0,277326.0,0.0
2024-01-28 13:00:00,36480.42,37354.83,36023.33,36800.79,16811.9035,0.3925866031151637,0.0,0.0,0.0,0.0,2,24530.0,12265.0,24400.0,5.0,0.527777777777778,0.2539338936857121,21.0,135804.0,-0.2,0.33055555555555555,0.3103735439234368,41.0,139760.0,-0.42857142857142855,0.3370039682539683,0.39487114317517946,99.0,253037.0,-0.4
2024-01-28 14:00:00,36982.14,38251.64,35969.18,37525.48,58790.1854,1.969224030244998,0.16666666666666666,0.983192080250175,-1.0,1.0,6,38632.0,6438.666666666667,20800.0,6.5,0.4166666666666668,0.3497578586500975,21.0,168078.0,-0.6666666666666667,0.3444444444444445,0.3242648355336409,43.0,177527.0,0.16666666666666666,0.3231150793650794,0.4117812186360357,101.0,236553.0,-0.33333333333333337
2024-01-28 15:00:00,37645.73,38473.36,36490.5,37166.7,55547.5643,-0.956097030604286,0.3333333333333333,0.5773502691896258,0.0,1.0,3,713.0,237.66666666666666,338.0,6.333333333333333,0.3333333333333335,0.37794152177105794,18.0,92384.0,-0.5,0.37222222222222223,0.37237735796610966,43.0,177776.0,0.3333333333333333,0.3092261904761905,0.4117812186360357,101.0,208593.0,-0.3333333333333333
2024-01-28 16:00:00,37149.41,37470.33,36946.34,37284.03,28490.7608,0.3156858155284103,0.0,1.0,-1.0,1.0,3,26514.0,8838.0,26200.0,5.666666666666667,0.3333333333333335,0.5446081884377246,18.0,117554.0,0.0,0.32222222222222224,0.4100671448406792,41.0,203311.0,-0.6,0.2953373015873016,0.42398510275326284,95.0,218215.0,-0.3333333333333333
2024-01-28 17:00:00,37418.1,37434.65,37409.49,37424.63,29467.5278,0.3771051573555617,0.2,0.8366600265340756,-1.0,1.0,5,1323.0,264.6,657.0,5.2,0.20000000000000015,0.6840515261934038,21.0,92565.0,-0.8,0.33888888888888896,0.47978881371851884,44.0,204037.0,0.2,0.26200396825396827,0.45884593719218264,98.0,214789.0,-0.8
2024-01-28 18:00:00,37467.57,38729.82,35669.53,36776.73,35779.1113,-1.731212840313967,0.3333333333333333,0.5773502691896258,0.0,1.0,3,324.0,108.0,282.0,4.666666666666667,0.1722222222222224,0.6624254408605836,22.0,92036.0,-0.16666666666666669,0.3666666666666667,0.5279013361509876,46.0,204335.0,0.3333333333333333,0.28978174603174606,0.45884593719218264,98.0,214801.0,0.6666666666666666
2024-01-28 19:00:00,36640.78,37074.82,36349.97,36792.43,57949.2379,0.0426900379669303,0.6,0.5477225575051662,0.0,1.0,5,1142.0,228.4,498.0,6.4,0.27222222222222237,0.7537125337781113,25.0,68648.0,0.6,0.39999999999999997,0.5038232137319119,46.0,204452.0,0.39999999999999997,0.28978174603174606,0.45884593719218264,98.0,215021.0,0.0
2024-01-28 20:00:00,36800.54,37036.14,36299.89,36609.73,39174.0213,-0.4965695388969848,0.16666666666666666,0.752772652709081,-1.0,1.0,6,11897.0,1982.8333333333333,10300.0,5.666666666666667,0.27222222222222237,0.7153092958545956,25.0,41913.0,0.0,0.3444444444444445,0.5325335772523466,46.0,209991.0,-0.6666666666666667,0.28630952380952385,0.46937813105506104,100.0,226495.0,-0.08333333333333334
2024-01-28 21:00:00,36715.74,37007.23,36228.56,36541.32,58531.6537,-0.1868628913679559,0.5,0.7071067811865476,0.0,1.0,2,6821.0,3410.5,6400.0,7.0,0.30000000000000016,0.7369353811874159,24.0,48021.0,0.16666666666666669,0.31666666666666665,0.5574384514792371,42.0,140405.0,-0.33333333333333337,0.30714285714285716,0.4988409136045005,99.0,232628.0,0.5
2024-01-28 22:00:00,36394.32,37237.35,35122.62,35861.34,60566.2192,-1.8608523173218816,0.5,0.7071067811865476,0.0,1.0,0,0.0,3410.5,6400.0,7.0,0.38333333333333347,0.6881198447185072,21.0,21507.0,0.5,0.35833333333333334,0.616364016578116,39.0,139061.0,0.5,0.32202380952380955,0.5125551764452222,92.0,230238.0,0.35714285714285715
2024-01-28 23:00:00,35996.45,36174.19,35632.45,35864.92,31562.2466,0.0099828952292435,0.4,0.5477225575051661,0.0,1.0,5,923.0,184.6,349.0,5.4,0.4166666666666668,0.6399635998803556,21.0,21107.0,0.2,0.3083333333333333,0.6620075630368798,42.0,113672.0,-0.6,0.3248015873015873,0.5138603755290073,91.0,229724.0,0.06666666666666671
2024-01-29 00:00:00,35727.85,36941.77,33790.95,35023.58,22486.8233,-2.345857735079282,0.6666666666666666,0.5773502691896258,0.0,1.0,3,428.0,142.66666666666666,259.0,5.666666666666667,0.4722222222222224,0.6399635998803556,21.0,21211.0,0.3333333333333333,0.3222222222222222,0.6511945203704698,43.0,113247.0,0.16666666666666663,0.3442460317460318,0.503055802306322,89.0,229566.0,0.4666666666666666
2024-01-29 01:00:00,34902.67,35411.16,34503.99,35114.29,21977.2373,0.2589969386339152,0.5,0.7071067811865476,0.0,1.0,2,818.0,409.0,635.0,5.0,0.4555555555555557,0.6665276371605858,18.0,20887.0,-0.09999999999999998,0.3638888888888889,0.7101200854693487,43.0,89535.0,0.5,0.34722222222222227,0.5102468146963927,84.0,229295.0,0.07142857142857145
2024-01-29 02:00:00,35035.48,35541.78510276642,33099.91097529437,34399.78746899476,106327.02167378852,-2.034791337103059,-1.0,0.7071067811865476,-1.0,-1.0,1,377.0,377.0,377.0,4.0,0.2611111111111113,0.658916658573497,13.0,9367.0,-1.1666666666666667,0.2666666666666666,0.6871129772140464,38.0,51280.0,-1.1666666666666667,0.3055555555555556,0.5056889063738436,81.0,228807.0,-1.0
2024-01-29 03:00:00,35242.78,35227.20534765501,33561.15728438542,34430.60132667605,58915.18064146554,0.0895757210973124,0.6666666666666666,0.5773502691896258,0.0,1.0,3,522.0,174.0,246.0,6.333333333333333,0.28888888888888903,0.6372905732406766,14.0,3068.0,0.16666666666666663,0.29444444444444445,0.6871129772140464,38.0,51089.0,0.3333333333333333,0.3333333333333333,0.5297451675900781,81.0,228865.0,0.6666666666666666
2024-01-29 04:00:00,35403.47,36565.36745026591,32957.91260864987,35001.85184043164,65816.67614599476,1.6591360352251616,0.4,0.5477225575051662,0.0,1.0,5,1134.0,226.8,524.0,5.8,0.2722222222222224,0.6107265359604465,19.0,4202.0,-0.09999999999999998,0.3277777777777778,0.6494231903394768,40.0,25709.0,0.4,0.325,0.5297451675900781,81.0,229020.0,-0.19999999999999996
2024-01-29 05:00:00,35784.76,36199.043809776165,33221.07387116036,34485.044665856694,113770.96749971148,-1.4765138054152027,0.5,0.5773502691896257,0.0,1.0,4,781.0,195.25,473.0,4.75,0.28888888888888903,0.6156644879078563,18.0,4060.0,0.09999999999999998,0.3527777777777778,0.6278140438941061,39.0,25167.0,0.3,0.3458333333333334,0.5538014288063124,83.0,229204.0,0.5
2024-01-29 06:00:00,35449.19,36190.57228972576,32852.23540656285,34087.408453051365,54812.483785178,-1.1530685740970603,0.0,0.0,0.0,0.0,2,367.0,183.5,208.0,5.0,0.17777777777777795,0.5194394430429187,17.0,3999.0,-0.6666666666666666,0.325,0.5797015214616373,38.0,25210.0,-0.3333333333333333,0.3458333333333334,0.5538014288063124,84.0,229545.0,0.0
2024-01-29 07:00:00,35117.05,35230.63,34901.24,35026.27,12242.4214,2.754276694990554,0.0,0.0,0.0,0.0,0,0.0,183.5,208.0,5.0,0.09444444444444461,0.4015883128451608,15.0,3181.0,-0.5,0.27499999999999997,0.5340579750028734,33.0,24068.0,-0.6,0.33749999999999997,0.5189405943673927,79.0,228520.0,-0.2
2024-01-29 08:00:00,34985.75,36810.24,33889.64,35663.7,34852.5944,1.8198626345311772,0.0,0.0,0.0,0.0,1,438.0,438.0,438.0,3.0,0.2611111111111113,0.2837371826474029,15.0,3242.0,1.0,0.2611111111111111,0.47132692061045,28.0,12609.0,-0.16666666666666666,0.3027777777777778,0.5019302489313984,74.0,222600.0,-0.8333333333333334
2024-01-29 09:00:00,35822.66,37067.19,35110.89,36281.52,22082.9732,1.7323497001152433,0.0,0.0,0.0,0.0,2,554.0,277.0,482.0,6.0,0.1500000000000002,0.1875121377824652,14.0,3274.0,-0.6666666666666666,0.21944444444444444,0.41240135551157103,28.0,6342.0,-0.5,0.26805555555555555,0.4849199034954041,70.0,146747.0,-0.8333333333333334
2024-01-29 10:00:00,36391.78,36773.96,35557.07,36080.28,22421.8348,-0.5546625389454385,1.0,0.0,1.0,1.0,2,4709.0,2354.5,4660.0,8.0,0.25000000000000017,0.0962250448649375,11.0,6849.0,0.6,0.2611111111111111,0.3534757904126921,30.0,11051.0,0.5,0.30972222222222223,0.4849199034954041,69.0,150112.0,1.0
2024-01-29 11:00:00,35961.03,36889.58,34492.71,35293.68,25786.0211,-2.180138291609701,0.5714285714285714,0.5345224838248488,0.0,1.0,7,68839.0,9834.142857142857,26200.0,6.0,0.2619047619047621,0.08908708063747468,14.0,74907.0,0.0714285714285714,0.27539682539682536,0.35237578427266564,32.0,78967.0,0.17142857142857137,0.2918650793650794,0.5071916736547727,74.0,192639.0,-0.4285714285714286
2024-01-29 12:00:00,35392.39,35707.63,34837.46,35184.46,28682.2684,-0.3094605039769216,0.2857142857142857,0.4879500364742666,0.0,1.0,7,2369.0,338.42857142857144,737.0,5.714285714285714,0.3095238095238097,0.1704120867165191,19.0,76909.0,0.2857142857142857,0.24365079365079365,0.34492576487971904,36.0,80908.0,-0.38095238095238093,0.282936507936508,0.49806014262509435,79.0,194155.0,-0.2142857142857143
2024-01-29 13:00:00,35032.68,35852.55,33387.98,34458.38,33877.3864,-2.0636383221456334,0.0,0.6324555320336759,-1.0,1.0,6,45672.0,7612.0,26200.0,6.833333333333333,0.3095238095238097,0.2758213420554651,25.0,122581.0,0.0,0.20198412698412702,0.33870482745031305,40.0,125762.0,-0.5,0.282936507936508,0.5244124564598308,83.0,215297.0,0.0
2024-01-29 14:00:00,34618.02,35139.51,33889.02,34308.55,65416.3238,-0.4348144050880909,0.3333333333333333,0.816496580927726,-1.0,1.0,6,80667.0,13444.5,30000.0,6.166666666666667,0.3650793650793653,0.41190410554341944,30.0,202810.0,0.3333333333333333,0.3130952380952381,0.34782064409541125,45.0,206052.0,1.3333333333333333,0.2898809523809524,0.5174668106547288,83.0,257332.0,0.16666666666666666
2024-01-29 15:00:00,34226.59,34389.98,33939.52,34099.45,42747.8257,-0.6094690682060477,1.0,0.816496580927726,1.0,1.0,1,26.0,26.0,26.0,8.0,0.531746031746032,0.5479868690313737,29.0,202282.0,1.0,0.3408730158730158,0.3677495034069196,43.0,205556.0,0.33333333333333337,0.3176587301587302,0.5274312403104829,81.0,256645.0,0.6666666666666667
2024-01-29 16:00:00,34202.75,36015.31,33046.5,34827.58,57885.4171,2.1353130329081704,-0.3333333333333333,0.5773502691896258,-1.0,0.0,3,301.0,100.33333333333333,242.0,4.666666666666667,0.3095238095238097,0.6442119138963114,30.0,197874.0,-1.3333333333333333,0.27976190476190477,0.3702184793806245,41.0,204723.0,-0.7333333333333334,0.3037698412698413,0.5098208348600507,81.0,230432.0,-0.3333333333333333
2024-01-29 17:00:00,34989.9,35238.86,34830.23,35078.31,60684.7123,0.71991795008437,0.0,0.0,0.0,0.0,2,101.0,50.5,84.0,6.0,0.2142857142857145,0.5551248332588367,25.0,129136.0,-0.5714285714285714,0.2380952380952381,0.32210595694815575,39.0,204043.0,-0.5,0.29543650793650794,0.47496000042113096,78.0,229210.0,-0.2
2024-01-29 18:00:00,35064.53,35335.11,34907.07,35186.31,30738.9044,0.3078825633275883,1.0,0.0,1.0,1.0,2,1101.0,550.5,1013.0,7.0,0.33333333333333354,0.47379982717979213,20.0,127868.0,0.7142857142857143,0.32142857142857145,0.32210595694815575,39.0,204777.0,1.0,0.32321428571428573,0.4509037392048965,77.0,229987.0,0.6666666666666667
2024-01-29 19:00:00,35360.2,35956.73,34996.72,35610.43,64216.0044,1.2053551509095597,0.6666666666666666,0.7071067811865476,-1.0,1.0,9,11475.0,1275.0,8400.0,5.888888888888889,0.44444444444444464,0.4862417020386041,23.0,93671.0,0.6666666666666666,0.376984126984127,0.3810315220470348,48.0,216252.0,0.6666666666666666,0.32599206349206356,0.45754474852495414,81.0,240320.0,0.06666666666666665
2024-01-29 20:00:00,35435.84,36565.2,34835.8,35906.68,61628.8078,0.8319191877211196,0.75,0.5,0.0,1.0,4,944.0,236.0,585.0,6.0,0.5138888888888891,0.43349227188398315,21.0,13948.0,0.4166666666666667,0.439484126984127,0.4226981887137014,51.0,216758.0,0.75,0.3502976190476191,0.4470125546620756,79.0,229367.0,0.5833333333333334
2024-01-29 21:00:00,35754.45,37347.0,34839.58,36371.42,63029.6442,1.2942995565170534,0.5,0.5773502691896257,0.0,1.0,4,614.0,153.5,319.0,7.25,0.43055555555555575,0.3936345532609664,24.0,14536.0,-0.5,0.48115079365079366,0.4708107111461702,53.0,216818.0,0.5,0.3502976190476191,0.44160603332887055,81.0,223160.0,0.0
2024-01-29 22:00:00,36534.04,37317.52,36106.12,36801.63,38072.3482,1.1828243164550667,0.5,0.5773502691896257,0.0,1.0,0,0.0,153.5,319.0,7.25,0.5694444444444446,0.3936345532609664,21.0,14235.0,0.8333333333333333,0.439484126984127,0.518923233578639,51.0,212109.0,-0.5,0.3502976190476191,0.4361995119956656,81.0,223160.0,0.0
2024-01-29 23:00:00,36938.81,37528.98,35899.11,36505.56,23793.0027,-0.8045024092682818,0.0,0.0,0.0,0.0,2,512.0,256.0,407.0,6.0,0.5694444444444446,0.3936345532609664,21.0,14646.0,0.0,0.39186507936507936,0.47437969325990165,46.0,143782.0,-0.5714285714285714,0.3336309523809524,0.41337773876628364,78.0,222749.0,-0.4
2024-01-30 00:00:00,36361.98,38036.94,35304.23,36973.13,34477.5473,1.2808185931129312,0.25,0.7071067811865476,-1.0,1.0,8,2286.0,285.75,904.0,5.75,0.44444444444444464,0.5114856834587244,27.0,15831.0,-0.75,0.3888888888888889,0.49264275531925833,47.0,143699.0,-0.0357142857142857,0.3162698412698413,0.4187842600994887,83.0,224607.0,-0.41666666666666663
2024-01-30 01:00:00,36988.46,38062.45,35162.27,36311.22,35060.1929,-1.790246051659672,0.5,0.7071067811865476,0.0,1.0,2,729.0,364.5,641.0,5.5,0.4166666666666668,0.5114856834587244,20.0,5085.0,-0.16666666666666663,0.4305555555555556,0.4988636927486643,43.0,98756.0,0.5,0.3162698412698413,0.4187842600994887,83.0,224518.0,0.0
2024-01-30 02:00:00,36455.38,37849.56,35386.6,36993.12,32122.5877,1.8779319450021204,-0.3333333333333333,0.5773502691896258,-1.0,0.0,3,1007.0,335.6666666666667,661.0,6.333333333333333,0.23611111111111127,0.5243773949903286,19.0,5148.0,-1.0833333333333333,0.375,0.478934833437156,40.0,19096.0,-0.6666666666666666,0.3440476190476191,0.4133777387662836,85.0,225148.0,0.6666666666666667
2024-01-30 03:00:00,36890.31,37144.1,36682.22,37003.44,24569.886,0.0278970792406907,0.3333333333333333,0.816496580927726,-1.0,1.0,6,1169.0,194.83333333333334,339.0,5.833333333333333,0.2083333333333335,0.5642351136133453,21.0,5703.0,-0.16666666666666669,0.3194444444444444,0.478934833437156,45.0,20239.0,-0.6666666666666667,0.3301587301587302,0.42334216842203776,88.0,225795.0,-0.3333333333333333
2024-01-30 04:00:00,37004.36,37279.52,36636.26,36847.04,37766.4423,-0.4226634064292467,0.3333333333333333,0.5773502691896258,0.0,1.0,3,1062.0,354.0,781.0,6.0,0.18055555555555572,0.5642351136133453,24.0,6765.0,-0.16666666666666669,0.375,0.478934833437156,45.0,21000.0,0.6666666666666666,0.3273809523809524,0.42457665640889025,86.0,225723.0,-0.06666666666666671
2024-01-30 05:00:00,36832.33,37448.24,36450.81,37111.09,24703.8385,0.7166111579111734,0.3333333333333333,0.5773502691896258,0.0,1.0,3,238.0,79.33333333333333,92.0,6.333333333333333,0.2361111111111113,0.660460158478283,25.0,6491.0,0.3333333333333333,0.40277777777777785,0.5270473558696248,46.0,21137.0,0.3333333333333333,0.32043650793650796,0.42457665640889025,85.0,225180.0,-0.16666666666666669
2024-01-30 06:00:00,37152.94,37738.2,36299.55,36795.83,26949.9755,-0.8495034772624477,1.0,0.5773502691896258,1.0,1.0,1,144.0,144.0,144.0,5.0,0.3611111111111113,0.6388340731454627,18.0,4349.0,0.75,0.40277777777777773,0.5751598783020936,45.0,20180.0,0.0,0.36210317460317465,0.4486329176251247,84.0,224957.0,1.0
2024-01-30 07:00:00,36746.5,36748.97,36741.5,36744.69,25312.9664,-0.1389831402090924,0.5,0.7071067811865476,0.0,1.0,2,538.0,269.0,434.0,6.0,0.3611111111111113,0.6388340731454627,18.0,4158.0,0.0,0.38888888888888884,0.5751598783020936,38.0,9243.0,-0.16666666666666663,0.38293650793650796,0.4780957001745642,86.0,225495.0,0.5
2024-01-30 08:00:00,36663.72,37276.32,35414.62,36194.26,16556.5619,-1.4979851510517617,1.0,0.0,1.0,1.0,4,14273.0,3568.25,13700.0,6.25,0.5833333333333336,0.542609028280525,19.0,17424.0,1.3333333333333333,0.40972222222222227,0.533493211635427,38.0,22572.0,0.25,0.42460317460317465,0.4780957001745642,89.0,239330.0,1.0
2024-01-30 09:00:00,36110.99,36700.88,35155.16,35729.38,23367.7057,-1.284402554438202,0.5,0.7071067811865476,0.0,1.0,2,274.0,137.0,210.0,7.5,0.6111111111111113,0.5243773949903286,15.0,16529.0,0.16666666666666669,0.40972222222222227,0.5443062543018371,36.0,22232.0,0.0,0.44543650793650796,0.5075584827240036,89.0,239050.0,0.5
2024-01-30 10:00:00,35604.17,36623.38,34907.79,36039.49,44065.2554,0.8679411733425013,0.0,0.0,0.0,0.0,2,11914.0,5957.0,11500.0,7.5,0.5555555555555557,0.428152350125391,14.0,27381.0,-0.3333333333333333,0.3680555555555556,0.49619373186936827,38.0,34146.0,-0.5,0.40376984126984133,0.5075584827240036,89.0,246255.0,-1.0
2024-01-30 11:00:00,36045.62,36945.03,35587.68,36363.63,28098.7234,0.899402294538576,0.5,0.5773502691896257,0.0,1.0,4,28231.0,7057.75,28000.0,6.0,0.5833333333333336,0.428152350125391,15.0,55374.0,0.16666666666666669,0.40972222222222227,0.5443062543018371,40.0,61865.0,0.5,0.40079365079365087,0.5093429737808693,86.0,205647.0,-0.0714285714285714
2024-01-30 12:00:00,36326.69,36949.1,35814.18,36603.56,26794.6463,0.6598076154663346,0.3333333333333333,1.1547005383792517,-1.0,1.0,3,935.0,311.6666666666667,716.0,6.0,0.4722222222222224,0.5243773949903286,17.0,56165.0,-0.6666666666666667,0.4166666666666667,0.5816057340678958,35.0,60514.0,0.08333333333333331,0.40277777777777785,0.5371242446935771,82.0,204213.0,0.047619047619047616
2024-01-30 13:00:00,36585.21,36945.44,35944.41,36343.24,29724.1095,-0.7111876549712681,-0.16666666666666666,0.752772652709081,-1.0,1.0,6,28297.0,4716.166666666667,24400.0,5.833333333333333,0.3611111111111113,0.5319883735774176,21.0,83924.0,-0.6666666666666666,0.3611111111111111,0.5854112233614402,39.0,88082.0,-0.6666666666666666,0.3958333333333334,0.5421374580550523,82.0,186838.0,-0.16666666666666666
2024-01-30 14:00:00,36168.73,37206.54,34540.98,35620.76,39074.872,-1.9879350327598688,0.0,0.0,0.0,0.0,2,749.0,374.5,740.0,5.5,0.19444444444444464,0.5319883735774176,19.0,70400.0,-1.0,0.38888888888888884,0.5372987009289715,38.0,87824.0,0.3333333333333333,0.3819444444444445,0.5081167671830636,78.0,106920.0,-0.3333333333333333
2024-01-30 15:00:00,35673.88,36521.1,34520.23,35209.46,56095.306,-1.154663741031925,0.5,0.7071067811865476,0.0,1.0,2,26417.0,13208.5,26200.0,6.5,0.19444444444444464,0.5319883735774176,19.0,96543.0,0.0,0.40277777777777773,0.5281828842838733,34.0,113072.0,0.16666666666666669,0.36111111111111116,0.5035588588605145,79.0,133311.0,-0.5
2024-01-30 16:00:00,35292.74,36670.53,34506.6,35842.79,50224.9939,1.798749540606415,0.0,0.7071067811865476,0.0,0.0,1,226.0,226.0,226.0,6.0,0.19444444444444464,0.6498395037751755,18.0,84855.0,0.0,0.375,0.5389959269502834,32.0,112236.0,-0.3333333333333333,0.37500000000000006,0.5089653801937196,77.0,133236.0,0.3333333333333333
2024-01-30 17:00:00,35723.64,36809.69,34973.92,36163.35,57129.7649,0.8943500213013378,0.6666666666666666,0.5773502691896258,0.0,1.0,3,20164.0,6721.333333333333,20000.0,5.333333333333333,0.2222222222222224,0.6498395037751755,17.0,76788.0,0.16666666666666663,0.40277777777777773,0.5389959269502834,32.0,132162.0,0.3333333333333333,0.40277777777777785,0.5330216414099541,78.0,153299.0,0.6666666666666666
2024-01-30 18:00:00,36008.33,36681.42,34813.89,35521.5,38626.3577,-1.7748632247842069,0.5,0.5773502691896257,0.0,1.0,4,557.0,139.25,265.0,6.0,0.2500000000000002,0.5536144589102379,18.0,76410.0,0.16666666666666669,0.3611111111111111,0.5389959269502834,35.0,132575.0,-0.5,0.3819444444444445,0.5570779026261885,80.0,152755.0,-0.5
2024-01-30 19:00:00,35572.88,36079.32,34632.12,35247.39,43581.8023,-0.7716734935180103,0.5,0.7071067811865476,0.0,1.0,2,113.0,56.5,109.0,6.0,0.3611111111111113,0.546003480323149,14.0,48226.0,0.6666666666666666,0.3611111111111111,0.5389959269502833,35.0,132150.0,0.0,0.375,0.5570779026261885,73.0,141393.0,-0.16666666666666663
2024-01-30 20:00:00,35411.48,35575.6,35141.2,35289.64,55978.1986,0.1198670312894112,-0.3333333333333333,0.5773502691896258,-1.0,0.0,3,1463.0,487.6666666666667,836.0,4.0,0.30555555555555575,0.6422285251880867,15.0,48940.0,-0.3333333333333333,0.24999999999999997,0.5871084493827522,34.0,119340.0,-1.3333333333333333,0.3298611111111111,0.5603008305090896,72.0,141912.0,-1.0833333333333333
2024-01-30 21:00:00,35445.07,36089.3,35065.62,35729.62,28232.4748,1.2467681733222546,0.5,0.5773502691896257,0.0,1.0,4,1101.0,275.25,659.0,6.0,0.30555555555555575,0.6206024398552663,17.0,23624.0,0.0,0.25,0.576295406716342,36.0,120167.0,0.0,0.3298611111111111,0.5603008305090896,72.0,142399.0,0.0
2024-01-30 22:00:00,35864.92,36019.25,35759.48,35934.41,47616.1021,0.5731659054868166,0.25,0.5,0.0,1.0,4,635.0,158.75,250.0,5.75,0.3472222222222224,0.5860846429908417,20.0,24033.0,0.25,0.2708333333333333,0.6179620733830087,38.0,108888.0,0.25,0.3194444444444445,0.5570779026261885,76.0,143034.0,-0.25
2024-01-30 23:00:00,35849.05,36701.2,34411.37,35354.73,19858.5009,-1.6131613125135449,-0.5,0.5773502691896257,-1.0,0.0,4,574.0,143.5,303.0,5.0,0.15277777777777798,0.5860846429908417,21.0,4443.0,-1.1666666666666665,0.1875,0.6179620733830087,38.0,81231.0,-1.0,0.2986111111111111,0.5811341638424229,78.0,143096.0,-0.5
2024-01-31 00:00:00,35278.43,35689.83,34944.52,35456.91,16879.0268,0.2890136623868944,0.2,0.4472135954999579,0.0,1.0,5,471.0,94.2,211.0,5.4,0.10277777777777797,0.564395197375897,22.0,4357.0,-0.3,0.1763888888888889,0.5590048281430675,40.0,80767.0,-0.1333333333333333,0.2965277777777778,0.5703052811054816,75.0,141281.0,-0.04999999999999999
2024-01-31 01:00:00,35584.69,35978.03,34843.25,35335.88,23093.0517,-0.3413439016541675,0.2,0.8366600265340756,-1.0,1.0,5,816.0,163.2,504.0,6.4,0.05277777777777798,0.5859874049338184,25.0,5060.0,-0.3,0.20694444444444446,0.5659954426284838,39.0,53286.0,0.3666666666666667,0.2840277777777778,0.575703332994962,78.0,141368.0,-0.3
2024-01-31 02:00:00,35316.39,37145.84,34426.49,35979.69,32510.6384,1.8219724540608828,0.0,0.0,0.0,0.0,4,689.0,172.25,457.0,5.5,0.10833333333333355,0.48976236006888074,26.0,4286.0,0.3333333333333333,0.20694444444444446,0.5659954426284838,41.0,53226.0,0.0,0.2979166666666667,0.5516470717787276,79.0,141050.0,0.3333333333333333
2024-01-31 03:00:00,36028.57,36270.05,35870.74,36120.78,18987.912,0.3921378977973289,0.0,0.816496580927726,-1.0,1.0,4,1067.0,266.75,409.0,5.0,0.025000000000000206,0.5296200786918974,26.0,4252.0,-0.5,0.16527777777777777,0.575111259273582,43.0,27876.0,-0.5,0.2840277777777778,0.5516470717787276,77.0,140948.0,-0.3333333333333333
2024-01-31 04:00:00,36135.11,37259.73,35477.72,36575.53,19299.5299,1.2589705980878607,0.5,0.7071067811865476,0.0,1.0,2,189.0,94.5,160.0,6.5,0.06666666666666687,0.5641378755563221,24.0,3806.0,0.25,0.20694444444444446,0.575111259273582,44.0,27839.0,0.5,0.29097222222222224,0.5570535931119327,76.0,140075.0,0.16666666666666669
2024-01-31 05:00:00,36392.69,37714.14,35715.46,36851.79,19336.2237,0.7553137302453328,-0.5,0.7071067811865476,-1.0,0.0,2,618.0,309.0,604.0,5.5,0.06666666666666687,0.5857639608891424,22.0,3850.0,0.0,0.10972222222222223,0.5859243019399921,43.0,8293.0,-1.1666666666666665,0.25625000000000003,0.5624601144451377,75.0,140455.0,-0.8333333333333333
2024-01-31 06:00:00,37007.34,38715.43,36208.55,37668.97,23556.6302,2.2174770886298933,0.3333333333333333,0.5773502691896258,0.0,1.0,3,842.0,280.6666666666667,574.0,6.0,0.08888888888888909,0.607453406504087,20.0,4221.0,0.1333333333333333,0.09583333333333334,0.5859243019399921,42.0,8578.0,-0.16666666666666669,0.22847222222222227,0.5624601144451377,77.0,141153.0,-0.6666666666666667
2024-01-31 07:00:00,37567.72,38677.68,35694.69,36827.21,28157.5317,-2.2346244136752347,0.0,0.7071067811865476,-1.0,1.0,5,344.0,68.8,132.0,5.6,0.055555555555555754,0.5858611989461657,20.0,3749.0,-0.2,0.054166666666666675,0.5859243019399921,45.0,8809.0,-0.5,0.20763888888888893,0.5624601144451377,80.0,140959.0,-0.5
2024-01-31 08:00:00,36703.2,37577.6,36180.09,37051.32,20209.7018,0.6085446060127842,0.0,0.0,0.0,0.0,2,269.0,134.5,258.0,7.0,0.055555555555555754,0.5858611989461657,18.0,3329.0,0.0,0.08194444444444444,0.5378117795075233,44.0,7615.0,0.3333333333333333,0.16597222222222227,0.5624601144451377,78.0,126955.0,-1.0
2024-01-31 09:00:00,36954.82,38099.77,36232.94,37345.86,26726.5089,0.7949514349286257,0.0,0.0,0.0,0.0,4,7886.0,1971.5,6700.0,4.5,0.055555555555555754,0.44977843545821133,18.0,10148.0,0.0,0.04027777777777778,0.4896992570750545,44.0,14400.0,-0.5,0.14513888888888893,0.5329973318956983,80.0,134567.0,-0.5
2024-01-31 10:00:00,37436.58,38606.68,36565.93,37899.01,17699.8851,1.4811548053786927,0.0,0.7071067811865476,-1.0,1.0,5,1562.0,312.4,544.0,6.0,-0.02777777777777758,0.44977843545821133,21.0,11521.0,-0.5,0.019444444444444448,0.5069581555072668,45.0,15327.0,-0.25,0.14513888888888893,0.5624601144451378,83.0,124215.0,0.0
2024-01-31 11:00:00,37950.89,38382.98,37647.39,38129.61,13937.7759,0.6084591655560301,0.0,1.1547005383792515,-1.0,1.0,4,1356.0,339.0,793.0,5.5,0.055555555555555754,0.5243773949903286,23.0,12259.0,0.5,0.061111111111111116,0.5550706779397356,45.0,16109.0,0.5,0.1243055555555556,0.5865163756613722,83.0,97340.0,-0.5
2024-01-31 12:00:00,37957.89,38082.6,37889.83,38010.98,21859.5335,-0.311123035352312,0.6666666666666666,0.5773502691896258,0.0,1.0,3,1217.0,405.6666666666667,491.0,5.666666666666667,0.11111111111111131,0.5243773949903286,23.0,12634.0,0.3333333333333333,0.10000000000000002,0.5659154007472079,43.0,16855.0,0.4666666666666666,0.13819444444444448,0.5624601144451377,83.0,97622.0,0.3333333333333333
2024-01-31 13:00:00,38097.31,38634.99,37040.76,37690.14,20686.3197,-0.8440718971202577,0.5,0.5345224838248488,0.0,1.0,8,74756.0,9344.5,32000.0,6.375,0.19444444444444464,0.4956133454300456,26.0,87046.0,0.5,0.125,0.5407372721881056,46.0,90795.0,0.3,0.16597222222222227,0.5533663574082948,85.0,144081.0,0.6666666666666666
2024-01-31 14:00:00,37803.01,39738.88,36422.69,38555.99,49790.0053,2.2972851785639348,0.0,0.816496580927726,-1.0,1.0,7,70031.0,10004.42857142857,28000.0,6.142857142857143,0.19444444444444464,0.6316961089179999,31.0,156808.0,0.0,0.125,0.6087786539320829,49.0,160137.0,0.0,0.16597222222222227,0.5873870482802833,90.0,213363.0,0.0
2024-01-31 15:00:00,38730.13,39982.26,37177.72,38042.34,45866.253,-1.332218417942321,0.3333333333333333,0.5773502691896258,0.0,1.0,3,19319.0,6439.666666666667,19000.0,6.666666666666667,0.25000000000000017,0.7279211537829376,30.0,168241.0,0.3333333333333333,0.15277777777777776,0.5888497946205745,48.0,178389.0,0.3333333333333333,0.1590277777777778,0.5819805269470782,91.0,206265.0,-0.16666666666666669
2024-01-31 16:00:00,38172.27,39558.93,37543.72,38656.68,55583.209,1.6148848887844514,1.0,0.5773502691896258,1.0,1.0,1,59.0,59.0,59.0,7.0,0.4166666666666668,0.7062950684501171,26.0,166738.0,1.0,0.19444444444444445,0.5780367519541644,47.0,178259.0,0.5,0.20069444444444448,0.5765740056138732,91.0,206098.0,1.0
2024-01-31 17:00:00,38761.53,38919.84,38564.59,38673.09,46702.2986,0.0424506191426532,0.0,0.0,0.0,0.0,3,791.0,263.6666666666667,548.0,6.666666666666667,0.4166666666666668,0.513844978720242,25.0,166173.0,0.0,0.23611111111111113,0.5191111868552855,48.0,178432.0,0.5,0.1729166666666667,0.5525177443976387,91.0,186725.0,-0.6666666666666666
2024-01-31 18:00:00,38681.27,40604.53,37379.46,39427.22,42100.9931,1.950012269513524,0.0,0.0,0.0,0.0,0,0.0,263.6666666666667,548.0,6.666666666666667,0.30555555555555575,0.4176199338553044,22.0,164956.0,-0.6666666666666666,0.20833333333333334,0.47099866442281657,45.0,177590.0,-0.3333333333333333,0.15208333333333338,0.5284614831814043,87.0,186168.0,-0.5
2024-01-31 19:00:00,39478.15,40887.84,37586.38,38755.2,43190.8707,-1.7044569716049065,0.0,0.816496580927726,-1.0,1.0,4,1630.0,407.5,1158.0,5.5,0.2222222222222224,0.46461561670578383,18.0,91830.0,-0.5,0.20833333333333334,0.48011448106791477,44.0,178876.0,0.0,0.13125000000000003,0.5330193915039535,89.0,187685.0,-0.5
2024-01-31 20:00:00,38638.44,40369.89,37815.38,39237.37,36208.8087,1.244142721492869,0.375,0.7440238091428449,-1.0,1.0,8,11165.0,1395.625,10300.0,5.5,0.2847222222222224,0.4525368214083037,19.0,32964.0,0.375,0.23958333333333334,0.5421164651631519,50.0,189772.0,0.375,0.16076388888888893,0.5399641223353376,94.0,197387.0,0.7083333333333333
2024-01-31 21:00:00,39168.51,39909.02,37972.08,38647.35,52473.8072,-1.5037195408357018,0.0,1.0,-1.0,1.0,3,489.0,163.0,259.0,6.0,0.22916666666666685,0.5229784432100327,19.0,14134.0,-0.3333333333333333,0.23958333333333334,0.6254497984964852,49.0,182375.0,0.0,0.13993055555555559,0.5575745277857699,93.0,196775.0,-0.5
2024-01-31 22:00:00,38470.34,39595.87,37738.82,38906.56,38573.83,0.6707057534345751,1.0,1.0,1.0,1.0,1,37.0,37.0,37.0,7.0,0.22916666666666685,0.5934200650117617,19.0,14112.0,0.0,0.3229166666666667,0.6498575667309395,45.0,180850.0,1.0,0.17118055555555559,0.5784078611191031,90.0,196177.0,0.75
2024-01-31 23:00:00,38773.38,39847.47,36907.31,38139.67,41160.76,-1.971107186037524,0.0,0.0,0.0,0.0,3,110.0,36.666666666666664,77.0,5.0,0.22916666666666685,0.5934200650117617,19.0,13431.0,0.0,0.3229166666666667,0.5536325218660019,44.0,179604.0,0.0,0.19201388888888893,0.5543515999028688,89.0,195713.0,0.5
2024-02-01 00:00:00,37971.77,38578.07,37569.22,38191.36,15126.3472,0.1355281784032325,0.0,0.0,0.0,0.0,3,540.0,180.0,439.0,6.0,0.22916666666666685,0.5934200650117617,22.0,13971.0,0.0,0.2673611111111111,0.5055199994335332,44.0,178927.0,-0.6666666666666666,0.1836805555555556,0.5357177000903706,87.0,195782.0,-0.2
2024-02-01 01:00:00,38375.32,39617.94,37558.34,38818.26,21121.5483,1.641470741026252,1.0,0.0,1.0,1.0,1,27.0,27.0,27.0,5.0,0.3958333333333335,0.4573373015238074,19.0,12368.0,1.0,0.3090277777777778,0.46097645911479573,37.0,104198.0,0.5,0.21701388888888892,0.5008568656514507,83.0,194993.0,0.8
2024-02-01 02:00:00,38891.72,39180.28,38247.68,38671.08,23986.4408,-0.3791514611937829,0.0,0.0,0.0,0.0,1,36.0,36.0,36.0,5.0,0.3333333333333335,0.33333333333333326,12.0,1239.0,-0.375,0.3090277777777778,0.3929350773708185,31.0,34203.0,0.0,0.21701388888888892,0.5008568656514507,80.0,194340.0,0.0
2024-02-01 03:00:00,38591.69,39307.03,38181.29,38895.85,25251.424,0.5812353831338379,0.0,0.7071067811865476,-1.0,1.0,5,1605.0,321.0,866.0,5.8,0.3333333333333335,0.2845177968644245,14.0,2355.0,0.0,0.28125,0.40374812003722865,33.0,16489.0,-0.3333333333333333,0.21701388888888892,0.4962989573289016,81.0,194878.0,0.0
2024-02-01 04:00:00,38808.46,40316.37,37963.04,39322.83,14421.4673,1.0977520738073787,0.0,0.0,0.0,0.0,2,273.0,136.5,219.0,7.0,0.16666666666666685,0.11785113019775785,15.0,2591.0,-1.0,0.19791666666666666,0.3556355976047599,34.0,16703.0,-1.0,0.19618055555555558,0.4668361747794621,81.0,194962.0,-0.5
2024-02-01 05:00:00,39242.48,39797.34,38425.03,38871.01,27031.0907,-1.14900173766741,0.5,0.8366600265340756,-1.0,1.0,6,826.0,137.66666666666666,406.0,6.166666666666667,0.25000000000000017,0.2572944679534371,18.0,3307.0,0.5,0.23958333333333334,0.4253572664825995,37.0,16738.0,0.5,0.23784722222222224,0.4722342266689425,85.0,195170.0,1.0
2024-02-01 06:00:00,38748.77,40155.26,36644.56,38002.81,25009.5991,-2.2335411402996885,0.5,0.7071067811865476,0.0,1.0,2,111.0,55.5,58.0,6.0,0.3333333333333335,0.3751455981511951,17.0,2878.0,0.5,0.28125,0.4842828315814785,39.0,16849.0,0.5,0.2447916666666667,0.47764074800214756,84.0,194439.0,0.16666666666666669
2024-02-01 07:00:00,38062.96,38211.84,37966.92,38122.28,24724.8869,0.3143714898977245,0.3333333333333333,0.5773502691896258,0.0,1.0,3,231.0,77.0,140.0,5.333333333333333,0.2222222222222224,0.4713706430161327,19.0,3082.0,-0.6666666666666667,0.3090277777777778,0.4643539722699701,38.0,15450.0,0.3333333333333333,0.2586805555555556,0.4722342266689425,82.0,194326.0,0.3333333333333333
2024-02-01 08:00:00,38165.37,38629.22,37545.63,37894.55,19998.8665,-0.5973672088867565,0.3333333333333333,1.1547005383792517,-1.0,1.0,3,5301.0,1767.0,5180.0,5.666666666666667,0.27777777777777796,0.663820732746008,21.0,8347.0,0.3333333333333333,0.3055555555555556,0.49857703303967077,33.0,9586.0,-0.041666666666666685,0.2725694444444445,0.5203467491014112,83.0,199358.0,0.3333333333333333
2024-02-01 09:00:00,38021.57,39090.71,36691.81,37458.51,21257.0714,-1.150666784537624,0.3333333333333333,0.5773502691896258,0.0,1.0,3,496.0,165.33333333333334,274.0,6.0,0.3333333333333335,0.6421946474131877,19.0,7238.0,0.3333333333333333,0.3333333333333333,0.4633562221388062,33.0,9593.0,0.3333333333333333,0.28645833333333337,0.5444030103176457,82.0,191968.0,0.3333333333333333
2024-02-01 10:00:00,37485.11,38859.86,36667.9,37989.36,27265.7649,1.4171679546249871,-0.5,0.7071067811865476,-1.0,0.0,2,279.0,139.5,260.0,5.0,0.25000000000000017,0.7600457776109456,19.0,7244.0,-0.5,0.20833333333333337,0.4389484539043518,34.0,9835.0,-1.5,0.26562500000000006,0.5444030103176457,79.0,190685.0,-0.5
2024-02-01 11:00:00,37938.59,38301.44,37625.99,38099.38,18902.1544,0.2896074058631015,0.6,0.5477225575051662,0.0,1.0,5,43491.0,8698.2,22400.0,6.6,0.26666666666666683,0.7118895327727941,18.0,49909.0,0.09999999999999998,0.2583333333333333,0.4845920003631156,36.0,53216.0,0.6,0.290625,0.5191122611145588,80.0,232820.0,0.6
2024-02-01 12:00:00,38247.88,39430.84,36802.89,37605.25,35723.4519,-1.2969502390852483,0.25,0.9574271077563382,-1.0,1.0,4,1276.0,319.0,474.0,5.5,0.22500000000000017,0.7536095872010925,20.0,51074.0,-0.25,0.2791666666666666,0.5643775926761437,37.0,53952.0,0.25,0.2732638888888889,0.5349487960548385,81.0,232879.0,-0.41666666666666663
2024-02-01 13:00:00,37573.64,37921.31,37011.06,37376.86,15400.8196,-0.6073354119438101,0.5,0.7071067811865476,0.0,1.0,2,530.0,265.0,437.0,5.0,0.25277777777777793,0.7752356725339128,19.0,51373.0,0.16666666666666669,0.23749999999999996,0.6233031577750228,38.0,54455.0,-0.5,0.2732638888888889,0.5421398084449093,75.0,158653.0,0.0
2024-02-01 14:00:00,37216.28,37787.18,36349.74,36924.37,34031.8946,-1.210615337939025,0.2,0.8366600265340756,-1.0,1.0,5,2040.0,408.0,790.0,6.8,0.23055555555555574,0.7222289205597168,21.0,48112.0,-0.1333333333333333,0.25416666666666665,0.6930248266528624,42.0,56459.0,0.2,0.2815972222222222,0.5429799520118405,73.0,90662.0,0.2
2024-02-01 15:00:00,36936.06,37679.76,35835.38,36477.26,49150.9177,-1.2108805106221143,0.4,0.5477225575051661,0.0,1.0,5,51271.0,10254.2,26200.0,6.2,0.24166666666666684,0.7172909686123069,23.0,98887.0,0.06666666666666671,0.2875,0.6797428080127473,42.0,106125.0,0.4,0.28437500000000004,0.541745464024988,75.0,122614.0,0.06666666666666671
2024-02-01 16:00:00,36568.16,36727.51,36231.84,36444.1,39621.4536,-0.0909059507210874,-0.5,0.7071067811865476,-1.0,0.0,2,102.0,51.0,101.0,6.5,0.24166666666666684,0.7172909686123067,23.0,98710.0,0.0,0.24583333333333335,0.7386683731116263,42.0,105954.0,-0.5,0.22187500000000004,0.5471519853581931,76.0,122657.0,-1.5
2024-02-01 17:00:00,36504.32,37808.69,35752.86,37063.31,44318.6556,1.6990678875318688,0.0,0.0,0.0,0.0,2,590.0,295.0,371.0,6.5,0.14166666666666686,0.6260038756947791,20.0,55809.0,-0.6,0.2041666666666667,0.6689467042337865,38.0,105718.0,-0.5,0.22187500000000004,0.5471519853581931,75.0,122456.0,0.0
2024-02-01 18:00:00,36936.62,38817.73,35845.35,37673.04,50991.6821,1.6451040125666117,0.0,0.7071067811865476,-1.0,1.0,5,638.0,127.6,397.0,5.0,0.10000000000000019,0.5842838212664807,21.0,55171.0,-0.25,0.1625,0.6689467042337865,41.0,106245.0,-0.5,0.22187500000000004,0.5766147679076326,80.0,123094.0,0.0
2024-02-01 19:00:00,37606.98,37956.52,37115.98,37414.01,55988.0586,-0.6875739255446267,0.5,0.7071067811865476,0.0,1.0,2,138.0,69.0,71.0,5.0,0.10000000000000019,0.5842838212664806,21.0,54779.0,0.0,0.1763888888888889,0.6797597469001969,40.0,106152.0,0.16666666666666669,0.2427083333333334,0.5720568595850835,78.0,121602.0,0.5
2024-02-01 20:00:00,37437.63,38214.13,36177.76,37009.24,44330.3203,-1.0818674608789711,0.6666666666666666,0.5773502691896258,0.0,1.0,3,1219.0,406.3333333333333,633.0,5.333333333333333,0.17777777777777795,0.541065528375739,19.0,53958.0,0.4666666666666666,0.2041666666666667,0.6316472244677279,40.0,102070.0,0.3333333333333333,0.25486111111111115,0.5651121287536993,73.0,111656.0,0.29166666666666663
2024-02-01 21:00:00,36989.81,37261.0,36535.09,36837.55,49287.3179,-0.4639111746147617,0.3333333333333333,1.1547005383792517,-1.0,1.0,3,617.0,205.66666666666666,516.0,6.333333333333333,0.16666666666666682,0.6422285251880867,17.0,3304.0,-0.06666666666666671,0.2041666666666667,0.6797597469001969,40.0,102191.0,0.0,0.26875000000000004,0.5715579845195015,73.0,111784.0,0.3333333333333333
2024-02-01 22:00:00,37019.31,37441.92,36321.68,36725.88,52365.9393,-0.3031417670284919,0.0,0.0,0.0,0.0,5,530.0,106.0,311.0,6.0,0.25000000000000017,0.5243773949903288,20.0,3732.0,0.5,0.24583333333333335,0.6208341818013178,43.0,102442.0,0.5,0.2270833333333334,0.5298913178528348,77.0,112277.0,-1.0
2024-02-01 23:00:00,36844.12,37520.96,36384.75,37123.72,32689.8377,1.083268801183257,0.0,1.1547005383792515,-1.0,1.0,4,1259.0,314.75,740.0,4.75,0.25000000000000017,0.716827484720204,22.0,4401.0,0.0,0.19583333333333333,0.6714156802074916,42.0,60210.0,-0.6,0.2270833333333334,0.5780038402853036,78.0,113426.0,0.0
2024-02-02 00:00:00,36995.54,38011.05,35414.84,36311.47,26236.559,-2.187954224415012,0.25,0.5,0.0,1.0,4,724.0,181.0,371.0,6.0,0.2916666666666668,0.6823096878557794,21.0,4487.0,0.25,0.19583333333333333,0.6332967545611301,42.0,59658.0,0.0,0.23750000000000004,0.598837173618637,79.0,113610.0,0.25
2024-02-02 01:00:00,36214.52,37239.0,35529.65,36665.13,40026.3615,0.9739622218543964,0.5,0.7071067811865476,0.0,1.0,2,361.0,180.5,191.0,6.0,0.2916666666666668,0.6823096878557794,21.0,4710.0,0.0,0.19583333333333333,0.6332967545611301,42.0,59489.0,0.0,0.2166666666666667,0.6282999561680764,80.0,113944.0,-0.5
2024-02-02 02:00:00,36747.11,37753.84,35946.07,37177.64,31782.9656,1.3978131265319549,0.5,0.5773502691896257,0.0,1.0,4,1268.0,317.0,530.0,6.25,0.26388888888888906,0.6823096878557794,22.0,4759.0,-0.16666666666666663,0.22083333333333333,0.6116876081157593,41.0,58717.0,0.3,0.23750000000000004,0.6523562173843108,83.0,115176.0,0.5
2024-02-02 03:00:00,37329.2,37676.2,37075.43,37471.39,20355.7527,0.7901254625091836,0.5,0.7071067811865476,0.0,1.0,2,284.0,142.0,269.0,7.0,0.2916666666666668,0.6077107283236619,21.0,4426.0,0.16666666666666669,0.22916666666666666,0.6249696267558744,38.0,7730.0,0.09999999999999998,0.25833333333333336,0.6523562173843108,80.0,113855.0,0.5
2024-02-02 04:00:00,37304.99,38306.83,36555.64,37709.23,29321.3939,0.6347242522895646,0.25,0.5,0.0,1.0,4,634.0,158.5,290.0,6.25,0.3333333333333335,0.6910440616569953,20.0,4530.0,0.25,0.2916666666666667,0.6077107283236621,40.0,8262.0,0.75,0.26875000000000004,0.6731895507176442,82.0,114216.0,0.25
2024-02-02 05:00:00,37848.67,38561.22,36739.1,37434.94,18391.9802,-0.7273815986165721,0.25,0.5,0.0,1.0,4,562.0,140.5,220.0,5.5,0.37500000000000017,0.5819273052604533,20.0,3833.0,0.25,0.3125,0.6493773949903288,42.0,8234.0,0.25,0.25833333333333336,0.6591620496120577,80.0,113952.0,-0.25
2024-02-02 06:00:00,37390.95,37750.94,36622.49,37098.98,18449.9703,-0.8974503498603181,0.0,0.816496580927726,-1.0,1.0,4,1052.0,263.0,504.0,5.75,0.3333333333333335,0.6346767354150744,20.0,4161.0,-0.25,0.3125,0.658493211635427,41.0,8648.0,0.0,0.23750000000000004,0.6637199579346068,82.0,114893.0,-0.5
2024-02-02 07:00:00,36995.4,38182.86,35323.01,36330.25,28142.9069,-2.072105486458131,0.2,0.447213595499958,0.0,1.0,5,1341.0,268.2,589.0,5.6,0.2833333333333335,0.5913612044673094,23.0,5141.0,-0.3,0.28750000000000003,0.6368354461615445,44.0,9851.0,-0.3,0.2319444444444445,0.6582975965308706,84.0,116003.0,-0.1333333333333333
2024-02-02 08:00:00,36331.97,36910.26,35316.01,35928.08,14532.7708,-1.106983849546861,0.3333333333333333,0.5163977794943223,0.0,1.0,6,2079.0,346.5,605.0,6.0,0.2555555555555557,0.581202456184759,25.0,5952.0,-0.16666666666666669,0.25972222222222224,0.6317560720202692,47.0,10711.0,-0.3333333333333333,0.23194444444444448,0.6317016482439985,87.0,112781.0,0.0
2024-02-02 09:00:00,35953.75,36938.53,34483.68,35305.59,32118.1844,-1.732600239144444,0.6666666666666666,0.5773502691896258,0.0,1.0,3,3191.0,1063.6666666666667,3000.0,5.666666666666667,0.2833333333333335,0.5595763708519386,26.0,8859.0,0.16666666666666663,0.28750000000000003,0.5836435495878004,47.0,13285.0,0.3333333333333333,0.24583333333333335,0.6317016482439987,87.0,115476.0,0.3333333333333333
2024-02-02 10:00:00,35175.09,36021.44,33844.36,34661.35,25650.101,-1.8247535305315643,0.5,0.5773502691896257,0.0,1.0,4,32513.0,8128.25,32000.0,7.25,0.3250000000000001,0.572468082383543,26.0,40738.0,0.25,0.32916666666666666,0.6317560720202692,46.0,45268.0,0.5,0.28750000000000003,0.6262951269107936,89.0,147710.0,1.0
2024-02-02 11:00:00,34701.56,35485.67,34290.26,35028.68,28792.9738,1.0597683010038716,0.0,0.816496580927726,-1.0,1.0,4,521.0,130.25,245.0,5.25,0.2833333333333335,0.6252175125381639,26.0,40697.0,-0.25,0.32916666666666666,0.6035724088993087,46.0,44530.0,0.0,0.2625,0.6374940445534002,88.0,104740.0,-0.6
2024-02-02 12:00:00,35177.25,36180.56,33711.13,34599.77,22001.5057,-1.2244537904368746,-0.3333333333333333,0.5773502691896258,-1.0,0.0,3,491.0,163.66666666666666,357.0,4.666666666666667,0.22777777777777794,0.5853597939151473,25.0,40136.0,-0.3333333333333333,0.28055555555555556,0.6100182646651109,45.0,44297.0,-0.5833333333333333,0.2381944444444445,0.6216575096131205,87.0,103955.0,-0.5833333333333333
2024-02-02 13:00:00,34632.25,35583.91,32661.43,33973.14,38869.6396,-1.8110814031422675,0.6,0.5477225575051661,0.0,1.0,5,13884.0,2776.8,13700.0,6.2,0.29444444444444456,0.602111287582682,25.0,52679.0,0.39999999999999997,0.2888888888888889,0.5967362460249958,48.0,57820.0,0.09999999999999998,0.24236111111111117,0.6150165002930629,90.0,117309.0,0.09999999999999998
2024-02-02 14:00:00,33953.51,34548.01,32580.39,33472.48,36579.9635,-1.4736936297321868,0.8333333333333334,0.408248290463863,0.0,1.0,6,15108.0,2518.0,13800.0,5.333333333333333,0.37777777777777793,0.584086372744272,25.0,65708.0,0.5,0.31666666666666665,0.5826444144645155,50.0,71660.0,0.33333333333333337,0.26875000000000004,0.5971660112901374,91.0,130377.0,0.6333333333333333
2024-02-02 15:00:00,33558.75,34643.09,32969.85,34032.28,76126.3734,1.6724186555642009,0.6,0.5477225575051662,0.0,1.0,5,1873.0,374.6,473.0,5.2,0.36666666666666686,0.5791484207968621,27.0,64390.0,-0.06666666666666665,0.325,0.5693623958244004,53.0,73249.0,0.09999999999999998,0.27708333333333335,0.5971660112901374,91.0,80979.0,0.19999999999999996
2024-02-02 16:00:00,34157.77,35124.87,33390.12,34595.18,33519.6847,1.6540178912491266,-0.25,0.5,-1.0,0.0,4,899.0,224.75,334.0,5.75,0.2416666666666668,0.5662567092652578,27.0,32776.0,-0.75,0.2833333333333333,0.5693623958244004,53.0,73514.0,-0.5,0.28750000000000003,0.5885365620740313,93.0,81776.0,0.25
2024-02-02 17:00:00,34430.07,35083.46,33483.08,34029.32,46320.8189,-1.6356613840425194,0.0,0.5,0.0,0.0,1,437.0,437.0,437.0,7.0,0.2416666666666668,0.5135072791106368,24.0,32692.0,0.0,0.2625,0.5693623958244004,50.0,73389.0,-0.25,0.28750000000000003,0.6093698954073646,92.0,81623.0,0.0
2024-02-02 18:00:00,34023.54,34747.34,33473.13,34336.46,30063.4455,0.9025746033126668,0.5,0.5773502691896257,0.0,1.0,4,984.0,246.0,888.0,7.0,0.3805555555555557,0.5135072791106368,25.0,33185.0,0.8333333333333333,0.30416666666666664,0.5494335365128921,50.0,73321.0,0.5,0.30833333333333335,0.6039633740741596,91.0,81969.0,0.5
2024-02-02 19:00:00,34392.61,35231.82,32868.24,33764.58,65856.1989,-1.665518227563345,0.25,0.5,0.0,1.0,4,984.0,246.0,383.0,5.75,0.32222222222222235,0.5055535195264423,24.0,20285.0,-0.35,0.30833333333333335,0.5538324035545622,49.0,72964.0,0.04999999999999999,0.29791666666666666,0.5953339248580534,93.0,82815.0,-0.25
2024-02-02 20:00:00,33613.68,34072.84,33299.29,33821.76,41777.0995,0.1693490634268268,0.8,0.4472135954999579,0.0,1.0,5,1332.0,266.4,595.0,5.0,0.3166666666666668,0.5120477370324582,23.0,6509.0,-0.033333333333333326,0.34722222222222227,0.5480670548883652,48.0,72217.0,0.46666666666666673,0.3034722222222223,0.5899115634543172,95.0,82928.0,0.13333333333333341
2024-02-02 21:00:00,33875.91,34969.4,32941.04,34369.52,51806.083,1.6195490713670546,0.3333333333333333,0.5773502691896258,0.0,1.0,3,296.0,98.66666666666667,168.0,6.0,0.27222222222222237,0.5169856889798682,21.0,4932.0,-0.26666666666666666,0.3194444444444444,0.5480670548883652,48.0,69322.0,-0.3333333333333333,0.30347222222222225,0.5658553022380828,95.0,82607.0,0.0
2024-02-02 22:00:00,34328.52,35820.47,33378.01,34982.97,67982.6139,1.7848663583314606,1.0,0.0,1.0,1.0,2,157.0,78.5,92.0,6.5,0.4805555555555557,0.4336523556465348,19.0,4190.0,1.25,0.3611111111111111,0.4999545324558963,46.0,36966.0,0.5,0.3451388888888889,0.5658553022380828,92.0,82234.0,1.0
2024-02-02 23:00:00,34873.27,34875.6,34871.51,34874.18,12712.7489,-0.3109798853556444,0.0,0.816496580927726,-1.0,1.0,4,639.0,159.75,272.0,6.25,0.4805555555555557,0.48640178580115584,22.0,4392.0,0.0,0.3611111111111111,0.49995453245589644,46.0,37084.0,0.0,0.3451388888888889,0.5517634706776026,92.0,81614.0,0.0
2024-02-03 00:00:00,34884.44,35236.21,34344.36,34652.21,20493.7898,-0.6364880837341547,0.5,0.7071067811865476,0.0,1.0,2,543.0,271.5,540.0,5.5,0.4805555555555557,0.5080278711339762,20.0,3951.0,0.0,0.4305555555555556,0.5107675751223065,45.0,37136.0,0.8333333333333333,0.35555555555555557,0.5603929198937088,90.0,81433.0,0.25
2024-02-03 01:00:00,34695.61,35421.44,33743.38,34329.5,34979.3733,-0.9312825935200107,0.3333333333333333,0.5773502691896258,0.0,1.0,3,626.0,208.66666666666666,487.0,6.333333333333333,0.49444444444444463,0.5209195826655805,19.0,3593.0,0.08333333333333331,0.40833333333333327,0.5132365510960115,43.0,23878.0,-0.26666666666666666,0.34861111111111115,0.5549863985605036,91.0,81698.0,-0.16666666666666669
2024-02-03 02:00:00,34459.5,35994.16,33801.07,34997.62,25349.4167,1.9461978764619523,-0.3333333333333333,0.5773502691896258,-1.0,0.0,3,933.0,311.0,697.0,6.333333333333333,0.30555555555555575,0.5426090282805252,17.0,3194.0,-1.1333333333333333,0.3111111111111111,0.5273283826564917,40.0,9703.0,-1.1666666666666667,0.31388888888888894,0.5549863985605036,90.0,81363.0,-0.8333333333333333
2024-02-03 03:00:00,34875.73,36385.87,34171.93,35429.8,30973.059,1.2348839721101124,-0.5,0.5773502691896257,-1.0,0.0,4,1332.0,333.0,617.0,5.5,0.16666666666666682,0.542609028280525,18.0,4230.0,-0.8333333333333333,0.21944444444444444,0.5297973586301967,39.0,9162.0,-1.1,0.27222222222222225,0.5495798772272985,92.0,82411.0,-1.0
2024-02-03 04:00:00,35469.64,35893.85,35221.68,35647.73,22474.4951,0.6151036697920942,1.0,0.5773502691896257,1.0,1.0,1,120.0,120.0,120.0,3.0,0.16666666666666682,0.6388340731454628,17.0,4193.0,0.0,0.3236111111111111,0.5362432143959989,36.0,8383.0,1.25,0.30347222222222225,0.5528028051101996,89.0,81897.0,0.75
2024-02-03 05:00:00,35793.79,36193.12,35215.63,35549.37,18428.378,-0.2759221975705106,-0.3333333333333333,0.5773502691896258,-1.0,0.0,3,919.0,306.3333333333333,621.0,5.0,0.11111111111111127,0.598976354522446,16.0,4473.0,-0.3333333333333333,0.29583333333333334,0.542689070161801,38.0,8865.0,-0.3333333333333333,0.2791666666666667,0.5560257329931008,88.0,82254.0,-0.5833333333333333
2024-02-03 06:00:00,35656.06,36921.59,34743.77,36173.19,22392.4551,1.7547990301937766,0.5714285714285714,0.5345224838248488,0.0,1.0,7,1333.0,190.42857142857142,465.0,5.571428571428571,0.12301587301587318,0.5702123049621629,21.0,5263.0,0.0714285714285714,0.30178571428571427,0.5391200880480697,41.0,9214.0,0.0714285714285714,0.3029761904761905,0.5442768122804807,91.0,82535.0,0.5714285714285714
2024-02-03 07:00:00,36352.5,37954.85,35005.91,37044.32,34081.6771,2.408220010455242,0.0,0.0,0.0,0.0,2,1164.0,582.0,684.0,4.5,0.06746031746031762,0.47398726009722525,20.0,5801.0,-0.3333333333333333,0.28095238095238095,0.49745342138140297,39.0,9394.0,-0.25,0.2946428571428572,0.5256429124679826,88.0,82358.0,-0.2
2024-02-03 08:00:00,37065.56,38591.79,36098.44,37730.67,40883.7748,1.8527806692091973,-0.5,0.7071067811865476,-1.0,0.0,2,287.0,143.5,201.0,4.5,0.03968253968253984,0.49561334543004554,19.0,5155.0,-0.16666666666666669,0.1726190476190476,0.5191111868552853,36.0,8349.0,-1.3,0.25992063492063494,0.5335891208718253,84.0,80566.0,-0.8333333333333333
2024-02-03 09:00:00,37830.82,39286.86,36951.3,38406.05,32075.4106,1.7900026689163129,0.5,0.7071067811865476,0.0,1.0,2,15145.0,7572.5,15000.0,7.0,0.2063492063492065,0.5172394307628658,17.0,18968.0,1.0,0.1865079365079365,0.5299242295216956,35.0,23198.0,0.16666666666666669,0.2529761904761905,0.5389956422050304,83.0,92520.0,-0.16666666666666663
2024-02-03 10:00:00,38557.42,40173.82,37339.1,39225.62,15930.6631,2.133960665051471,0.4,0.5477225575051661,0.0,1.0,5,734.0,146.8,244.0,5.4,0.10634920634920651,0.512301478815456,21.0,19582.0,-0.6,0.1365079365079365,0.5755677759804594,38.0,23775.0,-0.6,0.24880952380952384,0.5377611542181778,84.0,60741.0,-0.09999999999999998
2024-02-03 11:00:00,39328.57,39753.73,39037.26,39504.73,16727.4057,0.7115502572043519,-0.5,0.7071067811865476,-1.0,0.0,2,365.0,182.5,200.0,4.0,0.07857142857142874,0.5339275641482762,20.0,19028.0,-0.16666666666666669,0.09484126984126984,0.5664519593353612,36.0,23501.0,-0.5,0.22797619047619047,0.5332032458956288,82.0,60585.0,-0.5
2024-02-03 12:00:00,39578.75,39968.79,39003.62,39355.94,26518.824,-0.3766384430421432,0.0,1.0,-1.0,1.0,3,241.0,80.33333333333333,170.0,5.333333333333333,-0.016666666666666496,0.6115071501774682,16.0,17936.0,-0.5714285714285714,0.05317460317460318,0.5908597275698155,37.0,23199.0,-0.5,0.2418650793650794,0.5508136513460611,82.0,60335.0,0.3333333333333333
2024-02-03 13:00:00,39439.38,39813.54,38923.76,39240.54,14853.2887,-0.2932213028071562,-0.14285714285714285,0.6900655593423541,-1.0,1.0,7,46191.0,6598.714285714285,22600.0,6.142857142857143,-0.040476190476190305,0.7265180767345272,21.0,62963.0,-0.14285714285714285,0.0134920634920635,0.6002526684158763,41.0,68764.0,-0.47619047619047616,0.21091269841269847,0.556744609755944,84.0,92642.0,-0.7428571428571429
2024-02-03 14:00:00,39056.98,39971.17,38471.82,39470.27,48131.0325,0.5854404653962364,0.14285714285714285,0.6900655593423543,-1.0,1.0,7,2143.0,306.14285714285717,754.0,4.857142857142857,0.06666666666666683,0.7236778730938281,26.0,64819.0,0.6428571428571428,0.05317460317460318,0.6096456092619369,45.0,69974.0,0.47619047619047616,0.18214285714285716,0.5684869959592144,85.0,79677.0,-0.6904761904761905
2024-02-03 15:00:00,39662.98,40584.35,38868.9,40071.95,74039.6385,1.5243878493863772,0.6666666666666666,0.5773502691896258,0.0,1.0,3,8455.0,2818.3333333333335,8400.0,7.666666666666667,0.09444444444444461,0.702051787761008,27.0,58129.0,0.16666666666666663,0.1503968253968254,0.609645609261937,44.0,77097.0,1.1666666666666665,0.18492063492063496,0.5697214839460668,83.0,86259.0,0.06666666666666665
2024-02-03 16:00:00,40067.92,40507.42,39395.1,39787.28,37589.5403,-0.710397173084909,0.3333333333333333,0.5773502691896258,0.0,1.0,3,728.0,242.66666666666666,252.0,4.666666666666667,0.08333333333333348,0.7069897397084178,25.0,58123.0,-0.06666666666666671,0.09484126984126984,0.609645609261937,46.0,77705.0,-0.6666666666666667,0.2092261904761905,0.5729444118289679,82.0,86088.0,0.5833333333333333
2024-02-03 17:00:00,39880.91,40157.68,39367.73,39690.08,56202.9157,-0.2442991830554852,0.0,0.8944271909999159,-1.0,1.0,6,652.0,108.66666666666667,335.0,5.5,0.16666666666666682,0.7382098080106458,29.0,58410.0,0.5,0.12261904761904761,0.6360686860794612,49.0,77438.0,0.3333333333333333,0.2092261904761905,0.5893788781206312,87.0,86303.0,0.0
2024-02-03 18:00:00,39700.09,41388.6,38735.44,40296.84,52897.9808,1.5287447140444057,0.0,0.8944271909999159,0.0,0.0,1,457.0,457.0,457.0,6.0,0.16666666666666682,0.7206143398439652,27.0,58626.0,0.0,0.075,0.6660607450107167,43.0,76562.0,-0.5714285714285714,0.18839285714285717,0.6025904165293932,84.0,85776.0,-0.5
2024-02-03 19:00:00,40112.45,42192.83,38905.98,40908.02,63317.4931,1.5166946093043476,1.0,0.0,1.0,1.0,2,319.0,159.5,229.0,5.0,0.35714285714285726,0.6056034132869063,22.0,12754.0,1.1428571428571428,0.15833333333333333,0.6660607450107167,43.0,75717.0,1.0,0.21964285714285717,0.5817570831960598,82.0,85111.0,0.75
2024-02-03 20:00:00,40914.62,41393.45,40608.23,41128.43,39920.1969,0.5387941044323385,1.0,0.0,1.0,1.0,0,0.0,159.5,229.0,5.0,0.5000000000000001,0.4905924867298472,15.0,10611.0,0.8571428571428572,0.2833333333333333,0.6071351799118377,41.0,75430.0,1.5,0.22797619047619047,0.5631231833835616,77.0,83779.0,0.19999999999999996
2024-02-03 21:00:00,41263.18,41361.29,41091.53,41199.38,28733.1451,0.1725084084172268,0.3333333333333333,0.5773502691896258,0.0,1.0,3,22565.0,7521.666666666667,21000.0,5.0,0.44444444444444464,0.4905924867298472,15.0,24721.0,-0.3333333333333333,0.26944444444444443,0.5963221372454276,42.0,82850.0,-0.16666666666666669,0.22797619047619053,0.5631231833835616,77.0,106048.0,0.0
2024-02-03 22:00:00,41051.98,42439.5,40088.76,41593.7,36920.9793,0.9571017816287553,0.0,0.0,0.0,0.0,2,34.0,17.0,21.0,6.0,0.38888888888888906,0.39436744186490946,14.0,24027.0,-0.3333333333333333,0.23611111111111113,0.5506785907866638,39.0,82150.0,-0.4,0.18630952380952384,0.5631231833835616,77.0,105925.0,-1.0
2024-02-03 23:00:00,41775.81,42532.26,41274.14,42103.53,20447.9007,1.225738513284469,0.25,0.5,0.0,1.0,4,1034.0,258.5,423.0,6.25,0.43055555555555575,0.3286295766982568,12.0,24409.0,0.25,0.2986111111111111,0.5334196923544515,41.0,82819.0,0.75,0.19672619047619053,0.5499358258449063,77.0,106320.0,0.25
2024-02-04 00:00:00,42141.56,42988.0,41581.06,42499.99,22698.1263,0.9416312598967248,-0.2,0.4472135954999579,-1.0,0.0,5,663.0,132.6,250.0,6.2,0.39722222222222237,0.2540939774482639,16.0,24615.0,-0.2,0.28194444444444444,0.4873541586461146,43.0,83241.0,-0.2,0.16755952380952385,0.539106943107965,80.0,106440.0,-0.7
2024-02-04 01:00:00,42673.03,44077.25,42015.72,43179.11,17877.2124,1.597929787748198,-0.2,0.4472135954999579,-1.0,0.0,0,0.0,132.6,250.0,6.2,0.19722222222222238,0.3286295766982569,14.0,24296.0,-1.2,0.27718253968253964,0.4671164949925816,36.0,37050.0,-0.05714285714285716,0.14533730158730163,0.5336845817042289,77.0,105814.0,-0.5333333333333333
2024-02-04 02:00:00,43119.93,43222.93,43044.64,43161.01,29928.4922,-0.0419184184203835,0.5,0.5773502691896257,0.0,1.0,4,1111.0,277.75,444.0,6.5,0.11388888888888904,0.42485462156319453,18.0,25407.0,-0.5,0.30694444444444446,0.45772355414652083,33.0,36018.0,0.35714285714285715,0.18005952380952384,0.5336845817042289,78.0,105992.0,0.8333333333333333
2024-02-04 03:00:00,43108.65,43482.23,42505.47,42902.77,28386.8314,-0.598317787280711,0.3333333333333333,0.5773502691896258,0.0,1.0,3,442.0,147.33333333333334,302.0,6.0,0.11388888888888904,0.42485462156319453,18.0,3284.0,0.0,0.2791666666666666,0.45772355414652094,33.0,28005.0,-0.3333333333333333,0.21478174603174605,0.5336845817042289,77.0,105102.0,0.8333333333333333
2024-02-04 04:00:00,42752.65,44230.48,41636.5,43383.37,22943.9077,1.1202073898725071,0.6666666666666666,0.5773502691896258,0.0,1.0,3,803.0,267.6666666666667,518.0,5.0,0.22500000000000012,0.5210796664281322,19.0,4053.0,0.6666666666666666,0.30694444444444446,0.45772355414652094,33.0,28080.0,0.3333333333333333,0.20089285714285718,0.5336845817042289,79.0,105785.0,-0.33333333333333337
2024-02-04 05:00:00,43499.91,43658.99,43285.39,43406.4,14434.0307,0.0530848571699271,0.0,0.0,0.0,0.0,2,889.0,444.5,555.0,7.5,0.18333333333333346,0.4377463330947988,17.0,3908.0,-0.25,0.30694444444444446,0.38318795489652785,29.0,28317.0,0.0,0.21478174603174607,0.5096283204879946,78.0,105755.0,0.3333333333333333
2024-02-04 06:00:00,43459.6,44132.1,42221.68,43030.41,19979.1124,-0.8662086696892612,1.0,0.0,1.0,1.0,3,1367.0,455.6666666666667,546.0,7.0,0.38333333333333347,0.36321073384480584,15.0,4612.0,1.2,0.3902777777777778,0.3086523556465349,31.0,29227.0,1.0,0.23263888888888892,0.48735655032862585,74.0,105789.0,0.4285714285714286
2024-02-04 07:00:00,43195.09,43951.92,42026.36,42742.19,18962.8891,-0.6698053771739598,1.0,0.0,1.0,1.0,2,44.0,22.0,36.0,7.0,0.5833333333333335,0.2886751345948128,17.0,4656.0,1.2,0.3902777777777778,0.3086523556465349,31.0,28952.0,0.0,0.2743055555555556,0.48735655032862585,74.0,104669.0,1.0
2024-02-04 08:00:00,42784.98,43500.56,41607.18,42348.08,32067.4157,-0.9220631886199592,0.3333333333333333,0.5773502691896258,0.0,1.0,3,429.0,143.0,244.0,6.666666666666667,0.5555555555555557,0.28867513459481287,16.0,3974.0,-0.16666666666666669,0.3347222222222222,0.35676487807900376,34.0,29381.0,-0.6666666666666667,0.3090277777777778,0.4819500289954208,75.0,104811.0,0.8333333333333333
2024-02-04 09:00:00,42157.06,43178.81,40834.72,41563.92,37815.3733,-1.8517014230633453,0.5,0.5773502691896257,0.0,1.0,4,25030.0,6257.5,24400.0,5.0,0.5833333333333335,0.28867513459481287,17.0,28562.0,0.16666666666666669,0.34861111111111115,0.35676487807900376,35.0,31846.0,0.16666666666666669,0.3090277777777778,0.4765435076622157,77.0,114696.0,0.0
2024-02-04 10:00:00,41704.41,42355.47,40951.51,41368.18,19902.3583,-0.4709372936912537,1.0,0.0,1.0,1.0,2,6750.0,3375.0,6400.0,6.0,0.638888888888889,0.19245008972987518,16.0,34509.0,0.33333333333333337,0.43194444444444446,0.35676487807900376,35.0,38562.0,1.0,0.3340277777777778,0.45372173443283376,74.0,120712.0,0.6
2024-02-04 11:00:00,41439.37,41946.35,41130.76,41623.51,25327.3471,0.6172135201500284,1.0,0.0,1.0,1.0,0,0.0,3375.0,6400.0,6.0,0.8055555555555557,0.19245008972987518,14.0,33620.0,1.0,0.49444444444444446,0.31509821141233707,31.0,37528.0,0.75,0.3965277777777778,0.4242589518833943,72.0,120347.0,1.5
2024-02-04 12:00:00,41604.92,41991.96,41437.43,41736.34,19143.6682,0.2710727663284284,0.5,1.0,-1.0,1.0,4,16813.0,4203.25,16500.0,6.5,0.7222222222222223,0.35911675639654184,15.0,49066.0,-0.5,0.5527777777777777,0.36116374512067395,30.0,53678.0,0.7,0.4173611111111111,0.4242589518833943,73.0,136919.0,0.5
2024-02-04 13:00:00,41685.81,42797.32,39782.4,40964.93,18770.1535,-1.848293357778852,0.0,1.0,0.0,0.0,1,49.0,49.0,49.0,7.0,0.5555555555555557,0.5257834230632085,14.0,49071.0,-1.0,0.5694444444444445,0.4072292788290108,31.0,53727.0,0.2,0.42331349206349206,0.4371728869107962,67.0,90777.0,0.14285714285714285
2024-02-04 14:00:00,41044.66,41645.24,40074.43,40674.3,56936.4574,-0.7094605068286408,0.0,0.7071067811865476,-1.0,1.0,5,534.0,106.8,195.0,5.4,0.5000000000000001,0.5474095083960288,16.0,49176.0,-0.3333333333333333,0.5277777777777778,0.4180423214954209,32.0,53150.0,-0.5,0.4173611111111111,0.43788293782097093,65.0,89168.0,-0.14285714285714285
2024-02-04 15:00:00,40515.39,41521.79,39774.6,40887.69,49687.1326,0.5246310323717918,0.5,0.7071067811865476,0.0,1.0,2,291.0,145.5,168.0,5.5,0.5000000000000001,0.5690355937288492,14.0,24437.0,0.0,0.5416666666666666,0.42885536416183107,31.0,52999.0,0.16666666666666669,0.4104166666666667,0.443289459154176,64.0,81004.0,-0.16666666666666663
2024-02-04 16:00:00,41065.1,43005.89,39717.52,41863.86,44911.1122,2.3874422839734954,0.0,0.0,0.0,0.0,4,4878.0,1219.5,4660.0,6.0,0.3333333333333335,0.5690355937288492,16.0,22565.0,-1.0,0.48611111111111116,0.3807428417293622,32.0,57074.0,-0.6666666666666666,0.3965277777777778,0.41923319793794156,65.0,85154.0,-0.3333333333333333
2024-02-04 17:00:00,42071.1,42391.75,41419.32,41825.15,48809.664,-0.0924663898646649,0.5,0.7071067811865476,0.0,1.0,2,1008.0,504.0,904.0,5.5,0.25000000000000017,0.686886723926607,18.0,23573.0,-0.5,0.5277777777777778,0.4396684068282411,32.0,57193.0,0.5,0.4173611111111111,0.41142818086238453,61.0,85510.0,0.5
2024-02-04 18:00:00,41822.01,42725.65,40340.42,41286.54,58550.8427,-1.2877658537984948,0.0,0.0,0.0,0.0,2,979.0,489.5,901.0,6.0,0.16666666666666682,0.5202200572599404,16.0,7739.0,-0.5,0.4444444444444445,0.4396684068282412,31.0,56805.0,-1.0,0.4173611111111111,0.3741603812373881,62.0,86032.0,0.0
2024-02-04 19:00:00,41090.01,41563.12,40702.66,41296.22,65076.6412,0.0234458978640494,-0.5,0.7071067811865476,-1.0,0.0,2,155.0,77.5,118.0,5.5,0.08333333333333348,0.4714045207910316,17.0,7845.0,-0.5,0.3194444444444445,0.4985939719271202,31.0,56916.0,-1.5,0.3548611111111111,0.40362316378682755,62.0,85868.0,-1.5
2024-02-04 20:00:00,41260.72,41712.88,40517.33,40986.41,25990.7799,-0.7502139420992981,0.0,0.0,0.0,0.0,2,472.0,236.0,279.0,6.5,0.08333333333333348,0.35355339059327373,14.0,7783.0,0.0,0.2916666666666667,0.45048144949465135,30.0,56959.0,-0.3333333333333333,0.3131944444444445,0.40362316378682755,64.0,86340.0,-1.0
2024-02-04 21:00:00,40896.91,42058.18,40134.81,41371.63,36030.9779,0.9398725089608816,0.0,0.0,0.0,0.0,3,564.0,188.0,269.0,5.333333333333333,1.4802973661668753e-16,0.23570226039551578,15.0,8056.0,-0.5,0.25,0.40236892706218247,29.0,32493.0,-0.5,0.29930555555555555,0.37956690257059317,64.0,64339.0,-0.3333333333333333
2024-02-04 22:00:00,41448.51,41916.55,40740.27,41185.5,26311.8831,-0.4498976714236269,0.2,0.4472135954999579,0.0,1.0,5,1137.0,227.4,576.0,5.4,0.033333333333333486,0.31023785964550876,16.0,4315.0,0.2,0.18333333333333335,0.439636726687179,32.0,26880.0,-0.8,0.3076388888888889,0.3982008023830914,67.0,65442.0,0.2
2024-02-04 23:00:00,41115.7,41578.93,40333.97,40849.16,33703.2567,-0.8166466353449531,0.6,0.5477225575051661,0.0,1.0,5,28947.0,5789.4,28400.0,5.4,0.05000000000000015,0.2836738223652785,19.0,32254.0,0.09999999999999998,0.15,0.48528027314594285,37.0,55827.0,-0.4,0.32222222222222224,0.40018924227914,68.0,93355.0,0.35
2024-02-05 00:00:00,40841.6,41447.07,40502.97,41049.4,24904.4691,0.4901936784012184,0.3333333333333333,0.5773502691896258,0.0,1.0,3,1152.0,384.0,662.0,5.333333333333333,0.1055555555555557,0.37989886723021615,20.0,32427.0,0.3333333333333333,0.1361111111111111,0.45005946224507826,36.0,40166.0,-0.16666666666666669,0.3444444444444445,0.40561160368287613,66.0,93844.0,0.5333333333333333
2024-02-05 01:00:00,41014.08,42155.51,40441.2,41412.05,27758.3047,0.8834477483227632,0.25,0.5,0.0,1.0,4,858.0,214.5,451.0,5.5,0.2305555555555557,0.3453810703657916,22.0,33130.0,0.75,0.15694444444444444,0.4083927955784116,39.0,40975.0,0.25,0.36319444444444454,0.4078110372037112,70.0,94702.0,0.45
2024-02-05 02:00:00,41426.91,42272.14,40054.15,40943.48,32076.4073,-1.1314822618054388,0.0,1.4142135623730951,-1.0,1.0,2,537.0,268.5,443.0,6.0,0.2305555555555557,0.5810833307613074,22.0,33195.0,0.0,0.15694444444444444,0.46731836067729066,36.0,40978.0,0.0,0.34236111111111117,0.4426803410863558,68.0,94128.0,-0.5
2024-02-05 03:00:00,41135.76,41578.25,40056.78,40774.52,33577.5712,-0.4126664367562482,0.0,0.816496580927726,-1.0,1.0,4,1065.0,266.25,434.0,5.75,0.2305555555555557,0.7171660942492618,23.0,33696.0,0.0,0.11527777777777777,0.4764341773223888,38.0,41752.0,-0.5,0.3284722222222223,0.45264477074210996,69.0,94751.0,-0.3333333333333333
2024-02-05 04:00:00,40803.46,41105.58,40282.26,40623.22,33007.8049,-0.3710650671056248,0.0,0.816496580927726,0.0,0.0,1,101.0,101.0,101.0,5.0,0.19722222222222238,0.7787132584872231,19.0,32660.0,-0.2,0.11527777777777777,0.544475559066366,35.0,36975.0,0.0,0.3006944444444445,0.46260920039786413,67.0,94049.0,-0.6666666666666666
2024-02-05 05:00:00,40547.86,41710.97,38574.54,39788.2,21716.8565,-2.055523909724544,0.0,0.816496580927726,0.0,0.0,1,116.0,116.0,116.0,5.0,0.09722222222222236,0.8235089290576498,15.0,3829.0,-0.6,0.07361111111111111,0.5535913757114642,34.0,36083.0,-0.5,0.3006944444444445,0.49662989126985274,66.0,93276.0,0.0
2024-02-05 06:00:00,39967.54,40621.86,38928.41,39513.73,37223.3974,-0.6898276373397016,-0.5,0.5773502691896257,-1.0,0.0,4,1088.0,272.0,568.0,5.5,-0.041666666666666526,0.8235089290576497,16.0,3765.0,-0.8333333333333333,0.03194444444444445,0.601703898143933,36.0,36192.0,-0.5,0.2381944444444445,0.5206861524860872,67.0,92997.0,-1.5
2024-02-05 07:00:00,39677.06,39785.92,39446.29,39587.83,20325.5845,0.187529752316462,0.75,0.5,0.0,1.0,4,14363.0,3590.75,13700.0,5.25,0.0416666666666668,0.8235089290576497,16.0,17270.0,0.5,0.1361111111111111,0.5844449997117207,38.0,50400.0,1.25,0.22777777777777783,0.5415194858194204,69.0,107316.0,-0.25
2024-02-05 08:00:00,39755.54,40723.57,39082.65,40125.17,22180.7192,1.3573363329083543,0.5,0.7071067811865476,0.0,1.0,2,49.0,24.5,37.0,6.0,0.12500000000000014,0.7056577988598919,16.0,16782.0,0.5,0.17777777777777778,0.6433705648105997,38.0,49977.0,0.5,0.23472222222222228,0.5469260071526255,68.0,106936.0,0.16666666666666669
2024-02-05 09:00:00,40254.43,42187.91,39333.19,40959.72,32221.5432,2.079866577512335,0.5,0.7071067811865476,0.0,1.0,0,0.0,24.5,37.0,6.0,0.20833333333333348,0.6874261655696955,12.0,15717.0,0.5,0.21944444444444444,0.7022961299094787,35.0,49413.0,0.5,0.23472222222222228,0.5523325284858306,64.0,81906.0,0.0
2024-02-05 10:00:00,41047.24,41128.08,40975.85,41083.93,28915.1085,0.3032491433046846,0.0,1.0,-1.0,1.0,3,352.0,117.33333333333333,174.0,3.6666666666666665,0.20833333333333348,0.7180100687484078,14.0,15968.0,0.0,0.2027777777777778,0.7483616636178154,33.0,48628.0,-0.2,0.19305555555555562,0.5939991951524972,65.0,75508.0,-1.0
2024-02-05 11:00:00,40914.28,40981.34,40772.45,40860.07,24448.2804,-0.5448845813922909,0.75,0.5,0.0,1.0,4,1023.0,255.75,582.0,5.5,0.3333333333333335,0.6652606385937867,17.0,16875.0,0.75,0.2152777777777778,0.7443847838257183,32.0,20704.0,0.15000000000000002,0.18263888888888893,0.6148325284858306,69.0,76531.0,-0.25
2024-02-05 12:00:00,40891.76,41479.79,40136.88,40584.49,16990.6835,-0.674448183764742,1.0,0.5,1.0,1.0,1,410.0,410.0,410.0,5.0,0.5833333333333335,0.6523689270621825,14.0,16197.0,1.5,0.2708333333333333,0.7379389280599161,30.0,19962.0,0.6666666666666667,0.20347222222222228,0.5939991951524972,66.0,60128.0,0.5
2024-02-05 13:00:00,40511.09,40634.58,40289.77,40415.67,14828.3151,-0.4159717172742549,0.5,0.7071067811865476,0.0,1.0,2,580.0,290.0,366.0,7.5,0.5416666666666669,0.6868867239266071,12.0,2414.0,-0.25,0.2916666666666667,0.7551978264921284,28.0,19684.0,0.25,0.22430555555555562,0.58179531103527,67.0,60659.0,0.5
2024-02-05 14:00:00,40465.36,40519.19,40431.67,40488.12,33755.8508,0.1792621525265048,0.25,0.5,0.0,1.0,4,40688.0,10172.0,30000.0,5.5,0.5000000000000001,0.6523689270621824,14.0,43053.0,-0.25,0.3125,0.6790133629610372,30.0,59835.0,0.25,0.23472222222222228,0.573165861819164,66.0,100813.0,0.25
2024-02-05 15:00:00,40570.86,41061.81,39777.03,40219.14,49461.6847,-0.6643430221013102,-0.14285714285714285,0.6900655593423541,-1.0,1.0,7,1150.0,164.28571428571428,369.0,5.285714285714286,0.392857142857143,0.6495287234214836,21.0,44203.0,-0.6428571428571428,0.3005952380952381,0.6684774444955894,33.0,59920.0,-0.14285714285714285,0.20793650793650797,0.5724558109089892,71.0,101672.0,-0.6428571428571428
2024-02-05 16:00:00,40196.48,41134.21,38566.52,39601.69,30005.9892,-1.5352143283023922,0.25,0.9574271077563381,-1.0,1.0,4,10661.0,2665.25,10300.0,6.0,0.4345238095238097,0.6424332413808732,22.0,54512.0,0.25,0.32142857142857145,0.6802216550646404,36.0,70480.0,0.25,0.21835317460317463,0.6123486070655033,71.0,107455.0,0.25
2024-02-05 17:00:00,39572.57,40424.67,38213.7,39064.43,66213.0929,-1.356659273884531,0.6666666666666666,0.5773502691896258,0.0,1.0,3,807.0,269.0,528.0,6.333333333333333,0.42063492063492075,0.6553249529124775,21.0,54296.0,-0.08333333333333337,0.376984126984127,0.6602927957531323,38.0,71171.0,0.6666666666666666,0.2252976190476191,0.6069420857322982,72.0,107254.0,0.16666666666666663
2024-02-05 18:00:00,39109.87,39653.85,38297.01,38816.45,53972.8963,-0.6347974359282915,-0.25,0.5,-1.0,0.0,4,1098.0,274.5,514.0,4.5,0.21230158730158744,0.6553249529124775,24.0,54984.0,-1.25,0.3978174603174603,0.65384693998733,38.0,71181.0,0.25,0.21488095238095242,0.6277754190656316,74.0,107373.0,-0.25
2024-02-05 19:00:00,39000.32,40026.67,38479.5,39399.28,67525.5125,1.5015025846000896,0.25,0.9574271077563381,-1.0,1.0,4,1188.0,297.0,605.0,6.5,0.17063492063492078,0.697045007340776,26.0,55592.0,-0.25,0.35615079365079366,0.6919658656336916,38.0,58006.0,-0.5,0.24613095238095242,0.6382054326727061,76.0,108406.0,0.75
2024-02-05 20:00:00,39386.78,39509.07,39193.08,39316.81,39975.7246,-0.2093185459226654,0.4,0.5477225575051662,0.0,1.0,5,674.0,134.8,375.0,5.8,0.19563492063492074,0.7049987669249703,27.0,15578.0,0.15000000000000002,0.34781746031746036,0.6786838469935764,41.0,58631.0,-0.09999999999999998,0.26279761904761906,0.6610272059020881,79.0,108608.0,0.4
2024-02-05 21:00:00,39208.21,40733.62,38115.06,39774.53,48355.3248,1.164183971181787,0.0,0.0,0.0,0.0,2,228.0,114.0,158.0,5.0,0.21944444444444455,0.5899878403679113,22.0,14656.0,0.14285714285714285,0.3061507936507936,0.6197582818946975,43.0,58859.0,-0.5,0.26279761904761906,0.6610272059020881,78.0,108272.0,0.0
2024-02-05 22:00:00,39840.23,41177.54,39121.11,40300.43,30249.0878,1.3222029273507463,0.16666666666666666,0.408248290463863,0.0,1.0,6,2037.0,339.5,783.0,5.666666666666667,0.20555555555555569,0.49845803748583206,24.0,6032.0,-0.08333333333333334,0.32003968253968257,0.5704456394333527,46.0,60544.0,0.16666666666666666,0.2614087301587302,0.6594036515255841,79.0,109172.0,-0.033333333333333354
2024-02-05 23:00:00,40240.56,40323.95,40064.98,40178.17,21008.3661,-0.3033714528604347,-0.5,0.7071067811865476,-1.0,0.0,2,326.0,163.0,231.0,5.5,0.011111111111111257,0.5200841228186525,23.0,5551.0,-1.1666666666666665,0.21587301587301586,0.587704537865565,44.0,59847.0,-1.25,0.21557539682539684,0.6660446608456417,76.0,80551.0,-1.1
2024-02-06 00:00:00,40018.64,41460.95,39276.13,40526.96,34579.2696,0.8681082289213382,0.0,1.0,-1.0,1.0,5,992.0,198.4,499.0,5.6,0.05277777777777792,0.6034174561519857,24.0,5445.0,0.25,0.13253968253968254,0.6293712045322316,48.0,60429.0,-1.0,0.20168650793650797,0.6836550662960739,78.0,80391.0,-0.3333333333333333
2024-02-06 01:00:00,40540.23,40786.43,40106.5,40379.39,32034.3177,-0.3641279780175921,0.6,0.5477225575051661,0.0,1.0,5,728.0,145.6,398.0,4.6,0.11111111111111126,0.535133364443457,25.0,4985.0,0.35,0.14087301587301584,0.6160891858921166,51.0,60577.0,0.09999999999999998,0.21626984126984128,0.6856435061921226,79.0,80261.0,0.35
2024-02-06 02:00:00,40332.48,40808.17,39645.64,40075.5,29954.2898,-0.7525869013870645,0.0,0.0,0.0,0.0,2,337.0,168.5,320.0,5.5,0.044444444444444585,0.4438462715259293,22.0,4648.0,-0.4,0.12003968253968252,0.5744225192254498,49.0,20226.0,-0.25,0.21626984126984128,0.6267179410932436,79.0,80061.0,0.0
2024-02-06 03:00:00,40190.65,40361.65,40066.8,40262.23,19640.7821,0.4659455278162472,0.6,0.8944271909999159,-1.0,1.0,5,2301.0,460.2,1087.0,5.8,0.14444444444444457,0.5929174700259153,25.0,6721.0,0.6,0.18194444444444444,0.5914526551969134,47.0,21377.0,0.7428571428571429,0.2412698412698413,0.6299650498462515,80.0,81297.0,0.6
2024-02-06 04:00:00,40292.1,40328.16,40236.72,40270.55,29154.4345,0.0206645285171669,-0.3333333333333333,0.5773502691896258,-1.0,0.0,3,220.0,73.33333333333333,211.0,5.0,0.061111111111111255,0.6211011331468758,22.0,4904.0,-0.5,0.13333333333333333,0.559779585316354,46.0,10936.0,-0.5833333333333333,0.22738095238095238,0.6200006201904973,82.0,81416.0,-0.3333333333333333
2024-02-06 05:00:00,40140.14,41791.24,39198.1,40872.11,40154.2095,1.4937963350388772,0.0,0.0,0.0,0.0,2,307.0,153.5,293.0,6.0,0.1444444444444446,0.5032500029491179,22.0,4885.0,0.5,0.07777777777777778,0.5116670628838852,45.0,10436.0,-0.6666666666666666,0.22738095238095238,0.5859799293185087,83.0,81607.0,0.0
2024-02-06 06:00:00,40822.62,40838.72,40801.45,40813.3,35923.9463,-0.1438878491959339,0.0,0.0,0.0,0.0,3,168.0,56.0,127.0,5.666666666666667,0.1444444444444446,0.33658333628245124,20.0,4061.0,0.0,0.09861111111111111,0.4700003962172185,44.0,9506.0,0.25,0.24821428571428572,0.5619236681022742,82.0,80687.0,0.5
2024-02-06 07:00:00,40977.88,41468.82,40683.93,41201.02,18311.8119,0.9499844413463076,0.5,0.7071067811865476,0.0,1.0,2,401.0,200.5,276.0,5.5,0.12777777777777793,0.3631473735626815,17.0,3734.0,-0.09999999999999998,0.11944444444444445,0.4491403690030693,42.0,8719.0,0.25,0.23779761904761906,0.5705531173183804,80.0,66725.0,-0.25
2024-02-06 08:00:00,41155.69,41458.02,40931.79,41283.98,21670.0123,0.2013542383174194,-0.5,0.7071067811865476,-1.0,0.0,2,236.0,118.0,215.0,4.5,0.0444444444444446,0.4809985037604394,17.0,3633.0,-0.5,0.04444444444444443,0.4624223876431845,39.0,8281.0,-0.9,0.19613095238095238,0.5705531173183805,80.0,66912.0,-1.0
2024-02-06 09:00:00,41454.57,42088.06,40628.85,41130.48,32583.4447,-0.371814926758518,0.16666666666666666,0.408248290463863,0.0,1.0,6,795.0,132.5,255.0,5.666666666666667,-0.02777777777777762,0.39996868700443056,18.0,2127.0,-0.43333333333333335,0.05833333333333333,0.49644307851517305,43.0,8848.0,0.16666666666666666,0.1822420634920635,0.5581006802049353,86.0,67707.0,-0.33333333333333337
2024-02-06 10:00:00,40961.55,42564.65,38927.91,40155.62,17792.6119,-2.3701644133499067,0.5,0.7071067811865476,0.0,1.0,2,21060.0,10530.0,20800.0,5.5,0.11111111111111127,0.4215947723372509,17.0,22967.0,0.8333333333333333,0.0861111111111111,0.5213479527420634,39.0,27871.0,0.33333333333333337,0.20307539682539685,0.5458967960877081,85.0,88415.0,0.5
2024-02-06 11:00:00,40103.11,40278.96,39964.88,40181.52,28173.7377,0.0644990663822175,0.5,0.8366600265340756,-1.0,1.0,6,30180.0,5030.0,26200.0,5.666666666666667,0.19444444444444461,0.5610381100929301,21.0,52840.0,0.5,0.16944444444444443,0.532144056521024,43.0,57725.0,1.0,0.19265873015873017,0.5599242971932946,87.0,117572.0,-0.25
2024-02-06 12:00:00,40326.67,41735.39,39287.46,40916.54,22535.6893,1.829248868634159,0.125,0.3535533905932738,0.0,1.0,8,2833.0,354.125,1498.0,6.0,0.21527777777777793,0.6199636751918091,26.0,55505.0,0.125,0.1798611111111111,0.4782735057371302,46.0,59566.0,0.125,0.15620039682539685,0.5538223551346809,94.0,119995.0,-0.875
2024-02-06 13:00:00,40868.58,41185.35,40340.03,40674.97,20375.3375,-0.5903969397216824,0.75,0.5,0.0,1.0,4,952.0,238.0,689.0,5.5,0.2569444444444446,0.5854458783273845,28.0,56056.0,0.25,0.1923611111111111,0.474296625945033,45.0,59790.0,0.15000000000000002,0.1666170634920635,0.5451929059185748,96.0,120367.0,0.25
2024-02-06 14:00:00,40628.03,42609.21,39715.09,41317.86,75022.0789,1.5805543310787984,0.2,0.8366600265340756,-1.0,1.0,5,1530.0,306.0,635.0,5.4,0.37361111111111134,0.6070380858853058,31.0,57350.0,0.7,0.20902777777777778,0.5440182948228727,48.0,60983.0,0.2,0.16453373015873018,0.5592204070241613,97.0,81209.0,-0.04999999999999999
2024-02-06 15:00:00,41166.75,42021.84,39208.38,40461.56,49782.8353,-2.072469387330333,-0.25,0.5,-1.0,0.0,4,461.0,115.25,452.0,5.0,0.3041666666666668,0.622330037474662,29.0,57016.0,-0.41666666666666663,0.13819444444444445,0.5111493622395463,47.0,59143.0,-0.85,0.1600694444444445,0.5513010087182298,94.0,80520.0,-0.10714285714285715
2024-02-06 16:00:00,40659.91,41817.58,38949.08,39984.41,53287.1775,-1.1792674330895705,0.0,0.0,0.0,0.0,2,1053.0,526.5,984.0,4.0,0.22083333333333352,0.504478907276904,29.0,37009.0,-0.5,0.16597222222222222,0.4630368398070775,46.0,59976.0,0.3333333333333333,0.14965277777777783,0.5114082125617158,92.0,70912.0,-0.25
2024-02-06 17:00:00,40026.17,40186.02,39716.0,39907.21,46256.3087,-0.1930752510791222,0.5,0.5773502691896257,0.0,1.0,4,735.0,183.75,567.0,6.25,0.22083333333333352,0.46126061438616245,27.0,7564.0,0.0,0.2076388888888889,0.5111493622395463,48.0,60404.0,0.5,0.14270833333333335,0.5114082125617158,93.0,70840.0,-0.16666666666666663
2024-02-06 18:00:00,39849.47,40692.71,38516.05,39348.62,58180.4488,-1.3997220051213732,0.2,0.4472135954999579,0.0,1.0,5,1103.0,220.6,436.0,5.6,0.2333333333333335,0.4768706485372765,24.0,5834.0,0.07500000000000001,0.22430555555555554,0.5484171618645428,50.0,61339.0,0.2,0.16145833333333337,0.5092087790408807,94.0,70845.0,0.45
2024-02-06 19:00:00,39349.3,39579.03,38999.35,39208.96,63865.2631,-0.3549298552274593,0.3333333333333333,0.5773502691896258,0.0,1.0,3,20075.0,6691.666666666667,20000.0,6.666666666666667,0.16388888888888906,0.4897623600688808,23.0,24957.0,-0.4166666666666667,0.21041666666666667,0.5376041191981327,51.0,81013.0,-0.16666666666666669,0.16493055555555558,0.493372244100601,93.0,89732.0,0.08333333333333331
2024-02-06 20:00:00,39289.29,40253.01,37616.0,38681.35,38436.9454,-1.3456363035387886,0.3333333333333333,0.5773502691896258,0.0,1.0,3,606.0,202.0,301.0,5.666666666666667,0.18611111111111125,0.4465440671781391,21.0,24033.0,0.1333333333333333,0.2798611111111111,0.5267910765317225,52.0,81383.0,0.8333333333333333,0.1621527777777778,0.4946067320874535,91.0,89664.0,-0.06666666666666671
2024-02-06 21:00:00,38868.4,40991.31,37686.34,39620.38,38450.6847,2.427604000377448,1.0,0.5773502691896258,1.0,1.0,1,31.0,31.0,31.0,5.0,0.3944444444444446,0.45943577870974356,18.0,23603.0,1.25,0.34930555555555554,0.5408829080922027,47.0,80619.0,0.8333333333333334,0.20381944444444447,0.5186629933036879,90.0,89467.0,1.0
2024-02-06 22:00:00,39457.32,39535.29,39328.26,39413.84,30421.4824,-0.5212973727157566,0.0,1.0,-1.0,1.0,3,460.0,153.33333333333334,320.0,5.0,0.3944444444444446,0.6261024453764102,19.0,23010.0,0.0,0.3076388888888889,0.5652906763266571,48.0,60019.0,-0.5,0.19687500000000002,0.5433193145343603,87.0,87890.0,-0.16666666666666666
2024-02-06 23:00:00,39531.33,39899.63,38797.58,39234.85,30708.6325,-0.4541298183582176,1.0,0.0,1.0,1.0,4,1441.0,360.25,824.0,5.5,0.4777777777777779,0.5298774005114725,19.0,23716.0,0.5,0.34930555555555554,0.4955690074488175,46.0,31280.0,0.5,0.2593750000000001,0.5138565319849208,89.0,89005.0,1.5
2024-02-07 00:00:00,39239.82,39326.12,39117.31,39191.53,38065.1697,-0.1104120443942036,0.0,0.0,0.0,0.0,2,268.0,134.0,135.0,5.0,0.4444444444444446,0.45534180126147944,16.0,22881.0,-0.2,0.33888888888888885,0.4661062248993781,40.0,28715.0,-0.125,0.2593750000000001,0.47218986531825413,86.0,88281.0,0.0
2024-02-07 01:00:00,39108.92,40517.89,37073.89,38382.0,34394.2312,-2.0655738625157016,0.3333333333333333,0.5773502691896258,0.0,1.0,3,165.0,55.0,120.0,5.333333333333333,0.44444444444444464,0.45534180126147955,16.0,2971.0,0.0,0.30416666666666664,0.4725520806651802,39.0,27928.0,-0.4166666666666667,0.24826388888888892,0.4734243533051066,84.0,87718.0,-0.26666666666666666
2024-02-07 02:00:00,38213.66,38268.44,38121.71,38172.64,38855.5595,-0.5454640195925231,0.3333333333333333,0.5773502691896258,0.0,1.0,3,778.0,259.3333333333333,501.0,6.0,0.4444444444444446,0.45534180126147955,16.0,3143.0,0.0,0.31527777777777777,0.4509429342198094,37.0,27176.0,0.1333333333333333,0.26215277777777785,0.49748061452134107,85.0,88159.0,0.3333333333333333
2024-02-07 03:00:00,38220.1,38632.71,37371.25,37894.18,29161.1208,-0.7294753519798469,0.0,1.0,-1.0,1.0,3,1677.0,559.0,809.0,5.666666666666667,0.2777777777777779,0.5257834230632086,18.0,4789.0,-1.0,0.3361111111111111,0.492609600886476,36.0,28392.0,0.25,0.23715277777777785,0.5018794815630113,83.0,87535.0,-0.6
2024-02-07 04:00:00,37754.93,38378.87,37023.47,37424.16,14754.6168,-1.2403487817918113,0.75,0.5,0.0,1.0,4,373.0,93.25,156.0,5.75,0.4027777777777779,0.44245008972987526,19.0,4702.0,0.75,0.3986111111111111,0.5342762675531426,38.0,27712.0,0.75,0.28229166666666666,0.4986565536801102,84.0,87688.0,1.0833333333333333
2024-02-07 05:00:00,37458.5,38272.54,35970.71,36935.79,24208.6698,-1.304959149383722,0.3333333333333333,0.5773502691896258,0.0,1.0,3,1586.0,528.6666666666666,1016.0,4.666666666666667,0.2916666666666668,0.5386751345948129,18.0,4847.0,-0.6666666666666667,0.3847222222222222,0.5342762675531427,37.0,28563.0,-0.16666666666666669,0.2961805555555556,0.5227128148963446,85.0,88967.0,0.3333333333333333
2024-02-07 06:00:00,36930.22,38208.11,36278.24,37372.45,14435.901,1.1822137823503942,1.0,0.5773502691896258,1.0,1.0,1,214.0,214.0,214.0,3.0,0.4583333333333335,0.6349001794597505,17.0,4793.0,1.0,0.45138888888888884,0.545120990360615,33.0,27674.0,0.8,0.33784722222222224,0.546769076112579,83.0,89013.0,1.0
2024-02-07 07:00:00,37534.62,38363.75,35979.53,37015.37,28347.8791,-0.9554631821033776,0.0,0.5773502691896258,0.0,0.0,1,214.0,214.0,214.0,6.0,0.4027777777777779,0.6349001794597505,15.0,4842.0,-0.3333333333333333,0.4236111111111111,0.545120990360615,31.0,7813.0,-0.3333333333333333,0.31701388888888893,0.5413625547793739,82.0,88826.0,-0.5
2024-02-07 08:00:00,36993.23,37475.43,36629.34,37196.8,23595.0101,0.4901477413301602,0.6666666666666666,0.5163977794943223,0.0,1.0,6,7863.0,1310.5,6700.0,5.333333333333333,0.4583333333333335,0.6247414311771999,18.0,11927.0,0.3333333333333333,0.4513888888888889,0.5400416162193397,34.0,15070.0,0.3333333333333333,0.36562500000000003,0.5334163463755311,86.0,96453.0,1.1666666666666665
2024-02-07 09:00:00,37291.83,38056.01,35848.92,36719.02,26029.7906,-1.2844653303510143,0.0,1.0,-1.0,1.0,3,14825.0,4941.666666666667,14400.0,6.333333333333333,0.4583333333333335,0.6247414311771999,18.0,25075.0,0.0,0.3680555555555555,0.5752624271202041,36.0,29864.0,-1.0,0.3586805555555556,0.5580726676062036,83.0,110483.0,-0.16666666666666666
2024-02-07 10:00:00,36811.71,36931.61,36727.22,36859.59,19167.8842,0.3828261211764383,0.0,0.0,0.0,0.0,2,75.0,37.5,40.0,6.0,0.3333333333333335,0.5414080978438666,16.0,24777.0,-0.75,0.3680555555555555,0.49192909378687083,35.0,29479.0,0.0,0.33784722222222224,0.5286098850567641,83.0,89498.0,-0.5
2024-02-07 11:00:00,36996.07,38398.75,35147.5,36273.71,40325.0574,-1.5894913643911823,0.0,0.0,0.0,0.0,2,1155.0,577.5,953.0,6.5,0.2777777777777779,0.4451830529789289,15.0,24346.0,-0.3333333333333333,0.2847222222222222,0.49192909378687083,33.0,29193.0,-1.0,0.3170138888888889,0.4937490506178443,79.0,60473.0,-0.5
2024-02-07 12:00:00,36340.05,37630.48,34532.04,35672.87,36991.5778,-1.6564062512491762,0.3333333333333333,0.5773502691896258,0.0,1.0,3,864.0,288.0,478.0,5.666666666666667,0.16666666666666682,0.4451830529789289,17.0,24996.0,-0.6666666666666667,0.31249999999999994,0.5400416162193397,34.0,29789.0,0.3333333333333333,0.32569444444444445,0.503073920559359,74.0,58504.0,0.20833333333333331
2024-02-07 13:00:00,35822.0,37089.25,35096.11,36335.48,19924.4737,1.857461987218856,0.0,0.0,0.0,0.0,3,18664.0,6221.333333333333,18300.0,6.666666666666667,0.16666666666666682,0.3489580081139913,19.0,43446.0,0.0,0.28472222222222215,0.49192909378687094,34.0,48288.0,-0.3333333333333333,0.29444444444444445,0.4822405872260256,73.0,76216.0,-0.75
2024-02-07 14:00:00,36295.93,37406.04,35587.08,36692.5,47444.45,0.9825658006994642,1.0,0.0,1.0,1.0,1,228.0,228.0,228.0,6.0,0.2222222222222224,0.26289171153160423,14.0,35811.0,0.33333333333333337,0.34027777777777773,0.44381657135440206,32.0,47738.0,0.6666666666666667,0.32777777777777783,0.4473797527871058,69.0,74914.0,0.8
2024-02-07 15:00:00,36632.84,37286.37,36176.11,36911.66,58666.7375,0.597288274170471,0.5,0.7071067811865476,0.0,1.0,2,28274.0,14137.0,28000.0,6.0,0.30555555555555575,0.2140761750626955,13.0,49260.0,0.5,0.3819444444444444,0.4194088031199477,31.0,74335.0,0.5,0.3590277777777778,0.4560092020032119,67.0,102727.0,0.75
2024-02-07 16:00:00,36731.52,37489.95,35220.26,36140.43,36950.7264,-2.089393974695264,0.0,0.0,0.0,0.0,3,972.0,324.0,598.0,6.0,0.30555555555555575,0.2140761750626955,14.0,50157.0,0.0,0.3194444444444444,0.3777421364532811,30.0,74934.0,-0.75,0.3590277777777778,0.4560092020032119,68.0,102646.0,0.0
2024-02-07 17:00:00,36029.51,36903.72,34003.98,35343.07,64228.2817,-2.206282548381411,0.6666666666666666,0.5773502691896258,0.0,1.0,3,1173.0,391.0,610.0,5.333333333333333,0.4166666666666668,0.31030121992763315,15.0,50175.0,0.6666666666666666,0.34722222222222215,0.3777421364532811,30.0,74521.0,0.3333333333333333,0.3659722222222222,0.4560092020032119,67.0,103084.0,0.16666666666666663
2024-02-07 18:00:00,35502.29,36044.76,35248.16,35698.38,53057.2368,1.0053173083153233,0.3333333333333333,0.5773502691896258,0.0,1.0,3,383.0,127.66666666666667,160.0,5.333333333333333,0.4166666666666668,0.31030121992763315,15.0,49694.0,0.0,0.29166666666666663,0.3777421364532811,32.0,74690.0,-0.6666666666666667,0.37152777777777785,0.4614315634069481,65.0,102364.0,0.1333333333333333
2024-02-07 19:00:00,35754.21,37271.43,34625.39,36326.13,70560.9011,1.7584831580592653,-0.25,0.5,-1.0,0.0,4,866.0,216.5,336.0,5.5,0.37500000000000017,0.39363455326096647,16.0,31896.0,-0.25,0.2708333333333333,0.37129628068747894,35.0,75342.0,-0.25,0.34722222222222227,0.45820863552404706,66.0,83155.0,-0.5833333333333333
2024-02-07 20:00:00,36236.53,36329.87,36106.68,36188.63,55528.3023,-0.3785154102570298,0.0,0.5,0.0,0.0,1,51.0,51.0,51.0,5.0,0.2083333333333335,0.47696788659429984,16.0,31719.0,-1.0,0.21527777777777776,0.36992979906295204,30.0,67530.0,-0.6666666666666666,0.3333333333333334,0.45498570764114593,64.0,82600.0,-0.3333333333333333
2024-02-07 21:00:00,36162.21,37805.29,35311.04,36745.71,32557.249,1.5393785285599426,1.0,0.5,1.0,1.0,1,362.0,362.0,362.0,4.0,0.29166666666666685,0.44245008972987526,15.0,3807.0,0.5,0.2986111111111111,0.3282631323962854,28.0,53067.0,1.0,0.3333333333333333,0.45176277975824486,64.0,82931.0,0.0
2024-02-07 22:00:00,36847.53,37100.8,36459.2,36674.79,58292.7187,-0.1930021218803479,0.2,0.4472135954999579,0.0,1.0,5,26584.0,5316.8,26200.0,6.0,0.3250000000000002,0.5169856889798682,17.0,29419.0,0.2,0.31527777777777777,0.3655309320212819,31.0,79576.0,0.2,0.34166666666666673,0.4287300129040765,66.0,109055.0,0.2
2024-02-07 23:00:00,36653.0,36676.58,36620.37,36640.86,17624.826,-0.0925158671665205,0.2,0.4472135954999579,0.0,1.0,0,0.0,5316.8,26200.0,6.0,0.24722222222222245,0.4952962433649235,14.0,28246.0,-0.4666666666666666,0.33194444444444443,0.4027987316462784,29.0,78421.0,0.2,0.30833333333333335,0.4473639127165747,62.0,107614.0,-0.8
2024-02-08 00:00:00,36510.37,37442.27,35837.49,36902.8,38951.1058,0.7148849672196533,0.5,0.5773502691896257,0.0,1.0,4,738.0,184.5,283.0,6.25,0.2750000000000002,0.4952962433649235,15.0,28601.0,0.16666666666666669,0.34583333333333327,0.4027987316462784,30.0,78295.0,0.16666666666666669,0.32916666666666666,0.47142017393280905,64.0,108084.0,0.5
2024-02-08 01:00:00,36756.4,37796.91,35249.1,36128.48,32155.2432,-2.0982689660405174,0.5,0.7071067811865476,0.0,1.0,2,691.0,345.5,347.0,6.5,0.4000000000000002,0.5298140402293482,13.0,28426.0,0.75,0.38749999999999996,0.4617242967451573,29.0,60322.0,0.5,0.3361111111111112,0.4768266952660141,63.0,108610.0,0.16666666666666669
2024-02-08 02:00:00,36001.62,36597.04,35651.66,36203.71,22543.9505,0.2082290757872806,0.5,0.7071067811865476,0.0,1.0,2,37.0,18.5,29.0,6.5,0.48333333333333356,0.5643318370937728,14.0,28412.0,0.5,0.34583333333333327,0.5206498618440363,30.0,60131.0,-0.5,0.3430555555555556,0.4822332165992192,62.0,107869.0,0.16666666666666669
2024-02-08 03:00:00,36350.2,36633.7,36138.36,36458.72,23459.7,0.7043753250702833,0.0,0.816496580927726,-1.0,1.0,4,437.0,109.25,188.0,5.0,0.3166666666666669,0.6170812672483937,17.0,28487.0,-1.0,0.30416666666666664,0.5297656784891346,32.0,32294.0,-0.5,0.3430555555555556,0.4745872408045411,63.0,106629.0,0.0
2024-02-08 04:00:00,36584.16,37746.91,35913.18,36995.27,19726.8833,1.4716643919479244,0.5,0.5773502691896257,0.0,1.0,4,953.0,238.25,353.0,5.25,0.36666666666666686,0.6387707128633383,16.0,2856.0,0.3,0.34583333333333327,0.5778782009216034,33.0,32275.0,0.5,0.3326388888888889,0.47781016868744225,63.0,107209.0,-0.25
2024-02-08 05:00:00,37112.91,37156.93,37034.42,37086.28,23251.4636,0.2460044216463508,0.2,0.8366600265340756,-1.0,1.0,5,1670.0,334.0,844.0,5.6,0.36666666666666686,0.7036784513690247,21.0,4526.0,0.0,0.3069444444444444,0.5994873473669741,35.0,32772.0,-0.4666666666666666,0.32708333333333334,0.48861474191012766,65.0,107293.0,-0.1333333333333333
2024-02-08 06:00:00,37049.42,37631.04,36799.97,37245.45,31933.7512,0.4291883683130271,1.0,0.8366600265340756,1.0,1.0,1,184.0,184.0,184.0,6.0,0.4500000000000002,0.7468967442597663,18.0,3972.0,0.5,0.3625,0.621096493812345,33.0,32573.0,0.6666666666666667,0.32708333333333334,0.49941931513281307,65.0,107263.0,0.0
2024-02-08 07:00:00,37089.19,37197.76,36926.43,37029.31,13552.4239,-0.580312494546309,0.5,0.5773502691896257,0.0,1.0,4,697.0,174.25,323.0,6.0,0.4500000000000002,0.725270658926946,20.0,3978.0,0.0,0.425,0.627542349578147,33.0,32404.0,0.75,0.3479166666666667,0.499419315132813,68.0,107746.0,0.5
2024-02-08 08:00:00,36986.42,37789.49,35652.84,36529.27,27290.7067,-1.3503897318097535,1.0,0.0,1.0,1.0,2,685.0,342.5,620.0,6.0,0.5333333333333335,0.607419528729188,20.0,4626.0,0.5,0.5083333333333333,0.5858756829114804,34.0,33038.0,1.0,0.36180555555555555,0.47790274098721625,64.0,100568.0,0.33333333333333337
2024-02-08 09:00:00,36377.62,36916.39,36124.12,36570.85,21052.9622,0.1138265286987794,0.5,0.7071067811865476,0.0,1.0,2,24714.0,12357.0,24600.0,7.5,0.6166666666666668,0.5891878954389916,18.0,28903.0,0.5,0.4666666666666666,0.6031345813436927,35.0,57390.0,-0.5,0.3826388888888889,0.4656988568699891,63.0,110457.0,0.5
2024-02-08 10:00:00,36604.84,36624.55,36563.34,36589.08,20543.9841,0.0498484448679947,0.2857142857142857,0.7559289460184545,-1.0,1.0,7,35319.0,5045.571428571428,24600.0,5.857142857142857,0.5809523809523811,0.6189510082437965,21.0,63269.0,-0.2142857142857143,0.47380952380952374,0.6288608605535674,37.0,66125.0,0.08571428571428569,0.39454365079365084,0.4971958962874247,68.0,145701.0,0.2857142857142857
2024-02-08 11:00:00,36711.38,36860.01,36545.41,36636.94,17992.2664,0.1308040541057709,0.5,0.7071067811865476,0.0,1.0,2,161.0,80.5,102.0,7.0,0.6309523809523812,0.5973588006858751,18.0,61760.0,0.3,0.49880952380952376,0.6505186260274499,39.0,66286.0,0.3,0.41537698412698415,0.5266586788368641,68.0,144707.0,0.5
2024-02-08 12:00:00,36469.44,37497.45,34946.74,35912.46,28945.9391,-1.977457724362364,0.0,0.7071067811865476,0.0,0.0,1,182.0,182.0,182.0,5.0,0.4642857142857144,0.5757665931279538,18.0,61758.0,-1.0,0.4571428571428571,0.6613316686938601,36.0,65730.0,-0.5,0.4014880952380953,0.5320652001700692,66.0,144025.0,-0.3333333333333333
2024-02-08 13:00:00,36046.86,36888.86,34558.81,35540.7,13833.7687,-1.035183888822988,0.0,1.4142135623730951,-1.0,1.0,2,1083.0,541.5,899.0,5.5,0.3809523809523811,0.7152438086585319,16.0,62144.0,-0.5,0.4154761904761904,0.720257233792739,36.0,66122.0,-0.5,0.4014880952380953,0.5909907652689482,65.0,126444.0,0.0
2024-02-08 14:00:00,35595.37,35674.64,35503.72,35554.39,45956.4302,0.038519218811106,0.5,0.5773502691896257,0.0,1.0,4,835.0,208.75,509.0,5.75,0.29761904761904784,0.8114688535234696,18.0,62294.0,-0.5,0.4154761904761904,0.7094441911263288,38.0,66920.0,0.0,0.38065476190476194,0.6150470264851826,68.0,127051.0,-0.5
2024-02-08 15:00:00,35437.86,36360.24,33629.32,34799.92,45128.9955,-2.1220164373513373,0.6666666666666666,0.5773502691896258,0.0,1.0,3,437.0,145.66666666666666,321.0,5.666666666666667,0.3253968253968256,0.7898427681906494,19.0,38017.0,0.16666666666666663,0.47103174603174597,0.6895153318148205,37.0,66920.0,0.6666666666666666,0.38759920634920636,0.6096405051519775,69.0,99214.0,0.16666666666666663
2024-02-08 16:00:00,34831.6,35843.38,34124.17,35274.38,56234.6258,1.3633939388366434,0.0,0.816496580927726,-1.0,1.0,4,864.0,216.0,429.0,6.0,0.27777777777777796,0.7999373740088612,16.0,3562.0,-0.2857142857142857,0.42936507936507934,0.7094441911263288,37.0,66831.0,-0.5,0.3875992063492064,0.6436611960239661,70.0,99106.0,0.0
2024-02-08 17:00:00,35381.77,35574.89,35069.97,35277.34,48884.7893,0.0083913593945439,-0.5,0.7071067811865476,-1.0,0.0,2,149.0,74.5,95.0,5.0,0.11111111111111131,0.7999373740088611,16.0,3550.0,-1.0,0.37103174603174605,0.6986480873473683,34.0,65310.0,-0.7,0.33898809523809526,0.6490677173571712,69.0,98082.0,-1.1666666666666665
2024-02-08 18:00:00,35445.21,35694.0,35243.89,35552.92,59850.9071,0.7811813475732565,0.0,0.7071067811865476,0.0,0.0,1,503.0,503.0,503.0,6.0,0.11111111111111129,0.7999373740088612,16.0,3871.0,0.0,0.2876984126984127,0.6878519835684075,34.0,65629.0,-1.0,0.32509920634920636,0.6544742386903762,67.0,98202.0,-0.3333333333333333
2024-02-08 19:00:00,35586.01,35889.61,35044.43,35351.86,45901.3308,-0.5655231694049245,0.0,0.816496580927726,-1.0,1.0,4,1064.0,266.0,450.0,6.0,0.11111111111111129,0.7003178771012997,18.0,3852.0,0.0,0.24603174603174602,0.7077808428799158,34.0,65996.0,-0.5,0.3355158730158731,0.6676615962290314,67.0,98400.0,0.25
2024-02-08 20:00:00,35370.74,35539.15,35176.99,35283.96,33503.7253,-0.1920691018803544,0.4,0.5477225575051661,0.0,1.0,5,1549.0,309.8,1206.0,5.8,0.09444444444444462,0.6953799251538898,19.0,4566.0,-0.09999999999999998,0.196031746031746,0.7534243893386797,37.0,66860.0,-0.6,0.35218253968253976,0.6696500361250801,71.0,99898.0,0.4
2024-02-08 21:00:00,35323.63,36191.65,34700.01,35715.95,26718.3003,1.2243240271216704,0.4,0.5477225575051661,0.0,1.0,0,0.0,309.8,1206.0,5.8,0.05000000000000019,0.6904419732064798,16.0,4129.0,-0.2666666666666666,0.1876984126984127,0.7401423706985645,35.0,42146.0,-0.09999999999999998,0.3271825396825397,0.6716384760211286,70.0,99536.0,-0.6
2024-02-08 22:00:00,35569.21,36197.41,35238.22,35785.12,62320.8613,0.1936669751189779,0.25,0.5,0.0,1.0,4,1415.0,353.75,974.0,5.0,0.09166666666666685,0.6376925430518589,16.0,4680.0,0.25,0.18472222222222223,0.71881495853036,32.0,8242.0,-0.0357142857142857,0.329265873015873,0.6738379095419638,69.0,74367.0,0.04999999999999999
2024-02-08 23:00:00,35853.96,36575.36,34750.5,35432.54,30362.7061,-0.9852698551800376,0.2,0.8366600265340756,-1.0,1.0,5,21509.0,4301.8,21000.0,4.6,0.2083333333333335,0.6592847506097802,19.0,26040.0,0.7,0.1597222222222222,0.7296110623093207,35.0,29590.0,-0.3,0.329265873015873,0.6900648441683853,74.0,95876.0,0.0
2024-02-09 00:00:00,35471.71,36353.44,33766.02,34815.65,40843.2648,-1.741026751116348,1.0,0.8366600265340756,1.0,1.0,1,773.0,773.0,773.0,7.0,0.37500000000000017,0.6808769581677016,19.0,26310.0,1.0,0.24305555555555555,0.7404071660882813,35.0,30181.0,1.0,0.3500992063492063,0.7008694173910707,71.0,95911.0,0.5
2024-02-09 01:00:00,34914.03,35169.79,34406.52,34701.55,17763.6816,-0.3277261806112985,0.3333333333333333,0.5773502691896258,0.0,1.0,3,820.0,273.3333333333333,538.0,5.0,0.43055555555555575,0.6410192395446848,18.0,26066.0,0.3333333333333333,0.2708333333333333,0.6706685583229923,36.0,29918.0,0.3333333333333333,0.3431547619047619,0.6954628960578656,72.0,96040.0,-0.16666666666666669
2024-02-09 02:00:00,34561.25,34906.59,34058.8,34370.33,22198.5486,-0.9544818603203664,1.0,0.5773502691896258,1.0,1.0,1,21.0,21.0,21.0,4.0,0.5305555555555558,0.6459571914920947,14.0,24538.0,0.6,0.3125,0.6706685583229923,33.0,29104.0,0.5,0.3639880952380952,0.6900563747246605,71.0,96024.0,0.5
2024-02-09 03:00:00,34425.09,34842.24,33551.6,34117.23,37034.9422,-0.7363909511488465,0.5,0.7071067811865476,0.0,1.0,2,215.0,107.5,124.0,6.5,0.5472222222222224,0.6725212287723249,16.0,24753.0,0.09999999999999998,0.2986111111111111,0.6814816009894025,32.0,28882.0,-0.16666666666666663,0.3848214285714286,0.6854984664021115,69.0,95802.0,0.5
2024-02-09 04:00:00,34108.5,34875.18,33121.74,33666.9,26547.4186,-1.3199488938580362,0.0,0.816496580927726,-1.0,1.0,7,1193.0,170.42857142857142,634.0,5.428571428571429,0.5055555555555556,0.725270658926946,19.0,24531.0,-0.25,0.2986111111111111,0.6814816009894025,35.0,29211.0,0.0,0.3639880952380952,0.6954628960578657,72.0,96042.0,-0.5
2024-02-09 05:00:00,33644.91,34056.16,33018.99,33421.9,18105.7922,-0.7277177286890035,0.6666666666666666,0.5773502691896258,0.0,1.0,3,422.0,140.66666666666666,190.0,5.0,0.5833333333333335,0.6820523660362044,17.0,3444.0,0.4666666666666666,0.39583333333333326,0.6706685583229923,36.0,29484.0,1.1666666666666665,0.3834325396825397,0.6846583228351802,70.0,94794.0,0.4666666666666666
2024-02-09 06:00:00,33563.9,34359.5,32437.74,33128.76,22453.8166,-0.8770895730045303,0.6666666666666666,0.5773502691896258,0.0,1.0,0,0.0,140.66666666666666,190.0,5.0,0.527777777777778,0.6388340731454627,16.0,2671.0,-0.33333333333333337,0.45138888888888884,0.6598555156565822,35.0,28981.0,0.6666666666666666,0.36954365079365087,0.6738537496124949,69.0,94610.0,-0.33333333333333337
2024-02-09 07:00:00,33202.11,33505.08,33034.78,33325.23,25536.0655,0.5930496644003691,0.6666666666666666,0.5773502691896258,0.0,1.0,3,811.0,270.3333333333333,359.0,5.0,0.5833333333333335,0.6388340731454628,16.0,2662.0,0.3333333333333333,0.5069444444444444,0.6399266563450737,34.0,28728.0,0.6666666666666666,0.3764880952380953,0.6738537496124949,68.0,94724.0,0.16666666666666663
2024-02-09 08:00:00,33418.2,33715.33,32769.72,33185.79,30761.8925,-0.4184217183197281,0.0,0.0,0.0,0.0,2,499.0,249.5,406.0,6.0,0.4166666666666668,0.5426090282805252,17.0,3140.0,-1.0,0.47361111111111115,0.59428310988631,31.0,27678.0,-0.4,0.3348214285714286,0.6738537496124949,68.0,94538.0,-1.0
2024-02-09 09:00:00,33093.09,33154.05,32981.25,33054.69,21074.9691,-0.3950486036342626,0.5,0.7071067811865476,0.0,1.0,2,752.0,376.0,722.0,6.5,0.4166666666666668,0.542609028280525,17.0,3677.0,0.0,0.48194444444444445,0.6075651285264251,33.0,28430.0,0.09999999999999998,0.3348214285714286,0.6738537496124949,68.0,70576.0,0.0
2024-02-09 10:00:00,33039.81,33234.75,32626.48,32890.91,34310.2933,-0.4954818816936379,0.0,0.0,0.0,0.0,3,24745.0,8248.333333333334,24600.0,6.0,0.4166666666666668,0.40652626479257076,13.0,27229.0,0.0,0.4611111111111111,0.5658984618597585,32.0,51760.0,-0.25,0.3229166666666667,0.6423567101950592,64.0,60002.0,-0.2857142857142857
2024-02-09 11:00:00,32792.96,33650.55,31693.84,39236.985,22937.402,19.29431262315331,-0.5,0.7071067811865476,-1.0,0.0,2,289.0,144.5,152.0,5.5,0.2222222222222224,0.42815235012539105,12.0,27096.0,-1.1666666666666665,0.40277777777777773,0.5551023580807978,29.0,30540.0,-0.7,0.28125,0.6423567101950592,64.0,60130.0,-1.0
2024-02-09 12:00:00,39220.73,39981.51,37720.12,38704.9,33536.5349,-1.35608023909074,0.2857142857142857,0.4879500364742666,0.0,1.0,7,6416.0,916.5714285714286,5180.0,5.571428571428571,0.15873015873015892,0.41325231133949786,19.0,33512.0,-0.38095238095238093,0.3432539682539682,0.5260431922424803,35.0,36183.0,-0.7142857142857143,0.2931547619047619,0.6332251791653809,70.0,66364.0,0.2857142857142857
2024-02-09 13:00:00,38758.31,39162.21,38416.63,38931.22,24922.3065,0.5847321656947901,1.0,0.0,1.0,1.0,2,22924.0,11462.0,22800.0,5.5,0.2142857142857145,0.3170272664745602,18.0,55625.0,0.33333333333333337,0.3988095238095238,0.4779306698100115,34.0,58287.0,0.6666666666666667,0.3348214285714286,0.5742996140665019,70.0,88205.0,1.0
2024-02-09 14:00:00,39070.19,39103.85,39025.13,39053.34,52264.6162,0.3136814104464092,0.6666666666666666,0.5163977794943222,0.0,1.0,6,21018.0,3503.0,19200.0,6.166666666666667,0.3253968253968256,0.40309356305694727,22.0,76144.0,0.6666666666666666,0.371031746031746,0.47285129566873624,39.0,79284.0,-0.33333333333333337,0.341765873015873,0.5717599269958643,72.0,108388.0,0.16666666666666663
2024-02-09 15:00:00,39143.17,40029.68,38602.59,39512.96,56628.5035,1.176903179087896,0.3333333333333333,0.5773502691896258,0.0,1.0,3,1198.0,399.3333333333333,675.0,5.0,0.29761904761904784,0.381467477724127,23.0,76590.0,-0.16666666666666669,0.35714285714285715,0.4620382530023261,40.0,80267.0,-0.16666666666666669,0.32787698412698413,0.5717599269958643,72.0,109149.0,-0.3333333333333333
2024-02-09 16:00:00,39549.22,40470.47,38325.26,38993.9,59984.0924,-1.3136449407991635,-1.0,0.5773502691896258,-1.0,-1.0,1,69.0,69.0,69.0,3.0,0.13095238095238115,0.47769252258906464,21.0,51914.0,-1.0,0.2738095238095238,0.44210939369081775,34.0,79143.0,-1.0,0.2862103174603175,0.5617954973401101,69.0,108354.0,-1.0
2024-02-09 17:00:00,38982.46,39915.16,38301.89,39401.29,51704.1283,1.0447531536984078,0.0,0.5773502691896257,-1.0,1.0,7,2151.0,307.2857142857143,1005.0,5.428571428571429,0.2142857142857145,0.45606643725624435,26.0,53776.0,0.5,0.21825396825396823,0.44210939369081764,38.0,80872.0,-0.6666666666666666,0.3070436507936508,0.5563889760069051,74.0,110356.0,0.5
2024-02-09 18:00:00,39527.88,39632.59,39328.86,39452.69,28993.2518,0.1304525816286705,0.0,1.0,-1.0,1.0,3,730.0,243.33333333333334,466.0,6.333333333333333,0.16666666666666688,0.5414080978438666,22.0,48090.0,-0.2857142857142857,0.16269841269841268,0.47733020459168224,41.0,81602.0,-0.6666666666666666,0.3070436507936508,0.5685928601241322,76.0,110583.0,0.0
2024-02-09 19:00:00,39630.2,40466.65,38047.64,39047.97,33553.6487,-1.025836261101587,0.5,0.7071067811865476,0.0,1.0,2,1111.0,555.5,1084.0,5.5,0.08333333333333355,0.6592592280416244,22.0,26277.0,-0.5,0.1488095238095238,0.4881432472580924,40.0,81902.0,-0.16666666666666663,0.32787698412698413,0.5640349518015831,74.0,110630.0,0.5
2024-02-09 20:00:00,38971.76,39886.52,38401.98,39288.69,28930.4971,0.6164725080458844,0.5,0.7071067811865476,0.0,1.0,2,14201.0,7100.5,13700.0,7.5,0.05555555555555578,0.6910440616569954,18.0,19460.0,-0.16666666666666663,0.19047619047619047,0.5470688123569714,40.0,95604.0,0.5,0.3320436507936508,0.5706759611216407,71.0,123282.0,0.09999999999999998
2024-02-09 21:00:00,39395.49,40883.99,38315.28,39985.16,44624.445,1.7726984534226051,0.6,0.5477225575051662,0.0,1.0,5,627.0,125.4,232.0,5.0,0.10000000000000024,0.6861061097095854,20.0,18889.0,0.26666666666666666,0.1988095238095238,0.5337867937168562,43.0,95479.0,0.09999999999999998,0.34037698412698414,0.5706759611216407,76.0,123909.0,0.19999999999999996
2024-02-09 22:00:00,40038.5,41340.91,38933.37,40615.67,37575.6432,1.5768600150655845,0.0,0.0,0.0,0.0,3,863.0,287.6666666666667,777.0,7.0,0.2666666666666669,0.5898810648446478,22.0,19683.0,1.0,0.1988095238095238,0.5337867937168562,43.0,71597.0,0.0,0.3299603174603175,0.5498426277883074,75.0,123357.0,-0.25
2024-02-09 23:00:00,40585.57,41316.92,39601.19,40211.85,36899.8184,-0.9942468017885676,0.2,0.4472135954999579,0.0,1.0,5,786.0,157.2,520.0,6.4,0.3000000000000002,0.5681916192297031,20.0,18318.0,0.2,0.2571428571428571,0.5121290282429738,46.0,72094.0,0.7,0.32996031746031745,0.5336156931618858,75.0,102634.0,0.0
2024-02-10 00:00:00,40043.35,41744.44,39284.58,40653.36,40530.1248,1.0979599297222142,0.0,0.0,0.0,0.0,3,360.0,120.0,238.0,5.0,0.3000000000000002,0.40152495256303644,20.0,17948.0,0.0,0.2333333333333333,0.47146652520345156,42.0,66038.0,-0.2857142857142857,0.2882936507936508,0.498754858722966,77.0,102221.0,-1.0
2024-02-10 01:00:00,40811.09,41758.92,39099.36,40176.01,20307.8581,-1.1741956876381132,0.3333333333333333,0.5773502691896258,0.0,1.0,3,323.0,107.66666666666667,195.0,6.333333333333333,0.2722222222222224,0.3798988672302162,21.0,17160.0,-0.16666666666666669,0.17777777777777773,0.5195790476359203,43.0,43437.0,-0.6666666666666667,0.2882936507936508,0.498754858722966,77.0,101724.0,0.0
2024-02-10 02:00:00,40199.63,41430.23,38553.86,39503.38,33282.2739,-1.674208065957783,0.3333333333333333,0.5773502691896258,0.0,1.0,3,929.0,309.6666666666667,368.0,5.666666666666667,0.24444444444444466,0.3582727818973959,22.0,3888.0,-0.16666666666666669,0.15,0.5246584217771957,40.0,23348.0,-0.3333333333333333,0.26051587301587303,0.49875485872296593,79.0,102632.0,-0.6666666666666667
2024-02-10 03:00:00,39350.72,39416.78,39260.54,39316.87,27749.733,-0.4721368146219262,0.0,1.0,-1.0,1.0,3,572.0,190.66666666666666,315.0,5.333333333333333,0.14444444444444468,0.43365235564653487,20.0,3833.0,-0.6,0.12222222222222219,0.5598792326780602,40.0,22722.0,-0.3333333333333333,0.23968253968253972,0.5109587428401933,80.0,102989.0,-0.5
2024-02-10 04:00:00,39413.2,40054.77,38368.34,38980.35,26621.3538,-0.855917574313525,0.5,0.7071067811865476,0.0,1.0,2,1018.0,509.0,572.0,6.5,0.227777777777778,0.5515034858442928,19.0,3988.0,0.5,0.2472222222222222,0.5706922753444704,41.0,23671.0,1.5,0.26051587301587303,0.5064008345176441,75.0,102814.0,0.5
2024-02-10 05:00:00,38810.15,39191.94,38180.32,38569.88,19552.5595,-1.053017738424622,-0.5,0.7071067811865476,-1.0,0.0,2,77.0,38.5,74.0,5.5,0.11111111111111134,0.5948190167920577,16.0,3279.0,-0.7,0.20555555555555552,0.5815053180108805,36.0,21597.0,-0.5,0.21190476190476193,0.5118073558508491,74.0,102469.0,-1.1666666666666665
2024-02-10 06:00:00,38638.65,38762.24,38552.49,38689.43,36828.6382,0.3099568886395287,0.5,0.7071067811865476,0.0,1.0,2,167.0,83.5,141.0,6.0,0.19444444444444467,0.7126701469898157,15.0,3086.0,0.5,0.2472222222222222,0.5570975497764261,35.0,21034.0,0.5,0.20496031746031748,0.5172138771840542,76.0,102636.0,-0.16666666666666663
2024-02-10 07:00:00,38808.9,40350.51,37499.29,39493.3,21031.4918,2.077750951616508,0.6666666666666666,0.5773502691896258,0.0,1.0,3,834.0,278.0,449.0,4.666666666666667,0.2500000000000002,0.7126701469898156,15.0,3597.0,0.3333333333333333,0.26111111111111107,0.546284507110016,36.0,20757.0,0.16666666666666663,0.2049603174603175,0.5172138771840542,76.0,102659.0,0.0
2024-02-10 08:00:00,39650.46,40310.11,38882.68,39314.82,23336.1145,-0.4519247568575024,0.0,0.0,0.0,0.0,3,526.0,175.33333333333334,357.0,6.666666666666667,0.19444444444444467,0.616445102124878,15.0,3194.0,-0.3333333333333333,0.21944444444444441,0.487358942011137,37.0,7082.0,-0.5,0.2049603174603175,0.5172138771840542,77.0,102686.0,0.0
2024-02-10 09:00:00,39313.38,40856.33,38309.83,39903.07,28426.4121,1.4962551017656978,0.42857142857142855,0.7867957924694431,-1.0,1.0,7,47948.0,6849.714285714285,32000.0,6.428571428571429,0.2658730158730161,0.5809110675364518,19.0,50570.0,0.42857142857142855,0.20515873015873012,0.5072817115914934,39.0,54403.0,-0.17142857142857143,0.20198412698412702,0.5205342526541749,82.0,149882.0,-0.07142857142857145
2024-02-10 10:00:00,39919.6,40787.66,38418.3,39332.03,27063.7059,-1.4310678351314832,0.0,0.0,0.0,0.0,2,390.0,195.0,383.0,6.0,0.18253968253968278,0.46305993733869394,19.0,49942.0,-0.5,0.20515873015873012,0.5072817115914935,38.0,53930.0,0.0,0.20198412698412702,0.5205342526541749,81.0,125527.0,0.0
2024-02-10 11:00:00,39160.13,40549.61,38019.85,39742.51,29024.8259,1.0436278015653055,-0.2,0.8366600265340756,-1.0,1.0,5,28529.0,5705.8,28000.0,5.6,0.23253968253968274,0.4846521448966153,22.0,78394.0,0.3,0.1718253968253968,0.5397355808443366,38.0,81673.0,-0.4,0.21448412698412703,0.5259323045436552,84.0,153767.0,0.3
2024-02-10 12:00:00,39680.03,40250.53,39291.82,39911.84,34332.3543,0.4260677043296912,0.0,0.0,0.0,0.0,2,84.0,42.0,49.0,4.5,0.14920634920634943,0.3668010146988574,22.0,78311.0,-0.5,0.1718253968253968,0.5397355808443366,37.0,81397.0,0.0,0.2025793650793651,0.5056010530238941,79.0,147435.0,-0.2857142857142857
2024-02-10 13:00:00,39889.99,40298.12,39004.85,39577.38,16499.992,-0.8379969452673719,0.0,0.0,0.0,0.0,1,352.0,352.0,352.0,6.0,0.03809523809523833,0.2705759698339197,20.0,77829.0,-0.6666666666666666,0.144047619047619,0.4916230584118677,35.0,81426.0,-0.3333333333333333,0.16091269841269842,0.5056010530238941,78.0,124863.0,-1.0
2024-02-10 14:00:00,39571.14,41669.15,38648.84,40316.23,45301.2219,1.8668491951715935,-0.3333333333333333,0.5773502691896258,-1.0,0.0,3,3718.0,1239.3333333333333,3380.0,6.333333333333333,-0.01746031746031722,0.36680101469885734,20.0,81021.0,-0.3333333333333333,0.08849206349206347,0.49162305841186776,35.0,84215.0,-0.6666666666666666,0.11924603174603177,0.5081407400945317,75.0,107563.0,-1.0
2024-02-10 15:00:00,40181.72,42069.64,39208.13,40863.41,77383.7486,1.3572201567457975,0.0,0.7071067811865476,-1.0,1.0,5,1327.0,265.4,539.0,5.8,-0.08888888888888864,0.35351951281837474,18.0,34400.0,-0.42857142857142855,0.08849206349206347,0.46721529017741337,37.0,84970.0,0.0,0.10535714285714287,0.5135472614277368,77.0,107692.0,-0.3333333333333333
2024-02-10 16:00:00,40942.22,41575.04,40563.44,41214.66,27985.5748,0.8595709462328349,0.4,0.8944271909999159,-1.0,1.0,5,600.0,120.0,176.0,5.0,-0.022222222222221977,0.5025907113183607,21.0,34610.0,0.4,0.08015873015873014,0.48282532432852737,40.0,84552.0,-0.09999999999999998,0.16369047619047622,0.526758799836499,81.0,108223.0,1.4
2024-02-10 17:00:00,41060.71,41591.01,40017.9,40667.2,28522.1152,-1.328313760200872,0.6,0.5477225575051662,0.0,1.0,5,3377.0,675.4,3000.0,6.6,0.11111111111111134,0.45443446648020913,21.0,9458.0,0.8,0.1718253968253968,0.46954330568841224,43.0,87852.0,1.1,0.18869047619047621,0.5255243118496464,79.0,109449.0,0.6
2024-02-10 18:00:00,40603.7,40940.53,40122.76,40397.29,43321.3751,-0.6637044104339518,-0.5,0.5773502691896257,-1.0,0.0,4,698.0,174.5,321.0,5.0,0.02777777777777803,0.5506595113451468,23.0,10072.0,-0.5,0.08849206349206347,0.4587302630220021,45.0,88383.0,-1.0,0.1678571428571429,0.5079139063992142,80.0,109417.0,-0.5
2024-02-10 19:00:00,40358.74,40359.97,40356.32,40357.79,32159.9954,-0.097778836154605,0.3333333333333333,0.5773502691896258,0.0,1.0,3,739.0,246.33333333333334,343.0,3.3333333333333335,0.08333333333333359,0.6468845562100843,25.0,10459.0,0.3333333333333333,0.0607142857142857,0.4587302630220021,45.0,88288.0,-0.3333333333333333,0.16091269841269842,0.502507385066009,81.0,109045.0,-0.16666666666666669
2024-02-10 20:00:00,40454.04,42351.12,39096.19,41223.64,47924.49,2.145434623650111,0.5,0.7071067811865476,0.0,1.0,2,255.0,127.5,240.0,6.5,0.22222222222222246,0.6685106415429046,24.0,6996.0,0.8333333333333333,0.10238095238095236,0.5176558281208811,44.0,88017.0,0.5,0.16091269841269842,0.502507385066009,81.0,95099.0,0.0
2024-02-10 21:00:00,41406.68,43523.63,40357.62,42202.83,61264.5342,2.3753118356360625,0.0,0.0,0.0,0.0,3,589.0,196.33333333333334,356.0,6.333333333333333,0.22222222222222246,0.5506595113451468,22.0,6258.0,0.0,0.06666666666666665,0.4520895120817608,40.0,40658.0,-0.42857142857142855,0.13591269841269843,0.4796856118366271,79.0,95061.0,-0.6
2024-02-10 22:00:00,42178.4,43067.24,41565.65,42497.51,33972.6019,0.6982470132927077,0.0,0.0,0.0,0.0,3,278.0,92.66666666666667,192.0,5.333333333333333,0.1555555555555558,0.4015883128451609,20.0,5936.0,-0.4,0.06666666666666665,0.4520895120817608,41.0,40546.0,0.0,0.13591269841269843,0.4796856118366271,79.0,94476.0,0.0
2024-02-10 23:00:00,42415.95,42728.5,41989.23,42249.05,12740.7271,-0.584646018084356,0.0,0.0,0.0,0.0,2,421.0,210.5,387.0,5.5,0.055555555555555795,0.31030121992763315,17.0,2980.0,-0.6,0.08333333333333331,0.3823678432039211,38.0,12438.0,0.2,0.1275793650793651,0.46105171202412887,76.0,94111.0,-0.2
2024-02-11 00:00:00,42308.75,42644.48,42033.63,42449.95,15110.7633,0.4755136506027879,0.0,0.0,0.0,0.0,0,0.0,210.5,387.0,5.5,0.13888888888888914,0.21407617506269552,13.0,2282.0,0.5,0.08333333333333331,0.3823678432039211,36.0,12354.0,0.0,0.1275793650793651,0.46105171202412887,73.0,93751.0,0.0
2024-02-11 01:00:00,42466.26,42627.21,42255.95,42373.61,20557.4938,-0.179835311937937,0.0,0.816496580927726,-1.0,1.0,4,685.0,171.25,281.0,6.0,0.08333333333333359,0.25393389368571223,14.0,2228.0,-0.3333333333333333,0.08333333333333331,0.4504092249478983,39.0,12687.0,0.0,0.11369047619047622,0.47101614167988304,74.0,94113.0,-0.3333333333333333
2024-02-11 02:00:00,42296.39,42821.67,41953.86,42474.16,17921.5636,0.237293919493764,0.25,0.9574271077563381,-1.0,1.0,4,833.0,208.25,682.0,6.0,0.04166666666666693,0.29565394811401063,16.0,2806.0,-0.25,0.13194444444444442,0.4820822948284577,40.0,9802.0,0.5833333333333333,0.11021825396825398,0.4868526766201628,75.0,94017.0,-0.08333333333333331
2024-02-11 03:00:00,42624.44,42957.47,42084.81,42402.16,27550.4706,-0.1695148297223503,0.0,0.9574271077563381,0.0,0.0,1,54.0,54.0,54.0,5.0,0.04166666666666693,0.45522513274006693,14.0,2271.0,0.0,0.13194444444444442,0.5029423220426069,36.0,8529.0,0.0,0.11021825396825398,0.48507880611001014,73.0,93499.0,0.0
2024-02-11 04:00:00,42560.87,43812.19,40766.78,41858.79,44736.0707,-1.28146773654928,0.2857142857142857,0.7559289460184544,-1.0,1.0,7,605.0,86.42857142857143,351.0,6.285714285714286,0.08928571428571454,0.5812132904098094,18.0,2598.0,0.2857142857142857,0.12242063492063492,0.4914008016274851,38.0,8534.0,-0.11428571428571432,0.10128968253968255,0.4871130629780063,78.0,93086.0,-0.2142857142857143
2024-02-11 05:00:00,41770.31,43290.37,40984.28,42281.04,28447.1498,1.00874870009382,0.0,0.0,0.0,0.0,2,165.0,82.5,116.0,6.5,0.08928571428571454,0.5812132904098094,18.0,2342.0,0.0,0.0724206349206349,0.4457572551687213,35.0,5322.0,-0.6,0.12212301587301588,0.45765028042856687,78.0,93174.0,0.5
2024-02-11 06:00:00,42317.9,43275.15,40510.43,41617.25,44996.1912,-1.5699471914598195,0.0,0.0,0.0,0.0,3,186.0,62.0,134.0,6.0,0.08928571428571454,0.5812132904098094,21.0,2528.0,0.0,0.11408730158730157,0.39764473273625245,34.0,4810.0,0.5,0.10128968253968255,0.4281874978791273,79.0,93193.0,-0.5
2024-02-11 07:00:00,41436.68,43575.67,40467.61,42199.27,31773.2825,1.3985066288618286,0.0,0.0,0.0,0.0,3,465.0,155.0,344.0,5.333333333333333,0.08928571428571454,0.445130526921855,20.0,2308.0,0.0,0.0863095238095238,0.3495322103037837,34.0,4536.0,-0.3333333333333333,0.07351190476190478,0.40413123666289286,79.0,92824.0,-0.6666666666666666
2024-02-11 08:00:00,42163.2,42423.77,41993.36,42257.33,14380.7669,0.1375853184190312,0.6666666666666666,0.5773502691896258,0.0,1.0,3,19056.0,6352.0,18800.0,6.666666666666667,0.15873015873015897,0.3817843871607363,19.0,20531.0,0.41666666666666663,0.10019841269841268,0.33871916763737353,35.0,23337.0,0.16666666666666663,0.10128968253968255,0.4281874978791273,79.0,111354.0,0.6666666666666666
2024-02-11 09:00:00,42207.37,42410.52,42038.12,42298.31,27581.7374,0.0969772581466799,0.6,0.5477225575051662,0.0,1.0,5,1299.0,259.8,633.0,5.8,0.258730158730159,0.31350029545220764,23.0,21776.0,0.6,0.1501984126984127,0.38436271409613737,37.0,24047.0,0.6,0.1084325396825397,0.4182261130889491,77.0,64705.0,0.17142857142857143
2024-02-11 10:00:00,42323.38,42398.96,42187.14,42261.51,24207.7402,-0.0870011118647373,0.0,0.7071067811865476,-1.0,1.0,5,29564.0,5912.8,28400.0,5.8,0.2111111111111114,0.3053632679802232,21.0,50735.0,-0.2857142857142857,0.1501984126984127,0.44328827919501634,39.0,53333.0,0.0,0.1084325396825397,0.4476888956383886,80.0,93879.0,0.0
2024-02-11 11:00:00,42402.77,42483.01,42267.04,42356.19,22323.8119,0.2240336419593092,0.0,0.816496580927726,-1.0,1.0,4,2744.0,686.0,1866.0,4.75,0.2111111111111114,0.44144603146817757,23.0,53314.0,0.0,0.1501984126984127,0.5113296609389935,41.0,55656.0,0.0,0.11676587301587305,0.4468487520714574,79.0,68094.0,0.2
2024-02-11 12:00:00,42435.75,42997.05,41386.47,42002.48,28196.7459,-0.8350845531668427,1.0,0.816496580927726,1.0,1.0,1,62.0,62.0,62.0,6.0,0.37777777777777805,0.5775287949561319,21.0,53190.0,1.0,0.233531746031746,0.5793710426829707,42.0,55718.0,1.0,0.1584325396825397,0.48086944294344597,78.0,68072.0,1.0
2024-02-11 13:00:00,42105.62,42467.77,41846.94,42242.16,26690.0442,0.5706329721483216,0.5,0.5773502691896257,0.0,1.0,4,17623.0,4405.75,17200.0,6.0,0.4611111111111114,0.6737538398210695,22.0,70348.0,0.5,0.27519841269841266,0.5594421833714622,42.0,72656.0,0.5,0.17926587301587305,0.5049257041596804,81.0,85343.0,0.5
2024-02-11 14:00:00,42324.21,43361.12,40610.95,41680.18,58134.0271,-1.330377045113229,0.5,0.5773502691896257,0.0,1.0,4,30642.0,7660.5,30000.0,6.25,0.43333333333333357,0.6737538398210695,23.0,81934.0,-0.16666666666666663,0.29603174603174603,0.5277691134909029,42.0,102465.0,0.25,0.21398809523809526,0.5049257041596804,82.0,112267.0,0.8333333333333333
2024-02-11 15:00:00,41496.17,42065.63,40805.26,41196.86,32045.4509,-1.1595919211481287,0.6666666666666666,0.5773502691896258,0.0,1.0,3,14463.0,4821.0,13700.0,7.0,0.4444444444444447,0.6786917917684794,21.0,95098.0,0.06666666666666665,0.3515873015873015,0.4960960436103436,44.0,116874.0,0.6666666666666666,0.24176587301587305,0.4995191828264753,80.0,125403.0,0.6666666666666666
2024-02-11 16:00:00,41163.7,42849.76,40192.1,41842.25,58672.6156,1.5665999787362497,0.0,0.0,0.0,0.0,2,214.0,107.0,150.0,6.0,0.4444444444444447,0.5608406615707215,18.0,65748.0,0.0,0.3277777777777778,0.4331019647754724,39.0,116483.0,-0.2857142857142857,0.22509920634920635,0.46225138320147874,77.0,125017.0,-0.4
2024-02-11 17:00:00,41848.05,42894.64,41279.13,42294.06,58923.9311,1.0797937491411114,0.0,0.816496580927726,-1.0,1.0,4,5311.0,1327.75,4660.0,6.0,0.4444444444444447,0.5608406615707214,18.0,68315.0,0.0,0.3277777777777778,0.5011433465194496,41.0,121629.0,0.0,0.2000992063492064,0.4734503008440854,76.0,126951.0,-0.6
2024-02-11 18:00:00,42451.58,43976.61,41651.96,43006.55,59865.4641,1.6846100847258685,0.0,1.0,-1.0,1.0,3,465.0,155.0,186.0,5.333333333333333,0.27777777777777807,0.5914245647494338,20.0,68718.0,-1.0,0.3277777777777778,0.5844766798527828,41.0,121908.0,0.0,0.2209325396825397,0.49106070629451765,75.0,126718.0,0.5
2024-02-11 19:00:00,42832.73,43224.78,42666.74,42969.88,44145.1959,-0.0852660815620076,0.3333333333333333,0.5773502691896258,0.0,1.0,3,180.0,60.0,127.0,5.666666666666667,0.2500000000000003,0.5914245647494338,19.0,51275.0,-0.16666666666666669,0.35555555555555557,0.6325892022852516,41.0,121623.0,0.3333333333333333,0.2209325396825397,0.49106070629451776,75.0,126159.0,0.0
2024-02-11 20:00:00,42963.39,43492.66,42337.17,42688.96,30997.8429,-0.6537602618392202,0.0,0.0,0.0,0.0,2,276.0,138.0,188.0,5.5,0.16666666666666693,0.49519951988449623,17.0,20909.0,-0.5,0.3,0.5844766798527828,40.0,102843.0,-0.6666666666666666,0.2000992063492064,0.46159792374507824,75.0,126180.0,-0.5
2024-02-11 21:00:00,42555.95,44374.58,41295.33,43231.83,52213.3962,1.2716871059871293,0.3333333333333333,0.5773502691896258,0.0,1.0,3,807.0,269.0,488.0,7.666666666666667,0.11111111111111138,0.4951995198844963,17.0,7253.0,-0.3333333333333333,0.27777777777777773,0.5869456558264878,38.0,102351.0,-0.26666666666666666,0.21398809523809526,0.4856541849613127,75.0,126398.0,0.3333333333333333
2024-02-11 22:00:00,43253.93,44269.95,42558.42,43697.38,34794.4536,1.0768685942741607,0.0,0.0,0.0,0.0,3,692.0,230.66666666666666,500.0,5.333333333333333,0.11111111111111138,0.4951995198844963,18.0,7731.0,0.0,0.27777777777777773,0.5280200907276089,36.0,73479.0,0.0,0.21398809523809526,0.4856541849613127,75.0,126812.0,0.0
2024-02-11 23:00:00,43882.4,43934.5,43792.88,43846.45,36174.8604,0.3411417343556877,0.0,0.0,0.0,0.0,3,593.0,197.66666666666666,260.0,6.333333333333333,0.11111111111111138,0.3591167563965419,17.0,3013.0,0.0,0.27777777777777773,0.45997870898363175,35.0,71328.0,0.0,0.21398809523809526,0.4856541849613127,76.0,126984.0,0.0
2024-02-12 00:00:00,43889.27,45033.94,43071.16,44352.02,19064.575,1.1530465978431437,0.5,0.5773502691896257,0.0,1.0,4,420.0,105.0,291.0,6.25,0.19444444444444473,0.2886751345948128,18.0,2968.0,0.5,0.23611111111111108,0.4400498496721233,38.0,71686.0,-0.5,0.2348214285714286,0.5097104461775471,80.0,127404.0,0.5
2024-02-12 01:00:00,44228.88,45689.55,43356.94,44860.14,15306.4461,1.1456524415347946,0.5,0.7071067811865476,0.0,1.0,2,136.0,68.0,121.0,5.5,0.22222222222222252,0.3103012199276331,17.0,2924.0,0.16666666666666669,0.23611111111111108,0.45086289233853355,36.0,54199.0,0.0,0.25565476190476194,0.5051525378549979,78.0,126855.0,0.5
2024-02-12 02:00:00,44671.1,45635.08,44240.74,45012.06,35403.316,0.3386525320696609,0.0,1.0,-1.0,1.0,3,1259.0,419.6666666666667,568.0,5.333333333333333,0.22222222222222252,0.47696788659429973,18.0,3907.0,0.0,0.19444444444444442,0.48608370323939804,35.0,24816.0,-0.5,0.24523809523809526,0.5069264083651506,77.0,127281.0,-0.25
2024-02-12 03:00:00,44806.14,46095.55,42971.05,44103.25,14220.4102,-2.019036675948616,0.75,0.5,0.0,1.0,4,1140.0,285.0,386.0,5.0,0.29166666666666696,0.46407617506269544,19.0,4240.0,0.4166666666666667,0.20138888888888887,0.4796378474735959,36.0,11493.0,0.08333333333333337,0.27648809523809526,0.4878669455419698,80.0,128367.0,0.75
2024-02-12 04:00:00,43994.32,45317.95,41854.28,43231.01,41720.903,-1.977722730184284,0.0,0.5,0.0,0.0,1,3.0,3.0,3.0,6.0,0.29166666666666696,0.5474095083960288,17.0,3551.0,0.0,0.20138888888888887,0.5213045141402626,35.0,11282.0,0.0,0.26458333333333334,0.4772032394578676,74.0,127765.0,-0.2857142857142857
2024-02-12 05:00:00,43103.65,44727.61,42079.11,43795.34,21912.8512,1.3053824095250022,-0.125,0.6408699444616558,-1.0,1.0,8,1578.0,197.25,733.0,5.75,0.27083333333333365,0.6542211658063047,22.0,4536.0,-0.125,0.1909722222222222,0.5066689611014233,39.0,7549.0,-0.125,0.259375,0.5039061538104365,80.0,129178.0,-0.125
2024-02-12 06:00:00,43988.85,45945.87,42939.81,44778.52,31399.2402,2.2449420417788746,1.0,0.0,1.0,1.0,2,204.0,102.0,115.0,4.5,0.35416666666666696,0.5579961209413672,20.0,4320.0,0.5,0.2743055555555555,0.42333562776809003,38.0,7288.0,1.0,0.3010416666666667,0.5039061538104365,79.0,129196.0,1.0
2024-02-12 07:00:00,44662.91,44948.91,44454.31,44788.39,12700.6757,0.022041818264662,0.6666666666666666,0.5773502691896258,0.0,1.0,3,1587.0,529.0,906.0,5.333333333333333,0.3819444444444447,0.5363700356085469,21.0,5771.0,0.16666666666666663,0.3020833333333333,0.42333562776809,38.0,8695.0,0.3333333333333333,0.3288194444444445,0.5279624150266709,79.0,130318.0,0.6666666666666666
2024-02-12 08:00:00,44650.24,45398.8,43625.69,44260.63,28084.9928,-1.178341083481682,0.16666666666666666,0.752772652709081,-1.0,1.0,6,11441.0,1906.8333333333333,10300.0,6.666666666666667,0.40972222222222254,0.495165477726727,24.0,15953.0,0.16666666666666666,0.3159722222222222,0.48606668216051346,42.0,19860.0,0.16666666666666666,0.3079861111111111,0.5352716810066482,82.0,122703.0,-0.5
2024-02-12 09:00:00,44134.05,44154.54,44122.99,44141.46,24681.4755,-0.2692460545636099,0.6666666666666666,0.5773502691896258,0.0,1.0,3,597.0,199.0,295.0,7.0,0.39583333333333365,0.5080571892583313,23.0,15410.0,-0.08333333333333337,0.34374999999999994,0.48606668216051346,42.0,19650.0,0.3333333333333333,0.3107638888888889,0.5365061689935007,80.0,122001.0,0.06666666666666665
2024-02-12 10:00:00,44343.52,45183.52,42926.2,43777.42,17697.5978,-0.8247121866834517,0.4,0.5477225575051662,0.0,1.0,5,23552.0,4710.4,15400.0,5.2,0.4625000000000003,0.5160109488425256,27.0,38959.0,0.4,0.37708333333333327,0.5317102286192773,44.0,42510.0,0.4,0.3274305555555556,0.5298651596734432,80.0,115989.0,0.4
2024-02-12 11:00:00,43607.93,45551.23,42518.95,44453.25,22869.1177,1.5437867284093132,0.5,1.0,-1.0,1.0,4,30111.0,7527.75,28000.0,6.0,0.566666666666667,0.5758659580989164,23.0,67492.0,0.625,0.41874999999999996,0.6150435619526107,45.0,72028.0,0.5,0.34826388888888893,0.5375111354681212,80.0,143356.0,0.5
2024-02-12 12:00:00,44544.26,44771.52,44395.38,44646.06,14908.4944,0.4337365659428771,0.0,0.0,0.0,0.0,3,430.0,143.33333333333334,257.0,5.666666666666667,0.4000000000000003,0.5758659580989164,24.0,67718.0,-1.0,0.37708333333333327,0.5669310395201418,44.0,72038.0,-0.5,0.30659722222222224,0.5034904445961327,82.0,143724.0,-1.0
2024-02-12 13:00:00,44690.88,45356.6,43832.18,44354.82,23701.5004,-0.652330799179135,0.3333333333333333,0.5773502691896258,0.0,1.0,3,19103.0,6367.666666666667,18300.0,6.333333333333333,0.3444444444444448,0.5758659580989164,24.0,85234.0,-0.3333333333333333,0.3631944444444444,0.5561179968537316,45.0,91005.0,-0.16666666666666669,0.2996527777777778,0.5034904445961327,81.0,145204.0,-0.16666666666666669
2024-02-12 14:00:00,44512.44,45208.24,42920.55,43958.32,50707.8602,-0.8939276498022064,0.75,0.5,0.0,1.0,4,36240.0,9060.0,22800.0,4.5,0.44166666666666693,0.5337371826474029,22.0,110033.0,0.5833333333333334,0.4256944444444444,0.514451330187065,46.0,125986.0,0.75,0.31006944444444445,0.5002675167132316,81.0,150802.0,0.25
2024-02-12 15:00:00,43817.34,46084.19,42694.87,44691.45,52136.6292,1.6677843921241609,1.0,0.5,1.0,1.0,1,61.0,61.0,61.0,6.0,0.4972222222222225,0.5208454711157986,20.0,109497.0,0.33333333333333337,0.4465277777777777,0.514451330187065,43.0,124907.0,0.25,0.32395833333333335,0.49704458883033054,79.0,136400.0,0.33333333333333337
2024-02-12 16:00:00,44505.98,45471.33,42809.27,43871.09,38201.8225,-1.8356083769938136,0.0,0.0,0.0,0.0,3,13.0,4.333333333333333,9.0,6.0,0.4305555555555558,0.42955837819827086,18.0,85958.0,-0.4,0.4465277777777777,0.47278466352039833,45.0,124917.0,0.0,0.32395833333333335,0.49704458883033054,80.0,136199.0,0.0
2024-02-12 17:00:00,44080.73,45600.54,42184.27,43313.21,63018.1215,-1.2716346915474297,0.0,0.0,0.0,0.0,2,305.0,152.5,242.0,5.5,0.3472222222222225,0.26289171153160423,16.0,56152.0,-0.5,0.4569444444444444,0.41937883481526034,39.0,123644.0,0.125,0.32395833333333335,0.4630238979583419,78.0,131193.0,0.0
2024-02-12 18:00:00,43149.82,44772.25,42319.5,43733.39,59510.786,0.9700966518066956,0.2,0.8366600265340756,-1.0,1.0,5,1371.0,274.2,720.0,5.4,0.3805555555555558,0.4023350492872835,18.0,57093.0,0.2,0.3902777777777777,0.4891005036931,42.0,124811.0,-0.8,0.3322916666666667,0.45621806573059503,80.0,132099.0,0.2
2024-02-12 19:00:00,43634.1,45005.94,42866.0,44139.37,49283.1385,0.9283067239928222,0.5,0.5773502691896257,0.0,1.0,4,729.0,182.25,635.0,5.0,0.40833333333333366,0.4023350492872835,19.0,38719.0,0.16666666666666669,0.3763888888888889,0.4891005036931,43.0,123953.0,-0.16666666666666663,0.3392361111111111,0.45621806573059503,81.0,132648.0,0.16666666666666669
2024-02-12 20:00:00,44097.19,44136.02,44020.41,44069.91,28064.6754,-0.1573651821491717,0.5,0.5773502691896257,0.0,1.0,0,0.0,182.25,635.0,5.0,0.366666666666667,0.41522676081888776,15.0,2479.0,-0.25,0.4041666666666666,0.4744819717331454,37.0,112512.0,0.33333333333333337,0.3600694444444445,0.4802743269468295,79.0,132372.0,0.5
2024-02-12 21:00:00,44068.71,44590.91,43779.13,44294.99,25898.2315,0.5107339679159661,0.5,0.7071067811865476,0.0,1.0,2,1100.0,550.0,1061.0,5.5,0.2833333333333336,0.44974455768331234,16.0,3518.0,-0.5,0.3902777777777777,0.4852950143995555,36.0,113015.0,-0.16666666666666663,0.3670138888888889,0.48568084828003455,78.0,132665.0,0.16666666666666669
2024-02-12 22:00:00,44373.88,46473.77,42913.11,45211.79,38870.9302,2.0697600338096978,0.2,0.4472135954999579,0.0,1.0,5,2306.0,461.2,959.0,6.4,0.31666666666666693,0.5242801569333054,18.0,5811.0,0.2,0.3736111111111111,0.4769192675657881,36.0,91769.0,-0.2,0.3753472222222222,0.5043147480925327,80.0,134279.0,0.2
2024-02-12 23:00:00,45029.29,46403.24,42882.82,44266.52,28899.8015,-2.0907599544278237,-0.5,0.7071067811865476,-1.0,0.0,2,142.0,71.0,94.0,5.5,0.23333333333333361,0.6421312871310633,18.0,5648.0,-0.5,0.2902777777777778,0.4525114993313338,34.0,61800.0,-1.0,0.35451388888888885,0.5337775306419722,79.0,133828.0,-0.5
2024-02-13 00:00:00,44338.27,44362.64,44295.48,44320.98,31456.4026,0.1230275160550409,0.0,0.0,0.0,0.0,2,2338.0,1169.0,1917.0,5.0,0.20000000000000032,0.5026879493753841,15.0,6615.0,-0.2,0.2902777777777778,0.4525114993313338,33.0,63708.0,0.0,0.33368055555555554,0.5097212694257378,77.0,135746.0,-0.5
2024-02-13 01:00:00,44521.57,45809.78,42075.86,43687.41,23078.4373,-1.4295035894964392,0.0,0.0,0.0,0.0,1,436.0,436.0,436.0,4.0,0.11666666666666697,0.4064629045104464,12.0,6322.0,-0.5,0.26249999999999996,0.40439897689886495,31.0,45041.0,-0.3333333333333333,0.3128472222222222,0.4802584868762984,76.0,136046.0,-0.5
2024-02-13 02:00:00,43633.38,43719.73,43447.12,43562.97,27867.7342,-0.2848417885152776,0.6666666666666666,0.5773502691896258,0.0,1.0,3,705.0,235.0,458.0,5.0,0.14444444444444474,0.4064629045104464,15.0,7027.0,0.16666666666666663,0.25555555555555554,0.41084483266466715,30.0,9506.0,-0.08333333333333337,0.340625,0.46264808142586605,76.0,135492.0,0.6666666666666666
2024-02-13 03:00:00,43652.74,43672.19,43611.49,43637.86,18741.5791,0.1719120620104597,0.5,0.5773502691896257,0.0,1.0,4,1160.0,290.0,747.0,4.5,0.14444444444444474,0.38483681917762613,17.0,7087.0,0.0,0.21388888888888888,0.41729068843046924,33.0,10605.0,-0.5,0.3302083333333333,0.4658710093087672,76.0,135512.0,-0.25
2024-02-13 04:00:00,43714.24,44483.51,43250.21,43994.15,29405.9387,0.816469918552376,0.5,0.5477225575051661,0.0,1.0,6,1057.0,176.16666666666666,278.0,6.166666666666667,0.19444444444444475,0.4015883128451608,18.0,5838.0,0.3,0.25555555555555554,0.4629342348892331,36.0,11649.0,0.5,0.3510416666666667,0.46785944920481576,81.0,136566.0,0.5
2024-02-13 05:00:00,43997.09,44302.12,43428.1,43805.94,25000.1576,-0.4278068788691191,-0.3333333333333333,0.5773502691896258,-1.0,0.0,3,655.0,218.33333333333334,311.0,5.333333333333333,0.22222222222222254,0.3799622275123405,19.0,6351.0,0.16666666666666669,0.22777777777777775,0.5110467573217019,37.0,11999.0,-0.3333333333333333,0.3423611111111111,0.46521279606848126,76.0,135643.0,-0.20833333333333331
2024-02-13 06:00:00,44015.24,44401.63,43308.5,43699.18,29746.4171,-0.2437112409869546,0.0,0.9258200997725514,-1.0,1.0,8,1354.0,169.25,450.0,5.875,0.22222222222222254,0.5342655774744324,25.0,5367.0,0.0,0.21111111111111105,0.5184767634249082,40.0,11982.0,-0.2,0.30069444444444443,0.5037886335590042,82.0,136793.0,-1.0
2024-02-13 07:00:00,43804.96,45390.83,41754.92,42975.99,17585.8521,-1.6549280787419909,0.5,0.7071067811865476,0.0,1.0,2,281.0,140.5,221.0,6.0,0.30555555555555586,0.6521167076721903,26.0,5212.0,0.5,0.21111111111111105,0.5292898060913184,38.0,11534.0,0.0,0.29375,0.5091951548922092,81.0,135487.0,-0.16666666666666663
2024-02-13 08:00:00,42914.69,43356.12,42302.44,42659.38,29514.5344,-0.7367136859441792,0.5,0.7071067811865476,0.0,1.0,0,0.0,140.5,221.0,6.0,0.27777777777777807,0.6737427930050107,23.0,4507.0,-0.16666666666666663,0.21111111111111105,0.5401028487577285,38.0,11534.0,0.0,0.3076388888888889,0.5072924102454369,75.0,124046.0,0.33333333333333337
2024-02-13 09:00:00,42834.45,43909.4,40995.57,42089.99,15595.2561,-1.3347357603415655,0.5,0.5773502691896257,0.0,1.0,4,20432.0,5108.0,20000.0,6.0,0.27777777777777807,0.6737427930050107,23.0,23779.0,0.0,0.21111111111111105,0.5292898060913184,40.0,30866.0,0.0,0.30069444444444443,0.5072924102454369,76.0,143881.0,-0.16666666666666663
2024-02-13 10:00:00,42073.54,43696.8,40898.71,42685.06,24404.9592,1.4138040897610171,0.75,0.5,0.0,1.0,4,1914.0,478.5,1068.0,5.0,0.31944444444444475,0.6657890334208162,21.0,24636.0,0.25,0.2569444444444444,0.5336886731329885,39.0,30474.0,0.55,0.3152777777777778,0.5053039703493883,75.0,122243.0,0.35
2024-02-13 11:00:00,42722.62,44799.75,41467.27,43552.74,34880.8654,2.03274869474237,0.5,0.7071067811865476,0.0,1.0,2,26724.0,13362.0,26200.0,6.0,0.45833333333333365,0.6874151187536365,20.0,50705.0,0.8333333333333333,0.34027777777777773,0.5336886731329885,39.0,57056.0,1.0,0.3152777777777778,0.4931000862321612,73.0,118856.0,0.0
2024-02-13 12:00:00,43378.55,44128.67,42891.73,43682.4,28198.1883,0.2977080202072324,0.0,0.7071067811865476,0.0,0.0,1,118.0,118.0,118.0,4.0,0.45833333333333365,0.6509628989893026,13.0,49469.0,0.0,0.34027777777777773,0.5926142382318674,38.0,54836.0,0.0,0.3152777777777778,0.5225628687816007,71.0,118544.0,0.0
2024-02-13 13:00:00,43732.56,44102.83,43111.56,43493.49,36845.9122,-0.4324625020603378,0.8333333333333334,0.408248290463863,0.0,1.0,6,27054.0,4509.0,26000.0,6.0,0.5138888888888892,0.6011531505355219,17.0,76242.0,0.33333333333333337,0.40972222222222215,0.6266349291038561,43.0,81454.0,0.8333333333333334,0.3361111111111111,0.5155169530013606,74.0,126495.0,0.5
2024-02-13 14:00:00,43641.53,43793.53,43564.09,43704.09,60258.6626,0.4842103956247179,-1.0,0.408248290463863,-1.0,-1.0,1,26200.0,26200.0,26200.0,7.0,0.26388888888888923,0.551343402081741,18.0,102442.0,-1.5,0.2708333333333333,0.6125430975433759,41.0,106949.0,-1.6666666666666665,0.26319444444444445,0.5116939651040215,71.0,116455.0,-1.75
2024-02-13 15:00:00,43584.29,44547.02,42790.19,44007.74,30925.9449,0.6947862316776243,0.4,0.5477225575051661,0.0,1.0,5,32220.0,6444.0,26200.0,6.0,0.24722222222222254,0.5464054501343312,19.0,114230.0,-0.09999999999999998,0.2625,0.6100741215696709,42.0,138009.0,-0.09999999999999998,0.23819444444444446,0.5136824050000701,75.0,148614.0,-0.6
2024-02-13 16:00:00,43817.31,45179.36,43095.27,44345.19,63239.6155,0.7667969316306644,1.0,0.5477225575051661,1.0,1.0,1,430.0,430.0,430.0,5.0,0.2888888888888892,0.5543592097185255,16.0,112746.0,0.25,0.30416666666666664,0.6100741215696709,37.0,137382.0,0.5,0.2798611111111111,0.5365041782294521,73.0,149031.0,1.0
2024-02-13 17:00:00,44257.32,45628.24,43378.68,44795.71,36256.7733,1.0159388199712185,0.0,0.0,0.0,0.0,4,893.0,223.25,474.0,5.0,0.20555555555555585,0.4365080795207675,18.0,86915.0,-0.5,0.33194444444444443,0.5619615991372021,38.0,137620.0,0.3333333333333333,0.2798611111111111,0.5365041782294521,75.0,149619.0,0.0
2024-02-13 18:00:00,44851.69,45003.63,44654.96,44767.78,28996.4491,-0.0623497205424317,0.3333333333333333,0.5163977794943222,0.0,1.0,6,789.0,131.5,405.0,6.0,0.2611111111111114,0.40472324590539666,23.0,87586.0,0.3333333333333333,0.3597222222222222,0.5278430724473496,36.0,137055.0,0.3333333333333333,0.2854166666666667,0.523159917936129,76.0,149037.0,0.1333333333333333
2024-02-13 19:00:00,44930.16,45257.51,44658.14,45068.26,53329.5845,0.6711970082054597,0.3333333333333333,0.5773502691896258,0.0,1.0,3,556.0,185.33333333333334,432.0,6.333333333333333,0.17777777777777806,0.4329069090263571,20.0,61088.0,-0.5,0.34583333333333327,0.5170300297809395,37.0,137330.0,-0.16666666666666669,0.2784722222222223,0.5231599179361289,75.0,148864.0,-0.16666666666666669
2024-02-13 20:00:00,45265.28,45424.73,45157.74,45324.52,42765.4659,0.568604157338215,0.6666666666666666,0.5773502691896258,0.0,1.0,3,384.0,128.0,313.0,6.333333333333333,0.45555555555555577,0.4610905721473177,22.0,35272.0,1.6666666666666665,0.3597222222222222,0.5062169871145293,40.0,137714.0,0.16666666666666663,0.2854166666666667,0.5231599179361289,78.0,149248.0,0.16666666666666663
2024-02-13 21:00:00,45381.97,45482.69,45328.68,45422.4,33480.7866,0.215953748655262,0.3333333333333333,0.5773502691896258,0.0,1.0,3,434.0,144.66666666666666,294.0,6.0,0.4444444444444447,0.46602852409472756,20.0,3486.0,-0.06666666666666671,0.34583333333333327,0.5062169871145293,39.0,117716.0,-0.16666666666666669,0.2784722222222223,0.5177533966029239,79.0,148582.0,-0.16666666666666669
2024-02-13 22:00:00,45331.68,45502.14,44996.12,45214.52,26764.9583,-0.4576596569093816,0.5,0.7071067811865476,0.0,1.0,2,51.0,25.5,42.0,6.5,0.3611111111111114,0.4925925613749578,21.0,3107.0,-0.5,0.32499999999999996,0.5234758855467416,37.0,115853.0,-0.25,0.29097222222222224,0.5285822793398652,76.0,146327.0,0.3
2024-02-13 23:00:00,45174.93,46764.13,44352.99,45759.87,27561.0467,1.2061390898322255,0.0,0.0,0.0,0.0,3,895.0,298.3333333333333,352.0,5.666666666666667,0.3611111111111114,0.49259256137495777,20.0,3109.0,0.0,0.28333333333333327,0.46455032044786265,38.0,90024.0,-0.5,0.3118055555555556,0.4991194967904257,77.0,147080.0,0.5
2024-02-14 00:00:00,45583.03,46367.48,43975.47,45021.3,26727.7989,-1.614012452395519,0.14285714285714285,0.6900655593423543,-1.0,1.0,7,1341.0,191.57142857142858,548.0,6.285714285714286,0.32936507936507964,0.5215371913496298,21.0,3661.0,-0.19047619047619047,0.2952380952380952,0.46313021862751325,44.0,91247.0,0.14285714285714285,0.31775793650793654,0.5278722284296905,82.0,146083.0,0.14285714285714285
2024-02-14 01:00:00,44992.55,45582.09,44641.54,45256.96,15564.4709,0.5234411267555528,1.0,0.6900655593423543,1.0,1.0,1,193.0,193.0,193.0,7.0,0.44047619047619074,0.5403230730417512,19.0,3298.0,0.6666666666666667,0.3091269841269841,0.4866149910340542,39.0,64386.0,0.16666666666666663,0.3594246031746032,0.5566249600689552,82.0,145840.0,1.0
2024-02-14 02:00:00,45394.33,46068.74,44852.1,45682.44,34370.5637,0.9401426874452,0.0,0.0,0.0,0.0,2,144.0,72.0,128.0,5.0,0.3293650793650797,0.4440980281768135,18.0,3058.0,-0.6666666666666666,0.3924603174603174,0.4525943001620656,40.0,38330.0,1.0,0.3316468253968254,0.5325686988527208,81.0,145279.0,-0.6666666666666666
2024-02-14 03:00:00,45463.12,46945.64,44363.71,46117.04,42555.4688,0.9513502343569956,1.0,0.0,1.0,1.0,1,4.0,4.0,4.0,5.0,0.44047619047619074,0.34787298331187594,16.0,2628.0,0.6666666666666667,0.4424603174603174,0.40695075370330175,36.0,6114.0,0.6,0.3524801587301587,0.5085124376364863,78.0,144123.0,0.5
2024-02-14 04:00:00,46074.15,46508.55,45502.26,45822.47,37931.4632,-0.6387443773494539,0.75,0.5,0.0,1.0,4,1327.0,331.75,708.0,6.0,0.48214285714285743,0.31335518644745136,18.0,3904.0,0.25,0.421626984126984,0.40297387391120454,39.0,7011.0,-0.25,0.3628968253968254,0.5065239977404378,76.0,144393.0,0.25
2024-02-14 05:00:00,45657.77,46924.68,43569.59,44949.03,32752.6506,-1.906139062342127,0.0,0.0,0.0,0.0,3,401.0,133.66666666666666,217.0,4.666666666666667,0.48214285714285743,0.31335518644745136,18.0,3410.0,0.0,0.421626984126984,0.40297387391120454,38.0,6519.0,0.0,0.37678571428571433,0.4824677365242034,76.0,144139.0,0.3333333333333333
2024-02-14 06:00:00,45151.15,47022.86,43664.31,45930.56,17637.7221,2.183651126620534,0.5,0.7071067811865476,0.0,1.0,2,627.0,313.5,383.0,6.0,0.541666666666667,0.31619539008815023,13.0,2696.0,0.35714285714285715,0.43551587301587297,0.41886629071889003,34.0,6357.0,0.16666666666666669,0.3976190476190477,0.47335468158311994,70.0,143412.0,0.5
2024-02-14 07:00:00,46071.42,46596.01,45281.16,45756.82,26186.3245,-0.3782666703824211,0.3333333333333333,0.5773502691896258,0.0,1.0,3,707.0,235.66666666666666,368.0,5.333333333333333,0.43055555555555586,0.2974095083960288,15.0,3210.0,-0.6666666666666667,0.43551587301587297,0.4188662907188901,34.0,6508.0,0.0,0.3906746031746032,0.46794816024991476,71.0,143838.0,-0.16666666666666669
2024-02-14 08:00:00,45721.53,46593.37,43785.48,45070.96,22477.4596,-1.498924094812537,0.5,0.5773502691896257,0.0,1.0,4,1667.0,416.75,893.0,5.5,0.5138888888888892,0.3936345532609664,17.0,4733.0,0.5,0.421626984126984,0.41886629071889003,35.0,7791.0,-0.16666666666666663,0.3906746031746032,0.4625416389167098,75.0,145505.0,0.0
2024-02-14 09:00:00,45111.29,45137.38,45059.81,45093.89,19525.4563,0.0508753308116727,0.75,0.5,0.0,1.0,4,17427.0,4356.75,16700.0,4.5,0.4722222222222225,0.47696788659429973,20.0,22156.0,-0.25,0.4563492063492063,0.41242043495308783,36.0,24784.0,0.4166666666666667,0.40109126984126986,0.45931871103380867,75.0,142500.0,0.25
2024-02-14 10:00:00,45176.29,47607.24,43544.04,46013.53,27911.3234,2.0393893718195555,0.6666666666666666,0.5773502691896258,0.0,1.0,3,30255.0,10085.0,30000.0,6.333333333333333,0.45833333333333365,0.4898595981259041,19.0,51084.0,-0.08333333333333337,0.4702380952380952,0.4016073922866778,37.0,54988.0,0.16666666666666663,0.3976190476190476,0.4625416389167098,74.0,170841.0,-0.08333333333333337
2024-02-14 11:00:00,46161.4,47906.55,43787.32,45277.09,39107.0142,-1.6004857701636954,-0.5,0.7071067811865476,-1.0,0.0,2,185.0,92.5,130.0,5.0,0.3750000000000003,0.607710728323662,18.0,50868.0,-0.5,0.42857142857142855,0.4605329573855567,36.0,54278.0,-0.5,0.35595238095238096,0.4625416389167098,74.0,144302.0,-1.0
2024-02-14 12:00:00,45476.69,46458.68,44993.95,45823.56,23965.4972,1.2069459410929406,0.4,0.5477225575051661,0.0,1.0,5,3868.0,773.6,3420.0,6.2,0.3583333333333336,0.5811466910434318,21.0,54109.0,-0.09999999999999998,0.4499999999999999,0.44867104056579105,34.0,56805.0,0.2571428571428572,0.3726190476190476,0.4559006295966522,78.0,148052.0,0.4
2024-02-14 13:00:00,46033.65,46500.79,45453.43,45781.12,38507.6866,-0.0926161127594471,0.3333333333333333,0.5773502691896258,0.0,1.0,3,233.0,77.66666666666667,194.0,5.333333333333333,0.3583333333333336,0.5811466910434318,21.0,53635.0,0.0,0.3944444444444444,0.4392780997197303,36.0,56845.0,-0.6666666666666667,0.3517857142857143,0.46294654537689234,75.0,121231.0,-0.5
2024-02-14 14:00:00,45730.06,47614.81,44244.08,46479.65,36166.9421,1.5258036500636063,1.0,0.0,1.0,1.0,2,446.0,223.0,330.0,4.5,0.44166666666666693,0.4849216461784942,19.0,52414.0,0.5,0.4777777777777777,0.4392780997197303,36.0,57147.0,1.0,0.4351190476190476,0.445936199940898,76.0,95477.0,2.0
2024-02-14 15:00:00,46629.64,47304.79,45192.72,46136.23,66895.6319,-0.7388609853989814,0.0,0.7071067811865476,-1.0,1.0,9,36229.0,4025.4444444444443,19200.0,5.333333333333333,0.31666666666666693,0.5194394430429188,24.0,71216.0,-0.75,0.3944444444444444,0.4982036648186093,44.0,93372.0,-1.0,0.41845238095238096,0.4525772092609556,80.0,99486.0,-0.4
2024-02-14 16:00:00,46311.3,47558.98,45704.96,46805.43,68393.6952,1.4504869600311832,0.5,0.5773502691896257,0.0,1.0,4,1154.0,288.5,523.0,5.5,0.2888888888888892,0.5194394430429187,25.0,42115.0,-0.16666666666666663,0.37361111111111106,0.5046495205844114,44.0,93199.0,-0.25,0.3976190476190476,0.45381169724780807,83.0,100210.0,-0.5
2024-02-14 17:00:00,47011.61,47094.8,46855.43,46957.24,57544.8649,0.3243427098095219,0.5,0.7071067811865476,0.0,1.0,2,371.0,185.5,352.0,6.0,0.4555555555555559,0.5194394430429187,25.0,42301.0,1.0,0.4152777777777777,0.5635750856832904,43.0,93169.0,0.5,0.41845238095238096,0.4832744797972475,81.0,99688.0,0.5
2024-02-14 18:00:00,47107.62,48793.98,46126.49,47718.89,44840.3498,1.6220075966986158,0.0,0.0,0.0,0.0,3,418.0,139.33333333333334,211.0,4.666666666666667,0.3888888888888891,0.42815235012539105,23.0,38851.0,-0.4,0.37361111111111106,0.5046495205844114,44.0,92960.0,-0.5,0.4045634920634921,0.46175790565165076,78.0,99317.0,-0.3333333333333333
2024-02-14 19:00:00,47868.45,49035.2,47312.14,48323.75,31987.3778,1.2675483440624855,1.0,0.0,1.0,1.0,1,447.0,447.0,447.0,8.0,0.5000000000000003,0.3319273052604534,21.0,39065.0,0.6666666666666667,0.42916666666666664,0.45653699815194265,42.0,92700.0,0.6666666666666667,0.43234126984126986,0.4377016444354164,76.0,99208.0,0.6666666666666667
2024-02-14 20:00:00,48386.65,49687.14,47530.2,48949.9,50989.5831,1.2957396725212789,0.5,0.7071067811865476,0.0,1.0,2,6588.0,3294.0,6400.0,7.5,0.41666666666666696,0.44977843545821133,21.0,45207.0,-0.5,0.42916666666666664,0.4673500408183527,40.0,97621.0,0.0,0.42539682539682544,0.4431081657686215,75.0,105412.0,-0.16666666666666663
2024-02-14 21:00:00,48745.4,49821.63,46760.04,48078.22,67622.6282,-1.780759511255381,0.4,0.8944271909999159,-1.0,1.0,5,30022.0,6004.4,28400.0,6.4,0.4833333333333336,0.4809985037604394,17.0,39000.0,0.4,0.3999999999999999,0.5002189734016791,41.0,110216.0,-0.35,0.4281746031746032,0.4563197041773835,77.0,135000.0,0.06666666666666671
2024-02-14 22:00:00,48245.03,49260.97,47723.28,48603.5,49290.6271,1.092552927292223,0.5,0.5773502691896257,0.0,1.0,4,626.0,156.5,321.0,6.5,0.4833333333333336,0.4809985037604394,17.0,38472.0,0.0,0.386111111111111,0.5002189734016791,42.0,80587.0,-0.16666666666666663,0.4281746031746032,0.4509131828441784,79.0,135575.0,0.0
2024-02-14 23:00:00,48487.18,49527.56,47818.31,48850.77,18504.2514,0.508749369901329,0.0,0.0,0.0,0.0,3,415.0,138.33333333333334,191.0,6.333333333333333,0.4000000000000003,0.3631473735626815,18.0,38516.0,-0.5,0.42777777777777765,0.4412934083028001,43.0,80817.0,0.5,0.4281746031746032,0.4509131828441784,79.0,135095.0,0.0
2024-02-15 00:00:00,48695.37,50862.38,47296.93,49428.51,26327.0481,1.1826630368364732,0.3333333333333333,0.816496580927726,-1.0,1.0,6,2260.0,376.6666666666667,1895.0,4.833333333333333,0.4555555555555559,0.4992301370506358,21.0,40358.0,0.3333333333333333,0.4222222222222222,0.46369124358801345,44.0,79209.0,-0.06666666666666671,0.4361111111111111,0.45618114207690225,78.0,136014.0,0.19047619047619047
2024-02-15 01:00:00,49637.65,50426.65,49075.25,49929.73,29177.6258,1.014030161945012,0.16666666666666666,0.408248290463863,0.0,1.0,6,825.0,137.5,298.0,6.0,0.31666666666666693,0.567271518794613,26.0,40736.0,-0.8333333333333334,0.4083333333333332,0.44959941202753323,47.0,79801.0,-0.16666666666666666,0.40138888888888896,0.4444387558736318,83.0,136646.0,-0.8333333333333334
2024-02-15 02:00:00,50030.22,51038.36,48344.41,49367.33,17034.8799,-1.1263830186944768,0.6666666666666666,0.5773502691896258,0.0,1.0,3,219.0,73.0,91.0,7.333333333333333,0.3444444444444447,0.5456454334617927,27.0,34367.0,0.16666666666666663,0.38055555555555554,0.497711934460002,48.0,79574.0,-0.33333333333333337,0.4291666666666667,0.46849501708986624,84.0,136721.0,0.6666666666666666
2024-02-15 03:00:00,49302.13,51325.33,47736.69,50184.13,32414.4359,1.654535499489218,0.0,0.0,0.0,0.0,2,380.0,190.0,273.0,5.5,0.27777777777777807,0.39657423496180666,24.0,4725.0,-0.4,0.38055555555555554,0.4387863693611231,41.0,43725.0,0.0,0.3875,0.46849501708986624,85.0,137097.0,-1.0
2024-02-15 04:00:00,50160.9,50960.27,49544.05,50509.24,22751.9016,0.647834285460358,0.6,0.5477225575051661,0.0,1.0,5,668.0,133.6,319.0,5.8,0.29444444444444473,0.39163628301439674,25.0,4767.0,0.09999999999999998,0.38888888888888884,0.4363173933874181,42.0,43239.0,0.09999999999999998,0.38125000000000003,0.4704834569859148,86.0,136438.0,-0.15000000000000002
2024-02-15 05:00:00,50651.74,51337.1,49661.86,50222.13,34853.0346,-0.5684306475409295,0.5,0.5773502691896257,0.0,1.0,4,885.0,221.25,405.0,5.75,0.37777777777777805,0.4878613278793344,26.0,5237.0,0.5,0.38888888888888884,0.4255043507210079,44.0,43753.0,0.0,0.40208333333333335,0.4945397182021492,87.0,136922.0,0.5
2024-02-15 06:00:00,50470.83,51233.99,49360.26,50032.68,19464.9537,-0.3772241440177848,0.3333333333333333,0.5773502691896258,0.0,1.0,3,706.0,235.33333333333334,457.0,5.666666666666667,0.37777777777777805,0.4480036092563177,23.0,3683.0,0.0,0.4166666666666666,0.4736168731534767,44.0,44041.0,0.3333333333333333,0.39513888888888893,0.4891331968689441,88.0,137001.0,-0.16666666666666669
2024-02-15 07:00:00,49927.71,50733.63,48535.84,49452.0,25559.7229,-1.160601430904762,0.25,0.4629100498862757,0.0,1.0,8,8021.0,1002.625,6400.0,5.375,0.391666666666667,0.4571139024933865,25.0,10879.0,0.08333333333333334,0.3541666666666666,0.5121927106439997,51.0,51615.0,-0.75,0.39166666666666666,0.4843648543979713,93.0,144315.0,-0.08333333333333331
2024-02-15 08:00:00,49431.31,50696.35,47050.85,48463.09,36012.2144,-1.9997371188222977,0.16666666666666666,0.752772652709081,-1.0,1.0,6,1131.0,188.5,686.0,6.5,0.3083333333333336,0.48635096641329567,28.0,11791.0,-0.5,0.32638888888888884,0.5159981999375441,55.0,46158.0,-0.33333333333333337,0.37777777777777777,0.4916741203779485,95.0,143779.0,-0.33333333333333337
2024-02-15 09:00:00,48566.48,49695.85,47997.53,48971.43,13358.6686,1.04892197340285,0.16666666666666666,0.752772652709081,-1.0,1.0,0,0.0,188.5,686.0,6.5,0.3361111111111114,0.6118130751981425,26.0,11411.0,0.16666666666666666,0.3069444444444444,0.5041936550799746,50.0,16136.0,-0.23333333333333336,0.35347222222222224,0.502206314240827,91.0,126352.0,-0.5833333333333334
2024-02-15 10:00:00,48889.58,49888.59,47335.31,48371.04,44231.2499,-1.2260005476662617,0.25,0.5,0.0,1.0,4,30183.0,7545.75,30000.0,6.25,0.27777777777777807,0.6038593156139481,25.0,40926.0,-0.35,0.28611111111111104,0.4977477993141724,50.0,45693.0,-0.25,0.3361111111111111,0.49898338635792583,92.0,126280.0,-0.41666666666666663
2024-02-15 11:00:00,48418.56,49493.78,47744.06,48899.34,25633.9796,1.092182429817501,0.25,0.9574271077563382,-1.0,1.0,4,14380.0,3595.0,13700.0,7.0,0.23611111111111138,0.6672054553750669,25.0,54421.0,-0.25,0.3069444444444444,0.5775333916272006,51.0,59658.0,0.25,0.3673611111111111,0.5094133999650005,94.0,140475.0,0.75
2024-02-15 12:00:00,48847.85,49345.9,48179.98,48595.6,23230.6781,-0.6211535779419464,0.0,0.0,0.0,0.0,2,195.0,97.5,143.0,6.0,0.18055555555555583,0.5709804105101293,24.0,53910.0,-0.3333333333333333,0.2791666666666666,0.5094920098832235,47.0,57593.0,-0.3333333333333333,0.3506944444444444,0.4865916267356185,91.0,136802.0,-0.4
2024-02-15 13:00:00,48597.42,51025.24,47505.33,49433.93,24150.2882,1.725115030990465,0.3333333333333333,0.5773502691896258,0.0,1.0,3,25650.0,8550.0,24600.0,6.0,0.19444444444444473,0.5900537803940209,19.0,71539.0,0.08333333333333331,0.2930555555555555,0.5235838414437037,44.0,82418.0,0.16666666666666666,0.3506944444444445,0.4865916267356185,91.0,162219.0,0.0
2024-02-15 14:00:00,49256.86,50189.44,47518.79,48501.93,71719.3994,-1.885344741961648,-1.0,0.5773502691896258,-1.0,-1.0,1,17600.0,17600.0,17600.0,10.0,2.9605947323337506e-16,0.5608167164741117,14.0,88008.0,-1.1666666666666667,0.15416666666666662,0.5235838414437037,42.0,99799.0,-1.6666666666666665,0.2673611111111111,0.5106478879518529,90.0,179373.0,-2.0
2024-02-15 15:00:00,48622.13,50633.52,47045.78,49451.11,60008.3924,1.95699428868088,0.5,0.5477225575051662,0.0,1.0,6,5991.0,998.5,4880.0,5.5,0.05555555555555584,0.5266417006067926,20.0,93999.0,0.33333333333333337,0.19583333333333328,0.5692273879024675,46.0,105410.0,0.5,0.2881944444444444,0.5040068786317954,87.0,149135.0,0.5
2024-02-15 16:00:00,49334.29,50040.6,48429.34,48965.29,70570.8461,-0.982424863668374,0.5,0.5773502691896257,0.0,1.0,4,1343.0,335.75,711.0,6.0,0.0972222222222225,0.5395334121383969,20.0,65159.0,0.25,0.18749999999999992,0.5716963638761726,45.0,106085.0,-0.09999999999999998,0.2881944444444444,0.5040068786317954,87.0,149324.0,0.0
2024-02-15 17:00:00,48794.53,50672.82,47527.67,49483.58,28861.7689,1.0584844897273182,0.0,0.0,0.0,0.0,4,721.0,180.25,345.0,5.5,0.05555555555555584,0.3799622275123405,20.0,51500.0,-0.25,0.14583333333333326,0.5235838414437037,45.0,105921.0,-0.5,0.2673611111111111,0.47454409608235587,89.0,149674.0,-0.5
2024-02-15 18:00:00,49349.91,50640.09,46816.81,48433.7,56200.368,-2.1216734924999425,1.0,0.0,1.0,1.0,1,632.0,632.0,632.0,6.0,0.22222222222222252,0.3799622275123405,19.0,51937.0,1.0,0.20138888888888884,0.47547131901123496,43.0,105847.0,0.6666666666666667,0.30902777777777773,0.47454409608235587,87.0,149888.0,1.0
2024-02-15 19:00:00,48640.61,49967.57,46168.24,47747.16,51070.4637,-1.4174841071402655,0.6666666666666666,0.5773502691896258,0.0,1.0,3,799.0,266.3333333333333,399.0,4.666666666666667,0.27777777777777807,0.3799622275123405,19.0,27086.0,0.3333333333333333,0.23611111111111105,0.4850080039531807,38.0,98625.0,0.41666666666666663,0.2951388888888889,0.49860035729859026,89.0,150240.0,-0.33333333333333337
2024-02-15 20:00:00,47912.29,49528.71,47015.91,48615.41,59021.5947,1.818432761236477,0.25,0.5,0.0,1.0,4,358.0,89.5,214.0,5.75,0.4861111111111114,0.3670705159807362,22.0,9844.0,1.25,0.2430555555555555,0.46394361622742397,36.0,97852.0,0.08333333333333334,0.28472222222222227,0.4899709080824841,91.0,144010.0,-0.25
2024-02-15 21:00:00,48454.15,48495.1,48421.76,48471.09,48031.9246,-0.2968606044873589,0.4,0.5163977794943222,0.0,1.0,10,2670.0,267.0,910.0,6.0,0.4694444444444447,0.3618497196455956,26.0,6523.0,-0.09999999999999998,0.2624999999999999,0.4442457101261941,46.0,100522.0,0.23333333333333336,0.28472222222222227,0.47421968260308445,96.0,116658.0,0.0
2024-02-15 22:00:00,48699.69,48834.32,48622.0,48750.37,31481.4831,0.5761785014531506,1.0,0.0,1.0,1.0,2,891.0,445.5,753.0,4.5,0.552777777777778,0.26562467478065793,24.0,6071.0,0.5,0.32499999999999996,0.4025790434595275,44.0,71230.0,0.75,0.3055555555555556,0.45016342138685,94.0,116923.0,0.5
2024-02-15 23:00:00,48836.61,50517.09,47516.12,49593.32,29645.2974,1.729115081588084,0.3333333333333333,0.5773502691896258,0.0,1.0,3,398.0,132.66666666666666,273.0,6.0,0.6083333333333336,0.3618497196455956,23.0,5748.0,0.3333333333333333,0.33194444444444443,0.3709059735789681,43.0,57248.0,0.08333333333333331,0.3194444444444445,0.47421968260308445,94.0,116906.0,0.3333333333333333
2024-02-16 00:00:00,49638.12,52209.0,48452.82,50534.03,21884.5007,1.8968482045565784,0.3333333333333333,0.5773502691896258,0.0,1.0,3,780.0,260.0,752.0,6.0,0.4972222222222225,0.4580747645105332,25.0,5896.0,-0.6666666666666667,0.3597222222222221,0.41901849601143687,44.0,57833.0,0.3333333333333333,0.3194444444444445,0.4642552529473303,91.0,115426.0,0.0
2024-02-16 01:00:00,50614.65,50797.36,50365.79,50521.63,18240.0145,-0.0245379202885698,0.4,0.5477225575051661,0.0,1.0,5,910.0,182.0,501.0,4.8,0.4527777777777781,0.45313681256312327,27.0,6007.0,-0.2666666666666666,0.36527777777777776,0.4165495200377319,46.0,33093.0,0.06666666666666671,0.32916666666666666,0.4700666807407179,90.0,115511.0,0.23333333333333336
2024-02-16 02:00:00,50600.53,52845.52,48971.28,51513.15,41302.3813,1.9625653408253063,0.5,0.7071067811865476,0.0,1.0,2,363.0,181.5,276.0,7.5,0.49444444444444474,0.48765460942754785,25.0,6012.0,0.25,0.49027777777777776,0.427362562704142,47.0,15856.0,1.5,0.32222222222222224,0.47547320207392296,89.0,115655.0,-0.16666666666666663
2024-02-16 03:00:00,51548.78,52286.13,49933.0,50953.63,17423.801,-1.086169259693892,0.25,0.5,0.0,1.0,4,931.0,232.75,585.0,5.5,0.4694444444444447,0.48492164617849415,19.0,4273.0,-0.15000000000000002,0.4694444444444444,0.4233856829120448,45.0,10796.0,-0.25,0.3326388888888889,0.4963065354072563,91.0,116206.0,0.25
2024-02-16 04:00:00,50734.9,53032.3,49341.77,51651.98,25915.2195,1.370559860013909,0.3333333333333333,0.5773502691896258,0.0,1.0,3,562.0,187.33333333333334,262.0,6.0,0.3583333333333336,0.5811466910434318,20.0,3944.0,-0.6666666666666667,0.4555555555555555,0.42338568291204487,44.0,10015.0,-0.16666666666666669,0.3215277777777778,0.4975410233941087,89.0,116100.0,-0.26666666666666666
2024-02-16 05:00:00,51840.78,53443.89,49855.61,50988.9,30005.7749,-1.2837455601895642,0.0,1.0,-1.0,1.0,3,526.0,175.33333333333334,396.0,5.666666666666667,0.3027777777777781,0.6515883128451608,20.0,4072.0,-0.3333333333333333,0.4555555555555555,0.5067190162453782,43.0,9820.0,0.0,0.30069444444444443,0.515151428844541,88.0,115741.0,-0.5
2024-02-16 06:00:00,51117.68,51841.11,50615.96,51432.69,27694.6331,0.8703659031671585,-0.5,0.7071067811865476,-1.0,0.0,2,65.0,32.5,43.0,5.0,0.1638888888888892,0.6732143981779811,19.0,3357.0,-0.8333333333333333,0.3305555555555555,0.5656445813442571,44.0,9253.0,-1.5,0.2659722222222222,0.5205579501777461,87.0,115100.0,-0.8333333333333333
2024-02-16 07:00:00,51335.02,52210.47,50677.05,51714.82,32497.9044,0.5485421820246916,0.25,0.5,0.0,1.0,4,189.0,47.25,132.0,5.5,0.13888888888888917,0.6652606385937867,18.0,2636.0,-0.15000000000000002,0.2958333333333333,0.559198725578455,45.0,8643.0,-0.41666666666666663,0.2659722222222222,0.5221033647658179,83.0,107268.0,0.0
2024-02-16 08:00:00,51709.45,53767.1,50393.75,52506.63,29197.099,1.5311084907575712,0.3333333333333333,1.1547005383792517,-1.0,1.0,3,21084.0,7028.0,21000.0,7.0,0.1111111111111114,0.7398595981259041,19.0,23357.0,-0.16666666666666669,0.30277777777777776,0.613757103776726,44.0,29369.0,0.08333333333333331,0.27291666666666664,0.5388503600020751,80.0,127221.0,0.16666666666666666
2024-02-16 09:00:00,52669.92,53281.01,52300.29,52909.82,14394.4807,0.7678839796041004,0.6666666666666666,0.5773502691896258,0.0,1.0,3,28281.0,9427.0,28000.0,6.333333333333333,0.18055555555555583,0.7527513096575085,18.0,50707.0,0.41666666666666663,0.3249999999999999,0.6188364779180012,37.0,54980.0,0.2666666666666666,0.29375,0.5315410940220978,83.0,155502.0,0.5
2024-02-16 10:00:00,52890.52,53910.92,51534.61,52307.1,28062.5408,-1.1391458145198818,1.0,0.0,1.0,1.0,2,2825.0,1412.5,2760.0,6.0,0.29166666666666696,0.6565262647925708,17.0,52970.0,0.6666666666666667,0.32499999999999996,0.6188364779180012,37.0,56914.0,0.0,0.325,0.5107077606887644,81.0,128144.0,0.75
2024-02-16 11:00:00,52320.01,52998.88,51038.47,51881.99,20602.4369,-0.8127194969707707,-1.0,0.0,-1.0,-1.0,1,12200.0,12200.0,12200.0,9.0,0.1250000000000003,0.4898595981259041,15.0,64644.0,-1.0,0.21388888888888882,0.5707239554855325,35.0,68716.0,-1.3333333333333333,0.27291666666666664,0.47081496453225036,78.0,125964.0,-1.25
2024-02-16 12:00:00,51688.88,54082.35,50340.65,52521.91,17575.0299,1.2334145239995653,0.0,0.816496580927726,-1.0,1.0,4,782.0,195.5,364.0,5.5,0.20833333333333362,0.5080912314161006,17.0,65361.0,0.5,0.18611111111111103,0.5906528147970408,36.0,68718.0,-0.3333333333333333,0.27291666666666664,0.5048356554042389,80.0,126551.0,0.0
2024-02-16 13:00:00,52299.5,53523.42,49882.37,51347.84,20570.395,-2.2353909063855597,0.5,0.7071067811865476,0.0,1.0,2,25073.0,12536.5,24400.0,5.5,0.2500000000000003,0.5426090282805252,15.0,90245.0,0.25,0.1944444444444444,0.603934833437156,33.0,92881.0,0.09999999999999998,0.2798611111111111,0.510242176737444,79.0,125974.0,0.16666666666666669
2024-02-16 14:00:00,51383.0,52094.61,50234.7,50876.12,42881.8251,-0.9186754496391504,0.75,0.5,0.0,1.0,4,768.0,192.0,471.0,6.0,0.3194444444444447,0.43349227188398315,16.0,69929.0,0.4166666666666667,0.2152777777777777,0.5866759350049436,35.0,93286.0,0.25,0.3527777777777778,0.5070192488545429,82.0,109142.0,1.75
2024-02-16 15:00:00,50958.32,51837.35,49315.99,50305.15,36445.4165,-1.1222750477041132,0.0,0.816496580927726,-1.0,1.0,4,1135.0,283.75,458.0,5.75,0.20833333333333362,0.47334999050699994,17.0,42783.0,-0.6666666666666666,0.1944444444444444,0.6130506500822541,35.0,93490.0,-0.25,0.33194444444444443,0.5182181664971496,80.0,104286.0,-0.5
2024-02-16 16:00:00,50203.36,50652.38,49899.3,50378.48,46420.6567,0.1457703634717422,0.5,0.7071067811865476,0.0,1.0,2,307.0,153.5,173.0,5.5,0.1250000000000003,0.5912011207047578,17.0,40265.0,-0.5,0.20833333333333326,0.6238636927486643,34.0,93235.0,0.16666666666666669,0.33194444444444443,0.5236246878303547,78.0,103250.0,0.0
2024-02-16 17:00:00,50613.61,52380.16,49600.12,51365.41,61967.9032,1.9590309195513635,0.0,0.7071067811865476,0.0,0.0,1,529.0,529.0,529.0,7.0,0.29166666666666696,0.7090522509025158,17.0,28594.0,1.0,0.20833333333333326,0.5994559245142099,32.0,93238.0,0.0,0.33194444444444443,0.5530874703797941,75.0,103058.0,0.0
2024-02-16 18:00:00,51556.29,52877.57,49766.43,50744.45,31817.3306,-1.208906927833353,0.75,0.5,0.0,1.0,4,45495.0,11373.75,44600.0,5.5,0.41666666666666696,0.6563028207478947,17.0,73307.0,0.75,0.31249999999999994,0.5821970260819976,34.0,138668.0,1.25,0.3215277777777778,0.5739208037131275,78.0,147921.0,-0.25
2024-02-16 19:00:00,50732.84,51859.68,49965.02,51122.07,50752.9981,0.7441601988000812,0.75,0.5,0.0,1.0,0,0.0,11373.75,44600.0,5.5,0.45833333333333365,0.6217850238834701,15.0,48234.0,0.25,0.3541666666666666,0.5821970260819976,30.0,138479.0,0.5,0.325,0.5706978758302265,75.0,147122.0,0.08333333333333337
2024-02-16 20:00:00,51182.65,53597.23,49495.32,52152.91,58167.4374,2.0164285209890886,0.3333333333333333,0.816496580927726,-1.0,1.0,6,1431.0,238.5,593.0,5.833333333333333,0.38888888888888923,0.6745344540380911,17.0,48897.0,-0.4166666666666667,0.3541666666666666,0.5540133629610372,33.0,118826.0,0.0,0.3284722222222222,0.5838852333688817,77.0,148195.0,0.08333333333333331
2024-02-16 21:00:00,52049.99,52995.33,50262.87,51269.43,34969.9856,-1.6940186079741348,-0.5,0.7071067811865476,-1.0,0.0,2,754.0,377.0,411.0,5.0,0.30555555555555586,0.6563028207478947,15.0,48516.0,-0.5,0.25694444444444436,0.5648264056274473,32.0,91299.0,-1.1666666666666665,0.29097222222222224,0.5918314417727243,69.0,146279.0,-0.9
2024-02-16 22:00:00,51453.49,52482.16,49825.84,50855.05,47998.341,-0.8082399199679013,0.25,0.5,0.0,1.0,4,270.0,67.5,155.0,6.5,0.2638888888888892,0.6217850238834701,17.0,48479.0,-0.25,0.1944444444444444,0.606493072294114,34.0,88744.0,-0.75,0.25972222222222224,0.6126647751060577,71.0,145658.0,-0.75
2024-02-16 23:00:00,51002.54,51911.01,49381.51,50371.97,19554.4746,-0.9499154951179922,0.6666666666666666,0.5773502691896258,0.0,1.0,3,688.0,229.33333333333334,400.0,4.666666666666667,0.3750000000000003,0.6001589385506498,19.0,48638.0,0.6666666666666666,0.33333333333333326,0.6546055947265829,36.0,77232.0,1.6666666666666665,0.2736111111111111,0.6126647751060577,71.0,145948.0,0.3333333333333333
2024-02-17 00:00:00,50203.78,51433.69,48129.99,49505.79,31440.8686,-1.7195674499131175,0.0,0.5773502691896258,0.0,0.0,1,377.0,377.0,377.0,6.0,0.2500000000000003,0.6130506500822541,16.0,3520.0,-0.75,0.33333333333333326,0.6346767354150744,33.0,76827.0,0.0,0.25972222222222224,0.6126647751060577,69.0,145545.0,-0.3333333333333333
2024-02-17 01:00:00,49547.98,50527.94,47850.9,48956.06,12623.0579,-1.1104357692302336,0.5,0.7071067811865476,0.0,1.0,2,211.0,105.5,128.0,6.5,0.20833333333333362,0.6475684469466788,18.0,3731.0,-0.25,0.33333333333333326,0.6346767354150744,33.0,51965.0,0.0,0.2638888888888889,0.6193057844261153,66.0,144846.0,0.09999999999999998
2024-02-17 02:00:00,49019.9,50266.54,48234.84,49437.74,32209.5092,0.9839027078567986,0.5,0.5773502691896257,0.0,1.0,4,463.0,115.75,214.0,6.25,0.23611111111111138,0.6077107283236619,16.0,2763.0,0.16666666666666669,0.31249999999999994,0.6411225911808766,33.0,51660.0,-0.25,0.2638888888888889,0.6138992630929102,68.0,144946.0,0.0
2024-02-17 03:00:00,49464.59,50122.8,48392.87,49050.62,29232.4798,-0.7830455032936334,-0.3333333333333333,0.5773502691896258,-1.0,0.0,3,328.0,109.33333333333333,165.0,4.666666666666667,0.2638888888888892,0.5860846429908417,17.0,2337.0,0.16666666666666669,0.28472222222222215,0.6211937318693682,32.0,50853.0,-0.3333333333333333,0.23958333333333337,0.6171221909758112,67.0,144343.0,-0.5833333333333333
2024-02-17 04:00:00,49138.26,50750.63,48035.61,49760.72,26241.2286,1.4476881230043537,-1.0,0.0,-1.0,-1.0,2,172.0,86.0,169.0,6.5,0.05555555555555584,0.5027513096575084,15.0,2239.0,-1.25,0.15972222222222218,0.5622681667704893,32.0,50718.0,-1.5,0.1840277777777778,0.5930659297595768,66.0,143953.0,-1.3333333333333333
2024-02-17 05:00:00,49669.09,51329.17,47471.85,48801.88,27226.7434,-1.9269013792404976,1.0,0.0,1.0,1.0,1,100.0,100.0,100.0,5.0,0.11111111111111138,0.40652626479257076,13.0,1651.0,0.33333333333333337,0.2430555555555555,0.5033426016716103,32.0,50289.0,1.0,0.22569444444444445,0.5513992630929102,64.0,143527.0,1.0
2024-02-17 06:00:00,49016.1,49544.28,48350.13,48715.66,17540.2465,-0.1766735215938286,0.0,0.0,0.0,0.0,2,662.0,331.0,342.0,6.5,0.11111111111111138,0.31030121992763315,14.0,1936.0,0.0,0.1805555555555555,0.4616759350049436,30.0,5456.0,-0.75,0.2465277777777778,0.5219364805434706,64.0,144124.0,0.5
2024-02-17 07:00:00,48639.59,49356.66,47113.86,48118.37,24142.6303,-1.22607391545142,-0.3333333333333333,0.5773502691896258,-1.0,0.0,3,941.0,313.6666666666667,727.0,5.333333333333333,-0.027777777777777502,0.2886751345948128,15.0,2666.0,-0.8333333333333333,0.09027777777777773,0.4681217907707458,33.0,6397.0,-1.0833333333333333,0.2222222222222222,0.5251594084263718,63.0,144876.0,-0.5833333333333333
2024-02-17 08:00:00,48283.16,48981.87,47848.24,48586.3,36650.9487,0.9724560495295352,0.3333333333333333,0.5773502691896258,0.0,1.0,3,41.0,13.666666666666666,15.0,6.333333333333333,-0.055555555555555275,0.28867513459481287,14.0,2244.0,-0.16666666666666669,0.09027777777777773,0.44819293145923744,30.0,5007.0,0.0,0.22222222222222224,0.5011031472101374,63.0,123833.0,0.0
2024-02-17 09:00:00,48748.13,49689.1,48128.13,49085.68,37193.3338,1.027820599634044,0.75,0.5,0.0,1.0,4,30704.0,7676.0,22600.0,6.25,0.12500000000000025,0.2757834230632086,15.0,32620.0,1.0833333333333333,0.19444444444444442,0.4309340330270251,32.0,34957.0,1.25,0.22569444444444445,0.49788021932723625,64.0,126256.0,0.08333333333333337
2024-02-17 10:00:00,49145.49,49915.0,47976.44,48717.84,15284.5593,-0.7493835269268057,0.25,0.5,0.0,1.0,4,480.0,120.0,360.0,6.5,0.33333333333333365,0.3591167563965419,17.0,32928.0,1.25,0.19444444444444442,0.4309340330270251,32.0,35167.0,0.0,0.19444444444444445,0.5187135526605696,66.0,123911.0,-0.75
2024-02-17 11:00:00,48769.36,49962.71,46437.6,47990.81,19664.9419,-1.4923280670899983,0.6666666666666666,0.5773502691896258,0.0,1.0,3,338.0,112.66666666666667,199.0,5.333333333333333,0.27777777777777807,0.45534180126147955,19.0,33166.0,-0.33333333333333337,0.1944444444444444,0.4309340330270251,32.0,34817.0,0.0,0.2638888888888889,0.542769813876804,68.0,112049.0,1.6666666666666665
2024-02-17 12:00:00,47773.44,49527.35,45484.61,46852.61,24145.1073,-2.371704082510795,0.8,0.4472135954999579,0.0,1.0,5,939.0,187.8,560.0,5.4,0.41111111111111137,0.5298774005114725,22.0,33443.0,0.8,0.26111111111111107,0.42008931021955287,36.0,35379.0,0.8,0.2972222222222222,0.5273830228173138,69.0,112206.0,0.8
2024-02-17 13:00:00,47037.42,48138.99,44796.75,46156.83,24689.6948,-1.485040000973259,0.0,0.816496580927726,-1.0,1.0,4,5404.0,1351.0,5180.0,6.0,0.46666666666666695,0.5697351191344892,23.0,37906.0,0.3333333333333333,0.21944444444444441,0.429205126864651,38.0,40572.0,-0.5,0.2763888888888889,0.5319409311398627,71.0,92537.0,-0.5
2024-02-17 14:00:00,46029.48,46685.95,44921.8,45583.59,33885.4514,-1.24193970859785,1.0,0.816496580927726,1.0,1.0,1,26200.0,26200.0,26200.0,6.0,0.5777777777777781,0.6095928377575058,21.0,64065.0,0.6666666666666667,0.26111111111111107,0.4491339861761594,35.0,66309.0,0.5,0.2868055555555556,0.545128288678518,68.0,117969.0,0.25
2024-02-17 15:00:00,45477.6,46589.39,43819.98,44843.06,59952.7615,-1.6245539239011175,0.0,0.816496580927726,-1.0,1.0,4,14940.0,3735.0,14400.0,6.75,0.452777777777778,0.6623422679121269,21.0,48301.0,-0.75,0.28888888888888886,0.46906284548766775,36.0,80921.0,0.3333333333333333,0.2868055555555556,0.545128288678518,68.0,131774.0,0.0
2024-02-17 16:00:00,45034.37,45209.73,44712.58,44922.38,27404.5762,0.176883557901708,0.6666666666666666,0.5773502691896258,0.0,1.0,3,1000.0,333.3333333333333,619.0,6.333333333333333,0.5222222222222225,0.6752339794437311,20.0,48821.0,0.41666666666666663,0.42777777777777776,0.5171753679201365,37.0,81749.0,1.6666666666666665,0.29375,0.539721767345313,69.0,132467.0,0.16666666666666663
2024-02-17 17:00:00,44972.05,46473.38,44028.54,45479.62,27369.6366,1.2404507508284368,0.75,0.5,0.0,1.0,4,1665.0,416.25,1473.0,6.25,0.5361111111111113,0.6623422679121269,21.0,50148.0,0.08333333333333337,0.4069444444444444,0.5588420345868031,40.0,83314.0,-0.25,0.325,0.5310923181292068,72.0,133603.0,0.75
2024-02-17 18:00:00,45538.71,47517.27,44643.17,46214.27,41185.3204,1.6153389144412331,1.0,0.5,1.0,1.0,1,230.0,230.0,230.0,6.0,0.5694444444444446,0.6711400019954672,17.0,49439.0,0.19999999999999996,0.49027777777777776,0.6005087012534699,39.0,82882.0,1.0,0.3354166666666667,0.5310923181292068,69.0,88338.0,0.25
2024-02-17 19:00:00,46217.0,47196.96,45478.54,46646.91,37198.2467,0.9361610602093284,-0.5,0.7071067811865476,-1.0,0.0,2,185.0,92.5,184.0,5.5,0.4861111111111113,0.6529083687052708,15.0,44220.0,-0.5,0.4763888888888889,0.61132174391988,38.0,82126.0,-0.16666666666666669,0.2833333333333333,0.539721767345313,71.0,88523.0,-1.25
2024-02-17 20:00:00,46809.52,46984.25,46488.55,46695.51,38836.4675,0.1041869654388572,0.0,0.7071067811865476,0.0,0.0,1,43.0,43.0,43.0,7.0,0.31944444444444464,0.6346767354150744,15.0,18063.0,-1.0,0.44861111111111107,0.6221347865862902,36.0,82128.0,-0.3333333333333333,0.26944444444444443,0.5351638590227639,66.0,87135.0,-0.3333333333333333
2024-02-17 21:00:00,46621.41,46642.66,46607.38,46630.78,50674.0861,-0.1386214648903094,-0.5,0.5773502691896257,-1.0,0.0,4,410.0,102.5,135.0,4.25,0.2361111111111113,0.5948190167920576,15.0,3533.0,-0.5,0.3444444444444444,0.6285806423520923,36.0,51834.0,-1.25,0.26944444444444443,0.5297573376895588,68.0,86791.0,0.0
2024-02-17 22:00:00,46707.72,47881.16,45056.14,46056.82,42370.6002,-1.230860817683077,0.6666666666666666,0.5773502691896258,0.0,1.0,3,13219.0,4406.333333333333,12400.0,6.666666666666667,0.2361111111111113,0.5948190167920577,15.0,15752.0,0.0,0.3791666666666666,0.6350264981178945,35.0,64573.0,0.41666666666666663,0.2868055555555556,0.5329802655724599,67.0,99740.0,0.41666666666666663
2024-02-17 23:00:00,46016.94,46278.52,45535.85,45850.01,28199.6643,-0.4490323040105659,0.3333333333333333,0.5773502691896258,0.0,1.0,3,689.0,229.66666666666666,402.0,4.0,0.16666666666666688,0.607710728323662,14.0,14776.0,-0.4166666666666667,0.3513888888888888,0.6350264981178945,35.0,64924.0,-0.3333333333333333,0.27291666666666664,0.5329802655724599,67.0,99741.0,-0.3333333333333333
2024-02-18 00:00:00,45634.41,46415.89,43793.86,44987.46,28711.8138,-1.8812427739928528,0.0,0.8944271909999159,-1.0,1.0,6,966.0,161.0,579.0,4.666666666666667,2.1279274638648835e-16,0.6734485934903146,19.0,15512.0,-1.0,0.28472222222222215,0.6722942977428911,36.0,64951.0,-0.8,0.27291666666666664,0.546191803981222,72.0,100330.0,0.0
2024-02-18 01:00:00,44904.15,46922.38,43822.79,45769.8,37085.8788,1.7390179396658656,0.0,0.7071067811865476,-1.0,1.0,5,1158.0,231.6,474.0,5.4,0.08333333333333355,0.6734485934903147,22.0,16485.0,0.5,0.28472222222222215,0.6631784810977928,37.0,60705.0,0.0,0.2520833333333333,0.5461918039812219,75.0,101277.0,-0.5
2024-02-18 02:00:00,45834.55,47492.18,44576.12,46572.51,35005.1017,1.753798356121283,0.0,0.7071067811865476,0.0,0.0,1,125.0,125.0,125.0,6.0,0.08333333333333355,0.6734485934903147,22.0,16567.0,0.0,0.20138888888888884,0.6540626644526946,37.0,34630.0,-1.0,0.23124999999999998,0.551598325314427,72.0,100939.0,-0.5
2024-02-18 03:00:00,46581.72,47160.87,45537.03,46201.1,24033.1487,-0.7974876166219169,-0.6666666666666666,0.5773502691896258,-1.0,0.0,3,408.0,136.0,361.0,5.333333333333333,0.05555555555555578,0.6734485934903147,21.0,16565.0,-0.16666666666666663,0.1458333333333333,0.6341338051411862,36.0,20098.0,-0.6666666666666666,0.21736111111111112,0.5515983253144271,72.0,101019.0,-0.3333333333333333
2024-02-18 04:00:00,46313.23,47985.87,45233.81,47071.34,34504.0899,1.8835915162193075,0.0,0.0,0.0,0.0,2,1042.0,521.0,645.0,6.0,-0.055555555555555323,0.5772235486253771,20.0,4388.0,-0.6666666666666666,0.09027777777777772,0.5860212827087173,35.0,20140.0,-0.6666666666666666,0.2590277777777778,0.5515983253144271,72.0,101889.0,1.0
2024-02-18 05:00:00,47165.62,47304.11,46898.06,47064.1,32246.8071,-0.0153809090627121,1.0,0.0,1.0,1.0,2,612.0,306.0,566.0,5.5,0.0555555555555558,0.4809985037604394,19.0,4311.0,0.6666666666666667,0.11111111111111105,0.5443546160420507,33.0,19087.0,0.25,0.2590277777777778,0.5515983253144271,73.0,102401.0,0.0
2024-02-18 06:00:00,47157.04,49223.04,46042.88,47888.3,18618.0354,1.7512286434883562,-0.6666666666666666,0.5773502691896258,-1.0,0.0,3,450.0,150.0,270.0,5.0,-0.05555555555555531,0.42815235012539105,16.0,3795.0,-0.6666666666666666,-0.02777777777777783,0.5508004718078529,35.0,19307.0,-1.6666666666666665,0.23125000000000004,0.5756545865306615,74.0,102189.0,-0.6666666666666666
2024-02-18 07:00:00,47666.56,48228.3,46785.49,47351.0,22340.5627,-1.1219859548156963,0.3333333333333333,0.5163977794943223,0.0,1.0,6,1093.0,182.16666666666666,391.0,6.0,2.4054832200211723e-16,0.3963675165100202,17.0,3730.0,0.3333333333333333,0.041666666666666616,0.5349080550001674,39.0,20215.0,0.8333333333333333,0.2590277777777778,0.5731148994600238,77.0,102341.0,0.6666666666666666
2024-02-18 08:00:00,47248.69,48511.85,45234.72,46479.14,27339.514,-1.8412705117104244,0.16666666666666666,0.752772652709081,-1.0,1.0,6,731.0,121.83333333333333,528.0,5.833333333333333,0.027777777777778016,0.4039784950971091,22.0,4336.0,0.16666666666666666,0.055555555555555504,0.538713544293712,44.0,20903.0,0.16666666666666666,0.2520833333333333,0.5804241654400011,80.0,103031.0,-0.16666666666666666
2024-02-18 09:00:00,46259.71,47727.26,45495.16,46808.53,36256.6227,0.7086835083437437,0.25,0.9574271077563381,-1.0,1.0,4,9243.0,2310.75,8400.0,5.75,0.1805555555555558,0.46732463485822784,23.0,13171.0,0.9166666666666666,0.11805555555555551,0.5703866141742713,44.0,29736.0,0.75,0.23125000000000004,0.5994836282631818,80.0,81570.0,-0.5
2024-02-18 10:00:00,47036.47,47951.14,45205.31,46303.53,27923.4346,-1.0788631901065937,0.5,0.5773502691896257,0.0,1.0,4,22906.0,5726.5,22600.0,7.25,0.2638888888888891,0.5635496797231655,25.0,35035.0,0.5,0.10416666666666663,0.5703866141742713,45.0,39423.0,-0.16666666666666663,0.2416666666666667,0.6027065561460829,80.0,103996.0,0.25
2024-02-18 11:00:00,46094.11,46734.24,45693.76,46372.45,29217.5078,0.1488439434315314,0.125,0.6408699444616557,-1.0,1.0,8,36366.0,4545.75,32000.0,6.375,0.11805555555555579,0.6703613371334414,31.0,70789.0,-0.875,0.08680555555555551,0.5756799204469404,50.0,75100.0,-0.20833333333333331,0.21909722222222225,0.6053532092824175,85.0,140024.0,-0.5416666666666666
2024-02-18 12:00:00,46596.41,48298.99,45655.82,47165.6,37416.0028,1.7103905443857317,0.0,0.6408699444616557,0.0,0.0,1,112.0,112.0,112.0,5.0,0.22916666666666688,0.6809479496787797,29.0,70451.0,0.6666666666666666,0.08680555555555551,0.5545501499020854,45.0,74246.0,0.0,0.18576388888888892,0.6134222238224882,81.0,139197.0,-0.8
2024-02-18 13:00:00,47181.3,47628.56,46923.86,47361.63,33699.1113,0.4156207066166928,0.75,0.5,0.0,1.0,4,23073.0,5768.25,22600.0,6.75,0.2986111111111113,0.678214986429726,27.0,92431.0,0.4166666666666667,0.1493055555555555,0.5372912514698731,44.0,96161.0,0.75,0.21701388888888892,0.600234866283833,81.0,156866.0,0.75
2024-02-18 14:00:00,47443.3,48507.33,46874.57,47850.08,41923.1031,1.0313200791442378,0.6666666666666666,0.816496580927726,-1.0,1.0,6,22033.0,3672.1666666666665,20800.0,5.5,0.38194444444444464,0.6888356411328335,27.0,113733.0,0.5,0.20486111111111108,0.5464070681149712,49.0,118069.0,0.6666666666666666,0.203125,0.600234866283833,86.0,152699.0,-0.33333333333333337
2024-02-18 15:00:00,48004.56,48345.11,47266.84,47738.17,51346.1596,-0.2338763069988703,0.0,0.6324555320336759,-1.0,1.0,6,967.0,161.16666666666666,331.0,5.166666666666667,0.34027777777777796,0.6346737118457231,29.0,105457.0,-0.25,0.2604166666666666,0.5509991733519755,52.0,118628.0,0.6666666666666666,0.203125,0.5925664892465808,88.0,138726.0,0.0
2024-02-18 16:00:00,47529.17,49435.55,46379.19,48267.79,45602.8316,1.1094266914714268,0.0,0.0,0.0,0.0,2,832.0,416.0,717.0,5.0,0.25694444444444464,0.5384486669807854,27.0,83383.0,-0.5,0.2604166666666666,0.5509991733519755,52.0,118418.0,0.0,0.17534722222222224,0.5685102280303465,87.0,138558.0,-0.6666666666666666
2024-02-18 17:00:00,48310.38,48402.48,48258.73,48346.99,43076.6106,0.164084578970769,-0.6666666666666666,0.5773502691896258,-1.0,0.0,3,131.0,43.666666666666664,56.0,6.0,0.12500000000000022,0.5278620544354472,22.0,47148.0,-0.7916666666666666,0.12152777777777772,0.5991116957844443,53.0,117937.0,-1.6666666666666665,0.11631944444444446,0.5717331559132476,86.0,137024.0,-1.4166666666666665
2024-02-18 18:00:00,48318.02,50477.04,46669.69,49151.09,58018.1993,1.6631852365576405,0.6666666666666666,0.5773502691896258,0.0,1.0,3,425.0,141.66666666666666,218.0,6.666666666666667,0.2361111111111113,0.5172754418901088,24.0,47461.0,0.6666666666666666,0.23263888888888884,0.5991116957844443,53.0,117912.0,1.3333333333333333,0.10243055555555557,0.5749560837961486,88.0,137219.0,-0.33333333333333337
2024-02-18 19:00:00,48967.82,49920.51,48238.41,49381.4,54551.3301,0.4685755697381388,0.5,0.7071067811865476,0.0,1.0,2,343.0,171.5,177.0,4.0,0.19444444444444464,0.5517932387545335,22.0,24731.0,-0.25,0.24652777777777776,0.6150041125921297,49.0,117162.0,0.16666666666666669,0.14409722222222224,0.5749560837961486,88.0,137377.0,1.0
2024-02-18 20:00:00,49239.5,49333.81,49084.41,49187.02,44705.4439,-0.3936299902392526,0.3333333333333333,0.5773502691896258,0.0,1.0,3,802.0,267.3333333333333,696.0,6.0,0.1388888888888891,0.5119355201315168,19.0,3500.0,-0.3333333333333333,0.2604166666666666,0.6003855806321752,46.0,117233.0,0.16666666666666666,0.15798611111111113,0.5695495624629435,90.0,138136.0,0.3333333333333333
2024-02-18 21:00:00,49236.99,49470.36,48758.74,49057.02,25830.8798,-0.2642973695092698,0.5,0.7071067811865476,0.0,1.0,2,251.0,125.5,215.0,5.5,0.22222222222222243,0.5243773949903286,15.0,2784.0,0.5,0.28124999999999994,0.5795255534180259,44.0,108241.0,0.25,0.1996527777777778,0.5749560837961487,88.0,137977.0,1.0
2024-02-18 22:00:00,48993.97,51344.44,47465.15,49956.25,57938.183,1.8330302166744028,0.0,0.0,0.0,0.0,3,357.0,119.0,128.0,5.333333333333333,0.22222222222222243,0.5243773949903286,16.0,2309.0,0.0,0.23958333333333326,0.531413030985557,43.0,85692.0,-0.5,0.171875,0.5508998225799143,88.0,125115.0,-0.6666666666666666
2024-02-18 23:00:00,50001.02,51730.09,47372.99,49098.31,25295.9648,-1.7173827098711405,0.5,0.7071067811865476,0.0,1.0,2,8540.0,4270.0,8400.0,7.0,0.4166666666666669,0.546003480323149,15.0,10718.0,1.1666666666666665,0.27083333333333326,0.5369327673792981,37.0,57866.0,0.375,0.17881944444444445,0.5563063439131193,87.0,132966.0,0.16666666666666669
2024-02-19 00:00:00,49092.81,50189.63,46944.77,48351.17,26517.1127,-1.5217224381042893,0.4,0.5477225575051661,0.0,1.0,5,1312.0,262.4,668.0,6.4,0.37222222222222245,0.541065528375739,17.0,11605.0,-0.2666666666666666,0.3041666666666666,0.529170485132924,41.0,59066.0,0.4,0.1954861111111111,0.5418603175175046,86.0,133312.0,0.4
2024-02-19 01:00:00,48382.97,50571.51,47158.83,49157.65,34205.5295,1.6679637741961573,0.5,0.5477225575051661,0.0,1.0,6,795.0,132.5,296.0,6.666666666666667,0.37222222222222245,0.5145014910955088,21.0,12057.0,0.0,0.28333333333333327,0.5331473649250212,43.0,36788.0,-0.25,0.21631944444444443,0.5352193081974472,87.0,132949.0,0.5
2024-02-19 02:00:00,49286.42,49310.54,49271.77,49295.81,27226.9605,0.2810549324469225,0.0,0.0,0.0,0.0,2,260.0,130.0,143.0,6.0,0.3166666666666669,0.4182764462305711,20.0,11515.0,-0.3333333333333333,0.22777777777777772,0.465105983181044,39.0,15015.0,-0.6666666666666666,0.21631944444444443,0.5057565256480078,88.0,133084.0,0.0
2024-02-19 03:00:00,49209.65,50821.69,48308.08,49799.79,19761.701,1.0223586953941988,0.0,0.816496580927726,-1.0,1.0,4,1480.0,370.0,861.0,6.75,0.23333333333333353,0.4365080795207676,22.0,12744.0,-0.5,0.22777777777777772,0.48044273725554815,37.0,15528.0,0.0,0.24409722222222227,0.5157209553037618,89.0,134156.0,0.6666666666666666
2024-02-19 04:00:00,49820.21,52478.5,48187.34,50733.07,37426.5926,1.8740641275796444,0.5,0.7071067811865476,0.0,1.0,2,371.0,185.5,314.0,6.5,0.3166666666666669,0.5543592097185255,21.0,12758.0,0.5,0.2694444444444444,0.5393683023544271,37.0,15067.0,0.5,0.2649305555555556,0.5451837378532013,89.0,133485.0,0.5
2024-02-19 05:00:00,50838.19,51253.53,50579.66,50984.6,20552.7618,0.4957910096905271,0.0,0.7071067811865476,0.0,0.0,1,305.0,305.0,305.0,5.0,0.23333333333333353,0.5543592097185255,20.0,4523.0,-0.5,0.3249999999999999,0.5501813450208372,35.0,15241.0,0.6666666666666666,0.22326388888888893,0.5746465204026409,88.0,133178.0,-1.0
2024-02-19 06:00:00,51014.86,52078.67,49344.43,50387.23,17764.7373,-1.1716675231344231,0.6,0.5477225575051661,0.0,1.0,5,1569.0,313.8,584.0,6.4,0.2666666666666669,0.5543592097185255,20.0,4780.0,0.19999999999999996,0.31944444444444436,0.5477123690471323,37.0,16385.0,-0.06666666666666665,0.2760416666666667,0.5734120324157883,90.0,134297.0,1.2666666666666666
2024-02-19 07:00:00,50230.73,50323.82,50119.24,50182.17,26894.8151,-0.4069681941238023,1.0,0.5477225575051661,1.0,1.0,1,35.0,35.0,35.0,6.0,0.35000000000000026,0.5543592097185255,15.0,4020.0,0.5,0.361111111111111,0.5344303504070171,36.0,16077.0,0.5,0.3038194444444445,0.5747172314995734,85.0,133239.0,0.6666666666666667
2024-02-19 08:00:00,49940.78,51313.42,48930.02,50513.62,33666.401,0.6604935577716242,0.0,0.7071067811865476,-1.0,1.0,5,601.0,120.2,196.0,5.6,0.35000000000000026,0.6722103399162834,18.0,4361.0,0.0,0.33333333333333326,0.5452433930734273,38.0,15876.0,-0.3333333333333333,0.296875,0.5728144868528012,84.0,133109.0,-0.16666666666666666
2024-02-19 09:00:00,50668.66,51214.72,50400.98,50885.22,23923.2509,0.735643179007961,0.5,0.5773502691896257,0.0,1.0,4,798.0,199.5,605.0,5.25,0.43333333333333357,0.6323526212932667,18.0,3679.0,0.5,0.33333333333333326,0.5344303504070171,40.0,16423.0,0.0,0.3072916666666667,0.5569779519125216,84.0,124664.0,0.25
2024-02-19 10:00:00,50853.17,51179.8,50428.57,50680.14,15774.2278,-0.4030246896839617,0.6,0.5477225575051662,0.0,1.0,5,25765.0,5153.0,24600.0,6.4,0.45000000000000023,0.6057885840130365,21.0,29073.0,0.09999999999999998,0.38333333333333325,0.5800738968657809,42.0,41831.0,0.6,0.31145833333333334,0.5557434639256691,85.0,127523.0,0.09999999999999998
2024-02-19 11:00:00,50477.08,51358.31,48866.05,49807.06,16232.9588,-1.722726101388039,0.5,0.7071067811865476,0.0,1.0,2,18187.0,9093.5,17600.0,5.5,0.5333333333333335,0.6057885840130365,22.0,46955.0,0.5,0.38333333333333325,0.5800738968657809,42.0,51478.0,0.0,0.32708333333333334,0.5585033321225396,79.0,109344.0,0.375
2024-02-19 12:00:00,49760.88,50874.7,48140.93,49102.42,12834.9509,-1.4147391956080058,0.0,0.6324555320336759,-1.0,1.0,6,1616.0,269.3333333333333,842.0,5.5,0.43333333333333357,0.6199107464344548,23.0,47002.0,-0.6,0.3499999999999999,0.5871349780764902,43.0,51782.0,-0.4,0.32708333333333334,0.5581527316047071,84.0,110848.0,0.0
2024-02-19 13:00:00,49048.38,49588.66,48180.05,48695.31,26878.4003,-0.8291037386752076,1.0,0.0,1.0,1.0,4,20006.0,5001.5,13800.0,6.25,0.43333333333333357,0.5286236535169272,26.0,66973.0,0.0,0.3916666666666666,0.5414914316177263,41.0,70993.0,0.5,0.33749999999999997,0.5373193982713738,84.0,107781.0,0.25
2024-02-19 14:00:00,48510.74,49550.62,46970.39,47933.58,52190.6576,-1.5642779561316988,0.5,0.7071067811865476,0.0,1.0,2,485.0,242.5,481.0,3.5,0.5166666666666669,0.5286236535169271,23.0,66857.0,0.5,0.4333333333333333,0.6004169967166053,41.0,71218.0,0.5,0.33055555555555555,0.5327614899488247,80.0,86233.0,-0.16666666666666663
2024-02-19 15:00:00,47878.48,48798.84,45982.58,47141.31,46521.6537,-1.6528496306764562,0.0,1.4142135623730951,-1.0,1.0,2,27400.0,13700.0,24400.0,7.0,0.43333333333333357,0.6681008690475053,21.0,93459.0,-0.5,0.4333333333333333,0.650226745170386,39.0,97138.0,0.0,0.33055555555555555,0.5653347412129671,76.0,112666.0,0.0
2024-02-19 16:00:00,47097.7,48055.23,45886.15,46596.09,69678.6081,-1.1565652290952522,0.6666666666666666,0.5773502691896258,0.0,1.0,3,115.0,38.333333333333336,89.0,7.0,0.44444444444444464,0.6730388209949153,19.0,67809.0,0.06666666666666665,0.4472222222222222,0.6394137025039759,40.0,96882.0,0.16666666666666663,0.35833333333333334,0.5893910024292016,77.0,111949.0,0.6666666666666666
2024-02-19 17:00:00,46477.88,46765.53,46331.05,46579.59,36453.6153,-0.0354106964768896,0.5,0.5773502691896257,0.0,1.0,4,541.0,135.25,223.0,6.0,0.44444444444444464,0.6514127356620949,21.0,50163.0,0.0,0.4888888888888889,0.6286006598375657,43.0,97118.0,0.5,0.4069444444444444,0.5893910024292016,78.0,112359.0,1.1666666666666665
2024-02-19 18:00:00,46642.84,47735.17,45260.43,46089.58,73414.6102,-1.0519843562384223,-0.14285714285714285,0.6900655593423541,-1.0,1.0,7,2265.0,323.57142857142856,1304.0,5.714285714285714,0.42063492063492086,0.661014406880208,22.0,50812.0,-0.14285714285714285,0.42698412698412697,0.6404625766573314,45.0,97814.0,-0.7428571428571429,0.3732142857142857,0.594087472852232,82.0,114199.0,-0.8095238095238095
2024-02-19 19:00:00,46106.88,46378.17,45746.69,45966.26,26813.145,-0.2675659010127673,0.0,1.0,-1.0,1.0,3,261.0,87.0,171.0,3.6666666666666665,0.2539682539682542,0.8276810735468746,21.0,31067.0,-1.0,0.3436507936507936,0.6781523635319009,47.0,98040.0,-1.0,0.3523809523809524,0.6062913569694591,83.0,114117.0,-0.5
2024-02-19 20:00:00,46117.66,46886.52,45262.19,45728.89,63564.7615,-0.5164005076767286,0.2,0.8366600265340756,-1.0,1.0,5,11521.0,2304.2,10300.0,5.0,0.20396825396825416,0.849273281104796,24.0,42103.0,-0.3,0.3603174603174603,0.6889484673108616,47.0,108960.0,0.2,0.34682539682539687,0.6170959301921445,85.0,124836.0,-0.1333333333333333
2024-02-19 21:00:00,45773.64,47330.17,44853.0,46395.23,56283.552,1.4571532350774463,0.0,0.0,0.0,0.0,3,195.0,65.0,75.0,4.666666666666667,0.20396825396825422,0.6135710207092802,25.0,14898.0,0.0,0.3186507936507936,0.6408359448783928,46.0,108357.0,-0.5,0.3259920634920635,0.5876331476427049,86.0,124780.0,-0.5
2024-02-19 22:00:00,46400.02,47911.17,44164.14,45556.44,42157.8311,-1.80792292655948,0.0,0.0,0.0,0.0,4,188.0,47.0,73.0,6.5,0.09285714285714308,0.5173459758443425,26.0,14971.0,-0.6666666666666666,0.2686507936507936,0.5951923984196289,45.0,82780.0,-0.6,0.3259920634920635,0.5876331476427049,87.0,124611.0,0.0
2024-02-19 23:00:00,45384.68,46460.92,43799.25,44730.51,27187.8625,-1.81298187479092,0.0,1.4142135623730951,-1.0,1.0,2,420.0,210.0,418.0,4.5,0.009523809523809748,0.6568231913749207,24.0,14850.0,-0.5,0.22698412698412693,0.6541179635185078,45.0,65013.0,-0.5,0.30515873015873013,0.6170959301921445,87.0,116491.0,-0.5
2024-02-20 00:00:00,44935.12,45505.22,44127.12,44608.53,23353.8156,-0.272699774717533,0.3333333333333333,0.5773502691896258,0.0,1.0,3,378.0,126.0,243.0,5.666666666666667,0.08888888888888911,0.6380373096827993,20.0,12963.0,0.47619047619047616,0.2547619047619047,0.6495258582815037,42.0,63775.0,0.3333333333333333,0.30238095238095236,0.618330418178997,85.0,115557.0,-0.06666666666666671
2024-02-20 01:00:00,44587.44,45487.56,43466.69,44134.3,26648.5116,-1.0630926416987818,0.0,1.0,-1.0,1.0,3,1496.0,498.6666666666667,688.0,5.666666666666667,0.08888888888888911,0.6380373096827993,20.0,14198.0,0.0,0.17142857142857135,0.7328591916148369,41.0,45265.0,-1.0,0.28154761904761905,0.6371753116162817,82.0,116258.0,-0.5
2024-02-20 02:00:00,43920.63,44836.42,43515.64,44257.67,30394.0416,0.2795331522194688,0.25,0.5,0.0,1.0,4,2021.0,505.25,844.0,5.0,0.09722222222222243,0.5819273052604533,19.0,4698.0,0.04999999999999999,0.15059523809523803,0.7156002931826246,43.0,46801.0,-0.25,0.29196428571428573,0.6580086449496151,84.0,118019.0,0.25
2024-02-20 03:00:00,44334.11,44629.19,43908.68,44180.11,30331.765,-0.1752464601051051,0.6,0.5477225575051661,0.0,1.0,5,414.0,82.8,261.0,6.4,0.19722222222222244,0.673214398177981,21.0,4917.0,0.6,0.20059523809523805,0.6433927094436307,46.0,19815.0,0.6,0.31696428571428575,0.6468097273070084,85.0,116953.0,0.6
2024-02-20 04:00:00,44307.04,44904.76,43983.41,44571.28,34729.301,0.8853984292931827,0.0,0.5477225575051661,0.0,0.0,1,1.0,1.0,1.0,6.0,0.19722222222222244,0.7645014910955087,18.0,4730.0,0.0,0.14503968253968247,0.6409237334699257,44.0,19701.0,-0.6666666666666666,0.2961309523809524,0.6401687179869509,84.0,116583.0,-0.5
2024-02-20 05:00:00,44648.05,45133.81,43896.67,44385.51,18502.2361,-0.4167930559768495,0.5,0.5773502691896257,0.0,1.0,4,514.0,128.5,409.0,6.5,0.2805555555555558,0.6250242755649306,20.0,4824.0,0.5,0.14503968253968247,0.6409237334699257,44.0,19674.0,0.0,0.31696428571428575,0.6347621966537458,87.0,116792.0,0.5
2024-02-20 06:00:00,44504.45,45278.46,43953.72,44855.2,33555.5331,1.0582057072229034,0.3333333333333333,0.5773502691896258,0.0,1.0,3,248.0,82.66666666666667,119.0,6.0,0.2805555555555558,0.6250242755649306,20.0,4694.0,0.0,0.18472222222222215,0.631530792623865,40.0,17657.0,0.47619047619047616,0.30585317460317457,0.6359966846405982,85.0,115471.0,-0.26666666666666666
2024-02-20 07:00:00,44730.29,44763.232189523726,39500.23120336898,41895.8201069917,57615.15508081056,-6.597629467727928,0.0,0.816496580927726,-1.0,1.0,4,1517.0,379.25,758.0,5.5,0.2805555555555558,0.5944403723862183,21.0,4715.0,0.0,0.18472222222222215,0.6162388410345088,41.0,18913.0,0.0,0.26418650793650794,0.6471956022832049,88.0,116953.0,-1.0
2024-02-20 08:00:00,43920.85,43379.81144994474,40331.88831206746,41613.13771782164,64054.03383984295,-0.674726949963389,0.5,0.7071067811865476,0.0,1.0,2,15164.0,7582.0,15100.0,5.0,0.32222222222222247,0.6289581692506429,19.0,17858.0,0.25,0.20972222222222214,0.6054427372555482,38.0,22556.0,0.3,0.28501984126984126,0.6471956022832049,85.0,131516.0,0.5
2024-02-20 09:00:00,43479.53,44247.51774945536,39791.25129533072,42193.74391007059,86428.62586785931,1.3952473283462383,1.0,0.0,1.0,1.0,3,18657.0,6219.0,18500.0,7.0,0.3888888888888891,0.5376710763331151,17.0,36101.0,0.4,0.29305555555555546,0.6054427372555482,38.0,41018.0,1.0,0.30585317460317457,0.6231393410669704,84.0,149375.0,0.5
2024-02-20 10:00:00,44137.14,45871.25,43095.34,44790.22,30782.3443,6.153699220110442,0.5,0.7071067811865476,0.0,1.0,2,34255.0,17127.5,34000.0,7.5,0.4722222222222225,0.5642351136133453,18.0,70355.0,0.5,0.33472222222222214,0.6643683023544271,36.0,75085.0,0.5,0.3016865079365079,0.6297803503870281,81.0,157865.0,-0.09999999999999998
2024-02-20 11:00:00,44819.65,45686.82,44410.18,45146.63,13805.416,0.7957317467965019,0.5,0.7071067811865476,0.0,1.0,2,73.0,36.5,73.0,5.5,0.4722222222222225,0.5858611989461657,16.0,69914.0,0.0,0.37638888888888883,0.6054427372555481,36.0,74738.0,0.5,0.3016865079365079,0.6297803503870281,81.0,139751.0,0.0
2024-02-20 12:00:00,45038.11,45338.13,44834.29,45164.04,25073.1982,0.0385632327374318,0.0,0.0,0.0,0.0,2,1558.0,779.0,1506.0,5.0,0.4166666666666668,0.489636154081228,15.0,71224.0,-0.3333333333333333,0.34861111111111104,0.5573302148230793,35.0,75918.0,-0.3333333333333333,0.3016865079365079,0.6034280365522916,77.0,139693.0,0.0
2024-02-20 13:00:00,45244.42,47696.72,43796.44,46134.74,23526.81,2.1492762826354816,0.2,0.8366600265340756,-1.0,1.0,5,24552.0,4910.4,22600.0,5.4,0.4500000000000002,0.4929967283489529,16.0,94259.0,0.2,0.36527777777777776,0.5437185503675857,37.0,98974.0,0.2,0.2683531746031746,0.6382888709912113,78.0,144239.0,-0.8
2024-02-20 14:00:00,46113.48,48304.61,44534.86,46921.19,37115.4804,1.7046806809792423,0.0,0.816496580927726,-1.0,1.0,4,560.0,140.0,233.0,6.0,0.36666666666666686,0.5112283616391494,18.0,79655.0,-0.5,0.3444444444444444,0.5700932654448961,37.0,97513.0,-0.25,0.24751984126984128,0.6428467793137604,80.0,144314.0,-0.5
2024-02-20 15:00:00,46889.54,49136.07,45269.91,47818.15,48994.2157,1.911630970996248,0.5,0.5773502691896257,0.0,1.0,4,28257.0,7064.25,28000.0,5.75,0.28333333333333355,0.607453406504087,19.0,89255.0,-0.5,0.336111111111111,0.572562241418601,36.0,125356.0,-0.09999999999999998,0.2683531746031746,0.6079774754311159,82.0,145171.0,0.5
2024-02-20 16:00:00,47942.01,49693.45,46895.15,48678.02,46548.9781,1.7982084208611138,-0.2222222222222222,0.8333333333333334,-1.0,1.0,9,5255.0,583.8888888888889,3380.0,5.222222222222222,0.16296296296296317,0.628491165195218,26.0,60255.0,-0.7222222222222222,0.3175925925925925,0.5963631394042817,44.0,130610.0,-0.2222222222222222,0.23131613756613756,0.6186434364371037,88.0,150311.0,-0.8888888888888888
2024-02-20 17:00:00,48437.14,49185.9,46864.75,47845.45,32519.0851,-1.7103612677754731,0.2,0.8366600265340756,-1.0,1.0,5,402.0,80.4,180.0,4.8,0.1129629629629632,0.6500833727531393,29.0,60584.0,-0.3,0.2925925925925925,0.6179722858496525,45.0,130498.0,-0.3,0.21881613756613758,0.6294480096597891,89.0,150172.0,-0.3
2024-02-20 18:00:00,48074.2,48258.71,47722.62,47927.71,31199.2983,0.1719285741904386,1.0,0.8366600265340756,1.0,1.0,1,17.0,17.0,17.0,5.0,0.27962962962962984,0.7895267105088185,28.0,59043.0,1.0,0.3481481481481481,0.6395814322950234,43.0,130267.0,0.6666666666666667,0.2664351851851852,0.6355561124594442,83.0,147924.0,1.1428571428571428
2024-02-20 19:00:00,47988.1,49214.24,45784.68,47214.0,56537.3741,-1.4891385380190305,0.0,0.8366600265340756,0.0,0.0,1,570.0,570.0,570.0,5.0,0.24629629629629654,0.7895267105088185,24.0,35061.0,-0.2,0.3481481481481481,0.6412617194288858,40.0,129320.0,0.0,0.2664351851851852,0.6287502802316973,81.0,148233.0,0.0
2024-02-20 20:00:00,47135.77,47741.07,46010.74,46665.18,36644.1381,-1.1624094548227215,0.0,0.0,0.0,0.0,2,101.0,50.5,55.0,6.5,0.24629629629629654,0.6534439470208643,22.0,34602.0,0.0,0.3064814814814814,0.5823361543300067,40.0,114257.0,-0.5,0.25810185185185186,0.5938894457927776,78.0,136813.0,-0.2
2024-02-20 21:00:00,46587.52,48207.0,45589.7,47135.6,57616.6223,1.0080749715312365,0.0,0.0,0.0,0.0,3,11747.0,3915.6666666666665,10300.0,5.666666666666667,0.1629629629629632,0.5572189021559266,21.0,18092.0,-0.5,0.2231481481481481,0.5823361543300067,40.0,107347.0,-1.0,0.25810185185185186,0.5938894457927776,78.0,148365.0,0.0
2024-02-20 22:00:00,47194.68,47532.71,47008.64,47343.7,26773.8425,0.4414922054667869,0.0,0.6324555320336759,-1.0,1.0,6,1655.0,275.8333333333333,693.0,6.166666666666667,0.20000000000000026,0.5237392686059836,18.0,14492.0,0.2222222222222222,0.18148148148148144,0.5761152169006009,44.0,74747.0,-0.5,0.25810185185185186,0.620241759627514,80.0,149832.0,0.0
2024-02-20 23:00:00,47508.31,48584.56,45082.02,46681.72,23808.6635,-1.3982430608507457,-0.3333333333333333,0.5773502691896258,-1.0,0.0,3,657.0,219.0,307.0,6.0,0.11111111111111134,0.48052097571524205,16.0,14747.0,-0.5333333333333333,0.11203703703703698,0.5653021742341907,45.0,75331.0,-0.8333333333333333,0.24421296296296294,0.5853724557448695,81.0,150069.0,-0.3333333333333333
2024-02-21 00:00:00,46740.63,48154.84,44591.44,45928.82,21847.8054,-1.6128368877582069,0.6666666666666666,0.5773502691896258,0.0,1.0,3,379.0,126.33333333333333,353.0,6.666666666666667,0.05555555555555577,0.4373026828245004,18.0,15109.0,-0.33333333333333337,0.16759259259259252,0.6134146966666595,46.0,74152.0,0.6666666666666666,0.25810185185185186,0.5853724557448695,81.0,150070.0,0.3333333333333333
2024-02-21 01:00:00,45743.19,46843.42,44968.83,46204.21,21889.8425,0.5996017315489377,0.3333333333333333,0.5773502691896258,0.0,1.0,3,729.0,243.0,320.0,6.0,0.11111111111111131,0.39408438993375877,20.0,15268.0,0.3333333333333333,0.17870370370370361,0.5918055502212887,44.0,50329.0,0.1333333333333333,0.27199074074074076,0.5677620502944372,81.0,149303.0,0.3333333333333333
2024-02-21 02:00:00,46150.58,47732.88,45226.79,46695.46,28477.9312,1.0632148022875043,0.0,0.5773502691896258,0.0,0.0,1,842.0,842.0,842.0,5.0,0.11111111111111131,0.4903094347986965,19.0,16009.0,0.0,0.17870370370370361,0.5718766909097804,41.0,50611.0,0.0,0.26157407407407407,0.5709849781773383,78.0,148124.0,-0.25
2024-02-21 03:00:00,46827.58,46953.38,46625.09,46741.56,17325.1621,0.0987248010834385,0.8,0.4472135954999579,0.0,1.0,5,338.0,67.6,109.0,7.0,0.24444444444444466,0.5648450340486895,21.0,4600.0,0.8,0.20370370370370364,0.561031968102308,42.0,22692.0,0.30000000000000004,0.26990740740740743,0.5667971047604546,78.0,148048.0,0.20000000000000007
2024-02-21 04:00:00,46539.42,47808.17,45645.83,47078.19,25638.8795,0.7201941912080123,0.3333333333333333,1.1547005383792517,-1.0,1.0,3,240.0,80.0,117.0,6.333333333333333,0.3000000000000002,0.6518858684396188,18.0,3185.0,0.3333333333333333,0.24999999999999992,0.5878125685228013,36.0,17677.0,0.5555555555555556,0.28379629629629627,0.5920878539635416,80.0,148287.0,0.3333333333333333
2024-02-21 05:00:00,47041.0,48121.19,46451.59,47463.66,24624.2409,0.8187867885320221,0.6666666666666666,0.5773502691896258,0.0,1.0,3,721.0,240.33333333333334,352.0,5.666666666666667,0.46666666666666695,0.6518858684396187,18.0,3249.0,1.0,0.2888888888888888,0.5662034220774305,34.0,17996.0,0.4666666666666666,0.29074074074074074,0.5920878539635415,79.0,148494.0,0.16666666666666663
2024-02-21 06:00:00,47374.27,47613.49,47033.46,47252.7,24872.7923,-0.4444663559447503,0.6666666666666666,0.5773502691896258,0.0,1.0,0,0.0,240.33333333333334,352.0,5.666666666666667,0.46666666666666684,0.6518858684396188,15.0,2870.0,0.0,0.261111111111111,0.5445942756320596,33.0,17979.0,-0.33333333333333337,0.30462962962962964,0.5920878539635416,76.0,148246.0,0.3333333333333333
2024-02-21 07:00:00,47382.88,48349.83,45729.36,46714.61,17975.935,-1.138749743400902,1.0,0.5773502691896258,1.0,1.0,1,438.0,438.0,438.0,5.0,0.5777777777777781,0.6518858684396188,13.0,2579.0,0.6666666666666667,0.34444444444444433,0.5229851291866888,33.0,17847.0,1.0,0.34629629629629627,0.5821234243077874,73.0,147167.0,1.0
2024-02-21 08:00:00,46754.99,47503.89,46219.56,47088.45,38357.9549,0.8002635578034267,0.1111111111111111,0.7817359599705717,-1.0,1.0,9,3440.0,382.22222222222223,1001.0,5.888888888888889,0.5962962962962965,0.685950150236443,21.0,5177.0,0.1111111111111111,0.35370370370370363,0.5881297925175698,40.0,21186.0,0.1111111111111111,0.33009259259259255,0.5852329734237883,80.0,135443.0,-0.3888888888888889
2024-02-21 09:00:00,47051.75,47831.56,45373.92,46478.48,29995.0269,-1.2953707331627928,0.0,0.816496580927726,-1.0,1.0,4,21483.0,5370.75,20600.0,5.0,0.46296296296296324,0.7474973144744044,20.0,26322.0,-0.8,0.35370370370370363,0.6561711742615469,41.0,30922.0,0.0,0.2884259259259259,0.619253664295777,81.0,138269.0,-1.0
2024-02-21 10:00:00,46556.5,47639.45,45947.17,46919.23,23056.0095,0.948288326124258,0.3333333333333333,0.5773502691896258,0.0,1.0,3,21381.0,7127.0,16700.0,6.666666666666667,0.4629629629629632,0.6512722696094667,20.0,47463.0,0.0,0.38148148148148137,0.6515790690245428,38.0,50648.0,0.3333333333333333,0.2814814814814815,0.6138471429625719,82.0,125395.0,-0.16666666666666669
2024-02-21 11:00:00,47136.5,47691.42,46845.39,47355.4,27588.8771,0.9296188364557478,0.4444444444444444,0.5270462766947299,0.0,1.0,9,8067.0,896.3333333333334,6700.0,6.0,0.4259259259259262,0.6428882708603175,26.0,54809.0,-0.2222222222222222,0.4462962962962962,0.6473870696499681,44.0,58058.0,0.7777777777777777,0.2791666666666666,0.6063446219420795,89.0,133389.0,-0.05555555555555558
2024-02-21 12:00:00,47138.6,47775.06,45880.25,46609.53,22066.7526,-1.5750474074762375,0.2857142857142857,0.7559289460184545,-1.0,1.0,7,1271.0,181.57142857142858,653.0,6.142857142857143,0.3624338624338626,0.6726513836651223,33.0,56080.0,-0.38095238095238093,0.4145502645502645,0.6622686260523706,48.0,58950.0,-0.38095238095238093,0.2910714285714286,0.637841661359515,94.0,133102.0,0.2857142857142857
2024-02-21 13:00:00,46487.89,47779.99,45848.74,46924.1,26165.0897,0.6749048960588144,0.0,0.0,0.0,0.0,4,28527.0,7131.75,28000.0,6.0,0.19576719576719595,0.5764263388001846,36.0,84169.0,-1.0,0.38677248677248666,0.6141561036199017,49.0,86748.0,-0.3333333333333333,0.28273809523809523,0.6029808269205953,93.0,137077.0,-0.2
2024-02-21 14:00:00,46775.93,49058.45,45621.97,47692.51,29060.4478,1.6375593778037434,0.375,0.5175491695067657,0.0,1.0,8,20362.0,2545.25,15000.0,6.25,0.23974867724867746,0.5323952070562169,35.0,101091.0,0.2638888888888889,0.41802248677248666,0.60917267864633,56.0,106268.0,0.375,0.29836309523809523,0.5905246847780553,97.0,156879.0,0.375
2024-02-21 15:00:00,47592.63,48563.34,45956.46,47010.86,26993.0035,-1.429260066203275,0.0,0.7071067811865476,-1.0,1.0,5,1031.0,206.2,432.0,5.4,0.23974867724867746,0.5141635737660205,36.0,80639.0,0.0,0.35135582010582,0.6308304441202125,56.0,106961.0,-0.8,0.2775297619047619,0.5959312061112603,98.0,129653.0,-0.5
2024-02-21 16:00:00,46868.8,48034.58,45173.53,46257.91,43786.7303,-1.6016511929371149,1.0,0.0,1.0,1.0,3,1640.0,546.6666666666666,793.0,5.666666666666667,0.3508597883597886,0.41793852890108285,36.0,60898.0,0.6666666666666667,0.4069113756613756,0.5346053992552747,56.0,108361.0,0.6666666666666667,0.32845568783068785,0.5612089838890381,92.0,126038.0,1.2222222222222223
2024-02-21 17:00:00,46109.21,47763.37,43524.66,45226.67,33779.7693,-2.229326832967604,0.2,0.8366600265340756,-1.0,1.0,5,675.0,135.0,397.0,6.2,0.3101190476190478,0.46954082054097385,32.0,53506.0,-0.2444444444444444,0.36802248677248667,0.5562145457006457,58.0,108315.0,-0.4666666666666666,0.32845568783068785,0.5612089838890381,92.0,126311.0,0.0
2024-02-21 18:00:00,45171.91,46360.52,44159.81,45691.23,38116.1337,1.0271815280674002,-0.25,0.5,-1.0,0.0,4,468.0,117.0,327.0,5.5,0.22083333333333355,0.42688599620456474,29.0,52703.0,-0.5357142857142857,0.29163359788359783,0.5497686899348434,62.0,108783.0,-0.9166666666666666,0.2763723544973545,0.5471814827834516,95.0,126762.0,-1.25
2024-02-21 19:00:00,45832.64,46703.74,45248.05,46127.63,72206.0365,0.955106702095776,0.5,0.5773502691896257,0.0,1.0,4,11123.0,2780.75,10900.0,6.75,0.30416666666666686,0.5231110410695022,29.0,35299.0,0.5,0.24996693121693114,0.5497686899348435,65.0,119468.0,-0.5,0.29720568783068785,0.5363769095607662,98.0,137315.0,0.5
2024-02-21 20:00:00,46302.17,47361.13,43936.14,45497.21,57880.4092,-1.3666863005968422,0.0,1.0,-1.0,1.0,3,697.0,232.33333333333334,477.0,5.666666666666667,0.2416666666666669,0.6035195128183748,24.0,15634.0,-0.375,0.24070767195767187,0.5679573599372959,59.0,116725.0,-0.1111111111111111,0.29720568783068785,0.5780435762274329,99.0,137911.0,0.0
2024-02-21 21:00:00,45441.79,45825.7,44760.31,45213.23,31819.744,-0.6241701414218537,-1.0,1.0,-1.0,-1.0,1,16.0,16.0,16.0,4.0,0.07500000000000022,0.6523350492872835,20.0,14619.0,-1.0,0.15737433862433853,0.583249311526652,56.0,95258.0,-1.0,0.25553902116402116,0.6197102428940996,97.0,126180.0,-1.0
2024-02-21 22:00:00,45265.69,46182.34,43671.69,44702.77,36996.34,-1.1290058241802403,0.2,0.4472135954999579,0.0,1.0,5,735.0,147.0,300.0,5.8,-0.05833333333333312,0.7268706485372763,22.0,13714.0,-0.8,0.14626322751322743,0.5724045887191797,58.0,74612.0,-0.1333333333333333,0.2638723544973545,0.6119918288718613,96.0,125260.0,0.2
2024-02-21 23:00:00,44834.92,46761.49,43514.49,45503.59,30250.5057,1.791432611446675,0.5,0.7071067811865476,0.0,1.0,2,455.0,227.5,348.0,6.0,-0.008333333333333118,0.7052784409793551,19.0,13494.0,0.3,0.15089285714285705,0.5874096307601645,51.0,67000.0,0.05555555555555558,0.29859457671957673,0.6173983502050663,95.0,125058.0,0.8333333333333333
2024-02-22 00:00:00,45313.12,45405.14,45193.39,45259.95,27394.3526,-0.5354302814349343,0.0,0.7071067811865476,0.0,0.0,1,22.0,22.0,22.0,6.0,0.03333333333333355,0.7397962378437798,16.0,13048.0,0.25,0.12708333333333324,0.5833411170241722,45.0,65751.0,-0.2857142857142857,0.27081679894179894,0.6228048715382714,93.0,124701.0,-0.6666666666666666
2024-02-22 01:00:00,45325.61,45368.76,45299.52,45342.21,19082.4943,0.1817500903116276,0.0,0.7071067811865476,0.0,0.0,0,0.0,22.0,22.0,6.0,-0.04999999999999979,0.7614223231766001,12.0,1925.0,-0.5,0.12708333333333324,0.6422666821230512,41.0,37224.0,0.0,0.25692791005291005,0.6282113928714765,90.0,123972.0,-0.3333333333333333
2024-02-22 02:00:00,45430.4,46447.67,44876.02,45822.29,29020.0756,1.058792679051157,0.6666666666666666,0.5773502691896258,0.0,1.0,3,534.0,178.0,246.0,6.0,0.06111111111111132,0.6909807013748711,12.0,1762.0,0.6666666666666666,0.1513888888888888,0.6472501070966229,36.0,17396.0,0.29166666666666663,0.28470568783068784,0.6282113928714765,92.0,123664.0,0.6666666666666666
2024-02-22 03:00:00,45860.77,47030.14,43852.57,45010.71,34340.8803,-1.7711467497586897,0.0,0.5773502691896258,0.0,0.0,1,29.0,29.0,29.0,6.0,0.227777777777778,0.620539079573142,12.0,1775.0,1.0,0.1513888888888888,0.6364370644302128,32.0,16394.0,0.0,0.2513723544973545,0.6336337542752127,88.0,123355.0,-0.8
2024-02-22 04:00:00,44923.39,46779.33,43562.46,45621.87,25335.4774,1.3578101745117976,0.2,0.8366600265340756,-1.0,1.0,5,803.0,160.6,326.0,6.0,0.227777777777778,0.6854468180788281,12.0,1843.0,0.0,0.08472222222222214,0.7061587333080523,34.0,15557.0,-0.8,0.24581679894179895,0.6203820662816636,90.0,123918.0,-0.1333333333333333
2024-02-22 05:00:00,45455.04,46631.58,43578.42,44698.72,29021.8186,-2.02348128211316,0.5,0.5477225575051661,0.0,1.0,6,1145.0,190.83333333333334,463.0,5.0,0.227777777777778,0.658882780798598,16.0,2533.0,0.0,0.10972222222222215,0.6820806108889766,35.0,16027.0,0.3,0.23887235449735453,0.6191475782948112,93.0,124342.0,-0.16666666666666663
2024-02-22 06:00:00,44752.86,44961.08,44418.56,44620.58,27480.1248,-0.1748148492842771,0.25,0.9574271077563382,-1.0,1.0,4,919.0,229.75,458.0,5.5,0.26944444444444465,0.7006028352268965,19.0,3430.0,0.25,0.15138888888888882,0.7201995365353381,35.0,16478.0,0.5,0.2215112433862434,0.6349841132350909,97.0,125261.0,-0.41666666666666663
2024-02-22 07:00:00,44568.09,45360.43,43016.43,43996.85,18548.754,-1.397852739699934,-0.5,0.7071067811865476,-1.0,0.0,2,441.0,220.5,438.0,4.5,0.18611111111111134,0.7006028352268965,21.0,3871.0,-0.5,0.06805555555555548,0.7310125792017482,33.0,5796.0,-1.0,0.1590112433862434,0.6403906345682959,98.0,125264.0,-1.5
2024-02-22 08:00:00,44147.58,44208.91,44106.28,44170.17,25250.952,0.3939372932380447,0.6,0.5477225575051662,0.0,1.0,5,14953.0,2990.6,14700.0,6.0,0.17500000000000024,0.6956648832794864,23.0,18290.0,-0.06666666666666665,0.11805555555555547,0.6933227923271787,35.0,20052.0,0.6,0.17938161375661377,0.6306400761322374,94.0,136777.0,0.4888888888888889
2024-02-22 09:00:00,43980.83,45085.72,42066.05,43168.56,21770.3018,-2.2676163573742247,0.3333333333333333,1.1547005383792517,-1.0,1.0,3,30219.0,10073.0,30000.0,5.333333333333333,0.23055555555555576,0.7918899281444242,25.0,48480.0,0.3333333333333333,0.2291666666666666,0.7062145038587831,37.0,50255.0,1.3333333333333333,0.19327050264550263,0.6447319076927176,93.0,145513.0,0.3333333333333333
2024-02-22 10:00:00,43304.78,44074.03,42743.8,43622.71,45001.9006,1.0520387986071356,1.0,1.1547005383792517,1.0,1.0,1,94.0,94.0,94.0,5.0,0.3638888888888891,0.8448966801186201,21.0,47771.0,0.8,0.2958333333333332,0.7651717490987241,33.0,49614.0,0.8,0.22104828042328042,0.668788168908952,91.0,124226.0,0.6666666666666667
2024-02-22 11:00:00,43732.81,44961.97,43226.52,44152.33,25559.8527,1.2140923844483842,0.4,0.5477225575051661,0.0,1.0,5,17308.0,3461.6,15800.0,5.8,0.3472222222222225,0.8448966801186201,20.0,63934.0,-0.09999999999999998,0.2874999999999999,0.7518897304586091,36.0,66467.0,-0.09999999999999998,0.2191964285714286,0.6696496806093868,87.0,133467.0,-0.0444444444444444
2024-02-22 12:00:00,44277.34,44537.07,43823.51,44106.98,27319.6241,-0.1027125861760791,0.3333333333333333,0.5773502691896258,0.0,1.0,3,2223.0,741.0,2140.0,6.333333333333333,0.3611111111111113,0.7815505403575015,19.0,65238.0,0.08333333333333331,0.3152777777777777,0.7410766877921989,38.0,68668.0,0.3333333333333333,0.22118055555555557,0.6622089024081858,83.0,134419.0,0.047619047619047616
2024-02-22 13:00:00,44112.56,45181.39,43413.03,44573.38,23188.7623,1.0574290055678226,0.0,0.5,-1.0,1.0,9,19805.0,2200.5555555555557,19400.0,5.0,0.44444444444444464,0.7470327434930768,26.0,84602.0,0.5,0.3152777777777777,0.7238177893599866,47.0,88473.0,0.0,0.22118055555555557,0.683042235741519,88.0,125697.0,0.0
2024-02-22 14:00:00,44561.99,44641.78,44511.04,44590.19,51292.1341,0.0377130924332114,0.4,0.5477225575051661,0.0,1.0,5,804.0,160.8,278.0,5.8,0.41111111111111137,0.7470327434930768,26.0,70453.0,-0.19999999999999996,0.29305555555555546,0.7213488133862817,49.0,88743.0,-0.2666666666666666,0.22222222222222224,0.6842994602414523,85.0,106139.0,0.025000000000000022
2024-02-22 15:00:00,44720.36,45171.85,43778.72,44385.98,49947.6842,-0.4579706881715495,0.0,0.0,0.0,0.0,2,3646.0,1823.0,3620.0,6.0,0.35555555555555585,0.5545826537632016,25.0,43880.0,-0.3333333333333333,0.29305555555555546,0.6732362909538128,50.0,92360.0,0.0,0.22222222222222224,0.6548366776920129,82.0,108754.0,0.0
2024-02-22 16:00:00,44363.77,44623.04,44191.4,44467.49,35446.0301,0.1836390680119981,0.5,0.7071067811865476,0.0,1.0,2,6803.0,3401.5,6700.0,5.0,0.2722222222222224,0.4799836942310842,26.0,50589.0,-0.5,0.3180555555555555,0.6624401871748522,47.0,98360.0,0.3,0.20138888888888892,0.6842994602414523,81.0,113917.0,-0.5
2024-02-22 17:00:00,44249.46,45824.84,43440.81,44798.86,48442.3231,0.7451960971937011,0.0,0.0,0.0,0.0,4,471.0,117.75,161.0,6.0,0.2055555555555558,0.3886966013135565,25.0,33752.0,-0.4,0.2763888888888888,0.6167966407160884,45.0,97686.0,-0.5,0.19305555555555556,0.6494386258025325,80.0,113713.0,-0.2
2024-02-22 18:00:00,44755.57,46067.54,44026.84,45254.4,32532.2399,1.016856232502339,0.0,1.0,-1.0,1.0,3,935.0,311.6666666666667,845.0,5.0,0.15000000000000022,0.45913822311528557,25.0,32464.0,-0.3333333333333333,0.2555555555555555,0.6203443817363935,44.0,97702.0,-0.25,0.20347222222222225,0.6702719591358659,79.0,114180.0,0.25
2024-02-22 19:00:00,45445.44,46680.64,43894.16,44815.91,56602.4345,-0.96894445622967,1.0,0.0,1.0,1.0,2,808.0,404.0,700.0,5.5,0.3166666666666669,0.3758048897819522,18.0,13467.0,1.0,0.3805555555555555,0.5614188166375146,44.0,98069.0,1.5,0.22430555555555554,0.6462156979196315,77.0,103865.0,0.5
2024-02-22 20:00:00,44864.24,46829.32,43966.45,45522.75,46233.1277,1.5772077371629667,0.0,0.0,0.0,0.0,2,400.0,200.0,307.0,5.5,0.2500000000000002,0.2845177968644245,15.0,13063.0,-0.4,0.3305555555555555,0.5157752701787507,41.0,83516.0,-0.6,0.22430555555555554,0.6045490312529648,76.0,103568.0,0.0
2024-02-22 21:00:00,45380.87,46557.04,43561.34,44670.46,58840.2477,-1.8722287208044364,0.0,0.0,0.0,0.0,0,0.0,200.0,307.0,5.5,0.2500000000000002,0.2845177968644245,13.0,9417.0,0.0,0.3027777777777777,0.41955022531381303,38.0,53297.0,-0.3333333333333333,0.2659722222222222,0.5628823645862981,75.0,103552.0,1.0
2024-02-22 22:00:00,44493.7,44703.27,44328.81,44587.87,40306.1019,-0.1848872834530834,0.5,0.7071067811865476,0.0,1.0,2,1363.0,681.5,817.0,6.0,0.2500000000000002,0.2845177968644245,13.0,3977.0,0.0,0.261111111111111,0.3822507455477544,39.0,54566.0,-0.5,0.27847222222222223,0.5737112473232393,72.0,104180.0,0.3
2024-02-22 23:00:00,44395.92,46391.45,43255.99,45218.12,24557.7582,1.413501026175945,0.5,0.7071067811865476,0.0,1.0,2,238.0,119.0,213.0,5.0,0.33333333333333354,0.40236892706218247,11.0,3744.0,0.5,0.2694444444444444,0.3955327641878695,36.0,37496.0,0.09999999999999998,0.27847222222222223,0.5737112473232394,72.0,103963.0,0.0
2024-02-23 00:00:00,45018.01,45096.01,44955.01,45051.38,18209.0052,-0.3687459805936321,-0.6666666666666666,0.5773502691896258,-1.0,0.0,3,374.0,124.66666666666667,244.0,4.666666666666667,0.22222222222222246,0.33192730526045344,11.0,3183.0,-0.6666666666666666,0.18611111111111103,0.3955327641878695,36.0,35647.0,-1.0,0.25069444444444444,0.5683047259900343,74.0,104315.0,-0.6666666666666666
2024-02-23 01:00:00,44876.01,45045.01,44793.89,44941.45,39195.6754,-0.2440102833697888,-0.6666666666666666,0.5773502691896258,-1.0,0.0,0,0.0,124.66666666666667,244.0,4.666666666666667,-0.055555555555555323,0.42815235012539105,9.0,2375.0,-1.6666666666666665,0.13055555555555548,0.4019786199536717,27.0,15842.0,-0.6666666666666666,0.22291666666666665,0.5628982046568293,74.0,104315.0,-0.6666666666666666
2024-02-23 02:00:00,44775.14,45589.96,43316.17,44248.0,27430.2292,-1.5430076243645785,0.5,0.5477225575051661,0.0,1.0,6,671.0,111.83333333333333,248.0,6.0,0.027777777777778012,0.5194394430429187,13.0,2646.0,0.5,0.1388888888888888,0.4019786199536717,28.0,15709.0,0.09999999999999998,0.21597222222222223,0.5616637166699767,77.0,104452.0,-0.16666666666666663
2024-02-23 03:00:00,44442.32,44847.01,44170.46,44597.85,14937.5915,0.790657204845413,0.42857142857142855,0.7867957924694431,-1.0,1.0,7,1355.0,193.57142857142858,400.0,5.285714285714286,0.09920634920634945,0.6505720751211593,20.0,4001.0,0.42857142857142855,0.17460317460317454,0.46754493599279195,33.0,13418.0,0.42857142857142855,0.2338293650793651,0.5703906134733024,83.0,105778.0,0.42857142857142855
2024-02-23 04:00:00,44438.5,45616.12,42232.63,43663.44,34617.1382,-2.095190687443449,0.0,0.0,0.0,0.0,2,263.0,131.5,146.0,5.0,0.015873015873016105,0.5327209449234013,20.0,2901.0,-0.5,0.13293650793650788,0.408619370893913,33.0,6878.0,-0.5,0.22549603174603175,0.5355297790343826,80.0,105238.0,-0.2
2024-02-23 05:00:00,43829.03,43944.91,43634.39,43759.26,24051.5644,0.2194513304494494,0.3333333333333333,0.5773502691896258,0.0,1.0,3,639.0,213.0,397.0,4.666666666666667,-0.011904761904761677,0.511094859590581,21.0,3302.0,-0.16666666666666669,0.16071428571428564,0.45673189332638175,32.0,7046.0,0.3333333333333333,0.2185515873015873,0.5367642670212351,77.0,104732.0,-0.16666666666666669
2024-02-23 06:00:00,43740.14,44710.72,43236.17,44090.62,32536.3304,0.7572340117268928,0.3333333333333333,1.1547005383792517,-1.0,1.0,3,845.0,281.6666666666667,428.0,4.0,0.154761904761905,0.6073199044555186,21.0,3773.0,1.0,0.1884920634920634,0.4696236048579861,32.0,6956.0,0.3333333333333333,0.22202380952380954,0.5449839932971899,76.0,104658.0,0.08333333333333331
2024-02-23 07:00:00,43947.38,44794.08,42718.51,43506.39,30711.6411,-1.3250664200231357,1.0,0.0,1.0,1.0,3,23729.0,7909.666666666667,23400.0,6.0,0.4325396825396828,0.511094859590581,24.0,27502.0,1.6666666666666665,0.1884920634920634,0.4696236048579861,33.0,29877.0,0.0,0.28452380952380957,0.5155212107477504,77.0,127946.0,1.5
2024-02-23 08:00:00,43368.67,43668.01,43135.78,43487.7,23088.1757,-0.0429592066820583,0.5,0.5773502691896257,0.0,1.0,4,279.0,69.75,107.0,5.75,0.4325396825396828,0.516032811537991,22.0,27110.0,0.0,0.2301587301587301,0.5177361272904549,35.0,29756.0,0.5,0.2803571428571429,0.5167556987346028,76.0,113272.0,-0.09999999999999998
2024-02-23 09:00:00,43389.32,43930.28,42959.61,43611.62,32307.9957,0.2849541364569941,0.75,0.5,0.0,1.0,4,33085.0,8271.25,32000.0,5.0,0.4861111111111113,0.46823351279308384,19.0,58840.0,0.32142857142857145,0.29265873015873006,0.5594027939571216,39.0,62841.0,0.75,0.29771825396825397,0.48947650963546735,77.0,116138.0,0.4166666666666667
2024-02-23 10:00:00,43488.31,43510.9,43458.38,43476.98,25837.314,-0.3087250599725477,0.25,0.9574271077563381,-1.0,1.0,4,28517.0,7129.25,28000.0,6.5,0.527777777777778,0.6278046974191401,21.0,87094.0,0.25,0.27182539682539675,0.5802628211712707,41.0,89995.0,-0.25,0.26646825396825397,0.48125678335951255,80.0,144561.0,-0.75
2024-02-23 11:00:00,43305.34,44441.51,42584.74,43767.05,21151.1643,0.6671806551421078,0.0,0.9574271077563381,0.0,0.0,1,108.0,108.0,108.0,5.0,0.4722222222222225,0.6911508371802588,19.0,86563.0,-0.3333333333333333,0.2301587301587301,0.60112284838542,40.0,89865.0,-0.5,0.2498015873015873,0.49832780628664475,76.0,127361.0,-0.4
2024-02-23 12:00:00,43750.49,45061.77,41659.28,43003.58,28418.2381,-1.744394470269306,0.6,0.5477225575051662,0.0,1.0,5,1347.0,269.4,441.0,6.4,0.5166666666666669,0.5899878403679113,21.0,87065.0,0.26666666666666666,0.33571428571428563,0.598653872411715,42.0,90838.0,1.2666666666666666,0.26091269841269843,0.49709331829979225,78.0,126485.0,0.26666666666666666
2024-02-23 13:00:00,43156.58,43372.15,42747.8,42978.21,29983.3301,-0.0589950883159051,0.6,0.5477225575051661,0.0,1.0,5,13451.0,2690.2,12000.0,5.4,0.4500000000000002,0.681274933285439,23.0,76787.0,-0.4,0.4412698412698412,0.59618489643801,47.0,104289.0,1.2666666666666666,0.2859126984126984,0.4990817581958409,74.0,120131.0,0.6
2024-02-23 14:00:00,43085.09,43118.04,43015.78,43058.82,39434.7298,0.1875601613003485,0.0,0.8944271909999159,-1.0,1.0,6,27193.0,4532.166666666667,26200.0,5.333333333333333,0.36666666666666686,0.7341210869204873,25.0,103701.0,-0.5,0.3996031746031745,0.6250769492292392,47.0,130811.0,-0.5,0.26924603174603173,0.5135277845914554,75.0,146520.0,-0.4
2024-02-23 15:00:00,42903.92,44483.93,42168.99,43453.82,26866.2637,0.9173498019685588,-0.5,0.7071067811865476,-1.0,0.0,2,10538.0,5269.0,10300.0,6.0,0.15833333333333355,0.768638883784912,23.0,81154.0,-1.25,0.32222222222222213,0.6184361982889979,42.0,139994.0,-0.9285714285714286,0.24841269841269842,0.5429905671408949,75.0,153412.0,-0.5
2024-02-23 16:00:00,43364.37,43515.4,43288.51,43424.48,56432.0079,-0.0675199556678718,0.5,0.7071067811865476,0.0,1.0,2,1465.0,732.5,959.0,4.5,0.2000000000000002,0.7269188293566134,21.0,54102.0,0.25,0.36388888888888876,0.6773617633878768,42.0,141196.0,0.5,0.24841269841269842,0.542990567140895,75.0,148074.0,0.0
2024-02-23 17:00:00,43274.01,43611.37,42726.82,43028.37,48433.443,-0.9121813318202054,0.2,0.8366600265340756,-1.0,1.0,5,1084.0,216.8,753.0,6.4,0.23333333333333353,0.7067909824862365,25.0,55078.0,0.2,0.3527777777777777,0.6989709098332476,44.0,141641.0,-0.1333333333333333,0.2567460317460318,0.5778514015798147,76.0,148687.0,0.2
2024-02-23 18:00:00,43113.03,44766.43,42119.08,43693.33,64838.0586,1.545399000705805,-0.3333333333333333,0.5773502691896258,-1.0,0.0,3,1624.0,541.3333333333334,916.0,6.0,0.077777777777778,0.7117289344336464,23.0,55355.0,-0.9333333333333333,0.2972222222222221,0.6508583874007788,44.0,142420.0,-0.6666666666666666,0.24285714285714288,0.5602409961293825,76.0,149376.0,-0.3333333333333333
2024-02-23 19:00:00,43645.54,44061.13,42908.1,43310.91,61748.024,-0.8752365635670167,-0.3333333333333333,0.5773502691896258,-1.0,0.0,3,671.0,223.66666666666666,394.0,5.0,-0.07777777777777754,0.7166668863810562,21.0,42575.0,-0.9333333333333333,0.18611111111111103,0.6989709098332476,44.0,119362.0,-1.3333333333333333,0.1873015873015873,0.584297257345617,77.0,149239.0,-1.3333333333333333
2024-02-23 20:00:00,43496.64,43799.98,43000.87,43278.53,49085.5637,-0.0747617632601227,0.0,0.816496580927726,-1.0,1.0,4,2183.0,545.75,1669.0,5.5,-0.07777777777777754,0.7036784513690247,19.0,17565.0,0.0,0.14444444444444438,0.718899769144756,44.0,121266.0,-0.5,0.1873015873015873,0.6183179482176056,79.0,151022.0,0.0
2024-02-23 21:00:00,43208.04,44131.25,41943.62,42675.98,69608.425,-1.3922607815006538,0.5,0.7071067811865476,0.0,1.0,2,5655.0,2827.5,5200.0,5.5,0.08888888888888913,0.7036784513690247,19.0,12682.0,1.0,0.12361111111111105,0.7361586675769684,42.0,93836.0,-0.25,0.20813492063492064,0.647780730767045,81.0,156677.0,0.5
2024-02-23 22:00:00,42817.0,43575.59,41376.47,42248.19,32327.3189,-1.0024140043181196,0.5,0.7071067811865476,0.0,1.0,2,182.0,91.0,118.0,6.5,0.08888888888888913,0.7036784513690247,19.0,11399.0,0.0,0.14444444444444438,0.7152986403628191,40.0,65501.0,0.25,0.20813492063492064,0.647780730767045,81.0,155496.0,0.0
2024-02-23 23:00:00,42274.41,42991.35,40891.98,41749.44,28874.8262,-1.1805239467063575,-0.25,0.5,-1.0,0.0,4,13849.0,3462.25,13700.0,7.0,0.013888888888889126,0.6475684469466788,18.0,24164.0,-0.45,0.12361111111111105,0.6771797147164577,43.0,79242.0,-0.25,0.17688492063492064,0.6391512815509388,83.0,169107.0,-0.75
2024-02-24 00:00:00,41629.94,41949.71,41027.69,41391.12,20171.4668,-0.8582630090367638,0.0,0.0,0.0,0.0,2,710.0,355.0,452.0,4.5,0.06944444444444468,0.551343402081741,17.0,23250.0,0.3333333333333333,0.07361111111111103,0.6315361682576938,40.0,78605.0,-0.6,0.20466269841269838,0.6150950203347044,82.0,169443.0,0.6666666666666666
2024-02-24 01:00:00,41374.06,42704.26,39420.51,40655.83,19269.3991,-1.7764438362624646,0.0,0.0,0.0,0.0,2,185.0,92.5,132.0,5.5,0.12500000000000022,0.4551183572168034,16.0,22764.0,0.3333333333333333,0.02361111111111104,0.5858926217989299,37.0,65339.0,-0.6,0.23244047619047623,0.5910387591184699,84.0,169628.0,0.6666666666666666
2024-02-24 02:00:00,40541.41,41081.81,39580.23,40219.57,17801.9485,-1.0730564349565652,0.25,0.9574271077563381,-1.0,1.0,4,825.0,206.25,429.0,5.0,0.16666666666666688,0.4786067783549055,16.0,21406.0,0.25,0.04444444444444438,0.5911426148619651,35.0,38971.0,0.25,0.22202380952380954,0.6081097820456022,82.0,169782.0,-0.25
2024-02-24 03:00:00,40416.86,41741.07,39302.25,40983.45,36652.3634,1.89927440795612,1.0,0.0,1.0,1.0,3,885.0,295.0,545.0,4.0,0.2500000000000002,0.3607556481571475,17.0,16636.0,0.5,0.16944444444444437,0.5322170497630861,36.0,29318.0,1.5,0.24583333333333335,0.5753266240260421,78.0,169312.0,0.5714285714285714
2024-02-24 04:00:00,41063.91,41934.08,40551.08,41356.12,23590.6666,0.909318273595816,0.3333333333333333,0.5773502691896258,0.0,1.0,3,258.0,86.0,146.0,6.333333333333333,0.22222222222222243,0.3391295628243272,18.0,16712.0,-0.16666666666666669,0.15555555555555547,0.521404007096676,37.0,28111.0,-0.16666666666666669,0.25972222222222224,0.5993828852422765,79.0,169307.0,0.3333333333333333
2024-02-24 05:00:00,41514.91,42083.58,40733.3,41212.63,23381.6419,-0.3469619490416575,0.5,0.5773502691896257,0.0,1.0,4,1393.0,348.25,582.0,5.25,0.3472222222222225,0.3520212743559315,18.0,4256.0,0.75,0.1805555555555555,0.4997948606513052,36.0,28420.0,0.3,0.26666666666666666,0.5993828852422765,80.0,170061.0,0.16666666666666669
2024-02-24 06:00:00,41247.68,41580.03,40784.62,41053.6,33446.8467,-0.3858768537703061,1.0,0.5773502691896257,1.0,1.0,1,371.0,371.0,371.0,6.0,0.5138888888888892,0.44824631922086916,17.0,3917.0,1.0,0.2916666666666666,0.4997948606513052,34.0,27167.0,1.3333333333333333,0.29444444444444445,0.5753266240260421,78.0,169587.0,0.6666666666666667
2024-02-24 07:00:00,40943.83,41499.74,40668.08,41134.38,33591.7674,0.1967671531851067,0.0,1.4142135623730951,-1.0,1.0,2,21012.0,10506.0,21000.0,5.0,0.5138888888888892,0.6839485796163851,17.0,24744.0,0.0,0.31944444444444436,0.5695334684165942,33.0,47508.0,0.3333333333333333,0.2527777777777778,0.634252189124921,77.0,166870.0,-1.0
2024-02-24 08:00:00,41183.65,42270.81,39416.71,40458.69,17012.7797,-1.6426405357270355,0.2,0.8366600265340756,-1.0,1.0,5,1967.0,393.4,1815.0,5.2,0.5055555555555558,0.663820732746008,18.0,25886.0,-0.04999999999999999,0.336111111111111,0.5712137555504567,34.0,47292.0,0.2,0.2402777777777778,0.6450567623476064,78.0,168558.0,-0.3
2024-02-24 09:00:00,40271.73,42098.6,38937.15,40953.79,30104.8125,1.2237173274764812,-0.5,0.7071067811865476,-1.0,0.0,2,1235.0,617.5,1231.0,7.0,0.25555555555555576,0.7816718629437659,17.0,26236.0,-1.5,0.2527777777777777,0.5712137555504567,34.0,42872.0,-1.0,0.18819444444444447,0.6536862115637126,76.0,136708.0,-1.25
2024-02-24 10:00:00,40862.92,41522.11,40483.45,41097.64,37413.7206,0.3512495424721429,1.0,0.0,1.0,1.0,2,27800.0,13900.0,19200.0,8.0,0.36666666666666686,0.6854468180788281,16.0,53778.0,0.6666666666666667,0.29444444444444434,0.5122881904515778,34.0,70490.0,0.5,0.21944444444444447,0.6137934154071986,74.0,135991.0,0.75
2024-02-24 11:00:00,41010.7,42477.72,39084.67,40229.35,22908.9909,-2.112749053230312,0.16666666666666666,0.408248290463863,0.0,1.0,6,23716.0,3952.6666666666665,22800.0,6.333333333333333,0.31111111111111134,0.6572631549578678,18.0,76101.0,-0.33333333333333337,0.32916666666666655,0.5046422146568997,36.0,80357.0,0.41666666666666663,0.2263888888888889,0.5909109646866787,79.0,159599.0,0.16666666666666666
2024-02-24 12:00:00,40392.94,41032.43,39926.41,40659.54,31456.1675,1.0693436508419918,0.5,0.7071067811865476,0.0,1.0,2,452.0,226.0,353.0,6.0,0.227777777777778,0.6788892402906881,19.0,76182.0,-0.5,0.3708333333333333,0.5635677797557787,36.0,80099.0,0.5,0.2222222222222222,0.5975519740067362,76.0,158704.0,-0.09999999999999998
2024-02-24 13:00:00,40611.35,41061.58,39972.52,40321.61,25510.6543,-0.8311210603956676,0.0,1.4142135623730951,-1.0,1.0,2,340.0,170.0,267.0,5.0,0.227777777777778,0.6788892402906881,19.0,55510.0,0.0,0.3708333333333333,0.6814189099535365,36.0,80254.0,0.0,0.19722222222222222,0.6336557658762333,73.0,145593.0,-0.6
2024-02-24 14:00:00,40197.61,40697.38,39903.05,40413.66,31866.6789,0.2282894953847369,0.0,1.1547005383792515,-1.0,1.0,4,26304.0,6576.0,26200.0,5.25,0.19444444444444464,0.7318959922648841,18.0,79847.0,-0.2,0.3499999999999999,0.6978583625054461,36.0,105733.0,-0.25,0.19722222222222222,0.6445004886837057,71.0,144704.0,0.0
2024-02-24 15:00:00,40547.52,42220.71,39663.3,41247.88,57280.2529,2.0642030442181936,0.0,0.0,0.0,0.0,2,624.0,312.0,558.0,5.0,0.27777777777777796,0.6140448620671262,18.0,79236.0,0.5,0.26666666666666655,0.6978583625054461,35.0,105472.0,-1.0,0.21805555555555556,0.6150377061342661,71.0,134790.0,0.5
2024-02-24 16:00:00,41339.32,41904.99,40327.38,40917.53,39344.4282,-0.8008896457223913,0.0,0.0,0.0,0.0,1,330.0,330.0,330.0,6.0,0.11111111111111133,0.6140448620671262,17.0,51766.0,-1.0,0.2388888888888888,0.6497458400729772,33.0,105544.0,-0.3333333333333333,0.19722222222222222,0.5855749235848267,70.0,133655.0,-0.5
2024-02-24 17:00:00,40973.02,41655.4,40126.5,40599.11,63878.4379,-0.7781994660967961,0.5,0.7071067811865476,0.0,1.0,2,1183.0,591.5,1086.0,5.5,0.16666666666666688,0.6638546105209069,13.0,29233.0,0.33333333333333337,0.2388888888888888,0.6605588827393873,31.0,105334.0,0.0,0.20972222222222223,0.5801768716953463,67.0,133754.0,0.3
2024-02-24 18:00:00,40464.23,40616.45,40199.69,40369.34,59041.1793,-0.5659483668484455,0.25,0.5,0.0,1.0,4,16180.0,4045.0,16000.0,5.75,0.12500000000000022,0.6293368136564823,15.0,44961.0,-0.25,0.17638888888888882,0.6541130269735852,34.0,121143.0,-0.75,0.2340277777777778,0.5769539438124452,68.0,148310.0,0.5833333333333333
2024-02-24 19:00:00,40487.85,41658.35,38245.64,39710.18,70535.5519,-1.63282332582102,0.0,0.0,0.0,0.0,3,618.0,206.0,453.0,5.333333333333333,0.12500000000000022,0.3936345532609664,16.0,45239.0,0.0,0.17638888888888882,0.5362618967758274,35.0,100749.0,0.0,0.24791666666666667,0.5528976825962107,68.0,148257.0,0.3333333333333333
2024-02-24 20:00:00,39747.98,40731.3,38419.9,39195.96,47735.8315,-1.2949324329428855,0.3333333333333333,0.5773502691896258,0.0,1.0,3,512.0,170.66666666666666,225.0,5.666666666666667,0.18055555555555577,0.2974095083960288,15.0,19447.0,0.3333333333333333,0.18749999999999992,0.5146527503304564,33.0,99294.0,0.1333333333333333,0.26180555555555557,0.5429332529404566,67.0,146586.0,0.3333333333333333
2024-02-24 21:00:00,39147.02,39521.83,38929.64,39313.05,40095.5196,0.2987297670474342,0.0,0.0,0.0,0.0,2,236.0,118.0,153.0,4.0,0.18055555555555577,0.2974095083960288,15.0,19059.0,0.0,0.2291666666666666,0.45572718523157757,33.0,98295.0,0.5,0.24097222222222223,0.5134704703910171,67.0,141167.0,-0.5
2024-02-24 22:00:00,39191.03,40413.38,37067.73,38427.33,58232.5707,-2.2529923269754004,1.0,0.0,1.0,1.0,5,1978.0,395.6,1278.0,4.4,0.3472222222222225,0.2974095083960288,19.0,20707.0,1.0,0.2291666666666666,0.45572718523157757,36.0,72473.0,0.0,0.26180555555555557,0.4840076878415777,70.0,142963.0,0.5
2024-02-24 23:00:00,38596.52,40411.38,37440.39,39322.89,32863.5665,2.3305288189421347,0.5,0.7071067811865476,0.0,1.0,2,332.0,166.0,298.0,4.0,0.3472222222222225,0.2974095083960288,19.0,19856.0,0.0,0.25694444444444436,0.4806320594584679,32.0,49089.0,0.33333333333333337,0.29305555555555557,0.49263713705768386,68.0,129446.0,0.75
2024-02-25 00:00:00,39287.02,40691.02,37469.51,38562.3,24842.8247,-1.934216940819955,0.0,0.0,0.0,0.0,4,304.0,76.0,130.0,5.75,0.30555555555555575,0.21407617506269547,19.0,3980.0,-0.25,0.2152777777777777,0.4217064943595889,34.0,48941.0,-0.5,0.29305555555555557,0.49263713705768386,70.0,129040.0,0.0
2024-02-25 01:00:00,38537.74,39266.05,37489.75,38160.46,26118.1251,-1.0420540268604397,0.3333333333333333,0.5773502691896258,0.0,1.0,3,1104.0,368.0,524.0,5.0,0.3611111111111113,0.3103012199276331,19.0,4466.0,0.3333333333333333,0.2430555555555555,0.35196788659429984,35.0,49705.0,0.3333333333333333,0.30694444444444446,0.5166933982739182,71.0,129959.0,0.3333333333333333
2024-02-25 02:00:00,38232.39,39049.8,37649.17,38532.83,26317.2416,0.9758006061771908,0.5,0.7071067811865476,0.0,1.0,2,385.0,192.5,292.0,4.5,0.3888888888888891,0.33192730526045344,18.0,4339.0,0.16666666666666669,0.28472222222222215,0.31466840682824115,33.0,23786.0,0.5,0.31736111111111115,0.5062633846668437,69.0,129519.0,0.25
2024-02-25 03:00:00,38353.46,39652.77,37517.05,38833.84,33313.7389,0.7811780240381871,0.25,0.5,0.0,1.0,4,964.0,241.0,661.0,5.75,0.4305555555555558,0.41526063859378676,20.0,5067.0,0.25,0.3055555555555555,0.35633507349490784,35.0,24126.0,0.25,0.28611111111111115,0.527096718000177,70.0,129598.0,-0.75
2024-02-25 04:00:00,38741.16,38861.56,38575.31,38672.15,32365.9576,-0.4163636663281123,0.5714285714285714,0.5345224838248488,0.0,1.0,7,1541.0,220.14285714285714,523.0,6.0,0.35912698412698435,0.5043477192312615,22.0,4630.0,-0.4285714285714286,0.3531746031746031,0.40087861381364526,41.0,25337.0,0.5714285714285714,0.29603174603174603,0.5253122269433113,74.0,130881.0,0.23809523809523808
2024-02-25 05:00:00,38804.22,40179.4,36748.75,38047.29,35810.1261,-1.6157881059108423,0.5,0.7071067811865476,0.0,1.0,2,1619.0,809.5,1539.0,5.0,0.35912698412698435,0.5043477192312616,22.0,5917.0,0.0,0.3531746031746031,0.40087861381364515,41.0,25773.0,0.0,0.29603174603174603,0.5307187482765163,72.0,131107.0,0.0
2024-02-25 06:00:00,38080.07,39677.2,37254.85,38690.87,30348.7462,1.691526518708697,0.5,0.7071067811865476,0.0,1.0,2,366.0,183.0,265.0,6.0,0.44246031746031766,0.6221988494290195,20.0,5979.0,0.5,0.37400793650793646,0.4181375122458575,39.0,9959.0,0.25,0.27519841269841266,0.5361252696097214,73.0,131102.0,-0.5
2024-02-25 07:00:00,38595.25,39198.03,37762.67,38289.92,20878.4358,-1.0362909906135642,1.0,0.0,1.0,1.0,3,682.0,227.33333333333334,508.0,6.0,0.5535714285714287,0.5259738045640819,20.0,5557.0,0.6666666666666667,0.45734126984126977,0.4181375122458575,39.0,10023.0,1.0,0.31686507936507935,0.4771997045108425,74.0,110772.0,1.0
2024-02-25 08:00:00,38256.08,39858.53,37523.94,38832.06,34715.6941,1.4158817777629285,1.0,0.0,1.0,1.0,1,114.0,114.0,114.0,6.0,0.6369047619047621,0.40812267436632393,19.0,5286.0,0.5,0.5128968253968254,0.3700249898133887,37.0,9625.0,0.6666666666666667,0.35019841269841273,0.44233887007192263,70.0,108919.0,0.8
2024-02-25 09:00:00,38771.63,39768.46,37140.35,38217.53,22410.8219,-1.5825325774630472,0.75,0.5,0.0,1.0,4,7237.0,1809.25,6400.0,5.5,0.7202380952380955,0.40812267436632393,19.0,11559.0,0.5,0.5753968253968254,0.4116916564800554,39.0,16626.0,0.75,0.40228174603174605,0.4337094208558165,72.0,114921.0,1.25
2024-02-25 10:00:00,38403.66,39473.52,37793.28,38889.68,31364.4915,1.7587478834974355,0.0,0.0,0.0,0.0,3,376.0,125.33333333333333,185.0,6.666666666666667,0.6250000000000002,0.31903559372884915,15.0,10394.0,-0.5714285714285714,0.4920634920634919,0.4116916564800554,37.0,15024.0,-1.0,0.36061507936507936,0.4337094208558165,73.0,87497.0,-1.0
2024-02-25 11:00:00,38949.77,39798.11,38405.26,39312.85,25401.9579,1.0881292929126651,1.0,0.0,1.0,1.0,2,23102.0,11551.0,22800.0,5.5,0.7083333333333336,0.20118446353109118,15.0,31877.0,0.5,0.5337301587301586,0.35276609138117637,37.0,37794.0,0.5,0.3953373015873016,0.41669907541982215,69.0,86883.0,0.8333333333333334
2024-02-25 12:00:00,39187.83,40987.89,37886.22,39890.83,16099.652,1.470206306589339,0.4,0.8944271909999159,-1.0,1.0,5,2158.0,431.6,742.0,5.2,0.6916666666666669,0.23240453183331922,18.0,33669.0,-0.09999999999999998,0.5670634920634919,0.42730169063116935,38.0,39648.0,0.4,0.391170634920635,0.4245040924953792,72.0,88589.0,-0.09999999999999998
2024-02-25 13:00:00,39764.27,40756.68,38972.06,40176.49,25921.6211,0.7161044280101336,0.2,0.447213595499958,0.0,1.0,5,15893.0,3178.6,15400.0,5.0,0.5583333333333336,0.30694013108331225,20.0,48880.0,-0.8,0.5559523809523809,0.41645696782369707,40.0,54437.0,-0.1333333333333333,0.3995039682539683,0.38421242720899845,75.0,104142.0,0.2
2024-02-25 14:00:00,40226.48,41609.23,39376.23,40819.19,42397.8122,1.5996917600318072,0.6666666666666666,0.5773502691896258,0.0,1.0,3,8479.0,2826.3333333333335,4660.0,7.333333333333333,0.502777777777778,0.4031651759482499,22.0,57245.0,-0.33333333333333337,0.5698412698412697,0.4056439251572869,41.0,62531.0,0.16666666666666663,0.4272817460317461,0.36015616599276407,74.0,86317.0,0.6666666666666666
2024-02-25 15:00:00,40754.76,41115.3,40512.06,40894.38,26935.9696,0.1842025772681887,0.3333333333333333,0.5,0.0,1.0,9,53844.0,5982.666666666667,32000.0,6.777777777777778,0.43333333333333357,0.4031651759482499,27.0,103852.0,-0.4166666666666667,0.5767857142857141,0.4056439251572869,46.0,115411.0,0.08333333333333331,0.44117063492063496,0.3809894993260974,81.0,139537.0,0.3333333333333333
2024-02-25 16:00:00,40997.35,42343.6,38581.07,40189.26,35708.0992,-1.724246705782051,0.5,0.7071067811865476,0.0,1.0,2,165.0,82.5,159.0,5.0,0.5166666666666669,0.5210163061460078,26.0,103641.0,0.5,0.5708333333333332,0.42002594993742853,41.0,114035.0,-0.0714285714285714,0.4620039682539683,0.4104522818755369,82.0,139372.0,0.5
2024-02-25 17:00:00,39991.23,40483.72,39693.2,40155.97,60830.9418,-0.0828330753042005,0.5,0.7071067811865476,0.0,1.0,2,508.0,254.0,338.0,3.5,0.43333333333333357,0.6388674363437657,26.0,81047.0,-0.5,0.5708333333333332,0.42002594993742853,41.0,112924.0,0.0,0.4620039682539683,0.41045228187553695,82.0,138697.0,0.0
2024-02-25 18:00:00,40090.53,40259.84,39761.08,39977.4,68657.9031,-0.4446910384682478,0.5,0.5773502691896257,0.0,1.0,4,1141.0,285.25,684.0,6.0,0.45000000000000023,0.5860212827087173,25.0,80030.0,0.09999999999999998,0.5708333333333332,0.4092129072710183,43.0,113699.0,0.0,0.47242063492063496,0.41367520975843797,82.0,123658.0,0.25
2024-02-25 19:00:00,40153.7,40817.28,39823.39,40418.84,39265.7675,1.1042238864958476,0.0,0.0,0.0,0.0,2,578.0,289.0,333.0,5.5,0.4166666666666669,0.5114856834587244,22.0,64715.0,-0.2,0.4874999999999999,0.4092129072710183,42.0,113595.0,-1.0,0.47242063492063496,0.41367520975843797,81.0,123618.0,0.0
2024-02-25 20:00:00,40257.24,40379.24,40064.37,40187.86,52299.6273,-0.5714661776537788,1.0,0.0,1.0,1.0,1,52.0,52.0,52.0,5.0,0.4722222222222225,0.4152606385937867,20.0,56288.0,0.33333333333333337,0.4874999999999999,0.4092129072710183,42.0,113533.0,0.0,0.5001984126984127,0.3896189485422035,79.0,123158.0,0.6666666666666667
2024-02-25 21:00:00,40228.82,41667.9,39184.1,40822.6,60498.911,1.5794321966882574,0.0,1.4142135623730951,-1.0,1.0,2,489.0,244.5,402.0,6.5,0.4166666666666668,0.5676295656559692,13.0,2933.0,-0.3333333333333333,0.4249999999999999,0.4853973708021096,40.0,106785.0,-0.75,0.5001984126984127,0.44854451364108255,79.0,123411.0,0.0
2024-02-25 22:00:00,40870.91,41541.08,40473.39,41130.65,39763.7984,0.75460651697834,1.0,1.4142135623730951,1.0,1.0,1,966.0,966.0,966.0,6.0,0.5000000000000001,0.6854806958537272,12.0,3734.0,0.5,0.5083333333333332,0.6032485009998675,38.0,107375.0,1.0,0.5001984126984127,0.5074700787399615,75.0,122399.0,0.0
2024-02-25 23:00:00,41318.84,42462.42,40549.93,41835.52,19763.4143,1.713734161750402,0.2857142857142857,0.48795003647426666,0.0,1.0,7,2465.0,352.14285714285717,1780.0,5.0,0.46428571428571447,0.6489545717350137,17.0,5691.0,-0.2142857142857143,0.4488095238095237,0.6439110040393897,43.0,86738.0,-0.7142857142857143,0.4912698412698413,0.49833854771028313,80.0,124532.0,-0.2142857142857143
2024-02-26 00:00:00,41762.53,41919.33,41528.06,41669.49,20634.6964,-0.3968637177212075,0.0,0.48795003647426666,0.0,0.0,1,562.0,562.0,562.0,5.0,0.38095238095238115,0.6340545329491206,14.0,5112.0,-0.5,0.41547619047619033,0.610037907828919,39.0,85142.0,-0.4,0.4912698412698413,0.5186697992300442,77.0,124790.0,0.0
2024-02-26 01:00:00,41639.45,43755.7,40209.66,42358.12,43440.9659,1.6526000198226587,0.6666666666666666,0.5773502691896258,0.0,1.0,3,416.0,138.66666666666666,228.0,6.0,0.49206349206349226,0.7302795778140583,15.0,4950.0,0.6666666666666666,0.4543650793650793,0.6208826306363914,37.0,69665.0,0.4666666666666666,0.5051587301587301,0.5186697992300442,77.0,124102.0,0.3333333333333333
2024-02-26 02:00:00,42457.36,42932.09,41647.08,42107.27,27109.1169,-0.5922123078172636,0.0,0.8944271909999159,-1.0,1.0,6,899.0,149.83333333333334,435.0,6.0,0.32539682539682563,0.8793507763140442,20.0,5797.0,-1.0,0.3988095238095237,0.6473057074539155,40.0,62085.0,-0.6666666666666666,0.4843253968253968,0.5264748163056012,81.0,124616.0,-0.5
2024-02-26 03:00:00,42257.51,42275.55,42243.11,42265.35,21835.5261,0.3754221064438567,1.0,0.8944271909999159,1.0,1.0,1,5.0,5.0,5.0,6.0,0.49206349206349226,0.7927197144185142,19.0,5313.0,1.0,0.4543650793650793,0.6801746400372418,32.0,8246.0,0.6666666666666667,0.5155753968253968,0.5429092825972643,78.0,123657.0,0.75
2024-02-26 04:00:00,42285.95,43765.82,41298.91,42919.88,20532.7,1.548620796941225,0.5,0.7071067811865476,0.0,1.0,2,1217.0,608.5,1091.0,7.5,0.4087301587301589,0.6748685842207564,20.0,5564.0,-0.5,0.4543650793650793,0.6801746400372418,32.0,9298.0,0.0,0.5125992063492063,0.5501002949873351,73.0,123333.0,-0.0714285714285714
2024-02-26 05:00:00,42808.68,43698.75,41461.77,42314.9,17179.2806,-1.4095565970827395,0.3333333333333333,0.5163977794943222,0.0,1.0,6,721.0,120.16666666666667,264.0,5.333333333333333,0.4166666666666669,0.679609874724099,19.0,3820.0,0.047619047619047616,0.4404761904761904,0.6642822232295563,36.0,9511.0,-0.16666666666666669,0.5056547619047619,0.5421540865834925,77.0,122435.0,-0.16666666666666669
2024-02-26 06:00:00,42406.2,43526.1,40722.11,41829.88,27909.0995,-1.146215635627179,0.0,0.0,0.0,0.0,4,246.0,61.5,114.0,5.75,0.4166666666666669,0.5982848686450545,22.0,3504.0,0.0,0.3988095238095237,0.6161697007970875,36.0,8616.0,-0.5,0.48482142857142857,0.5126913040340529,79.0,122315.0,-0.5
2024-02-26 07:00:00,41728.5,41804.36,41637.58,41688.94,17297.7689,-0.3369361805484416,1.0,0.0,1.0,1.0,2,405.0,202.5,287.0,5.5,0.4722222222222225,0.5020598237801168,21.0,3493.0,0.33333333333333337,0.48214285714285704,0.6161697007970875,36.0,8443.0,1.0,0.48482142857142857,0.5126913040340529,78.0,122038.0,0.0
2024-02-26 08:00:00,41782.91,42983.14,39799.53,41098.41,42401.6067,-1.4165147878550055,0.5,0.7071067811865476,0.0,1.0,2,1695.0,847.5,1672.0,5.0,0.5555555555555558,0.47083975547788876,17.0,4289.0,0.5,0.4404761904761904,0.6750952658959665,37.0,10086.0,-0.5,0.46398809523809526,0.5421540865834925,79.0,123619.0,-0.5
2024-02-26 09:00:00,41139.79,41732.53,40719.46,41376.73,28000.2097,0.6772038139674974,0.5,1.0,-1.0,1.0,4,37403.0,9350.75,21000.0,7.25,0.4722222222222225,0.4884352236445695,20.0,41687.0,-0.5,0.48214285714285704,0.6405774690315419,39.0,47000.0,0.5,0.45357142857142857,0.5629874199168258,79.0,153785.0,-0.25
2024-02-26 10:00:00,41435.53,41731.5,41246.06,41538.12,15121.3709,0.3900501562109859,0.0,0.816496580927726,-1.0,1.0,4,21675.0,5418.75,20800.0,6.0,0.3888888888888891,0.5066668569347659,22.0,62145.0,-0.5,0.3988095238095237,0.5907677205777612,42.0,67709.0,-1.0,0.45357142857142857,0.5970081107888143,80.0,175084.0,0.0
2024-02-26 11:00:00,41366.85,42585.44,39361.48,40687.01,26384.0318,-2.048985365731526,0.6666666666666666,0.5163977794943223,0.0,1.0,6,18534.0,3089.0,10300.0,6.833333333333333,0.44444444444444464,0.5066668569347659,22.0,79958.0,0.3333333333333333,0.4305555555555555,0.5931383658294325,41.0,83778.0,0.38095238095238093,0.4396825396825397,0.6185246849344112,84.0,170516.0,-0.33333333333333337
2024-02-26 12:00:00,40633.2,42334.93,39679.01,41207.47,12541.7274,1.2791797676948935,-0.5,0.7071067811865476,-1.0,0.0,2,757.0,378.5,469.0,4.0,0.3611111111111113,0.6245179871325238,20.0,80469.0,-0.5,0.38888888888888884,0.6114014278887892,42.0,83973.0,-0.5,0.40218253968253964,0.6107196678588541,81.0,169115.0,-0.9
2024-02-26 13:00:00,41222.14,42929.99,40388.95,41794.5,26403.8532,1.4245718070048818,0.125,0.6408699444616557,-1.0,1.0,8,25402.0,3175.25,24400.0,5.625,0.21527777777777798,0.7313296445427998,26.0,105466.0,-0.875,0.34374999999999994,0.6166947341614583,47.0,108959.0,-0.5416666666666666,0.3990575396825397,0.6187886823989249,84.0,178624.0,-0.07500000000000001
2024-02-26 14:00:00,41918.45,42007.25,41872.82,41951.57,40844.6733,0.3758149995812809,0.5,0.7071067811865476,0.0,1.0,2,183.0,91.5,174.0,6.0,0.21527777777777798,0.7313296445427998,26.0,103954.0,0.0,0.3854166666666666,0.6010847000103443,43.0,108243.0,0.5,0.3921130952380953,0.62419520373213,83.0,170328.0,-0.16666666666666663
2024-02-26 15:00:00,41935.04,43099.77,40224.72,41339.06,49329.8897,-1.4600407088459444,0.3333333333333333,0.5773502691896258,0.0,1.0,3,28169.0,9389.666666666666,28000.0,6.0,0.18750000000000022,0.6608880227410707,25.0,94720.0,-0.16666666666666669,0.329861111111111,0.5746616231928202,45.0,136407.0,-0.6666666666666667,0.3921130952380953,0.627418131615031,77.0,144653.0,0.0
2024-02-26 16:00:00,41381.0,42396.41,39715.68,40794.84,59697.5808,-1.3164788942951366,0.5,0.7071067811865476,0.0,1.0,2,11743.0,5871.5,10900.0,5.0,0.27083333333333354,0.6426563894508743,23.0,84788.0,0.5,0.329861111111111,0.5746616231928202,45.0,146933.0,0.0,0.3921130952380953,0.627418131615031,77.0,156231.0,0.0
2024-02-26 17:00:00,40716.88,42552.67,39121.7,41515.47,60598.4984,1.7664734069308796,0.5,0.7559289460184544,-1.0,1.0,8,848.0,106.0,251.0,6.25,0.24305555555555577,0.6825782505382297,25.0,67102.0,-0.16666666666666663,0.34374999999999994,0.5946225537364979,47.0,147060.0,0.16666666666666669,0.3921130952380953,0.6294523884830271,83.0,156571.0,0.0
2024-02-26 18:00:00,41651.93,41666.54,41631.2,41643.64,57816.3055,0.3087282885150921,0.0,0.0,0.0,0.0,2,12.0,6.0,10.0,7.5,0.3263888888888891,0.5647271203404717,25.0,66357.0,0.5,0.34374999999999994,0.5946225537364979,45.0,146826.0,0.0,0.3712797619047619,0.6053961272667928,81.0,155442.0,-0.5
2024-02-26 19:00:00,41780.18,42644.0,40402.66,41296.56,49399.6495,-0.8334525992444553,0.0,0.7071067811865476,-1.0,1.0,5,1496.0,299.2,664.0,5.4,0.30555555555555575,0.5757665931279538,22.0,42451.0,-0.125,0.2604166666666666,0.6535481188353768,48.0,147917.0,-1.0,0.3712797619047619,0.6348589098162322,84.0,156360.0,0.0
2024-02-26 20:00:00,41447.47,42293.59,40109.94,40915.32,71614.1312,-0.9231761677001572,1.0,0.0,1.0,1.0,2,250.0,125.0,161.0,7.0,0.3888888888888891,0.4579154629301958,22.0,42518.0,0.5,0.30208333333333326,0.5946225537364979,48.0,146472.0,0.5,0.3712797619047619,0.6348589098162322,85.0,156558.0,0.0
2024-02-26 21:00:00,41057.92,43185.7,39872.45,41864.4,68169.4958,2.319620132507838,0.25,0.9574271077563381,-1.0,1.0,4,1336.0,334.0,693.0,6.25,0.37500000000000017,0.5212616026913145,23.0,15685.0,-0.08333333333333331,0.28124999999999994,0.5910748127161928,48.0,110405.0,-0.25,0.3816964285714286,0.6158261408738673,87.0,157405.0,0.25
2024-02-26 22:00:00,41972.29,42268.99,41528.51,41789.4,48226.7795,-0.1791498265829694,1.0,0.0,1.0,1.0,2,454.0,227.0,239.0,4.0,0.45833333333333354,0.4034104724935566,23.0,4396.0,0.5,0.36458333333333326,0.5230334309722156,46.0,89184.0,1.0,0.3816964285714286,0.5569005757749883,88.0,156893.0,0.0
2024-02-26 23:00:00,41938.28,42170.78,41438.99,41760.08,30582.4281,-0.0701613327781625,0.3333333333333333,0.5773502691896258,0.0,1.0,3,438.0,146.0,276.0,5.666666666666667,0.4305555555555558,0.3736473596887519,18.0,3986.0,-0.16666666666666669,0.3368055555555555,0.5281128051134908,43.0,71088.0,-0.3333333333333333,0.3836805555555555,0.5606255854714616,84.0,154866.0,0.047619047619047616
2024-02-27 00:00:00,41906.16,42807.66,41438.57,42257.48,20162.4559,1.1910896722420183,0.0,0.0,0.0,0.0,3,232.0,77.33333333333333,149.0,4.666666666666667,0.4305555555555558,0.3736473596887519,19.0,4206.0,0.0,0.37847222222222215,0.4691872400146118,44.0,70563.0,0.5,0.3836805555555555,0.5402943339517006,86.0,154536.0,0.0
2024-02-27 01:00:00,42169.2,42992.67,40492.49,41570.09,23903.6702,-1.626670591810031,0.0,0.0,0.0,0.0,0,0.0,77.33333333333333,149.0,4.666666666666667,0.4305555555555558,0.2557962294909939,14.0,2710.0,0.0,0.3680555555555555,0.4157814113094738,36.0,45161.0,-0.125,0.35590277777777773,0.5162380727354662,83.0,154120.0,-0.6666666666666666
2024-02-27 02:00:00,41664.02,42009.95,41412.93,41790.15,21735.9774,0.5293709972723271,1.0,0.0,1.0,1.0,1,168.0,168.0,168.0,4.0,0.4305555555555558,0.2557962294909939,13.0,2628.0,0.0,0.40972222222222215,0.3568558462105949,35.0,45146.0,0.5,0.3975694444444444,0.47897027311046964,78.0,153389.0,1.0
2024-02-27 03:00:00,41759.69,43438.01,41030.99,42330.39,30957.4754,1.2927448214471449,0.0,0.0,0.0,0.0,1,142.0,142.0,142.0,7.0,0.3888888888888891,0.09622504486493756,10.0,1434.0,-0.25,0.38194444444444436,0.3087433237781261,33.0,17119.0,-0.3333333333333333,0.35590277777777773,0.44170247348547315,78.0,153526.0,-1.0
2024-02-27 04:00:00,42140.95,44343.05,40785.15,42950.52,41555.0642,1.464975871944474,1.0,0.0,1.0,1.0,2,252.0,126.0,138.0,6.5,0.3888888888888891,0.09622504486493756,10.0,1232.0,0.0,0.423611111111111,0.24981775867924713,33.0,5628.0,0.5,0.3767361111111111,0.4122396909360337,78.0,152561.0,0.5
2024-02-27 05:00:00,42909.28,44023.21,40836.98,42109.44,40169.3848,-1.958253357584483,0.3333333333333333,0.5773502691896258,0.0,1.0,3,1414.0,471.3333333333333,586.0,5.666666666666667,0.38888888888888906,0.09622504486493756,10.0,2208.0,0.0,0.40972222222222215,0.23493620227684472,28.0,6194.0,-0.16666666666666669,0.3767361111111111,0.4147793780066713,75.0,153254.0,0.0
2024-02-27 06:00:00,42173.78,42542.43,41577.48,41963.54,32202.8766,-0.3464781293695651,0.14285714285714285,0.6900655593423543,-1.0,1.0,7,1488.0,212.57142857142858,668.0,6.142857142857143,0.41269841269841284,0.2112359714219966,14.0,3464.0,0.14285714285714285,0.421626984126984,0.29244166555537426,33.0,7670.0,0.14285714285714285,0.38268849206349204,0.4435321096459361,78.0,154496.0,0.14285714285714285
2024-02-27 07:00:00,42116.66,42729.51,41680.47,42369.89,18004.4259,0.968340611874008,-0.3333333333333333,0.5773502691896258,-1.0,0.0,3,247.0,82.33333333333333,116.0,6.0,0.3571428571428574,0.30746101628693423,17.0,3711.0,-0.3333333333333333,0.3938492063492063,0.2816286228889641,31.0,6421.0,-0.3333333333333333,0.32713293650793657,0.4675883708621705,79.0,154338.0,-1.3333333333333333
2024-02-27 08:00:00,42193.05,42224.62,42145.6,42174.86,15317.4529,-0.4603032955714514,0.2857142857142857,0.7559289460184544,-1.0,1.0,7,4346.0,620.8571428571429,3000.0,5.857142857142857,0.23809523809523833,0.43344917395667665,23.0,7889.0,-0.7142857142857143,0.33432539682539675,0.3446227017238353,36.0,10517.0,-0.7142857142857143,0.31820436507936506,0.46962262773016655,84.0,156989.0,-0.2142857142857143
2024-02-27 09:00:00,42205.49,42891.68,41122.33,41823.49,19131.5191,-0.833126654125238,-0.3333333333333333,0.5773502691896258,-1.0,0.0,3,421.0,140.33333333333334,355.0,5.666666666666667,0.18253968253968278,0.5296742188216143,25.0,8168.0,-0.3333333333333333,0.28571428571428564,0.31294963184327595,35.0,9602.0,-0.5833333333333333,0.28348214285714285,0.4520122222797343,83.0,120007.0,-0.8333333333333333
2024-02-27 10:00:00,41883.97,42068.15,41630.59,41772.82,19281.1481,-0.1211520128999277,0.0,1.0,-1.0,1.0,3,40177.0,13392.333333333334,24600.0,6.0,0.015873015873016094,0.696340885488281,26.0,48093.0,-1.0,0.20238095238095233,0.39628296517660927,36.0,49325.0,-1.0,0.28348214285714285,0.4596581980744124,82.0,138509.0,0.0
2024-02-27 11:00:00,41896.14,42873.24,40726.03,41368.07,28478.5194,-0.968931472665724,0.0,0.816496580927726,-1.0,1.0,4,620.0,155.0,300.0,5.5,-0.03968253968253946,0.7361986041112977,27.0,47299.0,-0.3333333333333333,0.17460317460317454,0.4162118244881176,37.0,49507.0,-0.3333333333333333,0.25570436507936506,0.4721623148008043,80.0,120595.0,-0.6666666666666666
2024-02-27 12:00:00,41497.22,41527.88,41446.58,41478.24,32203.7481,0.2663165093271136,0.5,0.7071067811865476,0.0,1.0,2,1017.0,508.5,911.0,7.0,0.019841269841270066,0.7390388077519966,22.0,46828.0,0.35714285714285715,0.2162698412698412,0.4751373895869966,36.0,50292.0,0.5,0.29737103174603174,0.4721623148008043,80.0,120855.0,1.0
2024-02-27 13:00:00,41322.32,42565.33,40520.25,41740.48,20487.663,0.6322351189443021,0.6666666666666666,0.5773502691896258,0.0,1.0,3,44277.0,14759.0,24600.0,6.0,0.18650793650793673,0.7390388077519966,22.0,90858.0,1.0,0.27182539682539675,0.5232499120194655,39.0,94569.0,0.6666666666666666,0.3199404761904762,0.4695156616644696,75.0,139730.0,0.5416666666666666
2024-02-27 14:00:00,41606.88,41865.57,41488.63,41697.96,28793.6161,-0.1018675396162294,0.4,0.5477225575051661,0.0,1.0,5,25190.0,5038.0,24400.0,6.0,0.2055555555555558,0.7043377429997818,20.0,111702.0,0.11428571428571432,0.22182539682539673,0.5688934584782293,43.0,119591.0,-0.6,0.3157738095238095,0.4628746523444121,78.0,164737.0,-0.09999999999999998
2024-02-27 15:00:00,41556.69,41856.0,41429.12,41660.58,62170.111,-0.0896446732645883,0.6,0.5477225575051661,0.0,1.0,5,14295.0,2859.0,13700.0,5.4,0.3611111111111113,0.6993997910523718,22.0,125576.0,0.9333333333333333,0.27182539682539675,0.614537004936993,47.0,133744.0,0.6,0.32688492063492064,0.46164016435755967,80.0,150863.0,0.26666666666666666
2024-02-27 16:00:00,41603.74,41791.41,41459.11,41677.67,25197.2829,0.0410219924926513,0.25,0.5,0.0,1.0,4,433.0,108.25,168.0,5.5,0.40277777777777796,0.6160664577190386,23.0,85832.0,0.25,0.20932539682539675,0.6562036716036598,49.0,133925.0,-0.75,0.31646825396825395,0.4530107151414535,82.0,139553.0,-0.25
2024-02-27 17:00:00,41863.64,41955.66,41807.4,41896.2,43075.576,0.524333534000343,0.5,0.7071067811865476,0.0,1.0,2,2021.0,1010.5,1893.0,6.5,0.4861111111111113,0.5978348244288421,21.0,87233.0,0.5,0.22321428571428562,0.6670167142700699,48.0,134532.0,0.16666666666666669,0.31646825396825395,0.4509764582734574,76.0,140726.0,0.0
2024-02-27 18:00:00,41977.94,42091.69,41921.55,42016.0,41724.352,0.2859447873554188,0.4,0.5477225575051662,0.0,1.0,5,1186.0,237.2,593.0,6.0,0.4694444444444446,0.5712707871486119,24.0,87402.0,-0.09999999999999998,0.24464285714285705,0.6551547974503042,46.0,134230.0,0.2571428571428572,0.3331349206349206,0.4737982315028393,79.0,141900.0,0.4
2024-02-27 19:00:00,41847.52,43126.6,41124.68,42382.77,45377.2639,0.8729293602437016,-0.5,0.7071067811865476,-1.0,0.0,2,5268.0,2634.0,5180.0,5.5,0.2750000000000002,0.5928968724814322,23.0,48393.0,-1.1666666666666665,0.23075396825396818,0.6659678401167144,45.0,139251.0,-0.16666666666666669,0.3123015873015873,0.4737982315028393,76.0,145672.0,-0.5
2024-02-27 20:00:00,42576.64,42989.41,42317.92,42750.6,33121.8963,0.8678762619809932,0.4,0.5477225575051662,0.0,1.0,5,1319.0,263.8,589.0,5.4,0.27500000000000024,0.5928968724814322,23.0,24522.0,0.0,0.24027777777777773,0.648617307740607,43.0,136224.0,0.11428571428571432,0.28730158730158734,0.4966200047322213,79.0,146741.0,-0.6
2024-02-27 21:00:00,42568.64,43196.74,41349.11,42151.41,38934.7221,-1.4015943635878658,-0.25,0.5,-1.0,0.0,4,953.0,238.25,460.0,5.75,0.13333333333333355,0.5849431128972379,22.0,11180.0,-0.85,0.24722222222222215,0.6421714519748049,44.0,136756.0,0.08333333333333331,0.26646825396825397,0.47756054190904046,79.0,146358.0,-0.5
2024-02-27 22:00:00,42047.79,42268.24,41717.72,41922.23,31543.4204,-0.5437066043579519,0.6,0.5477225575051661,0.0,1.0,5,7913.0,1582.6,6500.0,5.4,0.19166666666666687,0.5928968724814322,23.0,18660.0,0.35,0.2972222222222221,0.6044816651002354,46.0,104492.0,0.6,0.2498015873015873,0.5003823151384224,82.0,153817.0,-0.4
2024-02-27 23:00:00,42129.9,42910.64,41633.18,42461.55,33709.6191,1.2864773653500805,1.0,0.0,1.0,1.0,2,731.0,365.5,683.0,6.5,0.2750000000000002,0.47504574228367424,23.0,17370.0,0.5,0.3805555555555555,0.5364402833562582,44.0,104603.0,1.0,0.2775793650793651,0.476326053922188,81.0,154110.0,0.6666666666666667
2024-02-28 00:00:00,42506.11,42686.74,42097.28,42369.56,17419.6512,-0.2166430570716415,-0.6666666666666666,0.5773502691896258,-1.0,0.0,3,1745.0,581.6666666666666,1142.0,5.666666666666667,0.09722222222222245,0.4799836942310842,21.0,17929.0,-1.0666666666666667,0.28333333333333327,0.5256272406898481,45.0,105331.0,-1.1666666666666665,0.2498015873015873,0.5003823151384225,81.0,155623.0,-0.6666666666666666
2024-02-28 01:00:00,42413.46,43345.01,40773.55,41696.71,22250.0429,-1.5880504777486482,0.5,0.5773502691896257,0.0,1.0,4,928.0,232.0,589.0,5.0,0.2638888888888891,0.45835760889826394,23.0,13589.0,1.0,0.2694444444444444,0.525627240689848,46.0,61982.0,-0.16666666666666663,0.2706349206349206,0.5244385763546567,85.0,156551.0,0.5
2024-02-28 02:00:00,41755.16,42091.24,41201.01,41526.04,27762.9618,-0.4093128690488945,1.0,0.5773502691896257,1.0,1.0,1,345.0,345.0,345.0,6.0,0.3638888888888891,0.46329556084567386,19.0,12615.0,0.6,0.31944444444444436,0.5280962166635531,42.0,37137.0,0.6,0.2706349206349206,0.5484948375708912,85.0,156728.0,0.0
2024-02-28 03:00:00,41322.51,41723.53,40814.29,41119.46,20861.3146,-0.9790964898169996,0.5,0.7071067811865476,0.0,1.0,2,1029.0,514.5,1018.0,5.0,0.4888888888888891,0.49781335771009844,17.0,12691.0,0.75,0.31111111111111106,0.5413782353036681,39.0,23871.0,-0.09999999999999998,0.291468253968254,0.5779576201203307,86.0,157615.0,0.5
2024-02-28 04:00:00,40986.12,41901.45,40290.96,41360.45,26095.6315,0.5860728715795238,0.0,0.0,0.0,0.0,3,480.0,160.0,341.0,6.333333333333333,0.3888888888888891,0.40652626479257076,15.0,5258.0,-0.6,0.2902777777777777,0.4997115686370015,38.0,23918.0,-0.25,0.2498015873015873,0.5779576201203307,87.0,157843.0,-1.0
2024-02-28 05:00:00,41443.36,43043.24,40422.11,42049.09,29643.6457,1.664972213793603,0.0,0.0,0.0,0.0,1,166.0,166.0,166.0,8.0,0.22222222222222243,0.40652626479257076,14.0,4693.0,-1.0,0.24861111111111103,0.44078600353812253,37.0,22063.0,-0.5,0.23591269841269838,0.5539013589040963,85.0,156595.0,-0.3333333333333333
2024-02-28 06:00:00,42236.84,42512.26,41715.72,42050.26,34652.2986,0.002782462117512,0.5,0.5773502691896257,0.0,1.0,4,751.0,187.75,419.0,7.0,0.4166666666666669,0.4065262647925707,15.0,3699.0,1.1666666666666665,0.25694444444444436,0.4432549795118275,36.0,21628.0,0.09999999999999998,0.2507936507936508,0.549204888481066,82.0,155858.0,0.35714285714285715
2024-02-28 07:00:00,42090.05,43609.61,41323.61,42678.68,16566.0174,1.49444973705275,-0.3333333333333333,0.5773502691896258,-1.0,0.0,3,536.0,178.66666666666666,355.0,6.0,0.277777777777778,0.4065262647925707,14.0,3307.0,-0.8333333333333333,0.27083333333333326,0.4324419368454174,37.0,16896.0,0.16666666666666669,0.2507936507936508,0.549204888481066,82.0,156147.0,0.0
2024-02-28 08:00:00,42531.65,43487.05,40759.25,41896.0,19614.5354,-1.8338898953763283,0.0,1.0,-1.0,1.0,3,26748.0,8916.0,26200.0,6.333333333333333,0.11111111111111134,0.47696788659429973,16.0,29710.0,-1.0,0.2374999999999999,0.4701317237199869,35.0,42325.0,-0.4,0.2388888888888889,0.5593745157302971,78.0,178549.0,-0.2857142857142857
2024-02-28 09:00:00,42094.8,42933.09,41505.39,42444.19,24976.6634,1.3084542677105349,0.2,0.8366600265340756,-1.0,1.0,5,38678.0,7735.6,36000.0,4.8,0.06111111111111134,0.4985600941522211,19.0,67359.0,-0.3,0.2749999999999999,0.49818672593115987,36.0,80050.0,0.45,0.2611111111111111,0.5701790889529824,80.0,216806.0,0.5333333333333333
2024-02-28 10:00:00,42650.57,43975.39,41927.18,43159.77,30872.0979,1.6859315727311364,0.2,0.4472135954999579,0.0,1.0,5,439.0,87.8,185.0,5.8,0.09444444444444466,0.5730956934022141,21.0,67318.0,0.2,0.24166666666666659,0.4898109790973924,36.0,72576.0,-0.39999999999999997,0.26944444444444443,0.547146322098814,82.0,177068.0,0.2
2024-02-28 11:00:00,43324.38,44654.47,42297.84,43868.57,34516.5494,1.6422701047758226,0.8,0.4472135954999579,0.0,1.0,5,27099.0,5419.8,26200.0,6.4,0.227777777777778,0.6476312926522071,25.0,94251.0,0.8,0.22499999999999995,0.527078778722389,39.0,98944.0,-0.19999999999999996,0.30277777777777776,0.5317595310393236,83.0,203547.0,0.8
2024-02-28 12:00:00,43786.42,44693.48,41787.95,43068.57,30875.4532,-1.8236290811394107,0.25,0.5,0.0,1.0,4,2482.0,620.5,1652.0,7.0,0.18611111111111134,0.6347395811206028,25.0,95982.0,-0.25,0.3013888888888888,0.5206329229565868,40.0,99681.0,0.9166666666666666,0.2923611111111111,0.5231300818232175,85.0,205012.0,-0.25
2024-02-28 13:00:00,42877.95,43981.48,42212.38,43295.43,42105.7592,0.5267414265205383,0.3333333333333333,1.1547005383792517,-1.0,1.0,3,33219.0,11073.0,21000.0,4.333333333333333,0.29722222222222244,0.7309646259855405,25.0,128665.0,0.6666666666666666,0.2874999999999999,0.5687454453890556,39.0,131972.0,-0.16666666666666669,0.27847222222222223,0.5471863430394518,85.0,193954.0,-0.3333333333333333
2024-02-28 14:00:00,43262.52,43304.36,43238.72,43277.54,50750.2255,-0.0413207583340735,-0.3333333333333333,0.5773502691896258,-1.0,0.0,3,558.0,186.0,317.0,6.333333333333333,0.2416666666666669,0.6605230041838114,25.0,102475.0,-0.3333333333333333,0.17638888888888882,0.5687454453890557,41.0,132185.0,-1.3333333333333333,0.24791666666666667,0.5484208310263043,83.0,169322.0,-0.7333333333333334
2024-02-28 15:00:00,43445.49,44313.58,42863.29,43789.37,67139.9549,1.1826688855235412,0.25,0.5,0.0,1.0,4,530.0,132.5,359.0,6.0,0.2500000000000002,0.6044129997614655,24.0,64327.0,0.04999999999999999,0.15555555555555547,0.5514865469568434,43.0,131686.0,-0.25,0.23333333333333336,0.5464323911302558,82.0,155557.0,-0.35
2024-02-28 16:00:00,43883.15,44878.78,43386.93,44238.76,63594.9717,1.0262536318745852,0.3333333333333333,0.5773502691896258,0.0,1.0,3,1427.0,475.6666666666667,853.0,6.666666666666667,0.2722222222222224,0.6261024453764102,22.0,65315.0,0.1333333333333333,0.18333333333333326,0.5995990693893122,43.0,132633.0,0.3333333333333333,0.23680555555555557,0.5496553190131569,81.0,156551.0,0.08333333333333331
2024-02-28 17:00:00,44381.81,46152.5,43242.52,45057.0,62002.1106,1.8495997627419936,0.6666666666666666,0.5773502691896258,0.0,1.0,3,166.0,55.333333333333336,75.0,6.666666666666667,0.2500000000000002,0.6477918909913548,20.0,38382.0,-0.13333333333333341,0.23888888888888882,0.647711591821781,45.0,132633.0,0.6666666666666666,0.24375000000000002,0.5442487976799518,82.0,154696.0,0.16666666666666663
2024-02-28 18:00:00,45135.63,46941.43,44184.02,45825.18,36519.6191,1.7049071176509667,0.2857142857142857,0.48795003647426666,0.0,1.0,7,6279.0,897.0,4980.0,6.142857142857143,0.25595238095238115,0.6457835637370659,23.0,42179.0,0.0357142857142857,0.22103174603174594,0.6402615724288344,48.0,138161.0,-0.2142857142857143,0.23898809523809525,0.541758275970331,84.0,159789.0,-0.11428571428571432
2024-02-28 19:00:00,45831.45,47936.92,44584.45,46660.97,41299.8656,1.823866267410179,0.0,0.0,0.0,0.0,3,555.0,185.0,364.0,6.333333333333333,0.20039682539682566,0.4533334740071906,23.0,9515.0,-0.3333333333333333,0.24880952380952373,0.5921490499963656,48.0,138180.0,0.3333333333333333,0.2598214285714286,0.5122954934208915,85.0,155076.0,0.5
2024-02-28 20:00:00,46854.17,47619.22,45534.86,46385.19,31498.3556,-0.5910292906469827,0.25,0.5,0.0,1.0,4,1142.0,285.5,739.0,6.0,0.29761904761904784,0.44044176247558636,24.0,10099.0,0.5833333333333333,0.2696428571428571,0.5504823833296989,49.0,112574.0,0.25,0.25357142857142856,0.510307053524843,84.0,154899.0,-0.15000000000000002
2024-02-28 21:00:00,46289.43,47240.64,44878.84,45758.14,35642.5625,-1.351832341314119,0.5,0.7071067811865476,0.0,1.0,2,390.0,195.0,237.0,6.0,0.33928571428571447,0.47495955934001094,22.0,9959.0,0.25,0.29464285714285704,0.5396862795507382,46.0,74286.0,0.3,0.28482142857142856,0.518936502740949,82.0,154336.0,0.75
2024-02-28 22:00:00,45956.32,46708.15,45633.49,46219.15,46395.1324,1.0074928744918443,0.0,0.0,0.0,0.0,7,861.0,123.0,232.0,6.142857142857143,0.283730158730159,0.37873451447507334,26.0,9393.0,-0.3333333333333333,0.27797619047619043,0.5024184799257417,48.0,74708.0,-0.2,0.2598214285714286,0.4961147295115671,84.0,147284.0,-0.6
2024-02-28 23:00:00,46213.73,46665.04,45556.98,45947.06,16406.4421,-0.5886953784308147,0.1111111111111111,0.3333333333333333,0.0,1.0,9,1618.0,179.77777777777777,398.0,6.111111111111111,0.19113756613756636,0.33806502516569115,32.0,10845.0,-0.5555555555555556,0.220568783068783,0.4929284580785231,52.0,49227.0,-0.6888888888888889,0.22278439153439156,0.510003618400456,91.0,148171.0,-0.8888888888888888
2024-02-29 00:00:00,46126.34,46985.45,44805.48,45547.29,20756.2542,-0.8700665505039895,0.5,0.5477225575051661,0.0,1.0,6,1300.0,216.66666666666666,548.0,6.333333333333333,0.22685185185185208,0.34802711200417447,31.0,5866.0,0.2142857142857143,0.2414021164021163,0.49690533787062025,54.0,48045.0,0.25,0.27139550264550266,0.5087691304136035,94.0,147726.0,1.1666666666666665
2024-02-29 01:00:00,45553.81,46373.52,43919.59,44922.82,21205.4222,-1.3710365644147071,0.5,0.5773502691896257,0.0,1.0,4,1053.0,263.25,429.0,6.0,0.3101851851851854,0.444252156869112,32.0,6364.0,0.5,0.2552910052910052,0.44879281543815136,55.0,15879.0,0.16666666666666669,0.27139550264550266,0.5087691304136036,94.0,147851.0,0.0
2024-02-29 02:00:00,44799.77,45069.69,44322.98,44612.26,21478.5115,-0.691319022269743,0.5,0.5773502691896257,0.0,1.0,0,0.0,263.25,429.0,6.0,0.3518518518518521,0.45714386840071636,28.0,5222.0,0.25,0.32473544973544965,0.44879281543815136,52.0,15321.0,0.8333333333333333,0.25056216931216935,0.5087691304136036,93.0,147506.0,-0.5
2024-02-29 03:00:00,44437.69,44642.03,44183.34,44328.5,20739.4834,-0.6360583391202379,0.0,0.5773502691896257,0.0,0.0,1,846.0,846.0,846.0,7.0,0.26851851851851877,0.43551778306789607,27.0,5678.0,-0.5,0.30390211640211634,0.4552386712039535,49.0,15637.0,-0.25,0.229728835978836,0.5033626090803984,92.0,147323.0,-0.5
2024-02-29 04:00:00,44266.1,45813.57,43379.35,44922.15,16283.293,1.3392061540543845,0.25,0.5,0.0,1.0,4,686.0,171.5,342.0,5.5,0.3101851851851854,0.5188511164012294,24.0,5503.0,0.25,0.29695767195767186,0.4487928154381513,50.0,14896.0,-0.08333333333333331,0.2401455026455027,0.5241959424137318,93.0,147529.0,0.25
2024-02-29 05:00:00,45031.73,46713.43,44049.97,45754.03,29460.1287,1.8518258809963493,0.5,0.5773502691896257,0.0,1.0,4,1826.0,456.5,792.0,6.25,0.3750000000000002,0.5595206057106115,19.0,5711.0,0.3888888888888889,0.28306878306878297,0.44879281543815136,51.0,16556.0,-0.16666666666666663,0.26097883597883603,0.5482522036299662,96.0,149189.0,0.5
2024-02-29 06:00:00,45646.87,45883.16,45237.74,45502.8,26055.0784,-0.5490882442486411,0.0,0.0,0.0,0.0,3,1104.0,368.0,526.0,6.0,0.2916666666666669,0.46823351279308384,16.0,5515.0,-0.5,0.2592592592592592,0.4081303123986291,47.0,11381.0,-0.2857142857142857,0.2401455026455027,0.5241959424137318,95.0,149542.0,-0.5
2024-02-29 07:00:00,45623.11,47435.55,44272.32,46319.8,32849.2361,1.7954939036718631,0.25,0.9574271077563381,-1.0,1.0,4,26667.0,6666.75,26200.0,5.5,0.2500000000000002,0.5315796525542025,16.0,31129.0,-0.25,0.2800925925925925,0.4879159047116573,48.0,37493.0,0.25,0.26445105820105824,0.5400324773540114,96.0,175673.0,0.5833333333333333
2024-02-29 08:00:00,46139.03,47019.69,44456.88,45415.35,31341.7147,-1.952620693526319,0.0,0.816496580927726,-1.0,1.0,4,514.0,128.5,236.0,5.75,0.16666666666666688,0.5714373711772193,20.0,31643.0,-0.5,0.2592592592592592,0.5142906197889677,48.0,36865.0,-0.25,0.26445105820105824,0.5323865015593333,97.0,149439.0,0.0
2024-02-29 09:00:00,45295.68,46094.86,44655.64,45618.75,29230.4159,0.4478661950199747,-0.25,0.9574271077563381,-1.0,1.0,4,647.0,161.75,265.0,5.0,0.1250000000000002,0.634783510938338,23.0,31444.0,-0.25,0.1967592592592592,0.535150647003117,50.0,37122.0,-0.75,0.24570105820105823,0.5374184632769277,96.0,111408.0,-0.45
2024-02-29 10:00:00,45522.71,45569.05,45461.26,45497.09,17345.9396,-0.266688587477748,0.3333333333333333,0.5773502691896258,0.0,1.0,3,248.0,82.66666666666667,123.0,5.666666666666667,0.1388888888888891,0.6476752224699422,22.0,31006.0,0.08333333333333331,0.22453703703703698,0.5832631694355858,46.0,36509.0,0.3333333333333333,0.25125661375661373,0.5428408246806639,94.0,111217.0,0.1333333333333333
2024-02-29 11:00:00,45383.1,46783.08,44416.94,45867.3,24510.2684,0.8137003927064512,0.25,0.5,0.0,1.0,4,28192.0,7048.0,28000.0,6.5,0.09722222222222243,0.634783510938338,22.0,57372.0,-0.25,0.23611111111111105,0.5971520583244747,41.0,63083.0,0.1388888888888889,0.2283399470899471,0.5450402582014989,93.0,112310.0,-0.55
2024-02-29 12:00:00,45728.97,46804.5,45063.96,46106.62,21437.0726,0.5217660511955158,0.0,1.0,-1.0,1.0,3,6736.0,2245.3333333333335,6000.0,6.0,0.09722222222222243,0.8014501776050046,22.0,63004.0,0.0,0.1944444444444444,0.6348418451990442,38.0,68519.0,-0.5,0.21792328042328044,0.5658735915348322,92.0,116564.0,-0.25
2024-02-29 13:00:00,46333.72,46791.35,46099.88,46502.74,13153.5823,0.8591390997648496,0.3333333333333333,0.5773502691896258,0.0,1.0,3,23340.0,7780.0,22800.0,6.666666666666667,0.11111111111111133,0.738104037843886,21.0,59677.0,0.08333333333333331,0.18055555555555547,0.6348418451990442,37.0,90806.0,-0.16666666666666669,0.21792328042328044,0.5418173303185979,92.0,106685.0,0.0
2024-02-29 14:00:00,46730.79,48768.92,45372.72,47532.87,30060.2403,2.2152028031036552,0.4,0.5477225575051661,0.0,1.0,5,30513.0,6102.6,30000.0,6.6,0.177777777777778,0.6933083672734592,22.0,89676.0,0.4,0.17222222222222214,0.6323728692253393,42.0,121319.0,-0.09999999999999998,0.248478835978836,0.5405828423317454,94.0,136640.0,0.7333333333333334
2024-02-29 15:00:00,47488.81,48116.28,46611.87,47121.14,40716.0304,-0.8662005891922897,1.0,0.0,1.0,1.0,4,69844.0,17461.0,34000.0,7.25,0.38611111111111135,0.5337371826474029,22.0,158873.0,1.25,0.2555555555555555,0.5842603467928704,45.0,190317.0,1.0,0.27972883597883597,0.519749508998412,94.0,205954.0,0.75
2024-02-29 16:00:00,47125.79,47788.46,46741.92,47396.99,36521.5989,0.5854060406857764,0.4,0.8944271909999159,-1.0,1.0,5,4072.0,814.4,3380.0,5.8,0.3972222222222224,0.5865833362824512,24.0,162697.0,0.06666666666666671,0.2680555555555555,0.6171292793761968,46.0,193703.0,0.15000000000000002,0.28250661375661373,0.5329610474071741,96.0,208599.0,0.06666666666666671
2024-02-29 17:00:00,47358.16,47780.68,46596.18,47016.88,32202.4599,-0.8019707580586899,0.0,1.0,-1.0,1.0,3,219.0,73.0,193.0,6.0,0.3555555555555558,0.6699166696157844,23.0,134724.0,-0.25,0.22638888888888883,0.6523500902770613,45.0,192096.0,-0.5,0.25472883597883594,0.5505714528576063,96.0,208652.0,-0.6666666666666666
2024-02-29 18:00:00,46881.46,46982.42,46761.96,46829.06,37323.0908,-0.3994735507758085,0.0,1.0,0.0,0.0,1,475.0,475.0,475.0,6.0,0.3555555555555558,0.6699166696157844,21.0,128463.0,0.0,0.22638888888888883,0.7356834236103946,43.0,191467.0,0.0,0.24282407407407405,0.5719068680045118,90.0,202848.0,-0.2857142857142857
2024-02-29 19:00:00,46765.18,47232.71,45956.04,46399.2,54208.259,-0.9179342912285726,0.0,0.0,0.0,0.0,2,180.0,90.0,91.0,5.0,0.3000000000000002,0.5736916247508469,20.0,105303.0,-0.3333333333333333,0.2055555555555555,0.6558978312973665,41.0,164980.0,-0.25,0.24282407407407405,0.5719068680045118,89.0,202473.0,0.0
2024-02-29 20:00:00,46320.88,47433.7,45505.85,46767.96,47279.6292,0.7947550819841664,0.0,0.0,0.0,0.0,1,68.0,68.0,68.0,6.0,0.23333333333333353,0.48240453183331927,16.0,74858.0,-0.4,0.2055555555555555,0.5878564495533892,38.0,164534.0,0.0,0.2324074074074074,0.5510735346711785,86.0,201399.0,-0.25
2024-02-29 21:00:00,46838.23,47657.05,45257.47,46294.97,36775.0378,-1.0113547822055868,0.0,0.0,0.0,0.0,1,234.0,234.0,234.0,5.0,0.06666666666666689,0.48240453183331927,13.0,5248.0,-1.0,0.22638888888888883,0.508070857240361,35.0,164121.0,0.25,0.21157407407407405,0.5216107521217391,85.0,201243.0,-0.5
2024-02-29 22:00:00,46119.21,46587.05,45844.0,46278.9,36046.1838,-0.0347121944349493,0.25,0.5,0.0,1.0,4,3741.0,935.25,3000.0,6.0,0.041666666666666886,0.4166666666666666,12.0,4917.0,-0.15000000000000002,0.21944444444444436,0.5016250014745589,36.0,167614.0,-0.08333333333333331,0.22199074074074074,0.5424440854550724,82.0,204123.0,0.25
2024-02-29 23:00:00,46475.82,47769.77,44520.33,45685.5,41250.7939,-1.282225809170057,0.0,0.5,0.0,0.0,1,260.0,260.0,260.0,7.0,0.041666666666666886,0.33333333333333326,10.0,4958.0,0.0,0.19861111111111104,0.5016250014745589,33.0,139682.0,-0.25,0.21736111111111112,0.5493885298995168,74.0,202765.0,-0.1111111111111111
2024-03-01 00:00:00,45549.36,46448.37,45004.98,45951.59,23388.8475,0.5824386293243888,0.0,1.4142135623730951,-1.0,1.0,2,895.0,447.5,660.0,5.0,0.041666666666666886,0.40236892706218247,11.0,5378.0,0.0,0.19861111111111104,0.5361427983389835,32.0,133841.0,0.0,0.19652777777777777,0.5854923217690139,70.0,202360.0,-0.5
2024-03-01 01:00:00,46124.86,48032.53,44833.65,46776.95,34704.5721,1.7961511233887784,0.0,0.0,0.0,0.0,2,187.0,93.5,151.0,5.5,0.041666666666666886,0.40236892706218247,11.0,5385.0,0.0,0.17083333333333328,0.4880302759065147,31.0,110688.0,-0.3333333333333333,0.17569444444444446,0.5614360605527795,68.0,201494.0,-0.5
2024-03-01 02:00:00,46878.61,48615.22,45695.89,47649.01,37270.9462,1.8642942731409429,0.0,0.0,0.0,0.0,1,1171.0,1171.0,1171.0,6.0,0.041666666666666886,0.40236892706218247,11.0,6488.0,0.0,0.13749999999999993,0.4423867294477508,27.0,81346.0,-0.4,0.15486111111111114,0.5373797993365451,69.0,202665.0,-0.5
2024-03-01 03:00:00,47421.19,47939.79,47176.09,47609.27,16260.1424,-0.0834015229277729,0.0,0.0,0.0,0.0,1,26.0,26.0,26.0,6.0,0.041666666666666886,0.40236892706218247,11.0,6280.0,0.0,0.05416666666666659,0.4423867294477508,24.0,11528.0,-1.0,0.15486111111111112,0.5133235381203107,69.0,201845.0,0.0
2024-03-01 04:00:00,47749.43,48783.13,47187.53,48119.59,35096.194,1.071892091603166,0.2,0.4472135954999579,0.0,1.0,5,563.0,112.6,355.0,5.4,0.033333333333333555,0.39357119297884213,12.0,3102.0,-0.04999999999999999,0.03749999999999993,0.4051189298227544,24.0,8019.0,-0.2,0.15277777777777776,0.5111241045994757,70.0,201722.0,-0.04999999999999999
2024-03-01 05:00:00,48346.49,49511.18,46724.66,47699.65,31226.5593,-0.8727007025620903,-0.3333333333333333,1.1547005383792517,-1.0,1.0,3,429.0,143.0,234.0,4.333333333333333,-0.022222222222221994,0.5026879493753841,14.0,3271.0,-0.3333333333333333,0.009722222222222151,0.41801064135435867,24.0,8229.0,-0.3333333333333333,0.11805555555555558,0.53518036581571,69.0,200325.0,-0.8333333333333333
2024-03-01 06:00:00,47590.65,48389.34,46162.74,46989.23,37139.9475,-1.4893610330474094,-0.3333333333333333,1.1547005383792517,-1.0,1.0,0,0.0,143.0,234.0,4.333333333333333,-0.07777777777777754,0.45943577870974345,12.0,2376.0,-0.3333333333333333,-0.018055555555555627,0.43090235288596296,23.0,7754.0,-0.3333333333333333,0.10416666666666669,0.5832928882481788,66.0,199221.0,-0.3333333333333333
2024-03-01 07:00:00,47125.8,47274.16,46905.73,47041.81,17373.015,0.1118979817289922,0.0,1.1547005383792517,0.0,0.0,1,92.0,92.0,92.0,6.0,-0.07777777777777754,0.6518858684396188,11.0,2281.0,0.0,-0.018055555555555627,0.5271273977509007,22.0,7666.0,0.0,0.09375,0.5915126145241336,63.0,172646.0,-0.25
2024-03-01 08:00:00,47139.78,47369.58,47018.19,47238.11,14517.9978,0.4172883653924097,0.5,0.5773502691896257,0.0,1.0,4,1156.0,289.0,364.0,6.25,0.005555555555555786,0.7481109133045564,14.0,2266.0,0.5,0.02361111111111104,0.5752399201833694,25.0,8754.0,0.5,0.11458333333333333,0.5815481848683793,63.0,173288.0,0.5
2024-03-01 09:00:00,47071.9,49196.69,46048.9,47794.17,36294.0034,1.1771427773041632,0.5,0.5773502691896257,0.0,1.0,4,16800.0,4200.0,16200.0,5.75,0.08888888888888913,0.844335958169494,17.0,19040.0,0.5,0.06527777777777771,0.6233524426158382,28.0,25320.0,0.5,0.14583333333333334,0.5657116499280997,63.0,189441.0,0.75
2024-03-01 10:00:00,47674.21,49294.79,46933.44,48290.94,24852.6306,1.0393945537708893,0.6,0.5477225575051661,0.0,1.0,5,23424.0,4684.8,16700.0,6.6,0.15555555555555578,0.8610874518370286,17.0,41901.0,0.39999999999999997,0.09444444444444437,0.6273293224079354,29.0,45003.0,0.35,0.15694444444444447,0.5644771619412472,65.0,212617.0,0.26666666666666666
2024-03-01 11:00:00,48227.73,49646.22,46105.73,47423.77,31057.8825,-1.7957198596672663,0.75,0.5,0.0,1.0,4,40262.0,10065.5,20800.0,6.0,0.3361111111111113,0.7519706954404867,18.0,81734.0,1.0833333333333333,0.15694444444444436,0.6273293224079354,32.0,85005.0,0.75,0.17777777777777778,0.5644771619412472,65.0,224687.0,0.5
2024-03-01 12:00:00,47476.64,47891.53,46526.59,47143.61,27274.1207,-0.5907586005920562,0.0,0.0,0.0,0.0,2,199.0,99.5,187.0,5.5,0.3916666666666669,0.5595206057106115,20.0,81933.0,0.3333333333333333,0.15694444444444436,0.5094781922101775,32.0,84309.0,0.0,0.17777777777777778,0.5228104952745806,64.0,218150.0,0.0
2024-03-01 13:00:00,47362.94,48573.88,45752.3,46750.5,42524.7594,-0.83385638053598,1.0,0.0,1.0,1.0,1,28.0,28.0,28.0,6.0,0.5583333333333336,0.3670705159807362,20.0,81869.0,1.0,0.2402777777777777,0.5094781922101775,31.0,84150.0,1.0,0.20555555555555557,0.4987542340583461,62.0,194838.0,0.6666666666666667
2024-03-01 14:00:00,46881.64,48207.59,45032.46,46143.62,62880.9099,-1.2981251537416694,0.6666666666666666,0.5773502691896258,0.0,1.0,3,31443.0,10481.0,26200.0,6.666666666666667,0.5861111111111114,0.3670705159807362,19.0,112156.0,0.16666666666666663,0.2958333333333332,0.5575907146426463,33.0,114422.0,0.6666666666666666,0.21666666666666667,0.4999887220451986,60.0,195768.0,0.2666666666666666
2024-03-01 15:00:00,46205.59,46473.92,46076.16,46299.63,37232.3656,0.3380965775983569,0.3333333333333333,0.5773502691896258,0.0,1.0,3,161.0,53.666666666666664,123.0,5.666666666666667,0.5583333333333336,0.3670705159807362,18.0,95517.0,-0.16666666666666669,0.323611111111111,0.6057032370751151,35.0,114557.0,0.3333333333333333,0.1888888888888889,0.524044983261433,59.0,126085.0,-0.6666666666666667
2024-03-01 16:00:00,46442.11,47534.18,45791.25,46911.91,54761.4834,1.322429574491224,0.6666666666666666,0.5773502691896258,0.0,1.0,3,765.0,255.0,471.0,6.0,0.5694444444444446,0.3720084679281462,16.0,72858.0,0.06666666666666665,0.3624999999999999,0.6165479598825875,33.0,114759.0,0.4666666666666666,0.20000000000000004,0.510833444852671,57.0,122778.0,0.2666666666666666
2024-03-01 17:00:00,47100.57,48130.33,45303.17,46335.08,59771.9078,-1.2296024612939438,0.5,0.7071067811865476,0.0,1.0,2,140.0,70.0,84.0,4.0,0.527777777777778,0.40652626479257076,14.0,32736.0,-0.25,0.4319444444444443,0.5792484801165287,32.0,114470.0,0.8333333333333333,0.22083333333333335,0.4986295607354438,56.0,122699.0,0.5
2024-03-01 18:00:00,46330.69,47486.62,45813.19,46755.97,31673.0264,0.908361440187444,0.5,0.7071067811865476,0.0,1.0,2,863.0,431.5,744.0,5.0,0.6111111111111113,0.5243773949903286,14.0,33400.0,0.5,0.5013888888888888,0.5419490003504701,34.0,115333.0,0.8333333333333333,0.2416666666666667,0.4864256766182166,57.0,123087.0,0.5
2024-03-01 19:00:00,46706.5,47160.86,46453.16,46907.94,40583.7374,0.3250280124655669,-0.16666666666666666,0.408248290463863,-1.0,0.0,6,1404.0,234.0,811.0,5.5,0.4166666666666669,0.5924187767343059,19.0,34776.0,-1.1666666666666667,0.4874999999999999,0.47974464635752107,39.0,116645.0,-0.16666666666666666,0.23472222222222225,0.5034360220542109,61.0,124311.0,-0.16666666666666666
2024-03-01 20:00:00,47128.59,48350.52,45032.47,46374.97,65116.049,-1.1362042332279,0.5,0.7071067811865476,0.0,1.0,2,10994.0,5497.0,10900.0,5.5,0.3888888888888891,0.6140448620671262,18.0,14327.0,-0.16666666666666663,0.4874999999999999,0.49055768902393115,37.0,126483.0,0.0,0.2555555555555556,0.5328988046036504,62.0,135237.0,0.5
2024-03-01 21:00:00,46318.33,47971.1,43822.42,45430.35,50581.5826,-2.036917759731172,0.5,0.7071067811865476,0.0,1.0,0,0.0,5497.0,10900.0,5.5,0.4166666666666669,0.6356709473999466,15.0,14166.0,0.16666666666666669,0.4874999999999999,0.5013707316903414,33.0,109683.0,0.0,0.2763888888888889,0.5623615871530899,61.0,135003.0,0.5
2024-03-01 22:00:00,45316.02,46307.9,43276.64,44561.23,35327.039,-1.9130823337262348,-0.25,0.5,-1.0,0.0,4,519.0,129.75,374.0,5.5,0.2638888888888891,0.6227792358683422,16.0,13920.0,-0.9166666666666666,0.4166666666666665,0.49739385189824414,32.0,86778.0,-0.85,0.2555555555555556,0.5623615871530899,61.0,131781.0,-0.5
2024-03-01 23:00:00,44765.15,46026.13,43023.57,44060.26,27030.4159,-1.1242283931570118,0.3333333333333333,0.5773502691896258,0.0,1.0,3,472.0,157.33333333333334,299.0,5.666666666666667,0.23611111111111135,0.6011531505355219,17.0,14252.0,-0.16666666666666669,0.38194444444444436,0.5038397076640463,31.0,46988.0,-0.4166666666666667,0.26944444444444443,0.5655845150359909,63.0,131993.0,0.3333333333333333
2024-03-02 00:00:00,44051.64,44334.65,43904.28,44162.38,17238.8098,0.2317734847683494,0.5,0.7071067811865476,0.0,1.0,2,1126.0,563.0,722.0,6.0,0.23611111111111135,0.6011531505355219,17.0,14515.0,0.0,0.423611111111111,0.5627652727629252,31.0,47915.0,0.5,0.2902777777777778,0.5361217324865514,63.0,132224.0,0.5
2024-03-02 01:00:00,43966.24,44878.8,43527.71,44303.98,25486.3213,0.3206348933187053,-0.3333333333333333,0.5773502691896258,-1.0,0.0,3,1620.0,540.0,1576.0,6.333333333333333,0.20833333333333356,0.6293368136564823,14.0,14731.0,-0.16666666666666666,0.3124999999999999,0.6108777951953942,33.0,49507.0,-1.3333333333333333,0.2763888888888889,0.5601779937027859,64.0,133657.0,-0.3333333333333333
2024-03-02 02:00:00,44213.93,44272.5,44187.11,44234.34,23778.5522,-0.1571867809619043,1.0,0.0,1.0,1.0,2,503.0,251.5,277.0,6.0,0.2916666666666669,0.5114856834587244,14.0,4240.0,0.5,0.3402777777777777,0.5627652727629253,32.0,18567.0,0.33333333333333337,0.3180555555555556,0.5601779937027859,65.0,132989.0,1.0
2024-03-02 03:00:00,44202.11,45277.15,42717.81,43578.64,33174.0714,-1.4823325045654534,0.5,0.7071067811865476,0.0,1.0,2,197.0,98.5,100.0,5.0,0.2916666666666669,0.5114856834587244,16.0,4437.0,0.0,0.3541666666666666,0.5735783154293355,31.0,18603.0,0.16666666666666669,0.33888888888888885,0.5896407762522253,66.0,133160.0,0.5
2024-03-02 04:00:00,43746.08,45039.48,42991.68,44310.9,14584.7298,1.6803186148076188,0.25,0.5,0.0,1.0,4,1269.0,317.25,392.0,5.25,0.3750000000000002,0.5114856834587244,16.0,5187.0,0.5,0.31944444444444436,0.5671324596635333,32.0,19107.0,-0.41666666666666663,0.34097222222222223,0.5918402097730604,65.0,133866.0,0.04999999999999999
2024-03-02 05:00:00,44512.89,44942.91,43929.89,44258.83,41034.5599,-0.1175105899451356,0.0,0.816496580927726,-1.0,1.0,4,485.0,121.25,393.0,5.75,0.3194444444444447,0.551343402081741,17.0,5200.0,-0.3333333333333333,0.2777777777777777,0.5762482763086315,34.0,19452.0,-0.5,0.3548611111111111,0.5777483782125802,66.0,133922.0,0.3333333333333333
2024-03-02 06:00:00,44433.91,44869.01,44132.19,44619.66,29237.429,0.8152723422648167,-0.3333333333333333,0.5773502691896258,-1.0,0.0,3,497.0,165.66666666666666,335.0,5.0,0.1805555555555558,0.5297173167489208,18.0,4571.0,-0.8333333333333333,0.20833333333333323,0.5654352336422214,35.0,19086.0,-0.8333333333333333,0.35486111111111107,0.5536921169963458,69.0,134419.0,0.0
2024-03-02 07:00:00,44463.59,45189.87,43912.0,44761.09,17624.137,0.3169679015931459,0.0,0.0,0.0,0.0,2,534.0,267.0,472.0,5.5,0.23611111111111135,0.43349227188398315,17.0,3485.0,0.3333333333333333,0.22222222222222213,0.5314145427702327,31.0,18216.0,0.16666666666666666,0.35486111111111107,0.5055795945638769,70.0,134861.0,0.0
2024-03-02 08:00:00,44947.4,45804.12,44409.88,45238.18,22969.9846,1.065858762599392,0.3333333333333333,0.5163977794943222,0.0,1.0,6,6034.0,1005.6666666666666,5180.0,5.5,0.12500000000000022,0.5195585684663703,21.0,9016.0,-0.6666666666666667,0.20833333333333326,0.5155221259625473,35.0,13256.0,-0.16666666666666669,0.34791666666666665,0.5030399074932393,72.0,139739.0,-0.16666666666666669
2024-03-02 09:00:00,45012.97,46821.25,43668.07,45792.77,22483.932,1.225933492461451,-0.25,0.9574271077563382,-1.0,1.0,4,479.0,119.75,227.0,5.5,2.220446049250313e-16,0.5612786228946686,23.0,9298.0,-0.75,0.14583333333333326,0.5363821531766965,39.0,13735.0,-0.75,0.3166666666666667,0.5188764424335189,72.0,123418.0,-0.75
2024-03-02 10:00:00,45894.13,47247.99,45236.87,46418.32,34910.2303,1.3660453385982096,0.5,0.7071067811865476,0.0,1.0,2,822.0,411.0,592.0,6.5,0.041666666666666886,0.5957964197590931,21.0,8851.0,0.25,0.20833333333333326,0.5536410516089089,37.0,14038.0,0.75,0.3125,0.5255174517535766,69.0,100816.0,-0.09999999999999998
2024-03-02 11:00:00,46315.49,47829.81,44535.86,45556.75,22711.4273,-1.8560990574411185,0.75,0.5,0.0,1.0,4,44056.0,11014.0,22600.0,6.75,0.16666666666666688,0.5430469896044722,21.0,52422.0,0.75,0.24305555555555547,0.5471951958431067,38.0,57622.0,0.4166666666666667,0.3125,0.5255174517535766,69.0,104610.0,0.0
2024-03-02 12:00:00,45522.05,46413.51,44875.84,45874.25,25705.3937,0.6969329462703122,0.75,0.5,0.0,1.0,0,0.0,11014.0,22600.0,6.75,0.3472222222222225,0.5301552780728679,18.0,51925.0,1.0833333333333333,0.2638888888888888,0.5299362974108944,36.0,56496.0,0.25,0.34375,0.5463507850869099,67.0,104411.0,0.75
2024-03-02 13:00:00,45944.88,46661.64,44731.84,45477.91,27329.9989,-0.8639705281285215,0.25,0.5,0.0,1.0,4,20087.0,5021.75,19400.0,6.0,0.3888888888888891,0.6134886114062013,20.0,71478.0,0.25,0.31249999999999994,0.5234904416450922,37.0,74963.0,0.5833333333333333,0.3125,0.5671841184202432,70.0,124470.0,-0.75
2024-03-02 14:00:00,45624.08,45974.6,45089.81,45413.53,51308.4897,-0.1415632336666417,0.25,0.5,0.0,1.0,0,0.0,5021.75,19400.0,6.0,0.3750000000000003,0.6107556481571476,14.0,65444.0,-0.08333333333333331,0.24999999999999992,0.5651571083117589,35.0,74460.0,-0.75,0.2951388888888889,0.5639611905373422,67.0,93027.0,-0.41666666666666663
2024-03-02 15:00:00,45526.28,46409.53,45081.62,45896.13,56890.7294,1.0626788976765278,0.5,0.5773502691896257,0.0,1.0,4,47547.0,11886.75,24400.0,6.0,0.5000000000000003,0.5474095083960288,14.0,112512.0,0.75,0.24999999999999992,0.5543440656453488,37.0,121810.0,0.0,0.3020833333333333,0.5639611905373422,68.0,140413.0,0.16666666666666669
2024-03-02 16:00:00,45922.92,48391.54,44874.13,46763.52,50056.0554,1.8898979064247976,0.3333333333333333,0.5773502691896258,0.0,1.0,3,740.0,246.66666666666666,356.0,8.333333333333334,0.4722222222222225,0.5257834230632086,15.0,112430.0,-0.16666666666666669,0.25694444444444436,0.5607899214111509,36.0,121281.0,0.08333333333333331,0.2881944444444445,0.5639611905373422,68.0,140388.0,-0.3333333333333333
2024-03-02 17:00:00,46935.04,48393.84,46147.28,47533.95,71806.588,1.6475021555263591,0.25,0.5,0.0,1.0,4,1637.0,409.25,791.0,5.5,0.3888888888888891,0.5257834230632086,15.0,70011.0,-0.5,0.2777777777777777,0.5344152063338404,36.0,122433.0,0.25,0.2777777777777778,0.5553317413212361,70.0,141885.0,-0.25
2024-03-02 18:00:00,47730.24,48645.78,46626.69,47238.62,38798.2264,-0.6213033000623702,0.4,0.5477225575051661,0.0,1.0,5,3448.0,689.6,1292.0,5.2,0.33055555555555577,0.5337371826474029,20.0,73459.0,-0.35,0.3388888888888888,0.5319462303601353,38.0,125384.0,0.7333333333333334,0.27361111111111114,0.5486907320011785,73.0,144470.0,-0.09999999999999998
2024-03-02 19:00:00,47334.97,47618.28,46645.43,47102.95,43553.0752,-0.2872014466129724,0.16666666666666666,0.408248290463863,0.0,1.0,6,1223.0,203.83333333333334,589.0,6.166666666666667,0.3166666666666669,0.5184452310580467,22.0,54595.0,-0.08333333333333334,0.3527777777777777,0.565966921232124,42.0,126073.0,0.16666666666666666,0.28750000000000003,0.5486907320011785,73.0,144289.0,0.3333333333333333
2024-03-02 20:00:00,47179.61,48683.75,44849.83,46375.23,30731.446,-1.5449563137765132,0.0,0.408248290463863,0.0,0.0,1,25.0,25.0,25.0,3.0,0.2750000000000002,0.5031532794686906,23.0,54620.0,-0.25,0.3249999999999999,0.556954463812919,37.0,120064.0,-0.3333333333333333,0.26666666666666666,0.5362382948877332,72.0,133320.0,-0.5
2024-03-02 21:00:00,46179.99,47473.22,43952.68,45398.74,33476.747,-2.1056283710075507,0.3333333333333333,1.1547005383792517,-1.0,1.0,3,774.0,258.0,570.0,6.666666666666667,0.24722222222222245,0.5993783243336283,22.0,7847.0,-0.16666666666666669,0.37361111111111095,0.5733939163648285,36.0,120359.0,0.5833333333333333,0.25972222222222224,0.5548880347707625,75.0,134094.0,-0.16666666666666669
2024-03-02 22:00:00,45509.31,46755.34,44859.12,45960.96,42610.9613,1.2384044138670005,0.0,1.0,-1.0,1.0,3,90.0,30.0,64.0,5.0,0.19166666666666687,0.6698199461353572,22.0,7197.0,-0.3333333333333333,0.3319444444444444,0.5978016845992828,37.0,119627.0,-0.5,0.2701388888888889,0.5757213681040959,74.0,133665.0,0.25
2024-03-02 23:00:00,46090.29,46964.78,45613.45,46450.25,25184.5101,1.0645774152672205,0.3333333333333333,0.5773502691896258,0.0,1.0,3,14432.0,4810.666666666667,13700.0,6.0,0.2055555555555558,0.6827116576669616,21.0,19992.0,0.08333333333333331,0.2972222222222221,0.604247540365085,36.0,90003.0,-0.4166666666666667,0.2701388888888889,0.5757213681040959,74.0,147625.0,0.0
2024-03-03 00:00:00,46566.9,46580.46,46555.45,46573.04,32587.1677,0.2643473393576956,0.2,0.8366600265340756,-1.0,1.0,5,891.0,178.2,356.0,5.6,0.17222222222222242,0.7308679025051131,21.0,17435.0,-0.2,0.25138888888888883,0.632302542576258,41.0,90894.0,-0.55,0.2576388888888889,0.5811194199935763,77.0,147390.0,-0.3
2024-03-03 01:00:00,46598.26,48401.13,45614.62,47212.46,30121.674,1.3729402246449809,-0.16666666666666666,0.408248290463863,-1.0,0.0,6,839.0,139.83333333333334,279.0,5.333333333333333,0.11666666666666688,0.7308679025051131,21.0,17051.0,-0.3333333333333333,0.21666666666666656,0.6246565667815799,43.0,71646.0,-0.41666666666666663,0.26458333333333334,0.5740735042133361,80.0,146609.0,0.16666666666666666
2024-03-03 02:00:00,47050.43,49380.85,45285.3,47940.85,16775.4998,1.542791881634642,0.0,0.408248290463863,0.0,0.0,1,2.0,2.0,2.0,6.0,0.11666666666666688,0.7308679025051131,21.0,17028.0,0.0,0.19583333333333322,0.6170105909869018,44.0,71648.0,-0.25,0.22291666666666665,0.5910838496493305,79.0,146108.0,-1.0
2024-03-03 03:00:00,47997.92,48724.84,46488.56,47458.24,32650.7286,-1.0066780209362136,-0.4,0.5477225575051661,-1.0,0.0,5,1499.0,299.8,628.0,5.2,-0.005555555555555332,0.6297049056927655,23.0,17753.0,-0.7333333333333334,0.12083333333333324,0.6145416150131969,45.0,25600.0,-0.9,0.18541666666666667,0.5844428403292729,82.0,147410.0,-0.9
2024-03-03 04:00:00,47608.47,47695.66,47445.37,47548.36,24992.8644,0.1898932619498694,0.25,0.9574271077563381,-1.0,1.0,4,779.0,194.75,518.0,5.25,0.03611111111111134,0.6226094236521552,24.0,18442.0,0.25,0.11388888888888882,0.6462146848937562,46.0,25639.0,-0.08333333333333331,0.18541666666666667,0.6035023031524537,82.0,146920.0,0.0
2024-03-03 05:00:00,47692.59,48351.65,47332.62,47972.35,17555.2955,0.8917026791249949,0.0,0.9574271077563381,0.0,0.0,1,318.0,318.0,318.0,5.0,-0.01944444444444422,0.685955563413274,22.0,4328.0,-0.3333333333333333,0.09305555555555549,0.6843336105401177,43.0,24320.0,-0.25,0.18541666666666667,0.6093744084369791,79.0,146753.0,0.0
2024-03-03 06:00:00,48138.63,49434.31,45745.62,47229.86,19356.7062,-1.5477457326981026,0.0,0.0,0.0,0.0,2,558.0,279.0,408.0,6.0,-0.052777777777777556,0.5465122256575946,19.0,3995.0,-0.2,0.05972222222222213,0.6386900640813539,40.0,21430.0,-0.4,0.1993055555555556,0.5853181472207447,78.0,146814.0,0.3333333333333333
2024-03-03 07:00:00,47351.01,47944.42,46371.0,46989.48,14056.0976,-0.5089576805859641,0.0,0.0,0.0,0.0,2,146.0,73.0,143.0,7.5,-0.024999999999999776,0.47847084391361744,15.0,3302.0,0.16666666666666666,0.04583333333333325,0.6046693732093653,36.0,20353.0,-0.16666666666666666,0.1993055555555556,0.5853181472207447,78.0,146426.0,0.0
2024-03-03 08:00:00,47213.46,47537.87,46989.26,47335.83,13996.1813,0.7370798740484075,0.0,1.4142135623730951,-1.0,1.0,2,628.0,314.0,497.0,4.5,-0.024999999999999776,0.6461317225651562,16.0,3928.0,0.0,0.04583333333333325,0.6884998125351346,37.0,20956.0,0.0,0.18541666666666667,0.6227271381740269,74.0,141020.0,-0.3333333333333333
2024-03-03 09:00:00,47545.77,48934.23,45278.04,46610.98,21911.6251,-1.5312924691507468,0.0,0.816496580927726,-1.0,1.0,4,17504.0,4376.0,13900.0,5.5,0.041666666666666886,0.6909273931355829,15.0,19933.0,0.4,0.018055555555555474,0.6603161494141742,38.0,37686.0,-0.3333333333333333,0.19583333333333333,0.6168550328895014,74.0,158045.0,0.25
2024-03-03 10:00:00,46728.37,47985.07,45985.03,47150.21,16697.1096,1.1568733375698192,0.6,0.5477225575051661,0.0,1.0,5,53068.0,10613.6,28000.0,5.8,0.10000000000000021,0.6226433014270542,16.0,72222.0,0.35,0.06805555555555547,0.6226263625396047,40.0,90664.0,0.6,0.19999999999999998,0.6102140235694439,77.0,210291.0,0.09999999999999998
2024-03-03 11:00:00,47264.05,48656.54,45513.9,46509.73,27633.196,-1.3583820729536455,0.5,0.5773502691896257,0.0,1.0,4,1914.0,478.5,956.0,5.0,0.18333333333333357,0.5592971616659355,19.0,73818.0,0.5,0.08194444444444436,0.6226263625396046,41.0,78146.0,0.16666666666666669,0.18958333333333333,0.6134369514523449,77.0,168149.0,-0.25
2024-03-03 12:00:00,46549.89,48144.07,45683.86,47205.37,31625.5015,1.4956870315093296,0.5,1.0,-1.0,1.0,4,21099.0,5274.75,21000.0,6.75,0.2666666666666669,0.7259638283326021,21.0,94359.0,0.5,0.10694444444444436,0.6362380269950983,40.0,98354.0,0.3,0.1791666666666667,0.6342702847856783,81.0,189248.0,-0.25
2024-03-03 13:00:00,47013.38,48207.87,46255.0,47424.21,33116.4081,0.4635913244615874,0.75,0.5,0.0,1.0,4,10548.0,2637.0,10300.0,5.75,0.3916666666666669,0.8092971616659353,23.0,104761.0,0.75,0.18333333333333324,0.6438840027897764,38.0,108063.0,0.9166666666666666,0.20000000000000004,0.6342702847856783,81.0,179709.0,0.5
2024-03-03 14:00:00,47263.46,49554.01,45700.54,48140.05,65293.1533,1.509440009649099,0.2222222222222222,0.8333333333333334,-1.0,1.0,9,1294.0,143.77777777777777,355.0,6.111111111111111,0.428703703703704,0.7124837901593084,30.0,105427.0,0.2222222222222222,0.20185185185185175,0.6793077563622324,46.0,109355.0,0.2222222222222222,0.1988425925925926,0.6481591736745672,90.0,181003.0,-0.02777777777777779
2024-03-03 15:00:00,48063.71,49419.42,47247.25,48612.31,61387.6502,0.9810126910960726,0.5,0.7071067811865476,0.0,1.0,2,19455.0,9727.5,19400.0,6.0,0.5120370370370373,0.694252156869112,28.0,107378.0,0.5,0.27685185185185174,0.6925897750023474,43.0,127311.0,0.9,0.1988425925925926,0.6535656950077722,88.0,152911.0,0.0
2024-03-03 16:00:00,48802.23,50145.67,48070.56,49337.44,46419.5869,1.4916592114219809,0.0,0.7071067811865476,0.0,0.0,1,345.0,345.0,345.0,6.0,0.4120370370370372,0.7208161941493424,24.0,54655.0,-0.6,0.2560185185185184,0.6717297477881982,40.0,126877.0,-0.25,0.18495370370370376,0.6589722163409772,86.0,152516.0,-0.3333333333333333
2024-03-03 17:00:00,49165.94,49818.87,48702.57,49417.26,36314.5552,0.1617838298865859,0.3333333333333333,0.5773502691896258,0.0,1.0,3,1102.0,367.3333333333333,546.0,5.666666666666667,0.38425925925925947,0.7208161941493424,23.0,53843.0,-0.16666666666666669,0.28379629629629616,0.6400566779076389,42.0,127661.0,0.3333333333333333,0.18842592592592597,0.6621951442238784,85.0,151981.0,0.08333333333333331
2024-03-03 18:00:00,49440.55,52060.6,48263.0,50367.95,33218.4369,1.923801521978352,0.0,0.0,0.0,0.0,3,647.0,215.66666666666666,253.0,6.333333333333333,0.3009259259259261,0.5541495274826757,22.0,33391.0,-0.5,0.28379629629629616,0.6400566779076389,43.0,127750.0,0.0,0.17175925925925928,0.6393733709944964,83.0,149180.0,-0.4
2024-03-03 19:00:00,50586.58,51562.08,48880.48,49901.58,30293.5158,-0.9259261097582794,0.0,0.0,0.0,0.0,2,141.0,70.5,85.0,6.0,0.17592592592592612,0.47081619414934234,20.0,22984.0,-0.75,0.28379629629629616,0.6400566779076389,43.0,127745.0,0.0,0.16481481481481483,0.6223630255585021,79.0,148098.0,-0.16666666666666666
2024-03-03 20:00:00,50037.28,50802.08,48872.21,49552.81,65126.8586,-0.6989157457539474,0.5,0.5773502691896257,0.0,1.0,4,618.0,154.5,403.0,5.0,0.22222222222222243,0.42815235012539105,15.0,22308.0,0.2777777777777778,0.32546296296296284,0.5703180701423497,45.0,127735.0,0.5,0.18564814814814815,0.6294089413387423,82.0,148691.0,0.5
2024-03-03 21:00:00,49374.64,50603.74,47717.26,48631.98,62952.0339,-1.8582800854280437,0.5,0.5773502691896257,0.0,1.0,0,0.0,154.5,403.0,5.0,0.22222222222222243,0.40652626479257076,13.0,2853.0,0.0,0.36712962962962953,0.5503892108308414,41.0,110231.0,0.5,0.19259259259259257,0.6053526801225079,79.0,147917.0,0.16666666666666669
2024-03-03 22:00:00,48805.6,50681.2,47589.46,49619.95,73545.3283,2.0315232898187485,0.2,0.8366600265340756,-1.0,1.0,5,323.0,64.6,112.0,5.8,0.25555555555555576,0.42811847235049205,17.0,2831.0,0.2,0.3337962962962962,0.5744673332499172,41.0,57486.0,-0.39999999999999997,0.20092592592592592,0.598546847894761,81.0,148150.0,0.2
2024-03-03 23:00:00,49557.27,50498.04,49047.92,49918.45,36319.8972,0.6015725529751714,-0.3333333333333333,0.5773502691896258,-1.0,0.0,3,841.0,280.3333333333333,454.0,6.0,0.14444444444444468,0.42811847235049205,17.0,2570.0,-0.6666666666666666,0.2643518518518518,0.5744673332499172,40.0,56413.0,-0.8333333333333333,0.17314814814814816,0.598546847894761,81.0,134559.0,-0.6666666666666666
2024-03-04 00:00:00,49978.66,50781.91,49577.2,50266.27,23395.1466,0.6967764423775114,-0.3333333333333333,1.1547005383792517,-1.0,1.0,3,442.0,147.33333333333334,292.0,5.333333333333333,0.08888888888888913,0.6205685620803674,17.0,2365.0,-0.3333333333333333,0.19490740740740733,0.5873590447815215,39.0,35756.0,-0.8333333333333333,0.15092592592592594,0.61179853588831,79.0,134110.0,-0.5333333333333333
2024-03-04 01:00:00,50443.74,51004.07,49379.55,50021.35,15949.0075,-0.4872452242826064,0.25,0.9574271077563382,-1.0,1.0,4,612.0,153.0,370.0,6.0,0.13055555555555579,0.7801397467064238,19.0,2836.0,0.25,0.15324074074074068,0.625477970427883,39.0,25820.0,-0.5,0.16828703703703704,0.6346809866088298,77.0,133883.0,0.41666666666666663
2024-03-04 02:00:00,50002.48,51281.14,47795.92,49189.45,35775.9931,-1.6630898606295186,-1.0,0.9574271077563382,-1.0,-1.0,1,211.0,211.0,211.0,5.0,-0.1194444444444442,0.8434858864675426,16.0,2429.0,-1.5,0.05138888888888882,0.6358191182964668,31.0,24737.0,-1.2222222222222223,0.12662037037037038,0.6575634373293496,77.0,134092.0,-1.0
2024-03-04 03:00:00,48985.72,50318.19,48105.57,49439.87,26534.7826,0.5090929050843407,0.0,1.4142135623730951,-1.0,1.0,2,494.0,247.0,425.0,6.0,-0.20277777777777753,0.9829631019981208,18.0,2923.0,-0.5,0.009722222222222151,0.6947446833953457,31.0,5776.0,-0.5,0.14328703703703705,0.6936672291988466,74.0,133087.0,0.4
2024-03-04 04:00:00,49355.19,50075.6,48421.28,48994.47,29239.6242,-0.9008923364887568,0.5,0.5773502691896257,0.0,1.0,4,2177.0,544.25,1502.0,6.25,-0.15277777777777754,0.9397448091073791,17.0,4777.0,0.3,0.05138888888888882,0.6839316407289355,34.0,7608.0,0.5,0.1537037037037037,0.6778306942585669,74.0,134485.0,0.25
2024-03-04 05:00:00,48885.89,50081.81,46560.14,47983.03,28330.981,-2.0643962471683097,0.6666666666666666,0.5773502691896258,0.0,1.0,3,789.0,263.0,621.0,6.333333333333333,0.013888888888889117,0.939744809107379,17.0,4725.0,1.0,0.0791666666666666,0.6839316407289355,34.0,7295.0,0.3333333333333333,0.1814814814814815,0.6619941593182873,76.0,134956.0,0.6666666666666666
2024-03-04 06:00:00,47758.14,48241.69,47381.78,47951.24,21163.9652,-0.0662525897176635,0.0,0.0,0.0,0.0,3,401.0,133.66666666666666,293.0,6.333333333333333,0.06944444444444467,0.7472947193775038,17.0,4684.0,0.3333333333333333,0.0791666666666666,0.6839316407289355,34.0,7049.0,0.0,0.1814814814814815,0.6619941593182873,77.0,134799.0,0.0
2024-03-04 07:00:00,47938.49,49558.36,45405.66,47083.42,28210.3133,-1.80979678523433,0.25,0.5,0.0,1.0,4,677.0,169.25,298.0,6.0,0.06944444444444467,0.6710568680847807,17.0,4749.0,0.0,0.09999999999999994,0.7255983073956022,36.0,7585.0,0.25,0.19189814814814818,0.6828274926516206,79.0,135330.0,0.25
2024-03-04 08:00:00,47147.31,48133.18,45165.16,46362.0,25831.2622,-1.532216648663154,0.25,0.5,0.0,1.0,4,521.0,130.25,228.0,5.75,0.277777777777778,0.5948190167920577,20.0,5059.0,1.25,0.0791666666666666,0.7191524516298,36.0,7488.0,-0.25,0.20231481481481484,0.644735260886075,81.0,135223.0,0.25
2024-03-04 09:00:00,46534.14,46660.31,46469.22,46580.26,23822.5592,0.4707734782796402,0.5,0.7071067811865476,0.0,1.0,2,373.0,186.5,340.0,4.0,0.3611111111111113,0.47696788659429973,20.0,4938.0,0.5,0.0791666666666666,0.7299654942962103,38.0,7861.0,0.0,0.22314814814814818,0.6401773525635259,79.0,118092.0,0.5
2024-03-04 10:00:00,46767.35,47300.06,46078.27,46471.81,21260.6001,-0.2328239473116,0.0,0.7071067811865476,-1.0,1.0,5,29228.0,5845.6,28000.0,5.4,0.277777777777778,0.4985939719271201,21.0,31989.0,-0.5,0.062499999999999924,0.7191693905172496,38.0,36766.0,-0.2,0.19814814814814818,0.6468183618835834,79.0,94252.0,-0.6
2024-03-04 11:00:00,46460.42,47277.57,45843.72,46811.35,24866.4363,0.7306364869369197,0.25,0.5,0.0,1.0,4,475.0,118.75,252.0,5.75,0.20833333333333356,0.48570226039551584,22.0,31675.0,-0.41666666666666663,0.11111111111111105,0.7127235347514475,39.0,36400.0,0.5833333333333333,0.18773148148148153,0.6435954340006823,79.0,92813.0,-0.25
2024-03-04 12:00:00,46759.45,48433.61,44305.04,45842.84,20474.5223,-2.068964043976518,0.5,0.7071067811865476,0.0,1.0,2,591.0,295.5,446.0,7.5,0.2916666666666669,0.6035533905932737,21.0,31865.0,0.5,0.1805555555555555,0.6754240549853888,38.0,36549.0,0.8333333333333333,0.18773148148148153,0.6313915498834551,77.0,72305.0,0.0
2024-03-04 13:00:00,45896.25,46539.92,44941.25,45572.65,34146.7339,-0.5893832057525139,0.5,1.0,-1.0,1.0,4,38514.0,9628.5,20800.0,5.5,0.33333333333333354,0.686886723926607,21.0,69702.0,0.25,0.20138888888888884,0.6789717960056939,38.0,74451.0,0.25,0.17731481481481484,0.6522248832167885,77.0,100271.0,-0.25
2024-03-04 14:00:00,45489.03,46485.48,44014.96,44853.11,57289.6386,-1.5788855815933478,1.0,0.0,1.0,1.0,4,23767.0,5941.75,22800.0,7.0,0.45833333333333354,0.6035533905932737,21.0,92948.0,0.75,0.3680555555555555,0.5991862036926657,41.0,98007.0,2.0,0.20972222222222225,0.6175026609945663,72.0,122744.0,0.7777777777777778
2024-03-04 15:00:00,45063.91,45336.69,44692.18,44895.17,47734.4709,0.0937727617995598,0.5,0.7071067811865476,0.0,1.0,2,13708.0,6854.0,13700.0,5.5,0.45833333333333354,0.6035533905932737,21.0,106283.0,0.0,0.40972222222222215,0.5402606385937868,41.0,111221.0,0.5,0.20972222222222225,0.6175026609945663,72.0,116997.0,0.0
2024-03-04 16:00:00,44727.14,44906.23,44520.63,44636.48,39322.9962,-0.5762089774913326,-0.3333333333333333,0.5773502691896258,-1.0,0.0,3,496.0,165.33333333333334,247.0,6.666666666666667,0.40277777777777796,0.5819273052604533,19.0,77551.0,-0.3333333333333333,0.3402777777777777,0.5402606385937868,40.0,109540.0,-0.8333333333333333,0.19583333333333333,0.6120961396613612,74.0,117148.0,-0.3333333333333333
2024-03-04 17:00:00,44600.85,44792.66,44477.35,44683.07,44200.5453,0.1043765099756788,0.5,0.5773502691896257,0.0,1.0,4,1508.0,377.0,915.0,5.75,0.44444444444444464,0.5948190167920577,19.0,78584.0,0.25,0.32638888888888884,0.5402606385937868,41.0,110259.0,-0.16666666666666663,0.2027777777777778,0.6120961396613612,75.0,117554.0,0.16666666666666669
2024-03-04 18:00:00,44893.86,45199.0,44638.46,45031.84,30773.4359,0.7805417130022585,0.5,0.5773502691896257,0.0,1.0,0,0.0,377.0,915.0,5.75,0.44444444444444464,0.5731929314592374,17.0,77993.0,0.0,0.3680555555555555,0.5883731610262556,38.0,109858.0,0.5,0.22361111111111112,0.6361524008775956,72.0,116907.0,0.5
2024-03-04 19:00:00,45032.78,46860.77,43893.95,45695.23,47179.4155,1.4731576591141105,0.3333333333333333,0.5773502691896258,0.0,1.0,3,436.0,145.33333333333334,192.0,6.0,0.4166666666666669,0.5027513096575084,16.0,39915.0,-0.16666666666666669,0.37499999999999994,0.5948190167920577,37.0,109617.0,0.08333333333333331,0.23750000000000004,0.66020866209383,73.0,117202.0,0.3333333333333333
2024-03-04 20:00:00,45627.7,45830.65,45487.25,45705.2,27885.1083,0.0218184698927981,0.5,0.5773502691896257,0.0,1.0,4,10627.0,2656.75,10300.0,6.5,0.33333333333333354,0.598976354522446,16.0,26775.0,-0.5,0.39583333333333326,0.6012648725578599,37.0,119723.0,0.25,0.23750000000000004,0.66020866209383,73.0,127211.0,0.0
2024-03-04 21:00:00,45672.47,46661.73,44117.55,45082.19,49132.9173,-1.363105292176814,0.25,0.5,0.0,1.0,4,11224.0,2806.0,10300.0,5.5,0.2916666666666669,0.5644585576580214,18.0,24291.0,-0.25,0.37499999999999994,0.5840059741256475,39.0,130574.0,-0.25,0.2270833333333334,0.656985734210929,77.0,138435.0,-0.25
2024-03-04 22:00:00,45167.19,45328.3,44862.7,45054.26,66225.3461,-0.0619535120188308,0.3333333333333333,0.5773502691896258,0.0,1.0,3,524.0,174.66666666666666,288.0,5.0,0.40277777777777807,0.5644585576580214,18.0,24319.0,0.6666666666666666,0.40277777777777773,0.5731929314592374,37.0,101870.0,0.3333333333333333,0.23263888888888892,0.6461811609882436,75.0,138636.0,0.1333333333333333
2024-03-04 23:00:00,45277.44,46542.45,44324.58,45831.53,27775.2079,1.725186475152407,0.25,0.9574271077563381,-1.0,1.0,4,464.0,116.0,244.0,5.0,0.3611111111111114,0.6278046974191401,18.0,23275.0,-0.25,0.40277777777777773,0.611311857105599,37.0,101859.0,0.0,0.2569444444444445,0.6620176959285232,76.0,138259.0,0.5833333333333333
2024-03-05 00:00:00,45829.88,47187.41,45239.32,46291.35,26040.115,1.003283110993669,0.0,0.0,0.0,0.0,2,558.0,279.0,394.0,5.5,0.277777777777778,0.5315796525542025,20.0,23833.0,-0.5,0.3611111111111111,0.55238629200672,37.0,101826.0,-0.5,0.2708333333333333,0.6139051734960544,75.0,138375.0,0.3333333333333333
2024-03-05 01:00:00,46075.0,46669.95,45154.11,45687.79,23258.495,-1.3038289010797843,1.0,0.0,1.0,1.0,1,445.0,445.0,445.0,6.0,0.3888888888888891,0.43535460768926487,18.0,23842.0,0.6666666666666667,0.4027777777777777,0.46905295867338664,34.0,63757.0,0.5,0.3020833333333333,0.5740123773395404,72.0,138208.0,0.75
2024-03-05 02:00:00,45548.7,45620.74,45383.83,45493.26,30534.9165,-0.4257811550963608,0.0,0.0,0.0,0.0,3,170.0,56.666666666666664,90.0,7.333333333333333,0.3055555555555558,0.3391295628243272,17.0,13385.0,-0.5,0.31944444444444436,0.46905295867338664,33.0,40160.0,-1.0,0.34375,0.5341195811830263,74.0,138167.0,1.0
2024-03-05 03:00:00,45639.03,46678.31,45190.23,46011.14,19752.5984,1.138366430543769,0.75,0.5,0.0,1.0,4,1578.0,394.5,752.0,6.25,0.3888888888888891,0.3391295628243272,17.0,3739.0,0.5,0.3402777777777777,0.4517940602411743,35.0,28030.0,0.25,0.375,0.49602734941748067,76.0,139251.0,0.75
2024-03-05 04:00:00,45911.57,47592.78,44607.38,46608.71,32297.5339,1.2987506938537008,1.0,0.0,1.0,1.0,2,600.0,300.0,460.0,6.0,0.5000000000000002,0.2429045179593896,16.0,3815.0,0.6666666666666667,0.45138888888888884,0.4036815378087055,34.0,28134.0,1.3333333333333333,0.3958333333333333,0.4719710882012462,74.0,137674.0,0.5
2024-03-05 05:00:00,46488.25,48372.2,45586.01,47232.41,18595.4717,1.338161901498669,0.2857142857142857,0.9511897312113419,-1.0,1.0,7,1339.0,191.28571428571428,461.0,6.0,0.5059523809523812,0.24186495520189025,19.0,4690.0,0.0357142857142857,0.433531746031746,0.4348348263105151,37.0,27965.0,-0.2142857142857143,0.3799603174603175,0.48754773245215105,78.0,138224.0,-0.38095238095238093
2024-03-05 06:00:00,47382.0,49007.54,46491.53,47988.55,46132.7085,1.6008922686773674,0.0,0.0,0.0,0.0,4,335.0,83.75,147.0,5.75,0.5059523809523812,0.24186495520189025,21.0,4467.0,0.0,0.3918650793650793,0.38672230387804635,41.0,28300.0,-0.5,0.3799603174603175,0.48754773245215105,79.0,138158.0,0.0
2024-03-05 07:00:00,47864.66,49998.77,46309.45,48771.2,41330.467,1.6309098732926852,0.3333333333333333,0.5773502691896258,0.0,1.0,3,502.0,167.33333333333334,311.0,6.333333333333333,0.39484126984127016,0.3380900000668279,23.0,4524.0,-0.6666666666666667,0.3918650793650793,0.38672230387804635,41.0,28366.0,0.0,0.3834325396825397,0.4907706603350521,78.0,137983.0,0.08333333333333331
2024-03-05 08:00:00,48809.17,50047.49,46648.55,48084.59,24443.6816,-1.4078185486516626,0.6666666666666666,0.5773502691896258,0.0,1.0,3,519.0,173.0,418.0,6.0,0.5059523809523812,0.4343150449317655,23.0,4873.0,0.6666666666666666,0.4057539682539682,0.38672230387804646,40.0,18258.0,0.16666666666666663,0.40079365079365087,0.4939935882179532,77.0,137981.0,0.41666666666666663
2024-03-05 09:00:00,48092.9,48247.0,47750.79,47972.48,26117.4831,-0.2331516188450288,0.625,0.7440238091428449,-1.0,1.0,8,80300.0,10037.5,28400.0,6.25,0.4851190476190479,0.4749856797889063,27.0,83595.0,-0.125,0.4370039682539682,0.4070576213066168,44.0,87334.0,0.375,0.4060019841269842,0.4955317977161322,83.0,217908.0,0.125
2024-03-05 10:00:00,48108.86,49892.39,47179.3,48768.97,34800.2264,1.6603060754832644,0.2,0.8366600265340756,-1.0,1.0,5,26557.0,5311.4,26200.0,6.0,0.35178571428571453,0.6144290175445856,30.0,109552.0,-0.8,0.4258928571428571,0.4286667677519876,46.0,113367.0,-0.1333333333333333,0.4143353174603175,0.5009298496056126,83.0,215237.0,0.2
2024-03-05 11:00:00,48624.5,49850.64,46486.09,47833.41,22300.1365,-1.9183509514348884,0.5,0.7071067811865476,0.0,1.0,2,21356.0,10678.0,20800.0,7.0,0.38750000000000023,0.5737485258737866,25.0,129569.0,0.2142857142857143,0.4467261904761904,0.40780674053783844,44.0,134259.0,0.25,0.4247519841269842,0.5095592988217188,81.0,236118.0,0.25
2024-03-05 12:00:00,47932.7,49757.62,46718.31,48739.11,26683.6888,1.8934464425597095,-0.5,0.7071067811865476,-1.0,0.0,2,192.0,96.0,118.0,6.5,0.3041666666666669,0.6915996560715444,23.0,129426.0,-0.5,0.40505952380952376,0.46673230563671736,44.0,133893.0,-0.5,0.3830853174603175,0.5095592988217187,81.0,235719.0,-1.0
2024-03-05 13:00:00,48716.55,49353.72,48359.9,48972.8,29434.6557,0.4794712090557373,0.3333333333333333,0.5163977794943223,0.0,1.0,6,18406.0,3067.6666666666665,17600.0,5.833333333333333,0.30416666666666686,0.6814409077889939,26.0,147330.0,0.0,0.34950396825396823,0.509765453927911,49.0,151854.0,-0.6666666666666667,0.37614087301587307,0.4894092063006488,83.0,215611.0,-0.16666666666666669
2024-03-05 14:00:00,48990.14,49900.7,47577.99,48490.94,61304.159,-0.9839339388395208,0.0,1.0,-1.0,1.0,3,557.0,185.66666666666666,254.0,4.333333333333333,0.19305555555555579,0.7518825295907229,26.0,147368.0,-0.6666666666666666,0.34950396825396823,0.5930987872612442,49.0,152241.0,0.0,0.3344742063492064,0.5310758729673155,82.0,192401.0,-1.0
2024-03-05 15:00:00,48381.82,50656.31,46941.75,49223.62,48433.4953,1.5109626664280065,0.3333333333333333,0.5773502691896258,0.0,1.0,3,317.0,105.66666666666667,226.0,6.0,0.14444444444444468,0.7241036062651864,21.0,67385.0,-0.2916666666666667,0.31478174603174597,0.5995446430270464,48.0,150980.0,-0.4166666666666667,0.3275297619047619,0.5256693516341104,83.0,179010.0,-0.16666666666666669
2024-03-05 16:00:00,49203.5,49634.88,48934.37,49392.23,52814.9894,0.3425388055571687,0.0,0.0,0.0,0.0,5,5096.0,1019.2,4660.0,6.2,0.11111111111111134,0.5846602685095071,21.0,45924.0,-0.2,0.23144841269841265,0.5995446430270464,51.0,155476.0,-1.0,0.34141865079365075,0.501613090417876,85.0,183610.0,0.3333333333333333
2024-03-05 17:00:00,49389.39,49901.61,48701.38,49115.57,39582.8428,-0.5601285870267536,0.0,0.816496580927726,-1.0,1.0,4,750.0,187.5,483.0,5.75,0.027777777777778023,0.6028919017997035,23.0,25318.0,-0.5,0.20763888888888882,0.588320213836745,48.0,154887.0,-0.2857142857142857,0.32058531746031743,0.5115775200736302,85.0,182852.0,-0.5
2024-03-05 18:00:00,48906.13,50937.32,47334.15,49804.47,44135.2555,1.402610210977917,0.0,0.816496580927726,-1.0,1.0,0,0.0,187.5,483.0,5.75,0.11111111111111134,0.6211235350898999,21.0,25126.0,0.5,0.20763888888888882,0.6563615955807223,44.0,154552.0,0.0,0.2997519841269841,0.5215419497293844,85.0,182852.0,-0.5
2024-03-05 19:00:00,50007.82,51454.43,49262.18,50625.02,37217.3643,1.6475428811911774,0.5,0.5477225575051661,0.0,1.0,6,558.0,93.0,263.0,5.666666666666667,0.13888888888888914,0.6263443314250406,21.0,7278.0,0.16666666666666669,0.22152777777777774,0.6538926196070173,47.0,154608.0,0.16666666666666669,0.30669642857142854,0.520307461742532,88.0,182974.0,0.16666666666666669
2024-03-05 20:00:00,50679.01,52560.36,47834.3,49729.19,52951.3299,-1.7695400416631868,0.3333333333333333,1.1547005383792517,-1.0,1.0,3,102.0,34.0,85.0,5.666666666666667,0.19444444444444467,0.6521277544882492,21.0,6823.0,0.3333333333333333,0.19374999999999995,0.702005142039486,47.0,154191.0,-0.3333333333333333,0.2997519841269841,0.5443637229587662,87.0,172449.0,-0.16666666666666669
2024-03-05 21:00:00,49752.31,50971.5,47752.72,49072.47,32467.1395,-1.3205925936054852,0.0,0.7071067811865476,-1.0,1.0,5,2921.0,584.2,2281.0,5.2,0.13888888888888914,0.6737538398210695,23.0,9427.0,-0.3333333333333333,0.1416666666666666,0.6989287230431279,44.0,76812.0,-0.625,0.28933531746031743,0.5529931721748724,88.0,164146.0,-0.25
2024-03-05 22:00:00,48838.41,48891.69,48794.97,48861.36,27950.5743,-0.4302004769680456,0.0,0.0,0.0,0.0,2,70.0,35.0,69.0,6.0,0.13888888888888914,0.6737538398210695,20.0,4401.0,0.0,0.12499999999999994,0.6292070541652883,41.0,50325.0,-0.2,0.2754464285714286,0.528936910958638,87.0,163692.0,-0.3333333333333333
2024-03-05 23:00:00,48777.09,49751.54,47163.1,48230.32,21292.9908,-1.291490863127842,0.4,0.5477225575051661,0.0,1.0,5,9149.0,1829.8,8400.0,5.8,0.20555555555555582,0.6289581692506429,21.0,12800.0,0.4,0.1166666666666666,0.6159250355251732,44.0,38118.0,-0.09999999999999998,0.28169642857142857,0.5118658880315058,88.0,172377.0,0.15000000000000002
2024-03-06 00:00:00,48448.91,48930.6,47734.11,48155.42,30063.0796,-0.1552965022832086,0.5,0.7071067811865476,0.0,1.0,2,153.0,76.5,119.0,5.5,0.28888888888888914,0.6107265359604465,23.0,12953.0,0.5,0.19999999999999996,0.6159250355251732,44.0,38079.0,1.0,0.3025297619047619,0.5413286705809454,88.0,171972.0,0.5
2024-03-06 01:00:00,48161.51,48422.59,47710.78,47968.76,34185.591,-0.387619919003912,0.75,0.5,0.0,1.0,4,441.0,110.25,298.0,6.0,0.3305555555555558,0.602772776376252,21.0,12836.0,0.25,0.23472222222222214,0.6145585539006463,42.0,20114.0,0.4166666666666667,0.2921130952380952,0.5621620039142786,91.0,171968.0,-0.25
2024-03-06 02:00:00,47863.75,48205.78,47286.52,47658.56,24290.7638,-0.6466708749611305,0.0,0.0,0.0,0.0,2,444.0,222.0,443.0,5.5,0.2750000000000003,0.4103226866463768,20.0,13178.0,-0.3333333333333333,0.23472222222222214,0.531225220567313,41.0,20001.0,0.0,0.2921130952380952,0.5621620039142786,90.0,172242.0,0.0
2024-03-06 03:00:00,47874.82,47919.24,47815.65,47851.51,33335.1284,0.4048590641429372,1.0,0.0,1.0,1.0,1,18.0,18.0,18.0,5.0,0.44166666666666693,0.2924715564486189,16.0,10275.0,1.0,0.2902777777777777,0.4831126981348442,39.0,19702.0,0.6666666666666667,0.3025297619047619,0.5413286705809454,87.0,170682.0,0.25
2024-03-06 04:00:00,47910.32,48433.32,47570.28,48115.95,23827.2694,0.5526262389629721,0.0,1.0,-1.0,1.0,3,623.0,207.66666666666666,417.0,6.333333333333333,0.44166666666666693,0.45913822311528557,17.0,10828.0,0.0,0.2902777777777777,0.5664460314681775,37.0,15229.0,0.0,0.2608630952380952,0.582995337247612,88.0,170705.0,-1.0
2024-03-06 05:00:00,47906.29,48688.68,46242.65,47268.66,25652.8566,-1.7609337444236095,0.5,0.7071067811865476,0.0,1.0,2,634.0,317.0,521.0,5.5,0.45833333333333365,0.48570226039551573,14.0,2313.0,0.09999999999999998,0.3319444444444444,0.5573302148230793,35.0,15113.0,0.5,0.26979166666666665,0.5728252143299123,83.0,170000.0,0.2142857142857143
2024-03-06 06:00:00,47423.08,48241.12,47015.23,47698.32,13037.4809,0.9089743606017108,0.5,0.7071067811865476,0.0,1.0,0,0.0,317.0,521.0,5.5,0.45833333333333365,0.48570226039551584,12.0,2160.0,0.0,0.37361111111111106,0.5482143981779811,35.0,15113.0,0.5,0.29062499999999997,0.6022879968793518,79.0,169665.0,0.5
2024-03-06 07:00:00,47613.74,48991.16,46916.71,48167.77,27831.6372,0.9842065716360704,0.25,0.9574271077563381,-1.0,1.0,4,22547.0,5636.75,21000.0,5.75,0.3750000000000003,0.5619401116882389,12.0,24266.0,-0.5,0.3527777777777777,0.5823564440322454,33.0,37102.0,-0.25,0.28715277777777776,0.6181245318196315,80.0,191710.0,-0.08333333333333331
2024-03-06 08:00:00,48302.41,49364.09,46690.6,47572.66,23165.43,-1.2354941904098804,0.4,0.5477225575051661,0.0,1.0,5,1441.0,288.2,521.0,6.0,0.44166666666666693,0.6532272046057664,15.0,25263.0,0.4,0.3583333333333332,0.5317749456260716,35.0,38441.0,0.06666666666666671,0.2760416666666667,0.6168900438327789,82.0,192632.0,-0.2666666666666666
2024-03-06 09:00:00,47713.11,49729.27,46565.15,48474.13,30208.1234,1.894932929964388,0.5,0.7071067811865476,0.0,1.0,2,24635.0,12317.5,24600.0,6.5,0.3583333333333336,0.7710783348035245,16.0,49880.0,-0.5,0.3999999999999999,0.5317749456260716,32.0,60155.0,0.5,0.2708333333333333,0.6153518343346,76.0,136967.0,-0.125
2024-03-06 10:00:00,48281.65,49004.49,47035.7,47853.0,25851.3331,-1.2813638945144534,0.0,0.7071067811865476,0.0,0.0,1,506.0,506.0,506.0,5.0,0.3583333333333336,0.7222627983346156,14.0,49763.0,0.0,0.3999999999999999,0.5907005107249507,31.0,60591.0,0.0,0.2625,0.6099537824451194,72.0,110916.0,-0.2
2024-03-06 11:00:00,48040.9,48312.31,47671.86,47890.53,17626.1101,0.0784276847846543,0.3333333333333333,1.1547005383792517,-1.0,1.0,3,376.0,125.33333333333333,273.0,5.333333333333333,0.3305555555555558,0.7968617578667331,15.0,49505.0,-0.16666666666666669,0.3944444444444444,0.6412820091311244,29.0,51818.0,-0.06666666666666671,0.25555555555555554,0.6286035223281489,73.0,89936.0,-0.16666666666666669
2024-03-06 12:00:00,48035.51,48040.67,48028.93,48032.91,13740.628,0.2973030367381613,-0.25,0.5,-1.0,0.0,4,827.0,206.75,286.0,4.25,0.20555555555555582,0.7623439610023084,19.0,50332.0,-0.75,0.3319444444444443,0.6240231106989121,31.0,52492.0,-0.75,0.2659722222222222,0.6199740731120428,75.0,90571.0,0.25
2024-03-06 13:00:00,47949.75,48322.97,47404.23,47725.07,32915.8587,-0.6408939204391451,0.5,0.7071067811865476,0.0,1.0,2,239.0,119.5,219.0,4.0,0.24722222222222248,0.72062390657401,17.0,28024.0,0.25,0.31111111111111106,0.6412820091311243,29.0,52290.0,-0.25,0.27291666666666664,0.6279202815158854,71.0,72404.0,0.16666666666666669
2024-03-06 14:00:00,47957.95,49874.85,46478.66,48747.61,52306.5546,2.142563646318374,0.6,0.5477225575051661,0.0,1.0,5,56705.0,11341.0,26200.0,6.4,0.2805555555555558,0.72062390657401,17.0,83288.0,0.19999999999999996,0.3611111111111111,0.6869255555898882,32.0,108551.0,0.6,0.29791666666666666,0.6090753880786007,73.0,128552.0,0.6
2024-03-06 15:00:00,48951.39,50499.8,46915.91,48048.96,38060.0879,-1.4331984686018484,0.6666666666666666,0.5773502691896258,0.0,1.0,3,25000.0,8333.333333333334,24600.0,7.666666666666667,0.30833333333333357,0.6989978212411897,18.0,83653.0,0.16666666666666663,0.33333333333333326,0.735038078022357,34.0,133533.0,-0.33333333333333337,0.31180555555555556,0.6090753880786007,73.0,153235.0,0.3333333333333333
2024-03-06 16:00:00,48156.23,48938.78,47062.34,47722.2,47186.2772,-0.6800563425306216,0.25,0.5,0.0,1.0,4,517.0,129.25,286.0,5.0,0.35000000000000026,0.6644800243767651,21.0,83664.0,0.25,0.3541666666666666,0.6933714113556904,35.0,133427.0,0.25,0.32222222222222224,0.629908721411934,72.0,148656.0,0.25
2024-03-06 17:00:00,47775.8,48134.01,47253.19,47571.95,66127.9127,-0.3148429871212999,-0.5,0.5773502691896257,-1.0,0.0,4,5018.0,1254.5,4660.0,4.75,0.21111111111111133,0.5682549795118275,22.0,88306.0,-0.8333333333333333,0.27083333333333326,0.6825583686892802,37.0,137811.0,-1.0,0.3013888888888889,0.6199442917561798,72.0,152924.0,-0.5
2024-03-06 18:00:00,47391.85,47796.86,46860.38,47152.82,25229.3782,-0.8810443969608062,-0.5,0.5773502691896257,-1.0,0.0,0,0.0,1254.5,4660.0,4.75,0.16944444444444465,0.5811466910434318,18.0,87479.0,-0.25,0.18749999999999992,0.6717453260228701,37.0,137811.0,-1.0,0.28055555555555556,0.6099798621004257,72.0,152924.0,-0.5
2024-03-06 19:00:00,46966.63,47549.04,46118.5,46633.84,31445.4608,-1.1006340660007274,0.0,0.816496580927726,-1.0,1.0,4,831.0,207.75,376.0,6.5,0.08611111111111135,0.5993783243336281,20.0,88071.0,-0.5,0.1666666666666666,0.6600011154538191,37.0,116095.0,-0.25,0.25972222222222224,0.6211787797430323,70.0,153197.0,-0.5
2024-03-06 20:00:00,46821.44,47293.5,46086.78,46575.87,68558.1999,-0.1243088709829476,0.0,0.0,0.0,0.0,2,196.0,98.0,193.0,5.0,-0.013888888888888637,0.5080912314161005,17.0,31562.0,-0.6,0.13333333333333328,0.6143575689950552,34.0,114850.0,-0.4,0.24583333333333332,0.5730662573105635,69.0,153291.0,-0.3333333333333333
2024-03-06 21:00:00,46463.94,47675.97,45427.17,46993.53,30599.1473,0.8967304314444258,0.6666666666666666,0.5773502691896258,0.0,1.0,3,454.0,151.33333333333334,311.0,5.333333333333333,-0.013888888888888637,0.5080912314161005,17.0,7016.0,0.0,0.14722222222222214,0.6035445263286451,35.0,90669.0,0.16666666666666663,0.2736111111111111,0.5676597359773584,67.0,150824.0,0.6666666666666666
2024-03-06 22:00:00,47046.52,48467.21,46260.72,47634.57,34562.9384,1.3641026754108498,0.0,0.0,0.0,0.0,4,956.0,239.0,512.0,6.25,-0.0555555555555553,0.42475789808276715,17.0,7455.0,-0.25,0.14722222222222214,0.5446189612297662,38.0,91119.0,0.0,0.2736111111111111,0.5676597359773584,69.0,151710.0,0.0
2024-03-06 23:00:00,47456.55,49381.74,46144.27,48143.53,35617.0314,1.0684677115800456,0.0,0.0,0.0,0.0,1,129.0,129.0,129.0,5.0,0.02777777777777803,0.32853285321782955,14.0,2566.0,0.5,0.1194444444444444,0.4483939163648285,36.0,90872.0,-0.3333333333333333,0.2569444444444445,0.5448379627479766,65.0,142690.0,-0.4
2024-03-07 00:00:00,48117.91,49296.87,46182.88,47391.08,38602.4212,-1.562930678327901,0.0,0.0,0.0,0.0,0,0.0,129.0,129.0,5.0,0.11111111111111137,0.23230780835289191,14.0,2566.0,0.5,0.14027777777777772,0.4067272496981618,32.0,90045.0,0.25,0.23611111111111113,0.515375180198537,63.0,142537.0,-0.5
2024-03-07 01:00:00,47306.68,48346.69,46690.25,47743.54,16946.1078,0.7437264565399282,0.0,0.0,0.0,0.0,0,0.0,129.0,129.0,5.0,0.11111111111111137,0.09622504486493756,10.0,1735.0,0.0,0.09861111111111105,0.3478016845992829,30.0,89806.0,-0.5,0.20486111111111113,0.4945418468652037,59.0,142096.0,-0.75
2024-03-07 02:00:00,47771.48,49714.9,46497.36,48483.98,16235.4431,1.5508694998318084,0.0,0.7071067811865476,-1.0,1.0,5,1762.0,352.4,582.0,5.2,0.11111111111111137,0.2140761750626955,13.0,3301.0,0.0,0.048611111111111056,0.36108370323939804,30.0,34863.0,-0.6,0.20486111111111113,0.5240046294146432,62.0,143414.0,0.0
2024-03-07 03:00:00,48712.71,49749.9,46679.55,47855.89,29287.5806,-1.295458829906293,0.6666666666666666,0.5773502691896258,0.0,1.0,3,1308.0,436.0,1083.0,6.666666666666667,0.11111111111111137,0.2140761750626955,13.0,4155.0,0.0,0.048611111111111056,0.3610837032393979,30.0,11171.0,0.0,0.19097222222222224,0.5480608906308776,64.0,144704.0,-0.33333333333333337
2024-03-07 04:00:00,47666.64,48595.64,46210.09,47111.15,38800.2304,-1.556213874613965,0.3333333333333333,0.5773502691896258,0.0,1.0,3,571.0,190.33333333333334,313.0,6.333333333333333,0.16666666666666693,0.31030121992763315,12.0,3770.0,0.3333333333333333,0.055555555555555504,0.3675295590052001,29.0,11225.0,0.08333333333333331,0.20486111111111113,0.5304504851804454,64.0,144652.0,0.3333333333333333
2024-03-07 05:00:00,47022.5,47136.93,46797.34,46936.02,27434.041,-0.3717379006880628,1.0,0.0,1.0,1.0,4,663.0,165.75,511.0,7.0,0.33333333333333365,0.31030121992763315,15.0,4304.0,1.0,0.1805555555555555,0.31941703657273135,29.0,6870.0,1.5,0.22569444444444445,0.5009877026310058,66.0,144681.0,0.5
2024-03-07 06:00:00,46872.02,49449.93,45437.32,47762.71,28912.8954,1.7613125271380037,-0.5,0.5773502691896257,-1.0,0.0,4,348.0,87.0,218.0,6.0,0.2500000000000003,0.40652626479257076,19.0,4652.0,-0.5,0.1805555555555555,0.3194170365727313,33.0,7218.0,0.0,0.1840277777777778,0.49558118129780077,70.0,145029.0,-1.0
2024-03-07 07:00:00,47656.6,48582.05,45802.87,47016.47,24543.3545,-1.5623904087519236,1.0,0.0,1.0,1.0,3,235.0,78.33333333333333,104.0,6.0,0.41666666666666696,0.40652626479257076,22.0,4887.0,1.0,0.26388888888888884,0.2513756548287542,32.0,6622.0,1.0,0.2152777777777778,0.4556883851412867,69.0,122717.0,0.75
2024-03-07 08:00:00,47193.34,48299.96,46307.44,47655.89,14698.2729,1.3599915093583048,0.3333333333333333,0.5163977794943223,0.0,1.0,6,1309.0,218.16666666666666,687.0,5.333333333333333,0.4722222222222225,0.37474143117719994,23.0,4434.0,0.3333333333333333,0.29166666666666663,0.2944088031199477,36.0,7735.0,0.3333333333333333,0.2125,0.45438318605750155,70.0,122585.0,-0.06666666666666671
2024-03-07 09:00:00,47733.04,47860.76,47467.05,47642.61,15565.0904,-0.0278664400140238,0.5,0.7559289460184544,-1.0,1.0,8,1697.0,212.125,557.0,5.75,0.4444444444444447,0.4045045439820047,28.0,4823.0,-0.16666666666666663,0.27777777777777773,0.30929035952235007,41.0,8978.0,-0.16666666666666663,0.2125,0.45641744292549763,76.0,99647.0,0.0
2024-03-07 10:00:00,47476.16,47487.0,47470.99,47480.32,15329.8855,-0.3406404477000802,-0.16666666666666666,0.752772652709081,-1.0,1.0,6,26531.0,4421.833333333333,17600.0,5.833333333333333,0.3611111111111114,0.43374160790191385,31.0,30783.0,-0.5,0.26388888888888884,0.3720214139147735,43.0,34553.0,-0.16666666666666666,0.20555555555555552,0.45832018757226994,81.0,125672.0,-0.16666666666666666
2024-03-07 11:00:00,47550.89,48670.87,46917.57,47992.16,25118.293,1.0780045290343487,0.2857142857142857,0.7559289460184545,-1.0,1.0,7,46710.0,6672.857142857143,22600.0,6.0,0.2420634920634923,0.5597297655716563,34.0,76830.0,-0.7142857142857143,0.2876984126984126,0.43501549274964474,49.0,81134.0,0.2857142857142857,0.2035714285714286,0.44170470455723665,85.0,172006.0,-0.047619047619047616
2024-03-07 12:00:00,48006.35,48025.31,47972.7,47994.09,33023.4913,0.0040214901767088,0.0,1.4142135623730951,-1.0,1.0,2,272.0,136.0,171.0,5.5,0.32539682539682563,0.6992069811022344,32.0,76754.0,0.5,0.2876984126984126,0.5528666229474026,51.0,81406.0,0.0,0.21398809523809526,0.4797969363227823,83.0,171451.0,0.25
2024-03-07 13:00:00,47859.5,48910.49,45795.32,47004.04,14435.0635,-2.0628581560771297,0.4,0.5477225575051661,0.0,1.0,5,1282.0,256.4,571.0,5.6,0.22539682539682562,0.7904940740197621,34.0,77801.0,-0.6,0.321031746031746,0.5985101694061664,56.0,82688.0,0.4,0.20982142857142858,0.47315592700272474,86.0,172494.0,-0.09999999999999998
2024-03-07 14:00:00,46875.47,47500.47,46534.29,47100.88,33315.6431,0.2060248438219281,0.0,1.0,-1.0,1.0,3,21150.0,7050.0,21000.0,5.0,0.16984126984127013,0.8710944441040418,31.0,97642.0,-0.3333333333333333,0.321031746031746,0.6229179376406208,54.0,102076.0,0.0,0.18482142857142855,0.4920008204400095,84.0,136939.0,-0.6
2024-03-07 15:00:00,47279.64,47877.66,46040.01,46841.39,39435.4021,-0.5509238893201096,0.6,0.5477225575051661,0.0,1.0,5,784.0,156.8,398.0,5.4,0.18650793650793676,0.8363933793518271,28.0,96729.0,0.09999999999999998,0.3154761904761904,0.6204489616669159,56.0,101552.0,-0.06666666666666665,0.18204365079365079,0.490766332453157,86.0,112723.0,-0.06666666666666665
2024-03-07 16:00:00,46886.5,47884.58,46183.55,47325.14,55147.1943,1.032740488700279,0.0,1.0,-1.0,1.0,3,252.0,84.0,144.0,4.666666666666667,0.21428571428571455,0.8775979372336469,25.0,70450.0,0.16666666666666666,0.2876984126984126,0.6556697725677804,56.0,101233.0,-0.3333333333333333,0.1716269841269841,0.5115996657864903,85.0,112458.0,-0.25
2024-03-07 17:00:00,47233.01,49070.0,46117.33,48001.34,30367.5179,1.428838879293326,0.5,0.5773502691896257,0.0,1.0,4,506.0,126.5,331.0,6.25,0.2500000000000003,0.8478348244288422,22.0,24246.0,0.2142857142857143,0.24603174603174596,0.7037822950002491,56.0,101076.0,-0.5,0.21329365079365079,0.5115996657864903,85.0,107946.0,1.0
2024-03-07 18:00:00,48193.28,49028.85,46412.15,47502.83,39380.9406,-1.038533507606232,0.0,0.0,0.0,0.0,2,27.0,13.5,18.0,5.0,0.2500000000000003,0.6121325640333263,22.0,24001.0,0.0,0.2876984126984126,0.6556697725677804,54.0,100755.0,0.5,0.2341269841269841,0.48754340457025597,87.0,107973.0,0.5
2024-03-07 19:00:00,47390.64,48788.63,45079.21,46588.75,62378.2948,-1.9242643017268743,0.5,0.5773502691896257,0.0,1.0,4,11194.0,2798.5,10300.0,5.75,0.2666666666666669,0.6170705159807361,21.0,33913.0,0.09999999999999998,0.24603174603174596,0.7037822950002491,55.0,111714.0,-0.5,0.25496031746031744,0.4775789749145018,87.0,118336.0,0.5
2024-03-07 20:00:00,46627.49,46657.98,46577.61,46605.68,56229.5558,0.0363392449894028,0.5,0.5773502691896257,0.0,1.0,4,1641.0,410.25,570.0,6.0,0.35000000000000026,0.5466288941790072,22.0,14404.0,0.5,0.2599206349206349,0.7088616691415245,53.0,112046.0,0.16666666666666669,0.27579365079365076,0.5016352361307361,89.0,119781.0,0.5
2024-03-07 21:00:00,46834.24,48480.39,45996.25,47462.49,31460.5435,1.838423986089244,0.3333333333333333,0.5163977794943222,0.0,1.0,6,1981.0,330.1666666666667,725.0,5.666666666666667,0.3055555555555558,0.5414080978438665,23.0,15601.0,-0.26666666666666666,0.24603174603174596,0.6889007385978467,51.0,112330.0,-0.16666666666666669,0.2619047619047619,0.4990955490600985,92.0,121308.0,-0.3333333333333333
2024-03-07 22:00:00,47369.75,48516.35,46569.64,47817.27,62024.9349,0.7474955485900603,-0.5,0.7071067811865476,-1.0,0.0,2,219.0,109.5,190.0,6.0,0.22222222222222246,0.49259256137495777,22.0,15568.0,-0.5,0.21825396825396823,0.6850952493043022,47.0,86018.0,-0.33333333333333337,0.24107142857142858,0.528558331609538,90.0,120571.0,-0.5
2024-03-07 23:00:00,47810.81,48125.07,47166.61,47551.27,35273.8616,-0.5562843717343169,1.0,0.7071067811865476,1.0,1.0,1,665.0,665.0,665.0,6.0,0.3055555555555558,0.5142186467077781,19.0,15727.0,0.5,0.27777777777777773,0.6810267355683101,41.0,39973.0,0.7142857142857143,0.28273809523809523,0.5580211141589775,90.0,121107.0,1.0
2024-03-08 00:00:00,47681.81,49670.96,46540.36,48362.62,20564.7517,1.7062635761358358,0.0,0.7071067811865476,0.0,0.0,1,93.0,93.0,93.0,5.0,0.3055555555555558,0.632069776905536,18.0,15793.0,0.0,0.27777777777777773,0.6221011704694311,40.0,39794.0,0.0,0.28273809523809523,0.5874838967084169,91.0,121200.0,0.0
2024-03-08 01:00:00,48472.99,50315.65,45792.03,47543.72,25892.5818,-1.6932498694239515,-0.6666666666666666,0.5773502691896258,-1.0,0.0,3,839.0,279.6666666666667,424.0,5.333333333333333,0.11111111111111137,0.632069776905536,17.0,5438.0,-1.1666666666666665,0.18888888888888886,0.6245701464431361,38.0,39351.0,-1.0666666666666667,0.25496031746031744,0.6115401579246513,94.0,122039.0,-0.6666666666666666
2024-03-08 02:00:00,47542.69,48414.24,46094.66,47056.55,26222.6114,-1.0246779175041354,0.6666666666666666,0.5773502691896258,0.0,1.0,3,470.0,156.66666666666666,286.0,6.0,0.13888888888888914,0.632069776905536,16.0,4267.0,0.16666666666666663,0.24444444444444438,0.5893493355422715,38.0,18671.0,0.6666666666666666,0.28273809523809523,0.6061336365914463,92.0,120747.0,0.6666666666666666
2024-03-08 03:00:00,46912.48,49226.2,45229.15,47765.94,39978.7513,1.5075265823780049,0.25,0.5,0.0,1.0,4,145.0,36.25,60.0,6.5,0.12500000000000025,0.6293368136564824,14.0,2431.0,-0.08333333333333331,0.21527777777777776,0.5853724557501744,37.0,18032.0,-0.35,0.26537698412698413,0.6029107087085451,93.0,119584.0,-0.41666666666666663
2024-03-08 04:00:00,47956.63,48148.02,47701.52,47859.32,21537.3032,0.19549494891129,0.0,0.5,0.0,0.0,1,307.0,307.0,307.0,7.0,0.2083333333333336,0.5948190167920577,13.0,2519.0,0.5,0.21527777777777776,0.5437057890835076,35.0,18087.0,0.0,0.25148809523809523,0.5996877808256441,91.0,119320.0,-0.3333333333333333
2024-03-08 05:00:00,48045.01,48366.24,47417.75,47835.59,15931.3412,-0.0495828189786329,0.5,0.7071067811865476,0.0,1.0,2,128.0,64.0,95.0,5.0,0.12500000000000025,0.5948190167920577,14.0,1982.0,-0.5,0.21527777777777776,0.5545188317499179,33.0,17709.0,0.0,0.2306547619047619,0.6291505633750837,89.0,118785.0,-0.5
2024-03-08 06:00:00,47845.19,48352.07,47081.31,47545.25,30325.884,-0.6069539437059235,0.5,0.7071067811865476,0.0,1.0,2,891.0,445.5,727.0,5.5,0.2083333333333336,0.5948190167920577,15.0,2780.0,0.5,0.2569444444444444,0.6134443968487969,33.0,18573.0,0.5,0.27232142857142855,0.6345570847082888,87.0,119328.0,1.0
2024-03-08 07:00:00,47684.24,48481.55,46635.27,47280.66,29059.0255,-0.5565014381036959,0.14285714285714285,0.6900655593423541,-1.0,1.0,7,2418.0,345.42857142857144,760.0,6.0,0.34325396825396853,0.6136048984841791,19.0,4359.0,0.8095238095238095,0.22718253968253965,0.6228373376948576,36.0,9797.0,-0.35714285714285715,0.23660714285714282,0.6633098163475535,91.0,121511.0,-0.8571428571428572
2024-03-08 08:00:00,47115.29,49489.07,45592.48,47994.78,21108.7892,1.5103850073158842,0.2,0.8366600265340756,-1.0,1.0,5,21341.0,4268.2,21000.0,5.6,0.2654761904761907,0.6568231913749207,21.0,25230.0,-0.4666666666666666,0.20218253968253963,0.6444464841402283,37.0,29497.0,-0.3,0.23105158730158729,0.6766540766408765,90.0,141543.0,-0.1333333333333333
2024-03-08 09:00:00,48138.66,49288.52,45875.43,47205.91,23299.1824,-1.6436579144648578,0.5,0.5477225575051662,0.0,1.0,6,644.0,107.33333333333333,170.0,5.833333333333333,0.3071428571428574,0.6647769509591152,23.0,25729.0,0.25,0.21607142857142855,0.6470568823077988,37.0,28160.0,0.16666666666666669,0.23105158730158729,0.6679788104528228,88.0,140490.0,0.0
2024-03-08 10:00:00,47114.25,47341.18,46825.29,46982.93,18015.7714,-0.4723561096481421,0.0,1.0,-1.0,1.0,3,1225.0,408.3333333333333,658.0,6.333333333333333,0.3071428571428574,0.7481102842924484,25.0,26647.0,0.0,0.2577380952380952,0.6714646505422531,38.0,29166.0,0.5,0.23799603174603176,0.6782799499232778,85.0,115184.0,0.16666666666666666
2024-03-08 11:00:00,46881.1,48720.55,45659.11,47554.33,15380.1975,1.216186389397178,0.6,0.5477225575051662,0.0,1.0,5,20022.0,4004.4,19200.0,6.0,0.32380952380952405,0.7215462470122183,28.0,46541.0,0.09999999999999998,0.22440476190476186,0.6581826319021379,42.0,48523.0,-0.4,0.2510912698412698,0.6696046837352241,83.0,88496.0,0.3142857142857143
2024-03-08 12:00:00,47445.27,49663.93,45875.26,48386.42,16115.792,1.7497670559126766,0.0,0.6324555320336759,-1.0,1.0,6,466.0,77.66666666666667,216.0,5.666666666666667,0.24047619047619073,0.7091043721534063,32.0,46116.0,-0.5,0.22440476190476186,0.651961694472732,47.0,48896.0,0.0,0.2510912698412698,0.6370314324710816,87.0,88690.0,0.0
2024-03-08 13:00:00,48373.44,48893.63,47611.28,48092.16,29367.2649,-0.6081458392664607,0.0,0.7071067811865476,-1.0,1.0,5,16217.0,3243.4,15000.0,6.4,0.21666666666666692,0.7119445757941052,30.0,59915.0,-0.14285714285714285,0.2799603174603174,0.6627747371391421,49.0,64274.0,0.6666666666666666,0.2344246031746032,0.6436724417911391,87.0,103625.0,-0.4
2024-03-08 14:00:00,47898.9,48558.31,46778.88,47441.48,52953.6869,-1.3529856009794503,0.4,0.8944271909999159,-1.0,1.0,5,21294.0,4258.8,20600.0,6.2,0.2500000000000002,0.7215724365384119,30.0,59868.0,0.2,0.2577380952380952,0.6891978139566662,51.0,85098.0,-0.2666666666666666,0.25109126984126984,0.639273574749469,89.0,103769.0,0.4
2024-03-08 15:00:00,47357.26,47763.96,47155.94,47505.33,32464.2456,0.1345868636475788,1.0,0.0,1.0,1.0,2,49400.0,24700.0,30000.0,6.0,0.33333333333333354,0.6302853436208843,26.0,108624.0,0.5,0.3202380952380952,0.6475311472899997,49.0,134353.0,0.75,0.2677579365079365,0.6164518015200872,86.0,152385.0,0.4
2024-03-08 16:00:00,47410.82,48710.15,45286.85,46624.94,50998.3085,-1.8532446780182288,1.0,0.0,1.0,1.0,0,0.0,24700.0,30000.0,6.0,0.5000000000000002,0.4636186769542176,23.0,107399.0,1.0,0.4035714285714285,0.605864480623333,48.0,134046.0,1.0,0.30942460317460313,0.5747851348534204,83.0,152133.0,1.0
2024-03-08 17:00:00,46800.21,46955.08,46498.55,46682.08,42894.1332,0.1225524365286112,0.5,0.7071067811865476,0.0,1.0,2,763.0,381.5,499.0,5.0,0.48333333333333356,0.49018271423444776,20.0,88140.0,-0.09999999999999998,0.4035714285714285,0.605864480623333,48.0,134681.0,0.0,0.30942460317460313,0.5801916561866255,81.0,152390.0,0.0
2024-03-08 18:00:00,46781.33,46872.58,46631.24,46722.15,35573.1617,0.0858359353310689,0.5,0.7071067811865476,0.0,1.0,2,420.0,210.0,378.0,5.5,0.5666666666666669,0.5026245890932597,16.0,88094.0,0.5,0.4035714285714285,0.605864480623333,48.0,134210.0,0.0,0.3302579365079365,0.609654438736065,81.0,152783.0,0.5
2024-03-08 19:00:00,46749.67,48919.86,45205.76,47605.18,53334.8272,1.8899601152772227,-0.3333333333333333,1.1547005383792517,-1.0,1.0,3,351.0,117.0,221.0,5.0,0.5111111111111113,0.5772235486253771,14.0,72228.0,-0.3333333333333333,0.3638888888888889,0.6445840622097411,44.0,132143.0,-0.47619047619047616,0.2955357142857143,0.6337106999522993,80.0,141940.0,-0.8333333333333333
2024-03-08 20:00:00,47482.67,47536.03,47444.77,47505.85,43537.937,-0.2086537641492025,0.5,0.7071067811865476,0.0,1.0,2,421.0,210.5,227.0,5.5,0.527777777777778,0.546003480323149,11.0,51355.0,0.09999999999999998,0.3888888888888889,0.6337879584307805,41.0,111223.0,0.3,0.2955357142857143,0.6391172212855045,78.0,140720.0,0.0
2024-03-08 21:00:00,47627.15,47938.46,47176.29,47422.66,62942.2486,-0.175115275276616,0.0,0.0,0.0,0.0,2,100.0,50.0,65.0,5.5,0.3611111111111113,0.546003480323149,11.0,2055.0,-1.0,0.34722222222222227,0.5881444119720166,37.0,110679.0,-0.5,0.2816468253968254,0.6176006471399077,74.0,138839.0,-0.3333333333333333
2024-03-08 22:00:00,47403.8,48454.8,44983.71,46558.77,54983.2977,-1.8216818710717784,0.2,0.8366600265340756,-1.0,1.0,5,7381.0,1476.2,6700.0,5.8,0.227777777777778,0.6854468180788283,16.0,9436.0,-0.8,0.3638888888888889,0.5745327475165228,39.0,116835.0,0.2,0.310813492063492,0.622998699029388,77.0,146001.0,0.7
2024-03-08 23:00:00,46371.32,46987.08,45413.78,45982.87,18810.2683,-1.2369313020940909,1.0,0.8366600265340756,1.0,1.0,1,179.0,179.0,179.0,6.0,0.31111111111111134,0.7070390256367496,15.0,8852.0,0.5,0.39722222222222214,0.5986108699355986,35.0,96992.0,0.4,0.310813492063492,0.6283967509188684,77.0,145515.0,0.0
2024-03-09 00:00:00,46063.07,47052.05,45461.48,46504.1,20971.0794,1.1335308126700028,0.5,0.7071067811865476,0.0,1.0,2,238.0,119.0,231.0,6.5,0.31111111111111134,0.7070390256367496,15.0,8670.0,0.0,0.43888888888888883,0.6048318073650046,31.0,96764.0,0.5,0.3316468253968254,0.6283967509188685,78.0,145660.0,0.5
2024-03-09 01:00:00,46501.92,47396.96,45020.01,45987.69,19967.8508,-1.1104612281497728,0.3333333333333333,0.5773502691896258,0.0,1.0,3,391.0,130.33333333333334,271.0,5.666666666666667,0.4222222222222225,0.6108139807718119,15.0,8710.0,0.6666666666666666,0.4666666666666666,0.5940187646985945,29.0,80938.0,0.3333333333333333,0.373313492063492,0.6283967509188684,78.0,145212.0,1.0
2024-03-09 02:00:00,46212.64,47661.39,43703.54,45300.31,14496.2415,-1.494704343705899,0.0,0.816496580927726,-1.0,1.0,4,392.0,98.0,202.0,5.5,0.3388888888888892,0.6290456140620083,17.0,8681.0,-0.5,0.43333333333333335,0.5875245471925786,28.0,60036.0,-0.4,0.3455357142857143,0.6383611805746225,79.0,145134.0,-0.6666666666666666
2024-03-09 03:00:00,45347.33,46225.48,43722.7,44659.92,31464.5838,-1.4136547851438586,0.0,0.0,0.0,0.0,3,971.0,323.6666666666667,720.0,6.0,0.3388888888888892,0.6290456140620083,18.0,9552.0,0.0,0.3499999999999999,0.5875245471925786,29.0,11607.0,-1.0,0.3351190476190476,0.6175278472412892,78.0,145960.0,-0.25
2024-03-09 04:00:00,44634.83,45664.14,42632.73,43841.49,45308.2592,-1.8325827722038055,0.25,0.5,0.0,1.0,4,728.0,182.0,410.0,4.75,0.3472222222222225,0.5729356096396624,17.0,2899.0,0.04999999999999999,0.2875,0.6291912138592454,33.0,12335.0,-0.75,0.3455357142857143,0.6175278472412892,81.0,146381.0,0.25
2024-03-09 05:00:00,43991.31,44226.21,43847.85,44073.52,33069.06,0.5292475232935745,0.6666666666666666,0.5773502691896258,0.0,1.0,3,804.0,268.0,453.0,5.0,0.2916666666666669,0.5297173167489208,19.0,3524.0,-0.33333333333333337,0.3013888888888889,0.6183781711928352,34.0,12376.0,0.16666666666666663,0.3524801587301587,0.6121213259080841,82.0,147057.0,0.16666666666666663
2024-03-09 06:00:00,44043.71,44607.06,43598.65,44283.65,23312.5463,0.4767715399178529,0.0,1.0,-1.0,1.0,3,339.0,113.0,212.0,4.333333333333333,0.20833333333333356,0.5785328532178295,20.0,3625.0,-0.5,0.2597222222222222,0.6427859394272896,35.0,12295.0,-0.5,0.3316468253968254,0.6243252100253113,83.0,146505.0,-0.5
2024-03-09 07:00:00,44390.67,44604.6,44271.97,44473.56,34065.3823,0.4288490221560304,0.0,1.0,-1.0,1.0,3,520.0,173.33333333333334,380.0,5.0,0.152777777777778,0.6489744750195586,20.0,3754.0,-0.3333333333333333,0.2875,0.6298942278956853,35.0,12464.0,0.3333333333333333,0.32569444444444445,0.6372391450527132,79.0,144607.0,-0.14285714285714285
2024-03-09 08:00:00,44470.43,45220.06,43945.97,44768.74,16621.8012,0.6637201968990203,0.2,0.8366600265340756,-1.0,1.0,5,3981.0,796.2,3380.0,5.8,0.18611111111111134,0.6523350492872835,21.0,7343.0,0.2,0.26249999999999996,0.6406903316746458,38.0,16024.0,-0.3,0.32569444444444445,0.6372391450527133,79.0,127247.0,0.0
2024-03-09 09:00:00,44735.09,46057.53,42495.61,43890.44,15405.0386,-1.9618599942727744,0.0,0.7071067811865476,-1.0,1.0,5,17595.0,3519.0,16500.0,6.2,0.18611111111111134,0.7701861794850414,23.0,23967.0,0.0,0.26249999999999996,0.6996158967735249,41.0,33519.0,0.0,0.3048611111111111,0.6438801543727708,78.0,144198.0,-0.5
2024-03-09 10:00:00,43954.13,45817.93,43100.93,44645.48,45311.2187,1.720283505929765,0.125,0.8345229603962802,-1.0,1.0,8,58342.0,7292.75,28000.0,5.375,0.165277777777778,0.8259400062177548,27.0,81581.0,-0.125,0.25625,0.6994378079287086,44.0,84480.0,-0.07500000000000001,0.31006944444444445,0.6369852777226158,83.0,201315.0,0.125
2024-03-09 11:00:00,44631.15,45595.47,43840.51,45029.38,27218.6822,0.85988548000826,0.3333333333333333,0.5773502691896258,0.0,1.0,3,13940.0,4646.666666666667,13500.0,6.0,0.10972222222222244,0.8259400062177548,27.0,94717.0,-0.3333333333333333,0.2006944444444444,0.6778286614833378,46.0,98241.0,-0.6666666666666667,0.2989583333333334,0.6382197657094684,81.0,195233.0,-0.26666666666666666
2024-03-09 12:00:00,45030.82,45511.4,44346.71,44758.54,17720.1893,-0.6014739709940375,-1.0,0.5773502691896258,-1.0,-1.0,1,1278.0,1278.0,1278.0,5.0,-0.05694444444444422,0.7554983844160258,25.0,95656.0,-1.0,0.07569444444444441,0.6670156188169276,45.0,99281.0,-1.5,0.2572916666666667,0.6359237130909662,76.0,196045.0,-1.0
2024-03-09 13:00:00,44692.24,45660.74,43997.77,45084.12,28052.4493,0.7274142543523654,0.125,0.8345229603962802,-1.0,1.0,8,3912.0,489.0,719.0,5.375,-0.03611111111111089,0.7279188778154059,30.0,99048.0,0.125,0.05833333333333329,0.6884466764174823,50.0,102802.0,-0.20833333333333331,0.2625,0.6412327205580385,79.0,183740.0,0.125
2024-03-09 14:00:00,45202.51,45742.39,44157.45,44846.19,50820.371,-0.527746798651052,0.6666666666666666,0.5773502691896258,0.0,1.0,3,739.0,246.33333333333334,430.0,6.0,0.04166666666666688,0.6847005849246641,28.0,95806.0,0.4666666666666666,0.11388888888888886,0.6685178171059739,49.0,103149.0,0.6666666666666666,0.2736111111111111,0.6280211821492764,77.0,163185.0,0.2666666666666666
2024-03-09 15:00:00,44833.52,45592.1,44279.9,45118.61,57196.5026,0.6074540557402974,0.5,0.7071067811865476,0.0,1.0,2,22928.0,11464.0,22800.0,7.0,0.12500000000000022,0.6847005849246641,25.0,101139.0,0.5,0.15555555555555553,0.7274433822048527,48.0,125106.0,0.5,0.25277777777777777,0.6574839646987157,77.0,136713.0,-0.5
2024-03-09 16:00:00,44951.41,45572.71,44167.42,44635.09,49821.1522,-1.0716642201521798,0.5,0.7071067811865476,0.0,1.0,0,0.0,11464.0,22800.0,7.0,0.18750000000000022,0.6634645550563754,17.0,42797.0,0.375,0.17638888888888885,0.744702280637065,44.0,124378.0,0.25,0.23194444444444443,0.6869467472481553,77.0,136713.0,-0.5
2024-03-09 17:00:00,44431.97,45888.09,43632.86,45057.63,38429.0835,0.946654302702199,0.6666666666666666,0.5773502691896258,0.0,1.0,3,377.0,125.66666666666667,278.0,6.333333333333333,0.2430555555555558,0.6634645550563754,17.0,29234.0,0.3333333333333333,0.17638888888888885,0.744702280637065,44.0,123951.0,0.0,0.2388888888888889,0.6815402259149502,78.0,136327.0,0.16666666666666663
2024-03-09 18:00:00,45047.0,46444.98,44182.08,45515.33,52976.5793,1.0158101968523514,0.2,0.447213595499958,0.0,1.0,5,667.0,133.4,368.0,5.4,0.44305555555555576,0.6417751094414307,21.0,28623.0,1.2,0.19305555555555554,0.6986367469287282,46.0,124279.0,0.2,0.2263888888888889,0.670711343178009,81.0,136574.0,-0.3
2024-03-09 19:00:00,45697.3,46837.83,44026.02,45101.4,40530.3502,-0.90942985583099,0.5,0.7071067811865476,0.0,1.0,2,389.0,194.5,212.0,6.0,0.5055555555555559,0.620539079573142,15.0,25100.0,0.375,0.2347222222222222,0.6742289786942739,45.0,124148.0,0.5,0.2611111111111111,0.6520616032949796,80.0,136612.0,0.8333333333333333
2024-03-09 20:00:00,45151.87,46459.11,43579.44,44455.58,62996.2798,-1.4319289423388226,0.0,1.4142135623730951,-1.0,1.0,2,671.0,335.5,406.0,5.5,0.39444444444444465,0.7600162951037203,14.0,25032.0,-0.6666666666666666,0.21805555555555553,0.7223584400141921,42.0,120838.0,-0.2,0.24027777777777778,0.6815243858444191,80.0,136862.0,-0.5
2024-03-09 21:00:00,44607.03,46463.81,43277.71,45362.76,52600.1321,2.0406437167167724,0.5,0.7071067811865476,0.0,1.0,2,117.0,58.5,88.0,5.5,0.39444444444444465,0.7600162951037203,14.0,2221.0,0.0,0.2597222222222222,0.7223584400141921,39.0,103360.0,0.5,0.2611111111111111,0.7109871683938587,80.0,136879.0,0.5
2024-03-09 22:00:00,45396.23,46160.65,44005.87,44850.99,37150.8058,-1.1281720953487009,0.5,0.7071067811865476,0.0,1.0,2,531.0,265.5,335.0,5.0,0.39444444444444465,0.7600162951037203,16.0,2752.0,0.0,0.2909722222222222,0.7117404250800478,33.0,45549.0,0.375,0.2736111111111111,0.7055891165043783,77.0,130029.0,0.3
2024-03-09 23:00:00,44699.43,46296.95,43939.75,45260.57,30423.226,0.9132016929838116,1.0,0.0,1.0,1.0,3,9549.0,3183.0,8400.0,6.333333333333333,0.45000000000000023,0.6637912502387825,16.0,11924.0,0.33333333333333337,0.34652777777777777,0.663627902647579,33.0,41158.0,0.6666666666666667,0.2736111111111111,0.6707282820654585,79.0,139399.0,0.0
2024-03-10 00:00:00,45336.91,46330.44,43769.93,44799.28,22440.1031,-1.0191873412111252,0.3333333333333333,0.5773502691896258,0.0,1.0,3,333.0,111.0,299.0,6.666666666666667,0.4722222222222225,0.6854806958537272,14.0,11590.0,0.1333333333333333,0.4576388888888889,0.663627902647579,35.0,40213.0,1.3333333333333333,0.26666666666666666,0.6653217607322534,80.0,139494.0,-0.16666666666666669
2024-03-10 01:00:00,44820.15,45854.77,42683.77,44052.76,39729.0354,-1.666366066597491,0.4,0.5477225575051661,0.0,1.0,5,482.0,96.4,175.0,5.4,0.45555555555555577,0.6589166585734969,17.0,11683.0,-0.09999999999999998,0.48055555555555557,0.6397278690733195,32.0,36783.0,0.275,0.26944444444444443,0.6640872727454009,82.0,139585.0,0.06666666666666671
2024-03-10 02:00:00,44051.08,45606.89,43126.25,44636.78,25203.6022,1.3257285128105425,0.2,0.447213595499958,0.0,1.0,5,640.0,128.0,238.0,5.2,0.4888888888888891,0.49774999742797404,20.0,11652.0,0.2,0.4416666666666666,0.6288831462658472,34.0,36684.0,-0.4666666666666666,0.27777777777777773,0.6487004816859107,83.0,139833.0,0.2
2024-03-10 03:00:00,44662.98,45474.07,43018.44,44016.03,18962.9712,-1.3906693090317002,0.4,0.5477225575051662,0.0,1.0,5,547.0,109.4,248.0,6.6,0.4722222222222225,0.4711859601477439,23.0,12082.0,-0.09999999999999998,0.4333333333333333,0.615601127625732,37.0,14303.0,-0.09999999999999998,0.29444444444444445,0.6715222549152925,85.0,139409.0,0.4
2024-03-10 04:00:00,43830.35,45037.65,43189.54,44325.43,21842.9389,0.7029257295580793,0.5,0.7071067811865476,0.0,1.0,2,120.0,60.0,80.0,5.5,0.4722222222222225,0.4711859601477439,23.0,11671.0,0.0,0.4333333333333333,0.6156011276257319,39.0,14423.0,0.0,0.3048611111111111,0.6801517041313986,83.0,138801.0,0.25
2024-03-10 05:00:00,44250.48,45204.25,42815.4,43762.0,23386.8408,-1.2711213405036337,0.0,0.7071067811865476,0.0,0.0,1,50.0,50.0,50.0,6.0,0.3055555555555558,0.5890370903455018,21.0,2172.0,-1.0,0.37777777777777777,0.6264141702921422,37.0,14096.0,-0.6666666666666666,0.27708333333333335,0.6855582254646038,81.0,138047.0,-0.6666666666666666
2024-03-10 06:00:00,43572.93,45498.75,42757.26,44220.37,34300.1569,1.0474155660161744,0.8333333333333334,0.408248290463863,0.0,1.0,6,1213.0,202.16666666666666,546.0,6.166666666666667,0.3888888888888891,0.5608534272245413,24.0,3052.0,0.5,0.4305555555555555,0.6231670615391343,38.0,14642.0,0.6333333333333333,0.31180555555555556,0.6609019042339314,84.0,138921.0,0.8333333333333334
2024-03-10 07:00:00,44411.32,44411.53,44411.21,44411.4,21870.5898,0.4319954808157389,0.5,0.5773502691896257,0.0,1.0,4,928.0,232.0,398.0,5.5,0.40555555555555584,0.5657913791719512,23.0,3498.0,0.09999999999999998,0.4305555555555555,0.6123540188727241,40.0,15181.0,0.0,0.3326388888888889,0.6432914987834991,85.0,139329.0,0.5
2024-03-10 08:00:00,44398.51,46185.28,43491.22,45139.77,21088.2324,1.6400518785717022,0.3333333333333333,0.5773502691896258,0.0,1.0,3,827.0,275.6666666666667,355.0,6.0,0.4277777777777781,0.5874808247868959,21.0,3685.0,0.1333333333333333,0.4583333333333333,0.5426154111074349,41.0,15337.0,0.3333333333333333,0.33819444444444446,0.6324869255608137,83.0,136175.0,0.1333333333333333
2024-03-10 09:00:00,45065.08,46168.13,44283.56,45542.3,38139.849,0.8917413624393911,0.3333333333333333,0.5773502691896258,0.0,1.0,3,403.0,134.33333333333334,220.0,6.0,0.4166666666666669,0.5924187767343059,19.0,3541.0,-0.06666666666666671,0.4444444444444444,0.5318023684410248,42.0,15623.0,-0.16666666666666669,0.3520833333333333,0.6270804042276087,81.0,118983.0,0.3333333333333333
2024-03-10 10:00:00,45616.69,47265.27,44748.17,46306.9,45047.6498,1.678878756672364,1.0,0.0,1.0,1.0,2,18817.0,9408.5,18500.0,6.0,0.5000000000000002,0.474567646536548,19.0,22238.0,0.5,0.4861111111111111,0.4728768033421458,42.0,33909.0,0.5,0.3885416666666666,0.5923086142110969,75.0,79458.0,0.875
2024-03-10 11:00:00,46400.95,47499.3,45422.58,46893.86,37574.9355,1.2675432818867185,0.0,0.0,0.0,0.0,2,486.0,243.0,347.0,6.0,0.5000000000000002,0.35671651633879,20.0,22674.0,0.0,0.40277777777777773,0.4728768033421458,41.0,24846.0,-1.0,0.3746527777777778,0.5682523529948625,74.0,66004.0,-0.3333333333333333
2024-03-10 12:00:00,46946.58,48239.13,44617.46,46159.0,17181.3938,-1.567070827609418,-0.5,0.7071067811865476,-1.0,0.0,2,3045.0,1522.5,3000.0,6.0,0.27777777777777796,0.40652626479257076,16.0,24506.0,-1.3333333333333335,0.33333333333333326,0.4836898460085561,40.0,27558.0,-0.8333333333333333,0.39548611111111115,0.5736588743280676,75.0,67771.0,0.5
2024-03-10 13:00:00,45944.64,45982.65,45923.04,45958.61,23772.2479,-0.4341298554994655,0.6,0.5477225575051661,0.0,1.0,5,41464.0,8292.8,22600.0,6.2,0.2944444444444447,0.4015883128451608,17.0,65042.0,0.09999999999999998,0.3499999999999999,0.48368984600855597,40.0,68540.0,0.19999999999999996,0.4152777777777778,0.5617088575409378,72.0,105323.0,0.475
2024-03-10 14:00:00,46175.29,47275.11,43683.67,45291.39,65744.4633,-1.4517845513604577,0.6666666666666666,0.5773502691896258,0.0,1.0,3,15108.0,5036.0,14400.0,8.0,0.35000000000000026,0.4015883128451609,17.0,79323.0,0.3333333333333333,0.38888888888888884,0.49453456881602836,38.0,83008.0,0.4666666666666666,0.4152777777777778,0.5617088575409378,72.0,119692.0,0.0
2024-03-10 15:00:00,45454.57,46377.62,44911.4,45785.37,32404.3439,1.0906708758552153,-1.0,0.0,-1.0,-1.0,3,13933.0,4644.333333333333,13700.0,5.333333333333333,0.127777777777778,0.3053632679802232,17.0,92853.0,-1.3333333333333333,0.27222222222222214,0.44889102235726447,36.0,96394.0,-1.4,0.3527777777777778,0.5322460749914985,73.0,110697.0,-1.5
2024-03-10 16:00:00,45874.85,46073.65,45576.91,45745.89,47597.7715,-0.0862284175054295,1.0,0.0,1.0,1.0,1,22.0,22.0,22.0,4.0,0.12777777777777802,0.3053632679802232,16.0,74058.0,0.0,0.31388888888888883,0.38996545725838555,35.0,96296.0,0.5,0.3736111111111111,0.5027832924420589,74.0,110719.0,0.5
2024-03-10 17:00:00,45966.63,46296.2,45346.56,45723.39,27494.0992,-0.049184746432962,1.0,0.0,1.0,1.0,2,242.0,121.0,173.0,6.5,0.2944444444444447,0.3053632679802232,16.0,73814.0,1.0,0.39722222222222214,0.3310398921595066,36.0,96488.0,1.0,0.3875,0.47872703122582444,73.0,110584.0,0.33333333333333337
2024-03-10 18:00:00,45763.91,46662.02,44310.0,45264.4,61071.3796,-1.0038407038498232,0.2,0.4472135954999579,0.0,1.0,5,404.0,80.8,126.0,5.0,0.41111111111111137,0.26204773703245826,19.0,71173.0,0.7,0.3444444444444444,0.3342870009125145,35.0,95679.0,-0.6333333333333333,0.38749999999999996,0.47872703122582444,73.0,110321.0,0.0
2024-03-10 19:00:00,45486.62,47054.04,42971.05,44604.0,30860.9323,-1.4589832186000518,0.6666666666666666,0.5773502691896258,0.0,1.0,3,756.0,252.0,568.0,5.666666666666667,0.42222222222222244,0.2669856889798682,17.0,30465.0,0.06666666666666665,0.3583333333333332,0.3342870009125145,34.0,95507.0,0.16666666666666663,0.39444444444444443,0.47332050989261937,74.0,110688.0,0.16666666666666663
2024-03-10 20:00:00,44461.53,45662.3,42250.93,43650.05,38709.0971,-2.138709532777328,0.25,0.9574271077563381,-1.0,1.0,4,14499.0,3624.75,13700.0,5.75,0.352777777777778,0.33033182874098693,18.0,29856.0,-0.41666666666666663,0.3513888888888888,0.36596007079307386,35.0,109179.0,-0.08333333333333331,0.4048611111111111,0.45428774095025454,76.0,124516.0,0.25
2024-03-10 21:00:00,43696.37,43744.69,43612.19,43659.15,35745.468,0.0208476278950486,1.0,0.0,1.0,1.0,2,2599.0,1299.5,2537.0,7.0,0.6861111111111113,0.33033182874098693,17.0,18522.0,2.0,0.4069444444444444,0.3178475483606051,34.0,111375.0,0.6666666666666667,0.42569444444444443,0.424824958400815,76.0,126998.0,0.5
2024-03-10 22:00:00,43656.94,44677.9,42863.32,44067.69,39417.8547,0.9357488636402732,1.0,0.0,1.0,1.0,0,0.0,1299.5,2537.0,7.0,0.6861111111111113,0.33033182874098693,16.0,18500.0,0.0,0.4069444444444444,0.3178475483606051,32.0,92558.0,0.0,0.4465277777777778,0.3953621758513755,74.0,126467.0,0.5
2024-03-10 23:00:00,44262.22,45469.81,43407.47,44758.32,23678.2865,1.5672026375786796,0.25,0.9574271077563381,-1.0,1.0,4,1647.0,411.75,905.0,6.25,0.5611111111111113,0.4899030133670433,18.0,19905.0,-0.75,0.42777777777777776,0.39763314067363326,34.0,93719.0,0.25,0.4152777777777778,0.4352549720078896,75.0,118565.0,-0.75
2024-03-11 00:00:00,44846.84,44860.7,44834.97,44853.02,29468.9347,0.2115807742560482,0.5555555555555556,0.5270462766947299,0.0,1.0,9,1730.0,192.22222222222223,418.0,5.555555555555555,0.6203703703703706,0.5032084602328386,22.0,21231.0,0.35555555555555557,0.5157407407407407,0.3826280986326484,41.0,92404.0,1.0555555555555556,0.4245370370370371,0.43315897232060224,81.0,119962.0,0.22222222222222227
2024-03-11 01:00:00,44754.25,45449.29,43172.4,44223.56,23492.5814,-1.403383763233779,0.6666666666666666,0.5773502691896258,0.0,1.0,3,398.0,132.66666666666666,324.0,5.333333333333333,0.6203703703703706,0.5032084602328386,22.0,20873.0,0.0,0.5212962962962963,0.3850970746063534,39.0,51338.0,0.06666666666666665,0.4356481481481482,0.4343934603074548,79.0,119878.0,0.2666666666666666
2024-03-11 02:00:00,44095.65,44512.75,43574.91,43870.57,38108.1796,-0.7981944465800583,0.0,0.5773502691896258,0.0,0.0,1,142.0,142.0,142.0,7.0,0.5787037037037039,0.43986232047171986,19.0,6516.0,-0.25,0.46574074074074073,0.38509707460635334,37.0,36372.0,-0.6666666666666666,0.42731481481481476,0.43981582171119094,75.0,119380.0,-0.2
2024-03-11 03:00:00,43936.34,44041.27,43725.13,43855.08,13394.4011,-0.0353084083475452,0.5,0.7071067811865476,0.0,1.0,2,579.0,289.5,572.0,6.5,0.4953703703703706,0.5577134506694778,19.0,4496.0,-0.5,0.5907407407407407,0.4440226397052324,36.0,23018.0,1.5,0.4314814814814815,0.4464568310312485,72.0,119412.0,0.09999999999999998
2024-03-11 04:00:00,43804.29,45104.24,42988.36,44377.56,29144.9123,1.1913785130479582,0.0,1.0,-1.0,1.0,5,1813.0,362.6,775.0,5.0,0.32870370370370394,0.7243801173361445,24.0,6309.0,-1.0,0.5074074074074074,0.5273559730385657,40.0,24809.0,-1.0,0.41064814814814815,0.4586607151484757,75.0,121105.0,-0.5
2024-03-11 05:00:00,44538.55,44792.42,44052.68,44333.07,17899.5202,-0.1002533712984643,0.3333333333333333,0.5773502691896258,0.0,1.0,3,409.0,136.33333333333334,192.0,5.333333333333333,0.3425925925925928,0.6610339775750258,23.0,5071.0,0.08333333333333331,0.4518518518518518,0.5754684954710346,41.0,24976.0,-0.6666666666666667,0.4245370370370371,0.4532541938152706,77.0,121464.0,0.3333333333333333
2024-03-11 06:00:00,44134.57,44696.39,43282.09,43790.58,16802.5724,-1.2236689225447184,1.0,0.5773502691896258,1.0,1.0,1,53.0,53.0,53.0,6.0,0.4166666666666669,0.6694179763241751,15.0,3394.0,0.4444444444444444,0.5185185185185185,0.5863132182785068,37.0,24625.0,0.8,0.4314814814814815,0.46030010959551076,72.0,120304.0,0.16666666666666663
2024-03-11 07:00:00,43962.75,46137.68,42588.95,44706.07,33818.967,2.090609441573954,0.0,0.5773502691896258,0.0,0.0,1,8.0,8.0,8.0,6.0,0.3055555555555558,0.6694179763241751,13.0,3004.0,-0.6666666666666666,0.46296296296296297,0.5863132182785068,35.0,23877.0,-0.6666666666666666,0.41064814814814815,0.46030010959551076,69.0,119384.0,-0.5
2024-03-11 08:00:00,44634.96,46132.3,43728.52,45222.79,35747.5641,1.1558162012451634,0.3333333333333333,0.5773502691896258,0.0,1.0,3,732.0,244.0,447.0,5.0,0.3611111111111114,0.669417976324175,15.0,3594.0,0.3333333333333333,0.46990740740740744,0.5546401483979474,34.0,10110.0,0.08333333333333331,0.41064814814814815,0.46030010959551076,69.0,119289.0,0.0
2024-03-11 09:00:00,45022.51,46085.55,43068.1,44318.73,37292.2209,-1.9991247775734244,0.8571428571428571,0.37796447300922725,0.0,1.0,7,87807.0,12543.857142857143,24600.0,5.857142857142857,0.4206349206349209,0.6145609249612883,20.0,90822.0,0.3571428571428571,0.4580026455026455,0.586137187815383,39.0,95318.0,-0.1428571428571429,0.432473544973545,0.4519923680879941,73.0,206693.0,0.5238095238095237
2024-03-11 10:00:00,44512.84,44620.58,44340.33,44447.85,20116.8432,0.2913440886054275,0.5,0.5773502691896257,0.0,1.0,4,1002.0,250.5,538.0,5.75,0.5039682539682543,0.5441193031595594,19.0,90011.0,0.5,0.4163359788359788,0.6342497102478518,43.0,96320.0,-0.5,0.41164021164021164,0.47604862930422853,75.0,188878.0,-0.5
2024-03-11 11:00:00,44395.09,45677.39,43825.63,44831.28,18484.5842,0.8626513993365226,0.5,0.7071067811865476,0.0,1.0,2,19312.0,9656.0,19200.0,7.5,0.531746031746032,0.5657453884923797,18.0,108914.0,0.16666666666666669,0.4371693121693121,0.6133896830337027,41.0,113985.0,0.25,0.432473544973545,0.505511411853668,75.0,207704.0,0.5
2024-03-11 12:00:00,45033.45,46078.64,43066.76,44286.87,22752.4777,-1.2143530142346926,-0.5,0.5773502691896257,-1.0,0.0,4,1132.0,283.0,765.0,6.0,0.28174603174603197,0.5657453884923797,21.0,109993.0,-1.5,0.34920634920634913,0.6175816824082773,36.0,113387.0,-1.0555555555555556,0.432473544973545,0.5001048905204629,77.0,205791.0,0.0
2024-03-11 13:00:00,44338.04,44761.75,43644.88,44092.76,33063.2376,-0.4383014649714467,1.0,0.0,1.0,1.0,3,16364.0,5454.666666666667,15800.0,5.666666666666667,0.4484126984126986,0.46952034362744194,23.0,126349.0,1.0,0.376984126984127,0.5694691599758085,36.0,129353.0,0.33333333333333337,0.4491402116402116,0.47728311729108097,75.0,180691.0,0.4
2024-03-11 14:00:00,43927.11,44222.55,43757.35,44047.36,33041.7027,-0.1029647497684416,0.2,0.447213595499958,0.0,1.0,5,1186.0,237.2,480.0,6.0,0.4261904761904764,0.44783089801249726,25.0,126803.0,-0.1333333333333333,0.3936507936507936,0.5586244371683362,40.0,130397.0,0.2,0.42969576719576724,0.4718607558873449,77.0,166769.0,-0.4666666666666666
2024-03-11 15:00:00,44020.89,44137.47,43868.18,43961.8,51991.5782,-0.1942454666976623,0.14285714285714285,0.8997354108424372,-1.0,1.0,7,15942.0,2277.4285714285716,15000.0,5.857142857142857,0.3071428571428574,0.5347927209846989,25.0,54938.0,-0.7142857142857142,0.3638888888888889,0.5746768229729936,45.0,145760.0,-0.35714285714285715,0.4773148148148148,0.509349731339113,81.0,168778.0,1.1428571428571428
2024-03-11 16:00:00,43767.75,45627.85,42470.7,44536.02,38325.0269,1.3061794558002493,-1.0,0.8997354108424372,-1.0,-1.0,1,42.0,42.0,42.0,5.0,0.057142857142857384,0.5885235779268342,22.0,53978.0,-1.5,0.2805555555555555,0.5663214405431968,41.0,143989.0,-1.0,0.3939814814814815,0.5468387067908813,81.0,168798.0,-2.0
2024-03-11 17:00:00,44393.42,45536.83,43498.28,44865.72,35234.277,0.7402996495870173,0.25,0.9574271077563381,-1.0,1.0,4,5947.0,1486.75,5200.0,5.75,0.015476190476190718,0.6302436323551327,24.0,40613.0,-0.25,0.2736111111111111,0.5979945104237561,42.0,149527.0,-0.08333333333333331,0.3627314814814815,0.5867315029473953,83.0,174503.0,-0.75
2024-03-11 18:00:00,44707.3,45179.71,44434.87,44918.23,30422.5457,0.1170381306708101,0.0,1.4142135623730951,-1.0,1.0,2,59.0,29.5,57.0,5.0,0.09880952380952406,0.7697208478857108,22.0,39540.0,0.5,0.19027777777777777,0.6677331181890452,43.0,149533.0,-1.0,0.3543981481481482,0.6270231682337761,80.0,174158.0,-0.2
2024-03-11 19:00:00,45080.19,45401.96,44824.65,45224.25,31080.5067,0.6812824102819581,0.3333333333333333,0.5773502691896258,0.0,1.0,3,1690.0,563.3333333333334,1378.0,5.666666666666667,-0.012301587301587064,0.8659458927506485,22.0,24866.0,-0.6666666666666667,0.21805555555555556,0.6677331181890452,45.0,151215.0,0.3333333333333333,0.3405092592592593,0.6270231682337761,80.0,175092.0,-0.3333333333333333
2024-03-11 20:00:00,45115.28,45878.1,43852.04,44677.57,45005.8965,-1.208820489007556,-0.5,0.7071067811865476,-1.0,0.0,2,686.0,343.0,476.0,6.0,-0.12896825396825373,0.9092614236984135,19.0,24366.0,-0.7,0.14861111111111108,0.6785461608554554,44.0,151169.0,-0.8333333333333333,0.30925925925925923,0.6165931546267015,78.0,161279.0,-0.75
2024-03-11 21:00:00,44722.51,45061.75,44035.66,44453.69,43273.0325,-0.5011015594626023,0.0,0.0,0.0,0.0,3,619.0,206.33333333333334,250.0,5.666666666666667,-0.15277777777777754,0.7593055218913406,15.0,9043.0,-0.14285714285714285,0.07718253968253964,0.6470491214380197,40.0,63981.0,-0.8571428571428571,0.2675925925925926,0.6165931546267015,79.0,159299.0,-1.0
2024-03-11 22:00:00,44376.25,44800.54,43797.9,44147.9,56723.4332,-0.6878844028470943,1.0,0.0,1.0,1.0,1,14.0,14.0,14.0,7.0,0.1805555555555558,0.6093496200842677,15.0,9015.0,2.0,0.11884920634920632,0.598936599005551,37.0,62993.0,0.5,0.2675925925925926,0.6165931546267015,80.0,159313.0,0.0
2024-03-11 23:00:00,43990.33,44549.04,43237.04,43685.11,25413.6171,-1.0482718317292528,-0.25,0.9574271077563381,-1.0,1.0,4,990.0,247.5,324.0,5.0,0.09722222222222247,0.6093496200842677,15.0,4058.0,-0.5,0.056349206349206316,0.6197966262197002,39.0,44671.0,-0.75,0.24675925925925926,0.6165931546267015,80.0,158656.0,-0.5
2024-03-12 00:00:00,43672.3,45903.58,42573.63,44499.46,22023.9835,1.8641363155546653,0.0,0.9574271077563381,0.0,0.0,1,22.0,22.0,22.0,5.0,0.09722222222222247,0.5332185443148082,14.0,4021.0,0.0,0.09801587301587299,0.6514696961002596,36.0,43561.0,0.5,0.2236111111111111,0.6345256892542686,72.0,156948.0,-0.5555555555555556
2024-03-12 01:00:00,44682.74,46113.54,42268.93,43834.73,32714.7955,-1.493793407830113,0.5,0.7071067811865476,0.0,1.0,2,187.0,93.5,158.0,5.0,0.12500000000000025,0.5548446296476285,13.0,2518.0,0.16666666666666669,0.056349206349206316,0.7103952611991385,35.0,27384.0,-0.5,0.21666666666666667,0.6399322105874735,71.0,156737.0,-0.16666666666666663
2024-03-12 02:00:00,43838.32,44192.0,43642.29,43981.21,23383.6047,0.3341642574278269,0.5,0.7071067811865476,0.0,1.0,0,0.0,93.5,158.0,5.0,0.2916666666666669,0.5548446296476285,11.0,1832.0,1.0,0.08134920634920632,0.7320530266730211,30.0,26198.0,0.3,0.23750000000000002,0.6453387319206786,70.0,156595.0,0.5
2024-03-12 03:00:00,44080.72,44499.69,43606.3,43871.06,20241.0411,-0.2504478617118555,0.25,0.5,0.0,1.0,4,1186.0,296.5,816.0,5.75,0.33333333333333365,0.6381779629809619,12.0,2399.0,0.25,0.09027777777777775,0.6987417424361512,27.0,11442.0,0.10714285714285715,0.22708333333333333,0.6367092827045725,72.0,157202.0,-0.25
2024-03-12 04:00:00,43750.23,43766.5,43740.21,43756.35,24950.5232,-0.261470773671757,-0.3333333333333333,0.5773502691896258,-1.0,0.0,3,459.0,153.0,266.0,5.666666666666667,0.11111111111111138,0.7344030078458995,14.0,2844.0,-1.3333333333333333,0.14583333333333331,0.6718763139650835,29.0,11859.0,0.6666666666666667,0.21319444444444446,0.6190988772541403,70.0,155848.0,-0.3333333333333333
2024-03-12 05:00:00,43908.44,44017.7,43831.52,43957.19,23723.3082,0.4589962371176037,-0.3333333333333333,0.5773502691896258,-1.0,0.0,3,847.0,282.3333333333333,349.0,5.0,0.09722222222222249,0.6710568680847807,13.0,2701.0,-0.08333333333333331,0.09722222222222221,0.6402032440845242,28.0,6759.0,-0.5833333333333333,0.18541666666666667,0.6190988772541403,70.0,156286.0,-0.6666666666666666
2024-03-12 06:00:00,43855.73,45290.68,43033.33,44445.17,24419.4991,1.110125556251429,-0.2,0.4472135954999579,-1.0,0.0,5,880.0,176.0,536.0,6.2,0.06388888888888915,0.5860212827087175,17.0,3559.0,-0.2,0.08055555555555553,0.5596199135117628,31.0,7580.0,-0.2,0.13541666666666666,0.6136765158504042,74.0,157113.0,-1.2
2024-03-12 07:00:00,44383.82,44524.89,44204.03,44305.39,21510.5462,-0.3144998657896858,0.5,0.7071067811865476,0.0,1.0,2,274.0,137.0,244.0,6.5,0.06388888888888915,0.5860212827087173,17.0,3646.0,0.0,0.09444444444444443,0.5704329561781729,30.0,6164.0,0.16666666666666669,0.15625,0.6190830371836092,75.0,157379.0,0.5
2024-03-12 08:00:00,44473.85,44837.89,43833.9,44228.14,36068.8453,-0.1743580182907766,0.0,0.0,0.0,0.0,2,99.0,49.5,82.0,5.5,-0.01944444444444418,0.46817015251095945,19.0,3745.0,-0.5,0.1361111111111111,0.5115073910792939,30.0,5577.0,0.5,0.14236111111111113,0.5950267759673747,74.0,156746.0,-0.3333333333333333
2024-03-12 09:00:00,44274.68,44413.41,44034.68,44184.3,24541.3252,-0.0991224139201829,0.3333333333333333,0.5773502691896258,0.0,1.0,3,21261.0,7087.0,20800.0,6.333333333333333,-0.0055555555555552956,0.48106186404256374,18.0,23820.0,0.08333333333333331,0.16388888888888886,0.5596199135117628,30.0,26219.0,0.3333333333333333,0.12053571428571429,0.6033345174748913,70.0,90200.0,-0.5238095238095237
2024-03-12 10:00:00,44200.92,45435.6,43385.75,44689.69,16376.1628,1.1438225795135315,0.5,0.7071067811865476,0.0,1.0,2,26461.0,13230.5,26200.0,6.0,0.1333333333333336,0.5026879493753841,17.0,49822.0,0.8333333333333333,0.12222222222222219,0.6185454786106418,31.0,52666.0,-0.5,0.12053571428571429,0.6087410388080964,68.0,115659.0,0.0
2024-03-12 11:00:00,44594.45,45014.57,43752.07,44262.39,36799.4507,-0.9561489462110884,0.0,0.0,0.0,0.0,4,619.0,154.75,300.0,6.25,0.18888888888888913,0.4064629045104464,18.0,49594.0,0.3333333333333333,0.14305555555555552,0.5387598862976136,31.0,52295.0,0.25,0.09970238095238095,0.5792782562586569,70.0,96966.0,-0.5
2024-03-12 12:00:00,44321.1,45732.45,43402.17,44804.45,12911.459,1.2246514478770676,0.0,0.0,0.0,0.0,2,453.0,226.5,297.0,6.5,0.22222222222222246,0.33192730526045344,15.0,49167.0,0.2,0.14305555555555552,0.4589742939845854,32.0,52726.0,0.0,0.12053571428571429,0.5552219950424225,68.0,96287.0,0.5
2024-03-12 13:00:00,44698.43,44985.73,44523.34,44796.02,12842.5928,-0.0188150953755683,-0.5,0.7071067811865476,-1.0,0.0,2,20062.0,10031.0,20000.0,8.5,0.05555555555555582,0.33192730526045344,15.0,68955.0,-1.0,0.0597222222222222,0.4589742939845854,32.0,72601.0,-1.0,0.05803571428571428,0.5846847775918621,67.0,99985.0,-1.5
2024-03-12 14:00:00,44765.3,45783.46,44320.9,45105.6,68175.9281,0.6910881814947034,0.6,0.5477225575051661,0.0,1.0,5,47020.0,9404.0,21000.0,6.4,0.1555555555555558,0.42321439817798107,18.0,115876.0,0.6,0.06805555555555552,0.4456922753444703,37.0,119621.0,0.09999999999999998,0.07470238095238095,0.5888726510087458,67.0,145819.0,0.39999999999999997
2024-03-12 15:00:00,45287.94,45689.43,44590.01,45024.13,48256.0134,-0.1806205881309641,0.4,0.8944271909999159,-1.0,1.0,5,13095.0,2619.0,12200.0,6.4,0.16666666666666696,0.4760605518130294,20.0,107710.0,0.06666666666666671,0.08055555555555553,0.4785612079277966,38.0,131530.0,0.15000000000000002,0.08541666666666665,0.588651475181974,65.0,142972.0,0.2571428571428572
2024-03-12 16:00:00,45203.07,47128.49,43983.43,45923.34,61576.142,1.99717351562374,0.2,0.8366600265340756,-1.0,1.0,5,596.0,119.2,191.0,4.8,0.11666666666666696,0.4976527593709507,23.0,81845.0,-0.3,0.12499999999999996,0.5001703543731674,40.0,131667.0,0.5333333333333333,0.13541666666666666,0.5860233341691256,69.0,143526.0,1.2
2024-03-12 17:00:00,46032.98,46449.37,45358.07,45765.91,48677.4675,-0.3428104314712188,0.5,1.0,-1.0,1.0,4,355.0,88.75,314.0,5.75,0.2000000000000003,0.6643194260376174,23.0,81581.0,0.5,0.19444444444444442,0.535391165274032,41.0,131175.0,0.8333333333333333,0.14583333333333334,0.5877972046792782,69.0,137934.0,0.25
2024-03-12 18:00:00,45669.48,45724.17,45571.33,45627.65,59913.6936,-0.3021025912081754,0.5,0.7071067811865476,0.0,1.0,2,540.0,270.0,423.0,6.0,0.2833333333333336,0.7821705562353753,23.0,81668.0,0.5,0.2527777777777777,0.5570489307479144,38.0,130835.0,0.7,0.16666666666666666,0.5583344221298386,69.0,138415.0,0.5
2024-03-12 19:00:00,45826.87,47289.04,43786.11,45063.93,47672.73,-1.2354789256076135,1.0,0.0,1.0,1.0,3,890.0,296.6666666666667,722.0,6.333333333333333,0.5333333333333337,0.6643194260376174,24.0,62496.0,1.5,0.2944444444444444,0.4981233656490354,39.0,131451.0,0.5,0.19444444444444442,0.5342781609136042,69.0,137615.0,0.6666666666666667
2024-03-12 20:00:00,45009.57,45187.25,44714.31,44899.0,53774.5594,-0.3659911596702758,0.0,0.0,0.0,0.0,2,208.0,104.0,207.0,5.5,0.4333333333333336,0.5730323331200898,21.0,15684.0,-0.6,0.2944444444444444,0.4981233656490354,39.0,131560.0,0.0,0.21527777777777776,0.5048153783641648,69.0,137137.0,0.5
2024-03-12 21:00:00,44808.01,45278.25,43977.1,44523.24,54368.2677,-0.8369005991224809,0.0,0.0,0.0,0.0,5,799.0,159.8,418.0,4.8,0.366666666666667,0.42396113462010376,21.0,3388.0,-0.4,0.26666666666666666,0.4500108432165666,41.0,111098.0,-0.3333333333333333,0.21527777777777776,0.5048153783641648,71.0,137317.0,0.0
2024-03-12 22:00:00,44490.6,44949.39,43751.82,44175.25,36481.0279,-0.7815918158696422,0.0,0.0,0.0,0.0,0,0.0,159.8,418.0,4.8,0.33333333333333365,0.2845177968644245,16.0,2792.0,-0.2,0.22499999999999998,0.3910852781176876,39.0,84637.0,-0.5,0.17361111111111108,0.5048153783641648,70.0,137303.0,-1.0
2024-03-12 23:00:00,44278.9,46331.14,42879.3,45145.36,31934.105,2.1960486924239357,0.6666666666666666,0.5773502691896258,0.0,1.0,3,281.0,93.66666666666667,158.0,5.666666666666667,0.3611111111111114,0.2140761750626955,15.0,2718.0,0.16666666666666663,0.2805555555555555,0.43919780055015645,38.0,84299.0,0.6666666666666666,0.21180555555555555,0.4889788434238851,69.0,136594.0,0.9166666666666666
2024-03-13 00:00:00,44964.54,45465.73,44028.18,44577.47,29509.8681,-1.2579144346174242,1.0,0.5773502691896258,1.0,1.0,1,1040.0,1040.0,1040.0,5.0,0.4444444444444447,0.1924500897298752,14.0,3218.0,0.5,0.3638888888888889,0.4873103229826253,37.0,84886.0,1.0,0.2534722222222222,0.47314230848360544,69.0,137612.0,1.0
2024-03-13 01:00:00,44483.18,46706.16,43143.33,45226.39,40384.0913,1.4557129419861647,0.25,0.5,0.0,1.0,4,677.0,169.25,344.0,5.5,0.3194444444444447,0.2757834230632085,15.0,3005.0,-0.75,0.4263888888888889,0.47005142455041304,39.0,65501.0,0.75,0.24305555555555555,0.46451285926749936,71.0,138102.0,-0.25
2024-03-13 02:00:00,45064.03,46052.74,43582.36,44535.6,19997.6712,-1.5274046856271315,0.0,0.0,0.0,0.0,2,396.0,198.0,225.0,7.0,0.3194444444444447,0.2757834230632085,15.0,3193.0,0.0,0.37638888888888883,0.42440787809164915,36.0,18877.0,-0.6,0.2222222222222222,0.43505007671805984,73.0,138498.0,-0.5
2024-03-13 03:00:00,44740.4,44942.78,44654.48,44811.68,22922.4612,0.6199085675280047,0.0,0.0,0.0,0.0,2,103.0,51.5,60.0,6.5,0.3194444444444447,0.2757834230632085,12.0,2497.0,0.0,0.3430555555555555,0.34987227884165617,33.0,5885.0,-0.4,0.21180555555555555,0.4142167433847265,71.0,137415.0,-0.25
2024-03-13 04:00:00,44678.65,46776.49,43268.74,45468.22,33364.9317,1.4651090965569713,0.0,0.0,0.0,0.0,1,159.0,159.0,159.0,5.0,0.3194444444444447,0.2757834230632085,13.0,2656.0,0.0,0.32638888888888884,0.2801506099638165,29.0,5448.0,-0.2,0.22569444444444445,0.3901604821684921,69.0,137115.0,0.3333333333333333
2024-03-13 05:00:00,45374.98,46625.61,43337.34,44666.43,25302.0582,-1.7634074964887558,0.5,0.7071067811865476,0.0,1.0,2,1119.0,559.5,1043.0,6.5,0.29166666666666696,0.2974095083960288,12.0,3494.0,-0.16666666666666663,0.32638888888888884,0.2557428417293622,27.0,6212.0,0.0,0.2604166666666667,0.3955670035016971,68.0,137387.0,0.8333333333333333
2024-03-13 06:00:00,44560.6,46506.09,43400.68,45210.29,17410.8358,1.217603466406425,-0.3333333333333333,0.5773502691896258,-1.0,0.0,3,1029.0,343.0,432.0,5.333333333333333,0.06944444444444474,0.2974095083960288,14.0,3483.0,-1.3333333333333333,0.25694444444444436,0.244929799062952,28.0,6701.0,-0.8333333333333333,0.25486111111111115,0.40098936490543324,66.0,137536.0,-0.1333333333333333
2024-03-13 07:00:00,45019.99,46489.41,44247.9,45548.2,23541.7528,0.7474183421517511,0.5,0.5345224838248488,0.0,1.0,8,1001.0,125.125,265.0,6.125,0.11111111111111142,0.3031632557001703,18.0,3807.0,0.25,0.21527777777777776,0.2894733393816894,33.0,6812.0,-0.5,0.25486111111111115,0.3937983525153625,72.0,138263.0,0.0
2024-03-13 08:00:00,45607.7,45673.81,45566.33,45631.13,24881.1326,0.1820708611975918,0.6,0.5477225575051661,0.0,1.0,5,5056.0,1011.2,4660.0,5.2,0.2111111111111114,0.39445034861769795,21.0,8467.0,0.6,0.2652777777777777,0.33511688584045324,36.0,11660.0,0.6,0.2798611111111111,0.41662012574474444,75.0,143220.0,0.6
2024-03-13 09:00:00,45600.73,47836.84,44454.01,46389.38,38474.3917,1.661694549313153,0.6,0.5477225575051661,0.0,1.0,0,0.0,1011.2,4660.0,5.2,0.3111111111111114,0.48573744153522563,19.0,8364.0,0.6,0.3152777777777777,0.3807604322992171,31.0,10861.0,0.6,0.2909722222222222,0.41538563775789195,72.0,121959.0,0.26666666666666666
2024-03-13 10:00:00,46564.53,48041.46,44656.21,45699.62,18678.7508,-1.4868920429632726,0.3333333333333333,0.816496580927726,-1.0,1.0,6,37761.0,6293.5,21000.0,6.333333333333333,0.366666666666667,0.6218202050231799,24.0,45966.0,0.3333333333333333,0.3430555555555555,0.44880181404319425,37.0,48622.0,0.3333333333333333,0.28402777777777777,0.41994354608044104,76.0,133259.0,-0.16666666666666669
2024-03-13 11:00:00,45902.14,46669.91,45481.65,46220.42,35679.6641,1.1396156029306104,0.3333333333333333,0.5773502691896258,0.0,1.0,3,48828.0,16276.0,26200.0,6.333333333333333,0.3388888888888892,0.6001941196903597,25.0,93675.0,-0.16666666666666669,0.3152777777777777,0.44880181404319436,37.0,97169.0,-0.3333333333333333,0.29791666666666666,0.4439998072966755,75.0,181468.0,0.3333333333333333
2024-03-13 12:00:00,46119.94,47176.86,44473.59,45563.86,38710.0818,-1.420497693443712,0.25,0.5,0.0,1.0,4,559.0,139.75,307.0,6.25,0.4361111111111114,0.5873024081587555,26.0,93205.0,0.5833333333333333,0.2527777777777777,0.44235595827739216,40.0,96688.0,-0.75,0.3083333333333333,0.4648331406300088,77.0,181574.0,0.25
2024-03-13 13:00:00,45337.5,46629.38,43480.07,44552.73,19795.5291,-2.219149123888975,0.0,0.0,0.0,0.0,3,1323.0,441.0,698.0,6.333333333333333,0.352777777777778,0.4982153275212806,21.0,93527.0,-0.5,0.2319444444444444,0.4006892916107255,39.0,97334.0,-0.25,0.32916666666666666,0.4353703580805693,78.0,162835.0,0.5
2024-03-13 14:00:00,44447.17,44801.99,43870.37,44234.34,47296.423,-0.7146363421500879,0.3333333333333333,0.816496580927726,-1.0,1.0,6,28350.0,4725.0,26200.0,5.666666666666667,0.3083333333333336,0.5430109980917072,22.0,116821.0,-0.26666666666666666,0.2597222222222222,0.4687306733547026,43.0,125288.0,0.3333333333333333,0.31805555555555554,0.446569275723176,79.0,144165.0,-0.26666666666666666
2024-03-13 15:00:00,44092.82,44581.3,43234.78,43740.25,50641.5724,-1.1169828689655992,0.5714285714285714,0.5345224838248488,0.0,1.0,7,9344.0,1334.857142857143,8400.0,5.285714285714286,0.3035714285714289,0.5408109858116544,29.0,126165.0,-0.02857142857142858,0.3073412698412698,0.51327421367344,48.0,134529.0,0.5714285714285714,0.32519841269841265,0.4315732462575481,81.0,140414.0,0.17142857142857137
2024-03-13 16:00:00,43693.1,44088.82,43124.48,43443.4,35380.2093,-0.6786655311755152,0.0,0.5345224838248488,0.0,0.0,1,326.0,326.0,326.0,4.0,0.24801587301587333,0.49381530296117476,24.0,88730.0,-0.3333333333333333,0.3073412698412698,0.5578177539921775,48.0,134696.0,0.0,0.31686507936507935,0.4189841819779971,77.0,140144.0,-0.2
2024-03-13 17:00:00,43554.16,44286.3,42642.35,43183.56,47753.1355,-0.5981115658535097,0.3333333333333333,0.816496580927726,-1.0,1.0,6,1084.0,180.66666666666666,632.0,5.666666666666667,0.24801587301587327,0.5336730215841915,27.0,40986.0,0.0,0.2934523809523809,0.5669335706372757,52.0,134661.0,-0.16666666666666669,0.30992063492063493,0.411338206183319,79.0,140873.0,-0.16666666666666669
2024-03-13 18:00:00,43168.33,43571.98,42306.03,42855.63,58877.0741,-0.7593862108635774,0.0,1.4142135623730951,-1.0,1.0,2,5280.0,2640.0,5180.0,6.5,0.20634920634920664,0.6860419486463739,25.0,45707.0,-0.25,0.3212301587301587,0.6366721784025647,51.0,138912.0,0.3333333333333333,0.2890873015873016,0.4408009887327584,79.0,145613.0,-0.5
2024-03-13 19:00:00,42848.66,44202.06,42049.79,43370.94,36361.5927,1.2024324458653537,0.0,0.0,0.0,0.0,3,342.0,114.0,257.0,6.0,0.20634920634920664,0.6860419486463739,25.0,44726.0,0.0,0.279563492063492,0.5921286380838273,46.0,138253.0,-0.5,0.24742063492063493,0.4408009887327584,79.0,145065.0,-1.0
2024-03-13 20:00:00,43374.19,45285.61,42529.72,44050.5,57374.375,1.5668555950136165,0.5,0.7071067811865476,0.0,1.0,2,786.0,393.0,408.0,5.0,0.2341269841269844,0.6678103153561777,21.0,17162.0,0.16666666666666669,0.2712301587301587,0.6054106567239425,43.0,133983.0,-0.09999999999999998,0.26825396825396824,0.47026377128219793,79.0,145643.0,0.5
2024-03-13 21:00:00,43970.16,44266.96,43488.93,43779.12,56692.1129,-0.6160656519222152,0.0,1.0,-1.0,1.0,3,575.0,191.66666666666666,417.0,5.0,0.13888888888888917,0.7453899013853694,17.0,8393.0,-0.5714285714285714,0.2212301587301587,0.643100443598512,46.0,134558.0,-0.6,0.26825396825396824,0.5119304379488646,77.0,145419.0,0.0
2024-03-13 22:00:00,43879.02,44400.42,43191.21,43597.91,44088.7568,-0.4139187813734013,0.0,0.0,0.0,0.0,2,386.0,193.0,204.0,7.0,0.13888888888888917,0.6563028207478947,18.0,8453.0,0.0,0.1934523809523809,0.5750590618545348,42.0,97183.0,-0.3333333333333333,0.26825396825396824,0.5119304379488646,79.0,145805.0,0.0
2024-03-13 23:00:00,43452.53,44320.75,41941.86,42941.87,26352.0672,-1.5047510304966427,-0.5,0.7071067811865476,-1.0,0.0,2,373.0,186.5,269.0,5.0,2.9605947323337506e-16,0.6380711874576983,14.0,7742.0,-0.8333333333333333,0.12400793650793647,0.5858721045209448,41.0,48728.0,-0.8333333333333333,0.21964285714285714,0.5173369592820697,78.0,145897.0,-1.1666666666666665
2024-03-14 00:00:00,42986.94,44454.48,40640.97,42161.46,21081.1524,-1.817363799014815,0.0,0.7071067811865476,0.0,0.0,1,120.0,120.0,120.0,5.0,2.868076146948321e-16,0.5202200572599404,13.0,2582.0,0.0,0.10317460317460314,0.6031310029531572,38.0,48289.0,-0.25,0.17797619047619048,0.5227434806152748,78.0,144977.0,-1.0
2024-03-14 01:00:00,42335.26,43529.25,41556.26,42787.13,24740.9195,1.4839856115039574,0.0,0.0,0.0,0.0,2,510.0,255.0,386.0,5.0,2.868076146948321e-16,0.5202200572599404,12.0,2750.0,0.0,0.10317460317460314,0.6031310029531572,37.0,47476.0,0.0,0.1675595238095238,0.5019101472819414,76.0,144810.0,-0.25
2024-03-14 02:00:00,42658.1,43611.27,40967.94,42072.82,24515.758,-1.6694506034875434,0.0,0.0,0.0,0.0,1,193.0,193.0,193.0,5.0,-0.08333333333333305,0.40236892706218247,11.0,2157.0,-0.5,0.07539682539682535,0.5350896212091801,32.0,19319.0,-0.3333333333333333,0.1675595238095238,0.5019101472819414,75.0,144607.0,0.0
2024-03-14 03:00:00,42245.59,42636.39,41452.14,41960.86,25905.6336,-0.2661100444419917,1.0,0.0,1.0,1.0,1,223.0,223.0,223.0,7.0,0.08333333333333363,0.2357022603955158,9.0,1805.0,1.0,0.11111111111111106,0.49054608089044266,26.0,10198.0,0.4285714285714286,0.20922619047619048,0.5019101472819414,74.0,144727.0,1.0
2024-03-14 04:00:00,41759.46,43438.02,40642.62,42495.02,22613.3535,1.2729958346897383,1.0,0.0,1.0,1.0,1,440.0,440.0,440.0,7.0,0.2500000000000003,0.2357022603955158,8.0,1859.0,1.0,0.19444444444444442,0.44600254057170524,26.0,10312.0,1.0,0.25089285714285714,0.5019101472819414,74.0,145008.0,1.0
2024-03-14 05:00:00,42410.65,43243.31,41312.38,41952.63,17261.0692,-1.2763613242210536,0.5,0.7071067811865476,0.0,1.0,2,440.0,220.0,234.0,5.5,0.41666666666666696,0.2357022603955158,8.0,1926.0,1.0,0.2083333333333333,0.43688672392660705,22.0,9668.0,0.16666666666666669,0.25089285714285714,0.5019101472819415,74.0,144329.0,0.0
2024-03-14 06:00:00,42071.8,42674.1,41603.42,42333.11,16086.8617,0.9069276467291942,1.0,0.7071067811865476,1.0,1.0,1,794.0,794.0,794.0,6.0,0.5833333333333336,0.2357022603955158,8.0,2600.0,1.0,0.29166666666666663,0.37796115882772807,21.0,5182.0,1.0,0.30644841269841266,0.5073166686151466,72.0,144094.0,1.3333333333333333
2024-03-14 07:00:00,42152.72,43205.05,41578.87,42527.23,18570.9784,0.4585536002434054,0.0,0.0,0.0,0.0,2,26382.0,13191.0,26200.0,7.0,0.5833333333333336,0.2357022603955158,8.0,28472.0,0.0,0.29166666666666663,0.37796115882772807,20.0,31222.0,0.0,0.28561507936507935,0.48504489845577775,66.0,169475.0,-0.5
2024-03-14 08:00:00,42571.83,43632.28,40891.61,41978.97,21576.9493,-1.2891975329688776,0.0,0.0,0.0,0.0,2,452.0,226.0,380.0,5.5,0.5833333333333336,0.2357022603955158,9.0,28731.0,0.0,0.24999999999999997,0.3190355937288491,20.0,30888.0,-0.5,0.2606150793650794,0.4622231252263959,63.0,164871.0,-0.6
2024-03-14 09:00:00,41900.13,42375.75,41244.63,41604.69,17569.3102,-0.8915892886366628,0.25,0.5,0.0,1.0,4,14305.0,3576.25,13700.0,5.25,0.45833333333333365,0.31903559372884915,12.0,42813.0,-0.75,0.2708333333333333,0.27736892706218247,21.0,44618.0,0.25,0.24603174603174605,0.4602346853303472,67.0,179176.0,-0.35
2024-03-14 10:00:00,41506.62,42174.31,41135.35,41765.7,21199.8834,0.3869996387426466,0.0,1.0,-1.0,1.0,3,203.0,67.66666666666667,131.0,5.333333333333333,0.29166666666666696,0.48570226039551584,14.0,42576.0,-1.0,0.2708333333333333,0.36070226039551584,22.0,44435.0,0.0,0.23214285714285712,0.4678806611250253,64.0,141618.0,-0.3333333333333333
2024-03-14 11:00:00,41791.18,41844.79,41718.07,41763.34,14189.6755,-0.005650569725879,-0.5,0.5773502691896257,-1.0,0.0,4,31377.0,7844.25,16700.0,6.0,0.1250000000000003,0.46407617506269555,16.0,73513.0,-1.0,0.2708333333333333,0.3498892177291057,24.0,75439.0,0.0,0.1974206349206349,0.4678806611250253,65.0,124167.0,-0.8333333333333333
2024-03-14 12:00:00,41762.1,42028.28,41293.55,41584.44,14532.3924,-0.4283661220582324,0.5,0.7071067811865476,0.0,1.0,2,1768.0,884.0,921.0,4.5,0.04166666666666696,0.46407617506269544,17.0,74487.0,-0.5,0.31249999999999994,0.3498892177291057,25.0,77087.0,0.5,0.2078373015873016,0.4765101103411315,63.0,125376.0,0.25
2024-03-14 13:00:00,41782.05,42019.77,41353.86,41610.49,27926.802,0.0626436234322236,0.7142857142857143,0.4879500364742666,0.0,1.0,7,26582.0,3797.4285714285716,22400.0,6.0,0.160714285714286,0.54540118114174,22.0,74687.0,0.7142857142857143,0.3720238095238095,0.3905517207686278,30.0,103159.0,0.7142857142857143,0.23759920634920637,0.4968413618608926,67.0,150635.0,0.7142857142857143
2024-03-14 14:00:00,41540.77,43074.54,40884.01,42055.34,39928.5417,1.0690813782774369,0.0,1.0,-1.0,1.0,3,307.0,102.33333333333333,199.0,5.666666666666667,0.160714285714286,0.7120678478084067,23.0,74542.0,0.0,0.3720238095238095,0.47388505410196125,32.0,103273.0,0.0,0.22371031746031747,0.5044873376555706,64.0,122592.0,-0.3333333333333333
2024-03-14 15:00:00,42051.06,42603.28,40918.4,41630.49,50107.5958,-1.0102165384942796,1.0,0.0,1.0,1.0,3,43027.0,14342.333333333334,24400.0,7.0,0.28571428571428603,0.6287345144750733,22.0,103264.0,0.75,0.3720238095238095,0.47388505410196125,34.0,146077.0,0.0,0.24156746031746032,0.48221556749620204,60.0,156275.0,0.4285714285714286
2024-03-14 16:00:00,41658.23,42466.99,40587.45,41212.37,39221.9728,-1.0043600255485674,0.14285714285714285,0.37796447300922725,0.0,1.0,7,430.0,61.42857142857143,146.0,6.0,0.3095238095238098,0.5250619266432778,26.0,103491.0,0.14285714285714285,0.3005952380952381,0.5053820935193968,40.0,146067.0,-0.8571428571428572,0.24751984126984125,0.4756923170455511,66.0,156379.0,0.14285714285714285
2024-03-14 17:00:00,41068.38,41553.02,40327.67,40775.06,29875.1255,-1.0611134472489847,-0.25,0.5,-1.0,0.0,4,1311.0,327.75,938.0,6.0,0.3511904761904765,0.5121702151116735,26.0,73425.0,0.25,0.23809523809523805,0.4881231950871845,42.0,146938.0,-0.75,0.2232142857142857,0.4625049595068958,64.0,156606.0,-0.5833333333333333
2024-03-14 18:00:00,40879.05,42149.5,40180.13,41360.93,52062.3372,1.4368341824634978,0.0,0.5345224838248488,-1.0,1.0,8,12173.0,1521.625,10300.0,5.875,0.2678571428571432,0.4834061655513904,32.0,83830.0,-0.5,0.15476190476190474,0.47374117030704294,49.0,158317.0,-1.0,0.2232142857142857,0.42585116456738564,70.0,163499.0,0.0
2024-03-14 19:00:00,41447.32,41516.39,41399.61,41471.25,25965.4239,0.2667251437528106,0.5,0.5773502691896257,0.0,1.0,4,1439.0,359.75,930.0,5.75,0.23214285714285743,0.4983062043372836,29.0,58687.0,-0.2142857142857143,0.1964285714285714,0.5218536927395118,51.0,133374.0,0.5,0.24404761904761904,0.44990742578362,71.0,164596.0,0.5
2024-03-14 20:00:00,41553.88,41926.95,41072.51,41347.25,49793.0409,-0.2990023208849557,0.0,1.0,-1.0,1.0,3,347.0,115.66666666666667,210.0,5.0,0.23214285714285743,0.4983062043372836,29.0,58727.0,0.0,0.1964285714285714,0.6051870260728451,52.0,133269.0,0.0,0.2232142857142857,0.4621113099008472,72.0,164157.0,-0.5
2024-03-14 21:00:00,41321.45,43061.85,40120.74,42101.46,41626.4133,1.824087454425616,0.5,0.7071067811865476,0.0,1.0,2,805.0,402.5,661.0,6.0,0.1488095238095241,0.6161573345350415,28.0,16505.0,-0.5,0.21726190476190474,0.6224459245050574,50.0,119769.0,0.25,0.24404761904761904,0.44990742578362,71.0,164387.0,0.5
2024-03-14 22:00:00,42096.07,43201.95,41458.98,42515.33,39542.5286,0.9830300421885596,0.4,0.5477225575051662,0.0,1.0,5,965.0,193.0,378.0,5.8,0.19166666666666696,0.644450348617698,26.0,17040.0,0.2571428571428572,0.25059523809523804,0.5847561376304878,52.0,120531.0,0.4,0.26071428571428573,0.472729199013002,74.0,164966.0,0.4
2024-03-14 23:00:00,42427.84,44391.01,41269.15,43143.97,28266.6192,1.4786195943910174,0.0,0.8944271909999159,-1.0,1.0,6,1589.0,264.8333333333333,1170.0,6.0,0.23333333333333361,0.7101882137843507,28.0,17318.0,0.25,0.2922619047619047,0.611179214448012,54.0,90743.0,0.5,0.28154761904761905,0.4805342160885589,78.0,166182.0,0.5
2024-03-15 00:00:00,43208.78,44211.64,41744.35,42589.2,32977.0909,-1.285857560164272,0.5,0.5773502691896257,0.0,1.0,4,1101.0,275.25,419.0,5.5,0.31666666666666693,0.7173261780118135,24.0,6246.0,0.5,0.2922619047619047,0.6003661717816019,56.0,90076.0,0.0,0.30238095238095236,0.4751276947553538,81.0,167163.0,0.5
2024-03-15 01:00:00,42597.45,43263.05,41347.5,42173.59,39094.2722,-0.9758577291895664,0.0,0.816496580927726,-1.0,1.0,4,1787.0,446.75,827.0,6.5,0.23333333333333361,0.7571838966348302,24.0,6594.0,-0.5,0.2327380952380952,0.6277450504860569,53.0,65281.0,-0.7142857142857143,0.30238095238095236,0.5091483856273424,83.0,168440.0,0.0
2024-03-15 02:00:00,42322.21,43321.98,40554.47,41704.88,15813.6774,-1.111382739766753,0.0,0.0,0.0,0.0,3,250.0,83.33333333333333,132.0,5.333333333333333,0.23333333333333361,0.5905172299681635,24.0,6497.0,0.0,0.2327380952380952,0.5444117171527235,53.0,65224.0,0.0,0.30238095238095236,0.5091483856273424,85.0,168497.0,0.0
2024-03-15 03:00:00,41559.06,42985.25,39796.12,40839.34,23035.7874,-2.075392615924088,0.0,0.0,0.0,0.0,1,26.0,26.0,26.0,5.0,0.1500000000000003,0.4726660997704056,23.0,5718.0,-0.5,0.14940476190476185,0.5444117171527235,51.0,22223.0,-1.0,0.26071428571428573,0.5091483856273424,85.0,168300.0,-1.0
2024-03-15 04:00:00,40854.75,41199.59,40143.75,40578.63,16939.4206,-0.6383795624512967,-1.0,0.0,-1.0,-1.0,1,184.0,184.0,184.0,5.0,-0.08333333333333304,0.3813790068528779,19.0,4937.0,-1.4,0.054166666666666634,0.5129146777352879,45.0,21977.0,-1.1428571428571428,0.1773809523809524,0.5091483856273424,85.0,168044.0,-2.0
2024-03-15 05:00:00,40602.63,41360.42,39293.44,40157.68,25246.9256,-1.0373686839599938,1.0,0.0,1.0,1.0,1,32.0,32.0,32.0,8.0,0.08333333333333363,0.23230780835289191,14.0,3380.0,1.0,0.1583333333333333,0.47124801106862124,42.0,20698.0,1.25,0.1982142857142857,0.4796856030779029,84.0,167636.0,0.5
2024-03-15 06:00:00,40305.5,40638.41,40074.04,40441.68,19728.4888,0.7072121696273248,0.7142857142857143,0.4879500364742666,0.0,1.0,7,1645.0,235.0,489.0,6.428571428571429,0.11904761904761935,0.21740776956699873,17.0,3924.0,0.2142857142857143,0.21785714285714283,0.4673669737894061,41.0,10170.0,0.7142857142857143,0.1863095238095238,0.47055407204822464,90.0,168487.0,-0.2857142857142857
2024-03-15 07:00:00,40458.27,41041.65,40117.33,40716.18,26460.5387,0.6787551852445395,0.6666666666666666,0.5773502691896258,0.0,1.0,3,21624.0,7208.0,21000.0,5.666666666666667,0.23015873015873045,0.17755005094398202,16.0,23761.0,0.6666666666666666,0.23174603174603173,0.467366973789406,40.0,30355.0,0.16666666666666663,0.21408730158730158,0.49461033326445897,91.0,163729.0,0.6666666666666666
2024-03-15 08:00:00,40619.66,41806.95,38894.55,39973.52,30402.6318,-1.8239923293393523,-0.25,0.5,-1.0,0.0,4,820.0,205.0,511.0,5.5,0.1884920634920638,0.26088338427731533,17.0,24331.0,-0.25,0.2109126984126984,0.4257003071227394,41.0,30828.0,-0.25,0.2036706349206349,0.5154436665977923,93.0,164097.0,-0.25
2024-03-15 09:00:00,40082.24,40440.12,39809.47,40230.01,34773.7499,0.6416497721491776,-0.3333333333333333,0.5773502691896258,-1.0,0.0,3,17927.0,5975.666666666667,17600.0,7.0,0.13293650793650824,0.35710842914225305,19.0,42232.0,-0.3333333333333333,0.14146825396825394,0.4148872644563293,42.0,47950.0,-0.8333333333333333,0.17936507936507937,0.5186665944806933,92.0,167719.0,-0.5833333333333333
2024-03-15 10:00:00,40219.31,41194.68,38622.12,39685.36,20998.7231,-1.3538400810738094,0.3333333333333333,0.5773502691896258,0.0,1.0,3,21259.0,7086.333333333333,21000.0,5.333333333333333,0.35515873015873045,0.45333347400719065,21.0,63307.0,1.3333333333333333,0.1359126984126984,0.4173562404300342,40.0,68244.0,-0.06666666666666671,0.19325396825396823,0.5010561890302611,92.0,188775.0,0.3333333333333333
2024-03-15 11:00:00,39545.07,40552.27,38241.5,39014.88,27107.0086,-1.6894895246005182,0.5,0.5773502691896257,0.0,1.0,4,525.0,131.25,215.0,6.0,0.27182539682539714,0.5495585188721283,24.0,63800.0,-0.5,0.17757936507936503,0.39093316361251,38.0,67180.0,0.5,0.2349206349206349,0.5010561890302612,92.0,157923.0,1.0
2024-03-15 12:00:00,39019.45,39182.47,38787.72,38925.31,19429.5831,-0.2295790734201941,0.0,0.5773502691896257,-1.0,1.0,7,15745.0,2249.285714285714,12000.0,6.0,0.15277777777777807,0.5644585576580214,24.0,77900.0,-0.7142857142857143,0.13591269841269837,0.3909331636125101,41.0,81824.0,-0.5,0.21408730158730158,0.4956496676970561,97.0,171900.0,-0.5
2024-03-15 13:00:00,38948.72,39237.05,38455.65,38757.58,21408.4038,-0.4309021559494197,1.0,0.0,1.0,1.0,3,21695.0,7231.666666666667,21000.0,7.666666666666667,0.20833333333333362,0.46823351279308384,24.0,77971.0,0.33333333333333337,0.21924603174603172,0.3228917818685329,40.0,101732.0,1.0,0.2259920634920635,0.475318416177295,93.0,167013.0,0.2857142857142857
2024-03-15 14:00:00,38769.47,40477.61,37601.92,39363.86,74963.5641,1.5642875535572642,0.0,0.0,0.0,0.0,4,558.0,139.5,390.0,6.25,0.2500000000000003,0.38490017945975047,24.0,77709.0,0.25,0.21924603174603172,0.3228917818685329,41.0,102040.0,0.0,0.2259920634920635,0.4336517495106283,94.0,167264.0,0.0
2024-03-15 15:00:00,39447.05,40867.34,38593.25,39983.34,64427.1551,1.57372777974516,0.7142857142857143,0.4879500364742666,0.0,1.0,7,43963.0,6280.428571428572,22600.0,6.428571428571429,0.42460317460317487,0.3700001406738573,28.0,103745.0,1.0476190476190477,0.2787698412698412,0.3635542849080551,47.0,145977.0,0.7142857142857143,0.21408730158730158,0.45398300103038935,98.0,168200.0,-0.2857142857142857
2024-03-15 16:00:00,40006.49,40159.31,39777.02,39903.14,39669.6046,-0.2005835430456737,0.6666666666666666,0.5773502691896258,0.0,1.0,3,1942.0,647.3333333333334,885.0,5.666666666666667,0.4801587301587305,0.3700001406738573,28.0,84428.0,0.3333333333333333,0.41765873015873006,0.4116668073405239,49.0,147735.0,1.6666666666666665,0.23591269841269843,0.462290742537906,94.0,169712.0,0.5238095238095237
2024-03-15 17:00:00,39970.99,40837.18,39369.0,40336.31,75150.1888,1.0855536682075506,0.0,0.0,0.0,0.0,2,656.0,328.0,544.0,5.0,0.3968253968253972,0.2737750958089197,26.0,84559.0,-0.5,0.33432539682539675,0.4116668073405239,50.0,148359.0,-1.0,0.2463293650793651,0.44145740920457266,92.0,169057.0,0.25
2024-03-15 18:00:00,40288.9,41219.06,39146.42,39771.6,47429.708,-1.4000041153987564,0.2857142857142857,0.7559289460184544,-1.0,1.0,7,1054.0,150.57142857142858,442.0,5.714285714285714,0.4444444444444448,0.30353820861372444,26.0,69868.0,0.2857142857142857,0.29861111111111105,0.4339983831358729,50.0,147768.0,-0.4285714285714286,0.258234126984127,0.4506826784626396,91.0,157938.0,0.2857142857142857
2024-03-15 19:00:00,39574.97,39957.75,38826.07,39274.82,42348.5473,-1.249082259702905,0.5,0.5773502691896257,0.0,1.0,4,713.0,178.25,367.0,5.5,0.3611111111111114,0.3997632534786621,27.0,48886.0,-0.5,0.28472222222222215,0.4339983831358729,51.0,126857.0,-0.16666666666666663,0.258234126984127,0.4506826784626395,91.0,157212.0,0.0
2024-03-15 20:00:00,39316.76,40358.45,37421.86,38583.15,34813.5754,-1.7611029153029811,1.0,0.5773502691896257,1.0,1.0,1,15.0,15.0,15.0,6.0,0.527777777777778,0.4959882983435997,24.0,48343.0,1.0,0.38888888888888884,0.440444238901675,48.0,126052.0,1.25,0.29990079365079364,0.43307227301220735,89.0,156880.0,1.0
2024-03-15 21:00:00,38487.86,39061.98,38129.41,38680.72,66533.8671,0.2528824111043271,0.0,1.0,-1.0,1.0,3,5316.0,1772.0,5200.0,4.666666666666667,0.408730158730159,0.5813299589312219,20.0,9696.0,-0.7142857142857143,0.4166666666666666,0.4756650498025396,48.0,113441.0,0.3333333333333333,0.2790674603174603,0.4452761571294345,90.0,161391.0,-0.5
2024-03-15 22:00:00,38873.05,39406.08,38548.42,39078.68,64168.3897,1.0288329689829956,0.0,1.0,-1.0,1.0,0,0.0,1772.0,5200.0,4.666666666666667,0.2976190476190479,0.6517715807329509,17.0,7754.0,-0.6666666666666666,0.38888888888888884,0.510885860703404,45.0,92182.0,-0.3333333333333333,0.26240079365079366,0.46412105056671926,85.0,160426.0,-0.4
2024-03-15 23:00:00,39198.82,40084.43,37087.8,38474.73,22857.975,-1.5454718531946243,0.2,0.8366600265340756,-1.0,1.0,5,1032.0,206.4,275.0,6.0,0.3309523809523812,0.7912149184886301,20.0,8130.0,0.2,0.3638888888888889,0.532495007148775,46.0,92689.0,-0.3,0.27073412698412697,0.46171408538064257,84.0,159869.0,0.2
2024-03-16 00:00:00,38617.44,39491.22,36980.65,38048.45,18842.836,-1.10794799599635,0.5,0.7071067811865476,0.0,1.0,2,868.0,434.0,570.0,5.0,0.3666666666666669,0.7830778910166457,15.0,7944.0,0.2142857142857143,0.4055555555555555,0.543308049815185,41.0,77812.0,0.5,0.27073412698412697,0.4671206067138476,82.0,159636.0,0.0
2024-03-16 01:00:00,37881.92,38879.33,36060.21,37271.99,22077.6104,-2.0407138792776003,-1.0,0.7071067811865476,-1.0,-1.0,1,197.0,197.0,197.0,3.0,0.11666666666666692,0.8047039763494661,12.0,7428.0,-1.5,0.23888888888888885,0.602233614914064,39.0,56314.0,-2.0,0.2290674603174603,0.4625626983912985,79.0,158046.0,-1.0
2024-03-16 02:00:00,37091.84,38532.3,36364.67,37592.25,38187.032,0.8592511427482297,1.0,0.7071067811865476,1.0,1.0,1,58.0,58.0,58.0,6.0,0.11666666666666693,0.8263300616822863,12.0,7471.0,0.0,0.3222222222222222,0.6611591800129429,36.0,55814.0,1.0,0.27073412698412697,0.492025480940738,77.0,157854.0,1.0
2024-03-16 03:00:00,37624.9,39372.18,36319.36,38293.57,30390.776,1.86559729731528,-0.25,0.5,-1.0,0.0,4,1012.0,253.0,500.0,6.0,0.07500000000000027,0.7429967283489529,13.0,3167.0,-0.25,0.2418650793650793,0.6621633436400874,33.0,12863.0,-0.9642857142857143,0.26031746031746034,0.5128588142740713,80.0,158840.0,-0.25
2024-03-16 04:00:00,38358.53,39600.12,36622.2,37691.02,25766.4791,-1.5735017654399996,-0.25,0.5,-1.0,0.0,0,0.0,253.0,500.0,6.0,0.033333333333333603,0.6596633950156197,13.0,3167.0,-0.25,0.16547619047619042,0.6557174878742853,30.0,10921.0,-0.9166666666666666,0.29156746031746034,0.5336921476074047,79.0,158656.0,0.75
2024-03-16 05:00:00,37669.69,38129.33,36788.8,37331.45,21593.6883,-0.953993816033638,0.3333333333333333,0.5773502691896258,0.0,1.0,3,197.0,65.66666666666667,75.0,5.333333333333333,0.05555555555555582,0.6164451021248781,11.0,2332.0,0.1333333333333333,0.1932539682539682,0.7038300103067541,31.0,10462.0,0.3333333333333333,0.26378968253968255,0.5577484088236391,81.0,158821.0,-0.6666666666666667
2024-03-16 06:00:00,37457.58,38513.78,35611.26,36713.26,25750.3053,-1.6559496081721805,0.5,0.5773502691896257,0.0,1.0,4,737.0,184.25,442.0,4.5,0.05555555555555582,0.5948190167920577,13.0,2201.0,0.0,0.21111111111111105,0.6889484539043517,28.0,10145.0,0.2142857142857143,0.2548611111111111,0.5614734185201123,78.0,157913.0,-0.2142857142857143
2024-03-16 07:00:00,36785.33,37035.66,36659.4,36882.72,18374.1055,0.4615770977570488,1.0,0.5773502691896257,1.0,1.0,1,509.0,509.0,509.0,6.0,0.3888888888888891,0.5731929314592374,13.0,2513.0,2.0,0.2527777777777777,0.6889484539043518,25.0,9941.0,0.5,0.26875,0.5614734185201123,76.0,136798.0,0.33333333333333337
2024-03-16 08:00:00,36766.78,37165.26,36523.7,36900.83,25796.9188,0.0491015846987519,0.09090909090909091,0.7006490497453708,-1.0,1.0,11,1684.0,153.0909090909091,491.0,5.818181818181818,0.2373737373737376,0.572116642885708,23.0,4139.0,-0.9090909090909091,0.17702020202020197,0.6992233522839971,35.0,11610.0,-0.9090909090909091,0.2829545454545454,0.5698337955928362,83.0,137662.0,0.34090909090909094
2024-03-16 09:00:00,36854.53,37952.93,35374.68,36237.25,37847.5445,-1.7982793340962866,0.5,0.7071067811865476,0.0,1.0,2,24810.0,12405.0,24600.0,7.5,0.3623737373737376,0.6066344397501325,21.0,27937.0,0.75,0.21868686868686862,0.6748155840495427,34.0,31104.0,0.5,0.31767676767676767,0.5752403169260413,82.0,144545.0,0.8333333333333333
2024-03-16 10:00:00,36382.74,37194.05,35345.95,35933.17,19007.9772,-0.8391365238808235,0.0,0.7071067811865476,0.0,0.0,1,22600.0,22600.0,22600.0,6.0,0.40404040404040426,0.6411522366145572,22.0,50537.0,0.25,0.21868686868686862,0.6504078158150884,35.0,53704.0,0.0,0.3037878787878788,0.5806468382592463,80.0,145886.0,-0.3333333333333333
2024-03-16 11:00:00,35817.47,36565.7,34590.99,35302.31,24507.0915,-1.7556480544299369,0.6666666666666666,0.5773502691896258,0.0,1.0,3,3139.0,1046.3333333333333,3000.0,5.666666666666667,0.45959595959595995,0.6411522366145571,22.0,53479.0,0.3333333333333333,0.2575757575757575,0.6287986693697175,33.0,55811.0,0.4666666666666666,0.31073232323232325,0.5806468382592463,79.0,148500.0,0.16666666666666663
2024-03-16 12:00:00,35188.32,35695.76,34492.23,34899.68,26545.9867,-1.1405202662375324,0.5,0.7071067811865476,0.0,1.0,2,264.0,132.0,150.0,5.5,0.45959595959595995,0.6627783219473774,20.0,53006.0,0.0,0.2575757575757575,0.6287986693697176,33.0,55207.0,0.0,0.33156565656565656,0.5860533595924514,74.0,133019.0,0.5
2024-03-16 13:00:00,34846.93,35352.96,34509.91,35044.62,24014.4227,0.4153046675499761,0.6666666666666666,0.5773502691896258,0.0,1.0,3,22946.0,7648.666666666667,22800.0,5.333333333333333,0.40404040404040426,0.6627783219473774,22.0,75443.0,-0.33333333333333337,0.3964646464646464,0.6179856267033075,35.0,77956.0,1.6666666666666665,0.3176767676767676,0.6101096208086858,74.0,134270.0,-0.33333333333333337
2024-03-16 14:00:00,35161.92,35424.06,34781.09,35001.14,50826.1058,-0.1240703993936942,0.8333333333333334,0.408248290463863,0.0,1.0,6,23419.0,3903.1666666666665,20800.0,6.166666666666667,0.527777777777778,0.6140448620671263,17.0,97178.0,0.7424242424242424,0.3825757575757575,0.593080752476417,40.0,101317.0,-0.16666666666666663,0.3523989898989899,0.6271199662446801,76.0,157131.0,0.8333333333333334
2024-03-16 15:00:00,35109.96,36094.4,34377.77,35526.04,53707.9007,1.499665439468556,0.0,0.7071067811865476,-1.0,1.0,5,17252.0,3450.4,16700.0,5.6,0.4444444444444447,0.6140448620671262,20.0,89620.0,-0.5,0.40340909090909083,0.6103396509086293,41.0,117557.0,0.25,0.32263708513708517,0.6362514972743585,74.0,130420.0,-0.7142857142857143
2024-03-16 16:00:00,35630.59,36691.39,34226.93,35047.33,42956.2283,-1.34749046051853,-0.5,0.7071067811865476,-1.0,0.0,2,248.0,124.0,150.0,4.5,0.3611111111111114,0.6140448620671263,21.0,67268.0,-0.5,0.3825757575757575,0.6275985493408417,43.0,117805.0,-0.25,0.274025974025974,0.6416580186075636,73.0,128726.0,-1.1666666666666665
2024-03-16 17:00:00,34912.5,35431.92,34622.44,35133.61,47936.5089,0.2461813781534871,0.5,0.7071067811865476,0.0,1.0,2,26211.0,13105.5,26200.0,5.5,0.33333333333333365,0.6356709473999466,20.0,90340.0,-0.16666666666666663,0.3964646464646464,0.6384115920072518,42.0,143819.0,0.16666666666666669,0.2948593073593074,0.671120801157003,73.0,154281.0,0.5
2024-03-16 18:00:00,35090.72,35367.02,34872.23,35214.78,55263.5043,0.2310323362728628,0.3333333333333333,0.5773502691896258,0.0,1.0,3,1029.0,343.0,665.0,7.0,0.3055555555555558,0.6140448620671262,21.0,91105.0,-0.16666666666666669,0.38257575757575757,0.6384115920072518,41.0,144111.0,-0.16666666666666669,0.29684343434343435,0.6636800229558019,69.0,154256.0,0.047619047619047616
2024-03-16 19:00:00,35041.49,35203.18,34742.04,34931.33,34315.7942,-0.8049177078487957,0.0,0.5773502691896258,0.0,0.0,1,397.0,397.0,397.0,6.0,0.19444444444444473,0.6140448620671262,19.0,68556.0,-0.6666666666666666,0.2992424242424242,0.6384115920072518,41.0,143999.0,-1.0,0.276010101010101,0.6636800229558019,66.0,153940.0,-0.5
2024-03-16 20:00:00,34863.66,34926.04,34761.12,34817.42,54608.457,-0.3260969450633699,0.0,0.0,0.0,0.0,4,444.0,111.0,167.0,5.75,0.05555555555555581,0.546003480323149,17.0,45581.0,-0.8333333333333334,0.29166666666666663,0.5800241711951376,34.0,142759.0,-0.09090909090909091,0.23434343434343433,0.6396237617395674,69.0,154369.0,-1.0
2024-03-16 21:00:00,34843.87,34981.59,34583.98,34753.23,34698.7207,-0.1843617361653837,0.3333333333333333,0.5773502691896258,0.0,1.0,3,14082.0,4694.0,13700.0,6.0,0.11111111111111137,0.5243773949903288,15.0,42411.0,0.3333333333333333,0.27777777777777773,0.5692111285287275,35.0,132031.0,-0.16666666666666669,0.24823232323232322,0.6220133562891351,69.0,163135.0,0.3333333333333333
2024-03-16 22:00:00,34696.89,35301.59,34207.06,34944.7,65617.2342,0.5509415959322084,0.0,0.0,0.0,0.0,2,325.0,162.5,279.0,6.5,0.19444444444444473,0.40652626479257076,15.0,42488.0,0.5,0.27777777777777773,0.5102855634298484,36.0,109756.0,0.0,0.24823232323232322,0.5803466896224685,71.0,163460.0,0.0
2024-03-16 23:00:00,35084.78,35109.56,35067.01,35094.55,30769.8918,0.4288203933643819,1.0,0.0,1.0,1.0,1,1426.0,1426.0,1426.0,5.0,0.27777777777777807,0.2886751345948129,14.0,17703.0,0.5,0.3055555555555555,0.46217304099737966,34.0,108043.0,0.33333333333333337,0.2815656565656566,0.5454858551835486,67.0,163854.0,0.8
2024-03-17 00:00:00,34929.1,34979.19,34896.54,34946.15,40381.509,-0.4228576801811101,0.2,0.4472135954999579,0.0,1.0,5,1150.0,230.0,500.0,5.2,0.2555555555555558,0.26698568897986824,16.0,17824.0,-0.1333333333333333,0.2805555555555555,0.4405152755234972,37.0,108929.0,-0.3,0.26906565656565656,0.5346569724466075,70.0,164136.0,-0.3
2024-03-17 01:00:00,34840.77,36685.24,33982.29,35499.16,30391.686,1.582463304255266,0.5,0.7071067811865476,0.0,1.0,2,280.0,140.0,179.0,5.0,0.3388888888888892,0.28861177431268853,17.0,17707.0,0.5,0.2666666666666666,0.45132831818990726,36.0,86263.0,-0.16666666666666663,0.33156565656565656,0.5346569724466075,71.0,164219.0,1.5
2024-03-17 02:00:00,35666.12,36159.34,34893.04,35394.02,20363.9575,-0.2961760221932175,0.0,0.0,0.0,0.0,2,333.0,166.5,312.0,6.0,0.3388888888888892,0.28861177431268853,15.0,17596.0,0.0,0.1972222222222222,0.41730762731791876,32.0,63177.0,-0.8333333333333334,0.2898989898989899,0.505194189897168,72.0,164494.0,-1.0
2024-03-17 03:00:00,35217.35,36164.01,34005.19,34720.77,15502.2041,-1.902157483100253,0.0,1.0,-1.0,1.0,3,551.0,183.66666666666666,482.0,4.333333333333333,0.2833333333333336,0.35905339611441756,15.0,4065.0,-0.3333333333333333,0.1972222222222222,0.4417153955523731,30.0,46476.0,0.0,0.30031565656565656,0.5260275232305013,71.0,164033.0,0.25
2024-03-17 04:00:00,34617.76,35409.87,33058.4,34050.26,32952.4296,-1.9311495683995368,0.0,0.0,0.0,0.0,2,276.0,138.0,250.0,5.0,0.2833333333333336,0.35905339611441756,15.0,4016.0,0.0,0.23888888888888885,0.3827898304534941,30.0,46504.0,0.5,0.3107323232323232,0.505194189897168,73.0,164309.0,0.25
2024-03-17 05:00:00,34042.55,34375.94,33461.16,33831.09,35589.2058,-0.643666157027889,0.0,0.0,0.0,0.0,1,290.0,290.0,290.0,7.0,0.11666666666666693,0.35905339611441756,15.0,2880.0,-1.0,0.1972222222222222,0.32386426535461516,29.0,20583.0,-0.5,0.29684343434343435,0.4811379286809336,71.0,164402.0,-0.3333333333333333
2024-03-17 06:00:00,33888.07,35129.96,33074.92,34337.22,14641.9749,1.4960499351336365,0.4,0.8944271909999159,-1.0,1.0,5,1022.0,204.4,359.0,5.6,0.15000000000000027,0.43358899536441053,15.0,2752.0,0.2,0.20277777777777775,0.3502873421721393,31.0,20576.0,0.06666666666666671,0.2926767676767677,0.49434946708969557,72.0,164687.0,-0.09999999999999998
2024-03-17 07:00:00,34427.54,35345.34,32954.7,33922.87,38344.6944,-1.2067080561559695,0.0,0.7071067811865476,-1.0,1.0,5,1809.0,361.8,1081.0,5.8,0.06666666666666694,0.43358899536441053,18.0,4281.0,-0.5,0.20277777777777775,0.36110038483854945,35.0,21988.0,0.0,0.251010101010101,0.49975598842290075,76.0,165987.0,-1.0
2024-03-17 08:00:00,33897.29,34078.25,33524.42,33753.36,30863.3955,-0.4996923904139083,1.0,0.7071067811865476,1.0,1.0,1,93.0,93.0,93.0,5.0,0.23333333333333361,0.5514401255621685,17.0,4041.0,1.0,0.2861111111111111,0.4200259499374284,32.0,21637.0,1.0,0.2888888888888889,0.5000250605662832,66.0,164396.0,0.9090909090909091
2024-03-17 09:00:00,33659.42,34070.62,33440.94,33805.53,25281.7797,0.1545623902331483,0.5,0.7071067811865476,0.0,1.0,2,26214.0,13107.0,26200.0,6.5,0.31666666666666693,0.5026245890932598,16.0,29704.0,0.5,0.3,0.43083899260383857,31.0,33769.0,0.16666666666666669,0.2888888888888889,0.5000250605662832,66.0,165800.0,0.0
2024-03-17 10:00:00,33842.91,34841.75,33258.09,34183.62,15522.194,1.1184264822944767,1.0,0.0,1.0,1.0,2,6855.0,3427.5,6400.0,6.5,0.4833333333333336,0.5026245890932598,16.0,36283.0,1.0,0.3833333333333333,0.43083899260383857,31.0,40299.0,1.0,0.33055555555555555,0.47056227801684364,67.0,150055.0,1.0
2024-03-17 11:00:00,34084.91,34214.53,33845.06,33996.83,20322.2075,-0.5464313024776235,0.0,1.1547005383792515,-1.0,1.0,4,43529.0,10882.25,19400.0,7.25,0.4833333333333336,0.695074678823135,19.0,79522.0,0.0,0.3,0.5270640374687762,34.0,82402.0,-1.0,0.30277777777777776,0.49461853923307797,68.0,190445.0,-0.6666666666666666
2024-03-17 12:00:00,33958.35,34930.59,33100.04,34394.75,20674.9902,1.170462069551781,-0.2,0.8366600265340756,-1.0,1.0,5,1348.0,269.6,751.0,6.0,0.3833333333333336,0.6854468180788283,19.0,79848.0,-0.6000000000000001,0.26666666666666666,0.5595179067216194,34.0,82600.0,-0.4,0.2736111111111111,0.5000165911225584,71.0,191529.0,-0.7
2024-03-17 13:00:00,34457.47,35642.29,33874.2,34918.14,24443.7388,1.5217147965896016,0.42857142857142855,0.5345224838248488,0.0,1.0,7,47826.0,6832.285714285715,24400.0,5.857142857142857,0.4547619047619051,0.6566827685185451,21.0,125865.0,0.42857142857142855,0.2607142857142857,0.5451358819414778,39.0,130146.0,-0.07142857142857145,0.2636904761904762,0.49823210006569263,75.0,216409.0,-0.23809523809523808
2024-03-17 14:00:00,35044.71,35985.0,34425.49,35470.22,50270.0305,1.5810693238528684,0.0,0.0,0.0,0.0,2,159.0,79.5,89.0,6.0,0.2880952380952384,0.5388316383207872,22.0,125931.0,-1.0,0.2607142857142857,0.5451358819414778,39.0,129972.0,0.0,0.22896825396825396,0.48122175462969835,71.0,193149.0,-0.8333333333333334
2024-03-17 15:00:00,35454.15,35492.83,35404.59,35434.49,50528.4149,-0.1007323890294564,0.42857142857142855,0.5345224838248488,0.0,1.0,7,15064.0,2152.0,13700.0,5.714285714285714,0.2761904761904765,0.5100675887605041,27.0,114781.0,-0.07142857142857145,0.2964285714285714,0.5063460889268818,43.0,144485.0,0.42857142857142855,0.2468253968253968,0.47403074223962754,73.0,190961.0,0.42857142857142855
2024-03-17 16:00:00,35348.97,35857.75,34999.67,35538.6,42654.7952,0.2938097881470813,0.0,0.0,0.0,0.0,3,1005.0,335.0,415.0,7.666666666666667,0.1095238095238098,0.5100675887605041,28.0,108931.0,-1.0,0.29642857142857143,0.5063460889268818,44.0,145214.0,0.0,0.26765873015873015,0.4445679596901881,74.0,191718.0,0.5
2024-03-17 17:00:00,35529.2,35910.81,34945.09,35294.8,65156.5975,-0.6860146432329794,0.6666666666666666,0.5773502691896258,0.0,1.0,3,704.0,234.66666666666666,518.0,5.666666666666667,0.22063492063492093,0.41384254389556646,27.0,66106.0,0.6666666666666666,0.3519841269841269,0.5544586113593507,46.0,145628.0,0.6666666666666666,0.27460317460317457,0.439161438356983,75.0,166211.0,0.16666666666666663
2024-03-17 18:00:00,35305.99,35592.3,34924.15,35141.43,44762.5763,-0.4345399322279841,0.3333333333333333,0.5773502691896258,0.0,1.0,3,865.0,288.3333333333333,727.0,6.0,0.3095238095238098,0.3706242510048248,25.0,65623.0,0.5333333333333333,0.34642857142857136,0.5280355345418265,44.0,145471.0,-0.06666666666666671,0.27460317460317457,0.43916143835698307,75.0,166047.0,0.0
2024-03-17 19:00:00,35173.11,35960.28,33989.51,34747.68,41177.8547,-1.1204723313763876,0.0,0.0,0.0,0.0,5,1194.0,238.8,911.0,5.2,0.23809523809523836,0.28153717036735004,23.0,18991.0,-0.42857142857142855,0.34642857142857136,0.4691099694429475,44.0,144856.0,0.0,0.27460317460317457,0.4151051771407486,79.0,166844.0,0.0
2024-03-17 20:00:00,34671.83,35507.25,33363.0,34146.97,69573.2649,-1.7287772881527608,0.25,0.9574271077563381,-1.0,1.0,4,1009.0,252.25,607.0,5.5,0.27976190476190504,0.44110835499340634,25.0,19841.0,0.25,0.28392857142857136,0.48996999665709673,47.0,145772.0,-0.75,0.28501984126984126,0.4549979732972627,79.0,167409.0,0.25
2024-03-17 21:00:00,34062.4,34380.61,33430.06,33840.94,43764.6321,-0.8962142175425791,0.0,0.9574271077563381,0.0,0.0,1,263.0,263.0,263.0,5.0,0.20833333333333362,0.5115924589819879,19.0,5040.0,-0.42857142857142855,0.2422619047619047,0.5108300238712459,46.0,119821.0,-0.5,0.27113095238095236,0.4708345082375424,77.0,153590.0,-0.3333333333333333
2024-03-17 22:00:00,33792.51,34744.48,32025.92,33140.34,53900.6948,-2.0702734616710017,0.25,0.9574271077563381,-1.0,1.0,4,5111.0,1277.75,4660.0,5.5,0.2500000000000003,0.6711636436080443,20.0,9146.0,0.25,0.1797619047619047,0.590615616184274,48.0,118077.0,-0.75,0.28154761904761905,0.5107273043940564,79.0,158376.0,0.25
2024-03-17 23:00:00,32986.77,33742.26,32587.68,33301.7,19677.1585,0.4868990481087465,0.25,0.9574271077563381,-1.0,1.0,4,379.0,94.75,230.0,5.5,0.18055555555555583,0.734509783369163,21.0,8821.0,-0.41666666666666663,0.20059523809523805,0.5741761636323647,48.0,74927.0,0.25,0.250297619047619,0.5506201005505705,82.0,157329.0,-0.75
2024-03-18 00:00:00,33345.96,33476.44,33072.33,33254.06,24310.4994,-0.1430557599161552,-0.6666666666666666,0.5773502691896258,-1.0,0.0,3,994.0,331.3333333333333,797.0,4.666666666666667,0.013888888888889209,0.734509783369163,21.0,8950.0,-1.0,0.16170634920634916,0.5525670171869939,46.0,74573.0,-0.4666666666666666,0.21418650793650795,0.5560424619543066,80.0,157173.0,-0.8666666666666667
2024-03-18 01:00:00,33362.33,34607.58,32638.79,33809.27,20233.0945,1.6696006442521671,0.0,0.5773502691896258,0.0,0.0,1,123.0,123.0,123.0,6.0,0.0138888888888892,0.8307348282341006,17.0,7879.0,0.0,0.12599206349206346,0.5561359993007253,40.0,26870.0,-0.42857142857142855,0.1933531746031746,0.5506359406211015,79.0,157016.0,-0.5
2024-03-18 02:00:00,33766.26,34711.66,32473.16,33289.15,33190.6849,-1.538394647385155,0.0,0.0,0.0,0.0,3,1566.0,522.0,929.0,5.333333333333333,-0.027777777777777467,0.6711636436080443,16.0,8436.0,-0.25,0.12599206349206346,0.5561359993007253,41.0,28277.0,0.0,0.1933531746031746,0.5506359406211015,80.0,158249.0,0.0
2024-03-18 03:00:00,33449.03,34543.5,31871.29,40097.715,19487.9939,20.452805193283677,0.6666666666666666,0.5773502691896258,0.0,1.0,3,330.0,110.0,283.0,6.0,0.08333333333333363,0.6078175038469256,18.0,8503.0,0.6666666666666666,0.1458333333333333,0.5597049814144567,37.0,13543.0,0.23809523809523808,0.22113095238095237,0.5330255351706693,80.0,158028.0,0.6666666666666666
2024-03-18 04:00:00,40278.3,40952.99,39139.79,39886.56,31923.511,-0.5266010793881892,0.6666666666666666,0.5773502691896258,0.0,1.0,3,1349.0,449.6666666666667,1235.0,6.666666666666667,0.1527777777777781,0.5444713640858069,17.0,4741.0,0.41666666666666663,0.20138888888888884,0.6078175038469256,37.0,13887.0,0.6666666666666666,0.24890873015873016,0.5570817963869038,81.0,159101.0,0.6666666666666666
2024-03-18 05:00:00,39733.57,40423.99,38536.51,39243.48,32009.1199,-1.6122724045392611,1.0,0.0,1.0,1.0,2,380.0,190.0,254.0,4.5,0.27777777777777807,0.38490017945975047,15.0,4742.0,0.75,0.22916666666666663,0.5597049814144567,36.0,13563.0,0.33333333333333337,0.29057539682539685,0.5570817963869038,82.0,159191.0,1.0
2024-03-18 06:00:00,39142.92,40312.83,38404.14,39611.0,31069.6081,0.9365122563034678,0.0,0.0,0.0,0.0,4,1007.0,251.75,695.0,5.5,0.38888888888888923,0.2886751345948129,16.0,4755.0,0.6666666666666666,0.20138888888888884,0.5115924589819879,37.0,13705.0,-0.3333333333333333,0.27390873015873013,0.5198139967619073,81.0,159176.0,-0.4
2024-03-18 07:00:00,39708.79,40779.21,38940.88,40150.84,34771.4771,1.36285375274543,0.6,0.5477225575051661,0.0,1.0,5,794.0,158.8,246.0,5.6,0.4888888888888892,0.28373718264740294,20.0,5426.0,0.6,0.25138888888888883,0.5572360054407518,37.0,13305.0,0.6,0.29890873015873015,0.5131729874418497,81.0,158161.0,0.6
2024-03-18 08:00:00,40222.39,40780.41,39412.3,39856.66,19431.0209,-0.7326870371827665,0.0,0.0,0.0,0.0,4,950.0,237.5,323.0,5.25,0.4888888888888892,0.28373718264740294,21.0,4810.0,0.0,0.2305555555555555,0.47745041312772357,37.0,13246.0,-0.25,0.25724206349206347,0.48371020489241023,84.0,159018.0,-1.0
2024-03-18 09:00:00,39763.82,40233.55,39534.59,39921.41,14319.9694,0.1624571652516726,0.2857142857142857,0.7559289460184544,-1.0,1.0,7,30482.0,4354.571428571428,21000.0,4.714285714285714,0.42539682539682566,0.31350029545220764,25.0,34962.0,-0.38095238095238093,0.2543650793650793,0.46065889964956663,43.0,43465.0,0.2857142857142857,0.24831349206349204,0.4857444617604063,89.0,163286.0,-0.2142857142857143
2024-03-18 10:00:00,39851.39,40846.07,37925.25,39155.94,36819.6389,-1.9174422947486056,0.0,1.0,-1.0,1.0,3,943.0,314.3333333333333,771.0,5.333333333333333,0.31428571428571456,0.3839419172539367,25.0,34556.0,-0.6666666666666666,0.23353174603174598,0.4642066406698717,42.0,39297.0,-0.25,0.20664682539682536,0.5274111284270729,90.0,157374.0,-1.0
2024-03-18 11:00:00,39208.71,39614.59,38418.05,38940.13,14182.4189,-0.5511552014841326,0.0,0.6324555320336759,-1.0,1.0,6,1127.0,187.83333333333334,584.0,6.0,0.14761904761904793,0.4893511725928827,29.0,35303.0,-1.0,0.21269841269841264,0.4371256760263165,44.0,40045.0,-0.25,0.20664682539682536,0.5056509198293407,92.0,114972.0,0.0
2024-03-18 12:00:00,38880.3,39016.07,38638.63,38793.81,20599.8409,-0.3757563213065751,0.6666666666666666,0.5773502691896258,0.0,1.0,3,403.0,134.33333333333334,393.0,5.333333333333333,0.25873015873015903,0.5855762174578203,28.0,34699.0,0.6666666666666666,0.3238095238095237,0.4371256760263165,44.0,39454.0,1.3333333333333333,0.2427579365079365,0.4948463466066553,90.0,114027.0,0.8666666666666667
2024-03-18 13:00:00,38860.92,39326.43,37766.51,38481.16,38303.466,-0.8059275435952085,0.5,0.8366600265340756,-1.0,1.0,6,1178.0,196.33333333333334,447.0,5.166666666666667,0.2420634920634924,0.6337324622959719,29.0,35083.0,-0.09999999999999998,0.36547619047619045,0.4587348224716874,49.0,40509.0,0.5,0.24573412698412697,0.5074354108862065,89.0,67379.0,0.07142857142857145
2024-03-18 14:00:00,38504.76,38830.24,37792.84,38266.49,39121.5848,-0.5578574034670658,0.125,0.3535533905932738,0.0,1.0,8,47634.0,5954.25,28000.0,6.625,0.26289682539682574,0.6926580273948509,33.0,81767.0,0.125,0.3758928571428571,0.4881976050211268,54.0,86577.0,0.125,0.2509424603174603,0.5221668021609261,95.0,114854.0,0.125
2024-03-18 15:00:00,38195.83,38788.67,37742.62,38462.44,32870.1661,0.5120668240018889,0.5714285714285714,0.5345224838248488,0.0,1.0,7,43220.0,6174.285714285715,22800.0,6.428571428571429,0.3105158730158733,0.6557569503625832,33.0,94505.0,0.2857142857142857,0.3679563492063491,0.48462862290739545,58.0,129467.0,-0.09523809523809523,0.25689484126984125,0.5221668021609261,95.0,143010.0,0.14285714285714285
2024-03-18 16:00:00,38436.11,40127.45,36927.74,39198.41,54649.4071,1.913477148095644,0.4,0.8944271909999159,-1.0,1.0,5,709.0,141.8,371.0,6.2,0.37718253968254006,0.6381614821959026,35.0,94271.0,0.4,0.345734126984127,0.5110516997249196,60.0,128827.0,-0.2666666666666666,0.27356150793650796,0.5594346017859226,97.0,142714.0,0.4
2024-03-18 17:00:00,39094.42,40612.79,37984.18,39753.05,57887.6663,1.4149553515053317,0.0,0.7071067811865476,-1.0,1.0,5,5358.0,1071.6,4660.0,6.4,0.37718253968254006,0.6506033570547145,34.0,98502.0,0.0,0.2624007936507936,0.5699772648237985,63.0,133805.0,-1.0,0.24578373015873015,0.5648411231191277,99.0,147368.0,-0.6666666666666666
2024-03-18 18:00:00,39641.07,41714.13,38593.15,40421.41,41102.4697,1.6812798011724972,0.0,0.0,0.0,0.0,2,545.0,272.5,304.0,5.0,0.2660714285714289,0.5543783121897768,33.0,98644.0,-0.6666666666666666,0.2624007936507936,0.5699772648237985,61.0,133343.0,0.0,0.23189484126984128,0.5407848619028933,98.0,147048.0,-0.3333333333333333
2024-03-18 19:00:00,40516.18,40760.86,40067.3,40355.93,43708.7517,-0.1619933594597555,0.3333333333333333,0.5773502691896258,0.0,1.0,3,773.0,257.6666666666667,474.0,6.333333333333333,0.23829365079365109,0.5111600192990352,30.0,98239.0,-0.16666666666666669,0.24017857142857138,0.5724462407975036,59.0,133322.0,-0.26666666666666666,0.24578373015873015,0.5648411231191277,96.0,146627.0,0.3333333333333333
2024-03-18 20:00:00,40283.05,40566.24,39641.97,40062.58,67856.0461,-0.7269068015530733,0.6666666666666666,0.5773502691896258,0.0,1.0,3,1298.0,432.6666666666667,1102.0,6.0,0.3285714285714289,0.548459499065094,25.0,51903.0,0.5416666666666666,0.29573412698412693,0.6205587632299724,58.0,133670.0,0.6666666666666666,0.2631448412698413,0.549004588178848,95.0,146916.0,0.41666666666666663
2024-03-18 21:00:00,39989.58,40132.83,39882.02,40046.56,43734.4459,-0.0399874396506794,0.25,0.4629100498862757,0.0,1.0,8,2114.0,264.25,1090.0,6.0,0.2750000000000003,0.5365240934086651,26.0,10797.0,-0.3214285714285714,0.29275793650793647,0.5961405218856242,59.0,105302.0,-0.0357142857142857,0.27356150793650796,0.5283997107675954,102.0,148767.0,0.25
2024-03-18 22:00:00,40177.17,40334.68,39986.92,40095.94,37425.1295,0.1233064712674592,-0.25,0.5,-1.0,0.0,4,321.0,80.25,146.0,5.5,0.16666666666666696,0.4707862282420125,25.0,10409.0,-0.65,0.27192460317460315,0.5544738552189575,60.0,104680.0,-0.25,0.2527281746031746,0.5093402479444147,102.0,143977.0,-0.5
2024-03-18 23:00:00,40029.4,40106.47,39860.85,39971.79,23603.7998,-0.3096323468161688,-0.25,0.5,-1.0,0.0,0,0.0,80.25,146.0,5.5,0.1250000000000003,0.4362684313775878,20.0,5051.0,-0.25,0.2510912698412698,0.5434358942161511,54.0,103553.0,-0.25,0.23189484126984128,0.4902807851212339,98.0,143598.0,-0.5
2024-03-19 00:00:00,40161.36,40407.66,39772.97,40017.25,18592.4818,0.1137302082293567,0.5,0.7071067811865476,0.0,1.0,2,319.0,159.5,270.0,6.0,0.20833333333333362,0.5541195615753457,20.0,4825.0,0.5,0.23720238095238091,0.5542489368825613,53.0,103469.0,-0.16666666666666663,0.2805059523809524,0.4956873064544391,97.0,142923.0,1.1666666666666665
2024-03-19 01:00:00,40216.9,40663.1,39903.54,40377.07,18443.6224,0.8991622362856111,0.3333333333333333,0.5773502691896258,0.0,1.0,3,394.0,131.33333333333334,168.0,5.666666666666667,0.20833333333333368,0.5541195615753458,20.0,4446.0,0.0,0.22331349206349205,0.5326397904371905,50.0,102685.0,-0.16666666666666669,0.2943948412698412,0.495687306454439,99.0,143194.0,0.3333333333333333
2024-03-19 02:00:00,40405.05,40462.83,40291.74,40359.66,34475.0606,-0.0431185323749305,0.25,0.5,0.0,1.0,4,1531.0,382.75,900.0,6.0,0.1388888888888892,0.5412278500437414,21.0,4679.0,-0.41666666666666663,0.2337301587301587,0.5448436745544177,46.0,56582.0,0.125,0.3048115079365079,0.5165206397877723,100.0,143159.0,0.25
2024-03-19 03:00:00,40421.86,40665.18,40263.6,40506.03,16458.6115,0.362664105693633,0.0,0.0,0.0,0.0,2,581.0,290.5,319.0,5.5,0.09722222222222254,0.46407617506269555,15.0,3146.0,-0.25,0.1861111111111111,0.5003001342356802,41.0,13943.0,-0.5714285714285714,0.2770337301587302,0.4924643785715379,99.0,143410.0,-0.6666666666666666
2024-03-19 04:00:00,40657.79,41687.64,39106.38,40129.58,20520.4275,-0.9293678003003404,0.0,0.0,0.0,0.0,3,738.0,246.0,610.0,5.666666666666667,0.1388888888888892,0.3807428417293622,14.0,3563.0,0.25,0.15277777777777773,0.4257645349856873,39.0,13972.0,-0.4,0.24925595238095236,0.46840811735530347,99.0,142799.0,-0.6666666666666666
2024-03-19 05:00:00,40287.87,41028.67,39156.55,39815.71,36128.7814,-0.7821412534095851,0.25,0.4629100498862757,0.0,1.0,8,1728.0,216.0,754.0,5.75,0.22222222222222254,0.3745611833770748,22.0,5291.0,0.5,0.17361111111111108,0.4054148073773313,42.0,10342.0,0.25,0.21800595238095236,0.48769603610056506,105.0,144147.0,-0.75
2024-03-19 06:00:00,39933.86,41897.61,38960.42,40689.1,27874.6487,2.193581377802878,1.0,0.4629100498862757,1.0,1.0,1,385.0,385.0,385.0,6.0,0.30555555555555586,0.33386172816036286,21.0,5357.0,0.5,0.2569444444444444,0.4439906448678543,41.0,10182.0,1.0,0.259672619047619,0.5069839548458265,102.0,143525.0,1.0
2024-03-19 07:00:00,40860.06,41734.26,39206.09,40303.16,12318.5683,-0.9485095516981068,1.0,0.4629100498862757,1.0,1.0,1,118.0,118.0,118.0,5.0,0.41666666666666696,0.31478835827647117,19.0,5081.0,0.6666666666666667,0.31249999999999994,0.43445395992590846,39.0,9527.0,0.6666666666666667,0.27633928571428573,0.5034501003617061,98.0,142849.0,0.4
2024-03-19 08:00:00,40374.45,42150.72,39254.21,40967.24,17095.4673,1.6477119908215432,0.3333333333333333,0.5773502691896258,0.0,1.0,3,10456.0,3485.3333333333335,10300.0,5.0,0.43055555555555586,0.32768006980807546,18.0,14006.0,0.08333333333333331,0.28472222222222215,0.43445395992590846,39.0,18685.0,-0.3333333333333333,0.2902281746031746,0.5275063615779405,97.0,152355.0,0.3333333333333333
2024-03-19 09:00:00,40868.93,41679.86,40225.89,41222.0,29356.55,0.6218627371529006,-0.3333333333333333,0.5773502691896258,-1.0,0.0,3,456.0,152.0,352.0,5.333333333333333,0.3750000000000003,0.4239051146730131,19.0,13881.0,-0.3333333333333333,0.23611111111111108,0.4439906448678543,34.0,17027.0,-0.5833333333333333,0.2644345238095238,0.5200655833767392,93.0,122329.0,-0.6190476190476191
2024-03-19 10:00:00,41025.67,41081.76,40949.0,40994.17,25716.9257,-0.5526903109989822,0.6,0.5477225575051661,0.0,1.0,5,40932.0,8186.4,21000.0,6.8,0.4750000000000003,0.5151922075905407,21.0,54075.0,0.6,0.3069444444444444,0.44796752465995143,35.0,57638.0,0.85,0.28943452380952384,0.5012206899394546,95.0,162318.0,0.6
2024-03-19 11:00:00,41104.35,41502.7,40518.21,40879.71,26992.1711,-0.2792104340690327,0.6,0.5477225575051662,0.0,1.0,5,25185.0,5037.0,24600.0,5.6,0.5333333333333337,0.5293276255270226,18.0,77532.0,0.35,0.37777777777777777,0.45194440445204864,40.0,82823.0,0.85,0.3144345238095238,0.4976901493341,94.0,186376.0,0.6
2024-03-19 12:00:00,40726.03,41539.18,39076.54,40149.32,25949.681,-1.7866809720519017,0.0,0.0,0.0,0.0,2,300.0,150.0,291.0,6.0,0.366666666666667,0.4521759505459766,19.0,77447.0,-1.0,0.3361111111111111,0.3930188393531697,40.0,82804.0,-0.5,0.286656746031746,0.4736338881178656,93.0,186273.0,-0.6666666666666666
2024-03-19 13:00:00,40016.41,40221.63,39607.83,39876.98,25751.7711,-0.6783178395051159,0.0,1.0,-1.0,1.0,3,260.0,86.66666666666667,168.0,5.666666666666667,0.20000000000000032,0.5416909422315973,21.0,77589.0,-1.0,0.3083333333333333,0.4282396502540342,40.0,82670.0,-0.3333333333333333,0.2658234126984127,0.4804397203456124,90.0,185355.0,-0.5
2024-03-19 14:00:00,39716.33,40226.12,39283.23,39941.97,42574.6065,0.1629762334058426,0.2857142857142857,0.7559289460184544,-1.0,1.0,7,18378.0,2625.4285714285716,17600.0,6.571428571428571,0.1920634920634924,0.571454055036402,25.0,85511.0,-0.047619047619047616,0.31130952380952376,0.4495670624222387,43.0,99517.0,0.0357142857142857,0.27251984126984125,0.49720536848832825,89.0,156099.0,0.1607142857142857
2024-03-19 15:00:00,39846.11,40353.7,38922.79,39519.84,55959.0133,-1.0568582370874655,0.2857142857142857,0.7559289460184544,-1.0,1.0,0,0.0,2625.4285714285716,17600.0,6.571428571428571,0.2952380952380956,0.6012171678412068,22.0,85055.0,0.6190476190476191,0.33511904761904754,0.5125611412571099,41.0,98936.0,0.2857142857142857,0.2606150793650794,0.5064306377463951,82.0,112879.0,-0.2857142857142857
2024-03-19 16:00:00,39557.16,40515.79,38965.56,39970.65,36153.1044,1.140718181045286,0.5,0.5773502691896257,0.0,1.0,4,21304.0,5326.0,21000.0,6.0,0.2785714285714289,0.6061551197886168,21.0,65427.0,-0.09999999999999998,0.3767857142857142,0.5606736636895787,42.0,119502.0,0.5,0.26478174603174603,0.4932190993376331,81.0,133474.0,0.09999999999999998
2024-03-19 17:00:00,39915.78,40567.75,39140.2,39582.43,52110.7607,-0.9712626639796996,0.2,0.447213595499958,0.0,1.0,5,937.0,187.4,330.0,6.0,0.21190476190476223,0.5894036261210821,21.0,41179.0,-0.39999999999999997,0.37261904761904757,0.5593656258240522,39.0,118711.0,-0.04999999999999999,0.27311507936507934,0.48239021660069187,81.0,129053.0,0.2
2024-03-19 18:00:00,39558.63,40141.23,38664.09,39234.05,31938.4094,-0.8801379804120102,0.0,0.0,0.0,0.0,2,344.0,172.0,288.0,6.0,0.21190476190476223,0.5894036261210821,21.0,41223.0,0.0,0.2892857142857142,0.5207897883335293,40.0,118670.0,-1.0,0.27311507936507934,0.48239021660069187,81.0,128852.0,0.0
2024-03-19 19:00:00,39188.63,39665.07,38895.07,39403.01,39805.0234,0.4306463390855608,0.3333333333333333,0.5773502691896258,0.0,1.0,3,600.0,200.0,469.0,5.666666666666667,0.2674603174603178,0.518962004319353,21.0,41563.0,0.3333333333333333,0.23373015873015868,0.5303264732754751,42.0,119152.0,-0.6666666666666667,0.27311507936507934,0.48239021660069187,81.0,128679.0,0.0
2024-03-19 20:00:00,39308.21,40280.52,38613.89,39655.92,45523.3289,0.641854518220808,0.5,0.7071067811865476,0.0,1.0,2,470.0,235.0,470.0,5.5,0.3031746031746035,0.5108249768473686,16.0,23655.0,0.2142857142857143,0.2476190476190476,0.5411395159418854,41.0,109166.0,0.16666666666666669,0.2661706349206349,0.48779673793389694,80.0,127851.0,-0.16666666666666663
2024-03-19 21:00:00,39525.22,39851.49,38815.36,39278.92,38151.1309,-0.9506777298320168,0.4,0.5477225575051661,0.0,1.0,5,6017.0,1203.4,5200.0,6.0,0.3222222222222226,0.47612391209515387,21.0,29672.0,0.11428571428571432,0.3087301587301587,0.5386705399681803,43.0,114727.0,0.7333333333333334,0.2724206349206349,0.49133059241801735,77.0,131754.0,0.15000000000000002
2024-03-19 22:00:00,39422.45,39453.52,39361.49,39399.18,36276.4176,0.3061693142275778,0.4,0.5477225575051662,0.0,1.0,5,585.0,117.0,224.0,5.8,0.30555555555555586,0.47118596014774394,22.0,8953.0,-0.09999999999999998,0.292063492063492,0.5386705399681803,43.0,74380.0,-0.19999999999999996,0.29950396825396824,0.49331903231406593,78.0,132018.0,0.65
2024-03-19 23:00:00,39207.79,40941.88,38193.2,39908.75,19275.3945,1.293351790570263,1.0,0.5477225575051662,1.0,1.0,1,11.0,11.0,11.0,6.0,0.4388888888888893,0.4879374538152786,18.0,8027.0,0.8,0.32539682539682535,0.5386705399681803,39.0,49206.0,0.4,0.3515873015873016,0.4953074722101145,79.0,132029.0,1.25
2024-03-20 00:00:00,40019.7,41279.24,39331.95,40482.77,31204.1839,1.4383311930340923,0.0,0.0,0.0,0.0,3,308.0,102.66666666666667,190.0,5.333333333333333,0.4388888888888893,0.4879374538152786,19.0,7991.0,0.0,0.32539682539682535,0.5386705399681803,40.0,49214.0,0.0,0.33075396825396824,0.465844689660675,80.0,132018.0,-0.5
2024-03-20 01:00:00,40647.25,42237.34,39637.64,41200.02,23568.8311,1.771741409987504,-0.3333333333333333,0.5773502691896258,-1.0,0.0,3,535.0,178.33333333333334,420.0,5.0,0.3277777777777781,0.4879374538152786,19.0,7926.0,-0.6666666666666666,0.29761904761904756,0.5034497290673158,40.0,49489.0,-0.3333333333333333,0.30297619047619045,0.4658446896606751,80.0,132159.0,-0.6666666666666666
2024-03-20 02:00:00,41077.46,41757.21,40732.28,41347.33,16879.1806,0.3575483701221627,0.0,0.0,0.0,0.0,2,692.0,346.0,383.0,6.5,0.24444444444444477,0.3700863236175207,19.0,8148.0,-0.5,0.2738095238095238,0.4404556502324446,35.0,31803.0,-0.2857142857142857,0.2925595238095238,0.44501135632734173,78.0,131320.0,-0.25
2024-03-20 03:00:00,41369.36,41529.99,41260.2,41426.87,25397.3541,0.1923703416883304,-0.6666666666666666,0.5773502691896258,-1.0,0.0,3,1390.0,463.3333333333333,951.0,5.333333333333333,0.06666666666666698,0.3750242755649307,17.0,3521.0,-1.0666666666666667,0.1944444444444444,0.42557409383004224,38.0,33193.0,-0.9523809523809523,0.26478174603174603,0.4690676175435762,79.0,132129.0,-0.6666666666666666
2024-03-20 04:00:00,41454.5,42041.6,40287.89,41036.59,32501.9486,-0.9420938632341946,0.25,0.5,0.0,1.0,4,215.0,53.75,127.0,5.75,0.041666666666666984,0.3670705159807363,16.0,3151.0,-0.15000000000000002,0.17361111111111108,0.41912823806424004,38.0,12104.0,-0.25,0.2751984126984127,0.4899009508769095,80.0,131606.0,0.25
2024-03-20 05:00:00,40931.98,41728.34,40549.4,41242.47,28542.4726,0.5016986060488948,-0.2,0.447213595499958,-1.0,0.0,5,373.0,74.6,144.0,5.4,-0.15833333333333302,0.35031902231320156,20.0,3513.0,-1.2,0.14027777777777775,0.41912823806424004,38.0,11540.0,-0.4,0.25644841269841273,0.4892469319441463,77.0,130251.0,-0.45
2024-03-20 06:00:00,41073.94,42023.54,39927.55,40564.64,35723.2904,-1.6435242603074052,0.0,1.4142135623730951,-1.0,1.0,2,316.0,158.0,189.0,5.0,-0.15833333333333302,0.5860212827087175,19.0,3521.0,0.0,0.14027777777777775,0.536979368261998,38.0,11512.0,0.0,0.21478174603174605,0.5288845782977637,78.0,130182.0,-1.0
2024-03-20 07:00:00,40386.51,41120.79,39213.7,39946.43,26082.4574,-1.5240120459592332,-0.3333333333333333,0.5773502691896258,-1.0,0.0,3,489.0,163.0,262.0,5.333333333333333,-0.15833333333333302,0.5860212827087175,19.0,3475.0,0.0,0.08472222222222218,0.536979368261998,38.0,11401.0,-0.6666666666666666,0.1592261904761905,0.5336529207687366,80.0,130553.0,-1.3333333333333333
2024-03-20 08:00:00,40058.84,40554.34,39374.68,39768.59,13783.3771,-0.4451962290497602,0.3333333333333333,0.5773502691896258,0.0,1.0,3,961.0,320.3333333333333,556.0,5.333333333333333,-0.10277777777777748,0.6822463275736551,20.0,3744.0,0.3333333333333333,0.07083333333333329,0.5261663255955878,39.0,11892.0,-0.16666666666666669,0.1592261904761905,0.5336529207687366,80.0,121058.0,0.0
2024-03-20 09:00:00,39648.25,39807.63,39541.42,39715.44,26588.4256,-0.1336481881806572,0.0,0.0,0.0,0.0,2,656.0,328.0,498.0,6.0,0.008333333333333645,0.5860212827087175,19.0,3010.0,0.6666666666666666,0.03749999999999996,0.480522779136824,36.0,6531.0,-0.4,0.1731150793650794,0.5095966595525022,79.0,121258.0,0.3333333333333333
2024-03-20 10:00:00,39858.87,41041.38,38111.06,39239.5,24078.3929,-1.1983752414678084,0.3333333333333333,0.5773502691896258,0.0,1.0,3,3099.0,1033.0,3000.0,6.0,0.022222222222222532,0.5989129942403218,18.0,5894.0,0.08333333333333331,0.03194444444444439,0.48299175511052894,34.0,9045.0,-0.06666666666666671,0.16200396825396826,0.5108311475393547,77.0,83425.0,-0.26666666666666666
2024-03-20 11:00:00,39284.4,39366.91,39091.67,39215.65,26023.3291,-0.0607805909861203,0.2,0.8366600265340756,-1.0,1.0,5,41822.0,8364.4,26200.0,7.0,0.0888888888888892,0.6638207327460081,18.0,47343.0,0.4,-0.03472222222222227,0.5070698775296048,38.0,50856.0,-0.8,0.1453373015873016,0.5228702087488926,77.0,100062.0,-0.39999999999999997
2024-03-20 12:00:00,39088.8,39118.58,39066.44,39100.2,23867.4395,-0.2943977723179558,0.2,0.8366600265340756,-1.0,1.0,5,996.0,199.2,362.0,4.8,0.12222222222222252,0.5675618101061715,21.0,48023.0,0.2,-0.018055555555555602,0.5767915464074443,40.0,51544.0,0.2,0.15367063492063493,0.5577310431878124,80.0,100758.0,0.2
2024-03-20 13:00:00,39002.07,39580.16,38144.21,38651.5,30832.9093,-1.1475644625858594,0.3333333333333333,0.5773502691896258,0.0,1.0,3,15789.0,5263.0,15400.0,6.333333333333333,0.23333333333333361,0.5675618101061715,21.0,63323.0,0.6666666666666666,0.03749999999999995,0.5767915464074443,40.0,66798.0,0.6666666666666666,0.1675595238095238,0.5401206377373802,80.0,116287.0,0.3333333333333333
2024-03-20 14:00:00,38823.77,38851.84,38766.3,38804.48,38798.0014,0.3957931774963619,0.6666666666666666,0.5163977794943222,0.0,1.0,6,39083.0,6513.833333333333,24600.0,6.666666666666667,0.2888888888888892,0.5574030618236208,24.0,101445.0,0.3333333333333333,0.0930555555555555,0.6198246946986379,44.0,105189.0,0.6666666666666666,0.1834325396825397,0.5301401724655413,79.0,136992.0,0.38095238095238093
2024-03-20 15:00:00,38635.9,38787.58,38326.98,38530.83,44587.5747,-0.7052020797598701,0.5,0.5773502691896257,0.0,1.0,4,31559.0,7889.75,22600.0,5.75,0.3722222222222225,0.6536281066885584,26.0,132348.0,0.5,0.19027777777777774,0.6198246946986379,45.0,135358.0,1.1666666666666665,0.19236111111111112,0.5226993942643402,83.0,168551.0,0.2142857142857143
2024-03-20 16:00:00,38545.7,39437.69,37170.66,38056.41,38011.2916,-1.2312737618161873,1.0,0.5773502691896257,1.0,1.0,1,58.0,58.0,58.0,7.0,0.48333333333333367,0.6536281066885584,24.0,129307.0,0.6666666666666667,0.2527777777777777,0.62627055046444,42.0,135201.0,0.75,0.21319444444444446,0.5226993942643402,80.0,147305.0,0.5
2024-03-20 17:00:00,37987.91,38093.34,37921.39,38034.11,49139.1568,-0.058597224488599,-0.6,0.5477225575051661,-1.0,0.0,5,347.0,69.4,102.0,4.2,0.3500000000000003,0.6054718618504068,24.0,87832.0,-0.8,0.21944444444444436,0.6346462972982074,42.0,135175.0,-0.39999999999999997,0.1798611111111111,0.5268872676812238,80.0,146715.0,-0.8
2024-03-20 18:00:00,37902.74,38847.29,36429.14,37381.79,65797.8582,-1.7150920581551654,0.0,0.0,0.0,0.0,2,439.0,219.5,220.0,6.5,0.31666666666666693,0.46602852409472756,21.0,87275.0,-0.2,0.21944444444444436,0.5167951671004495,42.0,135298.0,0.0,0.1798611111111111,0.5268872676812238,80.0,146810.0,0.0
2024-03-20 19:00:00,37253.62,39285.04,36081.16,37934.18,68785.9276,1.477698098459168,0.2857142857142857,0.7559289460184544,-1.0,1.0,7,11612.0,1658.857142857143,10300.0,6.285714285714286,0.308730158730159,0.4957916368995323,25.0,83098.0,-0.047619047619047616,0.27103174603174596,0.5316767235028518,46.0,146421.0,0.6190476190476191,0.17787698412698413,0.534328045882425,84.0,157822.0,-0.047619047619047616
2024-03-20 20:00:00,37846.7,39535.71,36611.52,38501.97,38873.2551,1.4967767854742189,0.5,0.7071067811865476,0.0,1.0,2,256.0,128.0,245.0,4.5,0.2809523809523813,0.5275764705149033,21.0,44271.0,-0.16666666666666663,0.28492063492063485,0.5424897661692619,45.0,145716.0,0.16666666666666669,0.17787698412698413,0.534328045882425,84.0,157608.0,0.0
2024-03-20 21:00:00,38437.95,38841.33,37863.08,38213.37,42214.5296,-0.7495720348854817,1.0,0.7071067811865476,1.0,1.0,1,56.0,56.0,56.0,5.0,0.3642857142857146,0.5492025558477235,18.0,12768.0,0.5,0.3682539682539682,0.6014153312681408,44.0,145116.0,1.0,0.2028769841269841,0.5409690552024825,80.0,151647.0,0.6
2024-03-20 22:00:00,38181.7,39192.23,37390.77,38582.18,46401.5045,0.965133407495844,1.0,0.7071067811865476,1.0,1.0,1,279.0,279.0,279.0,5.0,0.3642857142857146,0.5708286411805438,18.0,12989.0,0.0,0.4238095238095238,0.6122283739345511,42.0,142296.0,0.6666666666666667,0.2278769841269841,0.5476100645225401,76.0,151341.0,0.6
2024-03-20 23:00:00,38765.44,39682.89,38035.2,39179.53,22458.0481,1.5482536238232258,0.0,0.7071067811865476,0.0,0.0,1,14.0,14.0,14.0,6.0,0.46428571428571463,0.597392678460774,14.0,12656.0,0.6,0.4071428571428571,0.6014322701555904,38.0,100488.0,-0.2,0.18621031746031744,0.5542510738425976,76.0,151344.0,-1.0
2024-03-21 00:00:00,39099.13,39387.54,38538.59,38901.25,22150.1459,-0.7102688572323324,0.0,0.7071067811865476,0.0,0.0,1,0.0,0.0,0.0,6.0,0.46428571428571463,0.7152438086585321,13.0,12217.0,0.0,0.3904761904761904,0.5906361663766297,34.0,99492.0,-0.2,0.18621031746031744,0.5837138563920371,74.0,151036.0,0.0
2024-03-21 01:00:00,38784.33,39492.85,37508.61,38342.16,15684.0893,-1.4372031747051706,1.0,0.7071067811865476,1.0,1.0,1,217.0,217.0,217.0,5.0,0.5833333333333336,0.7071067811865476,7.0,822.0,0.7142857142857143,0.446031746031746,0.6014492090430399,32.0,83920.0,0.6666666666666667,0.24176587301587302,0.5891203777252422,72.0,150718.0,1.3333333333333333
2024-03-21 02:00:00,38275.25,38330.52,38195.12,38244.14,25089.8442,-0.2556454826749599,1.0,0.7071067811865476,1.0,1.0,1,49.0,49.0,49.0,6.0,0.666666666666667,0.7071067811865476,6.0,615.0,0.5,0.47380952380952374,0.6173416258507254,27.0,44886.0,0.33333333333333337,0.2834325396825397,0.6185831602746817,71.0,150075.0,1.0
2024-03-21 03:00:00,38305.11,39147.38,37847.69,38592.86,22224.8044,0.9118259686320628,0.0,0.0,0.0,0.0,3,477.0,159.0,349.0,5.333333333333333,0.5000000000000003,0.5892556509887896,8.0,1036.0,-1.0,0.4321428571428571,0.5692291034182565,26.0,13804.0,-0.5,0.3112103174603174,0.5945268990584472,71.0,149162.0,0.6666666666666666
2024-03-21 04:00:00,38544.63,39596.46,37057.04,37930.13,30158.4524,-1.7172347423849987,0.0,0.0,0.0,0.0,0,0.0,159.0,349.0,5.333333333333333,0.33333333333333365,0.47140452079103173,7.0,757.0,-1.0,0.34880952380952374,0.5211165809857877,25.0,13746.0,-1.0,0.3007936507936508,0.573693565725114,67.0,148947.0,-0.25
2024-03-21 05:00:00,37782.59,38777.39,36423.14,37229.89,31711.4444,-1.8461312945671329,1.0,0.0,1.0,1.0,2,406.0,203.0,219.0,5.0,0.5000000000000003,0.3535533905932738,8.0,1149.0,1.0,0.48214285714285715,0.47547303452702394,22.0,13805.0,1.6,0.3507936507936508,0.5550596659126157,64.0,148980.0,1.2
2024-03-21 06:00:00,37100.25,37846.81,35875.93,36581.46,15714.9623,-1.7416919577253664,0.0,0.0,0.0,0.0,1,63.0,63.0,63.0,5.0,0.5000000000000003,0.2357022603955158,8.0,1212.0,0.0,0.48214285714285715,0.47547303452702394,21.0,13429.0,0.0,0.3507936507936508,0.49613410081373677,63.0,148727.0,0.0
2024-03-21 07:00:00,36608.07,37534.9,35982.83,36992.87,16363.9224,1.124640733311355,1.0,0.0,1.0,1.0,3,1381.0,460.3333333333333,600.0,6.333333333333333,0.5000000000000003,0.11785113019775793,10.0,2376.0,0.0,0.5416666666666666,0.4124789556921527,17.0,3198.0,0.7142857142857143,0.4063492063492064,0.4720778395975023,63.0,149619.0,1.3333333333333333
2024-03-21 08:00:00,37093.53,38265.68,35318.6,36452.56,28118.6132,-1.4605787547708693,0.375,0.5175491695067657,0.0,1.0,8,28278.0,3534.75,26200.0,5.875,0.39583333333333365,0.08625819491779428,17.0,30605.0,-0.625,0.53125,0.3966824880521709,23.0,31220.0,-0.125,0.40808531746031745,0.46958612711071646,68.0,176936.0,0.041666666666666685
2024-03-21 09:00:00,36600.23,36751.49,36414.11,36520.94,23161.7965,0.1875862765194025,0.2,0.447213595499958,0.0,1.0,5,18921.0,3784.2,16700.0,5.8,0.429166666666667,0.16079379416778727,19.0,49049.0,0.2,0.46458333333333335,0.37502472257828834,27.0,50085.0,-0.8,0.41641865079365076,0.4882200269232147,71.0,195201.0,0.2
2024-03-21 10:00:00,36459.95,37175.94,36096.09,36719.07,22828.342,0.5425106801741686,1.0,0.447213595499958,1.0,1.0,1,30000.0,30000.0,30000.0,6.0,0.5958333333333337,0.23532939341778025,20.0,79049.0,1.0,0.4645833333333333,0.35336695710440597,27.0,79806.0,0.0,0.44419642857142855,0.48279766551947856,69.0,222102.0,0.6666666666666667
2024-03-21 11:00:00,36579.24,36777.28,36241.25,36448.69,15938.4271,-0.7363476253619661,0.5,0.7071067811865476,0.0,1.0,2,1106.0,553.0,736.0,4.5,0.5125000000000003,0.35318052361553826,20.0,79749.0,-0.5,0.50625,0.35336695710440585,28.0,80898.0,0.5,0.45669642857142856,0.4773996136299983,66.0,181386.0,0.3
2024-03-21 12:00:00,36599.22,36638.94,36571.4,36617.17,14965.5772,0.4622388349210693,0.4,0.5477225575051661,0.0,1.0,5,725.0,145.0,316.0,6.4,0.5791666666666669,0.4444676165330659,24.0,80411.0,0.4,0.5395833333333332,0.3400849384642908,32.0,81623.0,0.4,0.4650297619047619,0.4653605524204603,66.0,181115.0,0.2
2024-03-21 13:00:00,36726.39,37831.86,36018.92,37152.62,32977.7996,1.462292143275956,0.5,0.7071067811865476,0.0,1.0,2,6724.0,3362.0,6400.0,6.0,0.49583333333333374,0.5623187467308238,23.0,85754.0,-0.5,0.4979166666666666,0.3400849384642908,33.0,88130.0,-0.5,0.47197420634920634,0.4707670737536654,65.0,172050.0,0.16666666666666669
2024-03-21 14:00:00,37176.88,39168.73,36030.62,37882.1,70862.0948,1.9634685252345463,0.0,0.0,0.0,0.0,2,344.0,172.0,178.0,5.0,0.43333333333333374,0.4760605518130295,17.0,57820.0,-0.375,0.4145833333333333,0.28115937336541186,34.0,88425.0,-1.0,0.4441964285714286,0.4492504996080687,61.0,133311.0,-0.6666666666666666
2024-03-21 15:00:00,37725.92,39439.71,36454.39,38363.49,66140.291,1.2707584848780762,0.0,1.0,-1.0,1.0,3,22998.0,7666.0,22800.0,5.333333333333333,0.40000000000000036,0.5681916192297032,15.0,61897.0,-0.2,0.4145833333333333,0.3644927066987452,34.0,110946.0,0.0,0.4233630952380953,0.4668609050585009,60.0,124750.0,-0.5
2024-03-21 16:00:00,38337.0,38871.14,37343.18,37994.83,59203.9979,-0.96096575155179,-0.14285714285714285,0.8997354108424372,-1.0,1.0,7,2180.0,311.42857142857144,714.0,6.285714285714286,0.20952380952380986,0.6436119217867831,21.0,34077.0,-1.1428571428571428,0.40267857142857144,0.4394706576022816,41.0,113126.0,-0.14285714285714285,0.37574404761904767,0.48029361929403475,66.0,126872.0,-1.1428571428571428
2024-03-21 17:00:00,37832.6,38385.62,37469.68,38056.33,58368.7699,0.1618641273036347,0.6666666666666666,0.5773502691896258,0.0,1.0,3,4971.0,1657.0,4660.0,6.0,0.23730158730158765,0.6219858364539629,22.0,37942.0,0.16666666666666663,0.3749007936507936,0.4875831800347504,42.0,117691.0,-0.33333333333333337,0.42852182539682543,0.48152810728088724,64.0,131496.0,1.2666666666666666
2024-03-21 18:00:00,38030.6,39238.82,36425.45,37302.67,56763.9902,-1.9803801364976723,0.0,0.0,0.0,0.0,2,8.0,4.0,7.0,6.5,0.170634920634921,0.5306987435364351,19.0,37225.0,-0.4,0.3749007936507936,0.4875831800347504,43.0,117636.0,0.0,0.42852182539682543,0.48152810728088724,64.0,131065.0,0.0
2024-03-21 19:00:00,37200.17,37352.7,36942.36,37091.77,48769.8873,-0.5653750790493017,-1.0,0.0,-1.0,-1.0,1,5.0,5.0,5.0,5.0,-0.07936507936507903,0.4128476133386772,18.0,30506.0,-1.5,0.20823412698412694,0.4875831800347504,41.0,116260.0,-2.0,0.3749503968253968,0.45003106786345165,58.0,119458.0,-1.2857142857142856
2024-03-21 20:00:00,37076.1,37766.85,36669.02,37321.4,45699.5749,0.6190861207216791,0.3333333333333333,0.5163977794943223,0.0,1.0,6,1332.0,222.0,421.0,5.0,-0.023809523809523475,0.4989139099210642,22.0,31494.0,0.3333333333333333,0.2047619047619047,0.4874872308670468,39.0,89314.0,-0.041666666666666685,0.3680059523809524,0.4420848594596089,62.0,120534.0,-0.16666666666666669
2024-03-21 21:00:00,37458.46,38404.96,36227.48,36937.94,32109.3988,-1.0274534181461514,0.0,0.0,0.0,0.0,2,324.0,162.0,256.0,4.5,-0.023809523809523475,0.33224724325439753,21.0,8820.0,0.0,0.188095238095238,0.45021943124205027,36.0,70717.0,-0.2,0.32633928571428567,0.4126220769101694,63.0,120802.0,-1.0
2024-03-21 22:00:00,36975.59,38415.09,36143.54,37485.4,64542.6971,1.4821075566206376,0.0,0.7071067811865476,-1.0,1.0,5,14427.0,2885.4,13100.0,5.6,3.3306690738754696e-16,0.3001424716450826,19.0,21067.0,0.14285714285714285,0.10476190476190471,0.4718771967159328,40.0,55144.0,-1.0,0.28467261904761904,0.4126220769101694,67.0,134950.0,-1.0
2024-03-21 23:00:00,37416.18,37968.38,36429.62,37012.24,21741.6847,-1.262251436559314,1.0,0.0,1.0,1.0,2,166.0,83.0,85.0,6.0,0.05555555555555589,0.203917426780145,18.0,16262.0,0.33333333333333337,0.14642857142857138,0.41295163161705384,40.0,54204.0,0.5,0.3263392857142857,0.38315929436073,68.0,135102.0,1.0
2024-03-22 00:00:00,37173.73,37797.8,36202.54,36753.27,33764.3518,-0.6996874547447018,-0.3333333333333333,0.5773502691896258,-1.0,0.0,3,463.0,154.33333333333334,209.0,5.333333333333333,3.4231876592608995e-16,0.3001424716450826,19.0,16717.0,-0.3333333333333333,0.08531746031746025,0.4154206075907588,38.0,53942.0,-0.7333333333333334,0.3124503968253968,0.3777527730275249,70.0,135565.0,-0.3333333333333333
2024-03-22 01:00:00,36876.08,37162.56,36361.18,36691.87,27851.7774,-0.1670599650044568,0.3333333333333333,0.5773502691896258,0.0,1.0,3,925.0,308.3333333333333,582.0,6.333333333333333,0.22222222222222254,0.3963675165100202,21.0,17637.0,1.3333333333333333,0.07142857142857137,0.40460756492434863,39.0,48143.0,-0.16666666666666669,0.28467261904761904,0.37234625169431984,72.0,136273.0,-0.6666666666666667
2024-03-22 02:00:00,36672.35,36874.16,36301.97,36524.46,24297.5618,-0.4562591113508318,0.5,0.7071067811865476,0.0,1.0,2,599.0,299.5,545.0,5.5,0.25000000000000033,0.42815235012539116,17.0,16904.0,0.16666666666666669,0.11309523809523803,0.46353313002322755,39.0,48398.0,0.5,0.2638392857142857,0.37234625169431973,73.0,136823.0,-0.5
2024-03-22 03:00:00,36405.79,38078.66,35624.99,37007.63,26692.4507,1.3228669226047485,0.3333333333333333,0.5773502691896258,0.0,1.0,3,727.0,242.33333333333334,678.0,5.666666666666667,0.30555555555555586,0.5243773949903288,18.0,17307.0,0.3333333333333333,0.14087301587301582,0.42831231912236306,39.0,26127.0,0.3333333333333333,0.2777281746031746,0.3964025129105542,73.0,137073.0,0.3333333333333333
2024-03-22 04:00:00,37003.6,37438.09,36778.03,37158.79,23385.1116,0.4084563102257688,0.25,0.9574271077563381,-1.0,1.0,4,524.0,131.0,239.0,4.25,0.34722222222222254,0.5660974494186272,17.0,3404.0,0.25,0.17361111111111105,0.4331199605318548,36.0,24471.0,0.39285714285714285,0.2881448412698413,0.43629530906706826,77.0,137597.0,0.25
2024-03-22 05:00:00,37270.19,37563.57,36791.84,37061.26,17937.0414,-0.2624681804762718,1.0,0.9574271077563381,1.0,1.0,1,369.0,369.0,369.0,5.0,0.34722222222222254,0.7256686340446835,16.0,3607.0,0.0,0.20138888888888884,0.46479303041241415,34.0,19869.0,0.33333333333333337,0.2881448412698413,0.47618810522358235,76.0,137560.0,0.0
2024-03-22 06:00:00,37173.71,37453.28,36805.53,37025.47,39437.9761,-0.0965698413923354,1.0,0.0,1.0,1.0,2,278.0,139.0,246.0,6.5,0.5694444444444448,0.629443589179746,15.0,3422.0,1.3333333333333333,0.28472222222222215,0.46479303041241415,34.0,20139.0,1.0,0.329811507936508,0.47618810522358235,77.0,137775.0,1.0
2024-03-22 07:00:00,37001.09,38257.42,35971.67,37515.86,19425.1269,1.3244666441776465,0.2,0.447213595499958,0.0,1.0,5,2322.0,464.4,942.0,6.2,0.5472222222222226,0.6077541435648012,17.0,4819.0,-0.1333333333333333,0.3847222222222222,0.5020608300374106,38.0,22456.0,1.2,0.2964781746031746,0.4948220050360806,79.0,138716.0,-0.8
2024-03-22 08:00:00,37474.47,37558.66,37370.6,37431.55,24356.1419,-0.224731620173435,0.6666666666666666,0.5773502691896258,0.0,1.0,3,826.0,275.3333333333333,408.0,6.0,0.5750000000000003,0.586128058231981,18.0,5046.0,0.16666666666666663,0.4124999999999999,0.507140204178686,35.0,21950.0,0.3333333333333333,0.3086309523809524,0.4973137175228665,74.0,111264.0,0.29166666666666663
2024-03-22 09:00:00,37297.07,37915.56,36434.92,36922.61,20881.5047,-1.359655157213635,0.2222222222222222,0.6666666666666667,-1.0,1.0,9,34986.0,3887.3333333333335,22800.0,6.444444444444445,0.5564814814814818,0.6010141244781545,24.0,39305.0,-0.1111111111111111,0.43101851851851847,0.5626957597342416,42.0,56612.0,0.2222222222222222,0.30955687830687834,0.506457595488146,78.0,127329.0,0.0222222222222222
2024-03-22 10:00:00,37019.45,38216.31,35139.55,36369.66,29385.7132,-1.4975918549636535,0.2,0.4472135954999579,0.0,1.0,5,25002.0,5000.4,24600.0,5.8,0.5481481481481484,0.5159785391020911,25.0,63783.0,-0.04999999999999999,0.44768518518518513,0.5410379942603591,42.0,67187.0,0.2,0.276223544973545,0.506457595488146,82.0,122331.0,-0.8
2024-03-22 11:00:00,36338.7,37004.81,34870.48,35840.84,41774.9514,-1.4540141425573028,0.14285714285714285,0.8997354108424372,-1.0,1.0,7,42799.0,6114.142857142857,21000.0,6.285714285714286,0.40529100529100565,0.5063632562831076,31.0,106213.0,-0.8571428571428572,0.37625661375661373,0.6160159451638956,47.0,109820.0,-0.8571428571428572,0.26134259259259257,0.5144837883904747,87.0,164024.0,-0.35714285714285715
2024-03-22 12:00:00,35952.06,36823.5,34904.69,35494.2,19517.6526,-0.967164832074252,0.0,0.0,0.0,0.0,2,42.0,21.0,29.0,5.5,0.23862433862433896,0.5063632562831076,31.0,105977.0,-1.0,0.4040343915343915,0.5679034227314267,46.0,109399.0,0.3333333333333333,0.2446759259259259,0.4916620151610928,84.0,163341.0,-0.4
2024-03-22 13:00:00,35425.36,35945.14,35174.61,35602.93,24556.5407,0.3063317387066222,0.25,0.9574271077563381,-1.0,1.0,4,43182.0,10795.5,26200.0,5.75,0.2469576719576723,0.591398841659171,30.0,146837.0,0.04999999999999999,0.3970899470899471,0.5995764926119861,47.0,151656.0,-0.08333333333333331,0.23425925925925925,0.5020920287681674,86.0,199799.0,-0.25
2024-03-22 14:00:00,35542.97,36774.25,34493.98,36095.76,58563.1644,1.3842400049658865,0.5714285714285714,0.5345224838248488,0.0,1.0,7,26230.0,3747.1428571428573,19400.0,6.857142857142857,0.23108465608465642,0.5842608774317081,34.0,172241.0,-0.09523809523809523,0.40304232804232804,0.5851944678318445,52.0,177287.0,0.0714285714285714,0.25806878306878306,0.5243637989275362,91.0,225685.0,0.5714285714285714
2024-03-22 15:00:00,36051.38,36423.58,35862.94,36193.43,30985.7415,0.2705857973346326,0.4,0.5477225575051662,0.0,1.0,5,20824.0,4164.8,19200.0,6.8,0.26071428571428606,0.5644368592381247,30.0,158079.0,0.1777777777777778,0.40859788359788357,0.5827254918581395,54.0,197384.0,0.06666666666666671,0.2747354497354497,0.5055189054902514,93.0,223511.0,0.4
2024-03-22 16:00:00,36045.81,37657.66,34933.27,36749.7,79893.6443,1.536936399783051,1.0,0.0,1.0,1.0,3,452.0,150.66666666666666,216.0,5.666666666666667,0.39404761904761937,0.4899012599881318,28.0,133529.0,0.8,0.47109788359788357,0.5029398995451113,53.0,197312.0,0.75,0.32235449735449734,0.46802993003848314,89.0,221783.0,1.1428571428571428
2024-03-22 17:00:00,36763.2,37667.8,35306.53,36225.58,42211.5912,-1.426188513103499,0.0,0.0,0.0,0.0,2,484.0,242.0,417.0,7.0,0.37023809523809553,0.3399453581810589,23.0,91214.0,-0.14285714285714285,0.3877645502645503,0.42315430723208314,54.0,197427.0,-1.0,0.29457671957671955,0.4439736688222487,88.0,217296.0,-0.6666666666666666
2024-03-22 18:00:00,36371.53,37304.67,35023.3,35830.61,58212.5986,-1.0903069046789615,0.0,0.8944271909999159,-1.0,1.0,6,1514.0,252.33333333333334,906.0,5.833333333333333,0.37023809523809553,0.4890165566810449,27.0,92686.0,0.0,0.3044312169312169,0.49768990648207617,58.0,198663.0,-1.0,0.29457671957671955,0.48124146844724525,92.0,218802.0,0.0
2024-03-22 19:00:00,35822.65,36849.62,35339.02,36179.04,33355.7849,0.9724366958865582,-0.5,0.7071067811865476,-1.0,0.0,2,440.0,220.0,347.0,5.0,0.24523809523809556,0.4472965022527464,25.0,49944.0,-0.75,0.24609788359788354,0.5193476719559585,55.0,196781.0,-0.7,0.3154100529100529,0.5107042509966847,93.0,219237.0,0.5
2024-03-22 20:00:00,36339.06,36844.0,35431.16,35940.13,49772.2202,-0.6603547247245989,0.25,0.5,0.0,1.0,4,10481.0,2620.25,10300.0,5.75,0.19166666666666698,0.4415427549486049,22.0,34195.0,-0.3214285714285714,0.21137566137566133,0.5129018161901565,56.0,206436.0,-0.41666666666666663,0.3119378306878307,0.5100210101844213,91.0,228386.0,-0.08333333333333331
2024-03-22 21:00:00,35798.25,36326.59,34728.99,35406.22,47558.1984,-1.4855538919864686,0.6666666666666666,0.5773502691896258,0.0,1.0,3,613.0,204.33333333333334,288.0,4.666666666666667,0.2361111111111114,0.4464807068960149,20.0,13984.0,0.2666666666666666,0.24841269841269834,0.5054587830670697,50.0,172063.0,0.4444444444444444,0.3397156084656085,0.5340772714006558,92.0,228675.0,0.6666666666666666
2024-03-22 22:00:00,35465.83,35541.04,35411.95,35494.08,47662.1579,0.2481484891637686,0.0,1.0,-1.0,1.0,3,699.0,233.0,358.0,6.333333333333333,0.06944444444444475,0.6131473735626816,20.0,14231.0,-1.0,0.23174603174603173,0.5515243167754066,48.0,147760.0,-0.2,0.3397156084656085,0.5462811555178829,90.0,214947.0,0.0
2024-03-22 23:00:00,35466.4,36075.52,35020.98,35695.09,19250.4418,0.5663197919202112,0.3333333333333333,0.5773502691896258,0.0,1.0,3,269.0,89.66666666666667,182.0,7.0,0.1250000000000003,0.7093724184276192,21.0,14016.0,0.3333333333333333,0.24761904761904754,0.5246588883043389,44.0,105230.0,0.19047619047619047,0.3119378306878307,0.5703374167341173,91.0,215050.0,-0.6666666666666667
2024-03-23 00:00:00,35654.05,36529.62,34141.99,35009.45,15121.2131,-1.920824404701038,1.0,0.5773502691896258,1.0,1.0,1,736.0,736.0,736.0,5.0,0.29166666666666696,0.6565262647925709,16.0,13238.0,1.0,0.3309523809523809,0.5727714107368077,43.0,105924.0,1.0,0.36749338624338623,0.5703374167341173,89.0,215323.0,1.3333333333333333
2024-03-23 01:00:00,35112.65,35805.04,33850.56,34637.76,24427.1345,-1.0616847736825252,0.0,1.4142135623730951,-1.0,1.0,2,791.0,395.5,683.0,5.0,0.3750000000000003,0.7743773949903288,16.0,13589.0,0.5,0.31011904761904757,0.6108369486215375,41.0,63533.0,-0.25,0.35360449735449734,0.6052067206167618,88.0,215189.0,-0.3333333333333333
2024-03-23 02:00:00,34682.34,35852.87,33995.58,35122.1,21975.1717,1.3983005829476092,0.0,1.4142135623730951,0.0,0.0,1,258.0,258.0,258.0,6.0,0.33333333333333365,0.9267463220525113,13.0,3366.0,-0.25,0.26249999999999996,0.6841445385005581,35.0,37561.0,-0.5714285714285714,0.332771164021164,0.6346695031662014,87.0,214848.0,-0.5
2024-03-23 03:00:00,35138.21,35902.84,33626.19,34601.05,33525.1301,-1.4835388544534478,0.5555555555555556,0.5270462766947299,0.0,1.0,9,3125.0,347.22222222222223,769.0,6.0,0.31481481481481516,0.918362323303362,19.0,5878.0,-0.11111111111111105,0.27546296296296297,0.6824215150996884,39.0,19862.0,0.15555555555555556,0.34203042328042327,0.6325735034789141,93.0,217246.0,0.22222222222222227
2024-03-23 04:00:00,34736.87,35364.42,33856.24,34396.84,29422.8519,-0.5901844019184588,0.5,0.5773502691896257,0.0,1.0,4,642.0,160.5,397.0,4.5,0.3981481481481484,0.847920701501633,20.0,5821.0,0.5,0.23379629629629628,0.7305340375321573,40.0,20052.0,-0.5,0.35244708994708995,0.6167369685386344,93.0,217364.0,0.25
2024-03-23 05:00:00,34454.63,34805.52,33965.74,34237.39,24216.4776,-0.4635600246999383,-0.3333333333333333,0.5773502691896258,-1.0,0.0,3,376.0,125.33333333333333,248.0,5.333333333333333,0.28703703703703737,0.847920701501633,20.0,5928.0,-0.6666666666666666,0.2060185185185185,0.778646559964626,41.0,19944.0,-0.3333333333333333,0.2968915343915344,0.6009004335983547,95.0,217371.0,-1.3333333333333333
2024-03-23 06:00:00,34396.51,35107.06,33076.95,33882.25,19307.3477,-1.037287012824284,-0.5,0.7071067811865476,-1.0,0.0,2,191.0,95.5,167.0,5.5,0.03703703703703735,0.8695467868344532,21.0,5383.0,-1.5,0.16435185185185183,0.7630365258135119,37.0,18621.0,-0.5,0.23439153439153437,0.6303632161477942,95.0,217284.0,-1.5
2024-03-23 07:00:00,33813.03,35047.84,33030.97,34317.94,29559.7458,1.2858945317976378,0.6,0.5477225575051661,0.0,1.0,5,1829.0,365.8,1561.0,5.8,0.13703703703703735,0.725131619356465,24.0,6421.0,0.6,0.2560185185185185,0.7497545071733968,40.0,20010.0,1.1,0.25105820105820104,0.6345510895646779,95.0,216791.0,0.39999999999999997
2024-03-23 08:00:00,34443.88,34460.26,34431.17,34450.38,27939.8484,0.3859206001292525,-1.0,0.5477225575051661,-1.0,-1.0,1,6700.0,6700.0,6700.0,6.0,-0.029629629629629322,0.580716451878477,24.0,12863.0,-1.0,0.15185185185185182,0.7537313869654939,37.0,16229.0,-1.25,0.1816137566137566,0.6333166015778253,93.0,222665.0,-1.6666666666666665
2024-03-23 09:00:00,34567.52,35034.17,33495.77,34182.93,24546.6329,-0.7763339620636911,0.5,0.7071067811865476,0.0,1.0,2,34188.0,17094.0,34000.0,6.0,-0.038888888888888584,0.6107265359604465,17.0,43926.0,-0.05555555555555558,0.13796296296296295,0.7645444296319042,36.0,49804.0,-0.16666666666666663,0.19318783068783066,0.6350016063494871,86.0,221867.0,0.2777777777777778
2024-03-23 10:00:00,34063.9,35348.81,33161.42,34554.31,20752.7774,1.0864487040753934,0.2,0.8366600265340756,-1.0,1.0,5,1590.0,318.0,536.0,5.4,-0.08888888888888857,0.6539448288511881,18.0,44874.0,-0.3,0.15462962962962962,0.7509327651764105,38.0,50695.0,0.2,0.19318783068783066,0.6512285409759085,86.0,198455.0,0.0
2024-03-23 11:00:00,34708.82,34815.95,34653.96,34751.68,18856.8942,0.5711877910454577,0.6666666666666666,0.5,0.0,1.0,9,36448.0,4049.777777777778,21000.0,5.444444444444445,0.07777777777777807,0.6410531173195838,24.0,80946.0,1.0,0.18240740740740738,0.7444869094106084,44.0,86874.0,0.3333333333333333,0.21501322751322752,0.6345728988574737,88.0,192104.0,0.5238095238095237
2024-03-23 12:00:00,34792.75,36130.7,34161.42,35270.44,38676.463,1.4927623642943422,0.6666666666666666,0.5773502691896258,0.0,1.0,3,950.0,316.6666666666667,637.0,5.666666666666667,0.27222222222222253,0.6194270319867635,25.0,81705.0,1.1666666666666665,0.1546296296296296,0.7444869094106084,46.0,87088.0,-0.33333333333333337,0.24279100529100528,0.6586291600737081,89.0,193012.0,0.6666666666666666
2024-03-23 13:00:00,35396.81,36013.99,34468.46,35083.09,26213.6236,-0.5311813518629416,0.4,0.5477225575051662,0.0,1.0,5,20105.0,4021.0,19400.0,5.8,0.23888888888888918,0.6194270319867635,25.0,99981.0,-0.19999999999999996,0.18796296296296297,0.6722793256716142,49.0,106402.0,0.4,0.24904100529100529,0.641558137146576,90.0,169935.0,0.15000000000000002
2024-03-23 14:00:00,35248.69,36677.89,34522.04,35803.84,58627.5753,2.0544085483918284,0.0,0.7071067811865476,-1.0,1.0,5,5912.0,1182.4,5200.0,5.6,0.4055555555555559,0.6459910692669938,29.0,99193.0,1.0,0.18796296296296297,0.6133537605727352,53.0,112056.0,0.0,0.22523148148148145,0.6487491495366468,88.0,149617.0,-0.5714285714285714
2024-03-23 15:00:00,35714.81,35909.9,35560.4,35794.46,55173.2522,-0.0261983072206706,0.5,0.5773502691896257,0.0,1.0,4,1733.0,433.25,960.0,6.5,0.4055555555555559,0.6243649839341735,31.0,66738.0,0.0,0.18333333333333332,0.6175457599473099,48.0,110664.0,-0.05555555555555558,0.22939814814814816,0.6499836375234992,87.0,130526.0,0.09999999999999998
2024-03-23 16:00:00,35636.69,35804.69,35271.56,35508.93,59727.4875,-0.7976932743223308,0.0,0.0,0.0,0.0,5,2745.0,549.0,882.0,5.4,0.3722222222222225,0.4849216461784942,31.0,67893.0,-0.2,0.14166666666666664,0.5694332375148411,49.0,112767.0,-0.5,0.18773148148148147,0.6499836375234992,89.0,132819.0,-1.0
2024-03-23 17:00:00,35669.04,36341.12,34670.75,35301.6,40189.8388,-0.5838812940857419,0.6,0.5477225575051661,0.0,1.0,5,2055.0,411.0,1388.0,6.4,0.3611111111111114,0.4928754057626885,27.0,33500.0,-0.06666666666666665,0.21944444444444444,0.5669642615411361,51.0,114446.0,0.9333333333333333,0.21273148148148147,0.672805410752881,92.0,134390.0,0.6
2024-03-23 18:00:00,35419.62,36618.72,33946.55,34811.16,60121.2965,-1.3892854714800285,0.3333333333333333,0.5773502691896258,0.0,1.0,3,1755.0,585.0,1244.0,5.0,0.30555555555555586,0.49287540576268857,27.0,34305.0,-0.3333333333333333,0.28888888888888886,0.5561512188747261,52.0,116010.0,0.8333333333333333,0.2266203703703704,0.659593872344119,89.0,134631.0,0.3333333333333333
2024-03-23 19:00:00,34894.59,36334.38,33930.35,35514.79,62990.6044,2.0212770847050088,-0.5,0.7071067811865476,-1.0,0.0,2,411.0,205.5,347.0,5.5,0.15555555555555586,0.5194394430429188,24.0,14611.0,-0.9,0.1972222222222222,0.5694332375148411,49.0,114592.0,-1.1,0.2266203703703704,0.659593872344119,89.0,134602.0,0.0
2024-03-23 20:00:00,35341.04,36124.93,34106.4,34800.03,55175.9876,-2.012569974368428,0.0,1.0,-1.0,1.0,3,488.0,162.66666666666666,275.0,5.666666666666667,0.15555555555555586,0.5682549795118276,22.0,9187.0,0.0,0.2805555555555555,0.6071230243894106,51.0,108380.0,1.0,0.2162037037037037,0.6804272056774524,88.0,124609.0,-0.25
2024-03-23 21:00:00,34855.86,35220.46,34072.08,34575.37,39954.6662,-0.6455741561142259,0.25,0.5,0.0,1.0,4,619.0,154.75,316.0,5.75,0.11388888888888919,0.5553632679802233,22.0,8073.0,-0.25,0.2597222222222222,0.5898641259571983,53.0,74811.0,-0.25,0.1988425925925926,0.6772042777945514,89.0,124615.0,-0.41666666666666663
2024-03-23 22:00:00,34740.98,36151.78,33932.26,35311.44,68419.1627,2.128885388645152,0.0,0.5,0.0,0.0,1,125.0,125.0,125.0,7.0,0.11388888888888919,0.6386966013135565,18.0,5453.0,0.0,0.2430555555555555,0.5618091237460253,49.0,73346.0,-0.2,0.1988425925925926,0.6563709444612179,87.0,124041.0,0.0
2024-03-23 23:00:00,35449.55,36313.23,33984.85,34900.56,39279.0738,-1.1635889105627073,0.0,1.4142135623730951,-1.0,1.0,2,491.0,245.5,450.0,5.5,0.013888888888889192,0.7831117687915446,15.0,3889.0,-0.6,0.18749999999999997,0.6379935872771165,42.0,37389.0,-0.6666666666666666,0.1849537037037037,0.6912402483438624,86.0,124263.0,-0.3333333333333333
2024-03-24 00:00:00,35003.33,35864.49,34539.24,35365.2,38629.5312,1.331325342630607,0.0,0.0,0.0,0.0,3,947.0,315.6666666666667,833.0,6.333333333333333,-0.04166666666666636,0.6868867239266071,15.0,3081.0,-0.3333333333333333,0.13194444444444445,0.5898810648446479,42.0,37386.0,-0.6666666666666666,0.14328703703703705,0.6671839871276282,88.0,124474.0,-1.0
2024-03-24 01:00:00,35400.23,35769.15,34868.51,35205.6,39559.4538,-0.4512910997251484,0.0,0.0,0.0,0.0,2,100.0,50.0,77.0,5.5,0.04166666666666697,0.5690355937288492,15.0,2770.0,0.5,0.0986111111111111,0.5442375183858839,39.0,17381.0,-0.4,0.14328703703703705,0.6082584220287491,88.0,123783.0,0.0
2024-03-24 02:00:00,35178.02,35739.87,34901.36,35372.29,26067.3422,0.4734758106665016,0.5,0.5773502691896257,0.0,1.0,4,464.0,116.0,314.0,6.25,0.1250000000000003,0.4985939719271202,16.0,2746.0,0.5,0.14027777777777775,0.5334244757194738,38.0,11933.0,0.5,0.1641203703703704,0.5733891181461046,91.0,123989.0,0.5
2024-03-24 03:00:00,35284.45,35312.45,35263.81,35295.49,25783.7289,-0.2171191065096556,0.3333333333333333,0.5773502691896258,0.0,1.0,3,135.0,45.0,128.0,5.333333333333333,0.1388888888888892,0.5114856834587245,15.0,2262.0,0.08333333333333331,0.12638888888888886,0.5334244757194738,37.0,10335.0,-0.16666666666666669,0.15486111111111112,0.575485117833392,85.0,120999.0,-0.22222222222222227
2024-03-24 04:00:00,35154.71,36184.89,34467.99,35584.99,31092.4309,0.8202181071859327,1.0,0.0,1.0,1.0,3,254.0,84.66666666666667,174.0,6.0,0.30555555555555586,0.42815235012539116,17.0,2391.0,1.0,0.20972222222222223,0.5334244757194738,35.0,7844.0,1.0,0.17569444444444446,0.5514288566171576,84.0,120611.0,0.5
2024-03-24 05:00:00,35444.06,36546.03,34787.48,35842.34,31357.25,0.7231981799067588,0.0,0.0,0.0,0.0,1,123.0,123.0,123.0,4.0,0.30555555555555586,0.19245008972987523,16.0,2023.0,0.0,0.15972222222222218,0.48778092926071,31.0,5912.0,-0.6,0.18958333333333333,0.5273725954009231,82.0,120358.0,0.3333333333333333
2024-03-24 06:00:00,35849.14,37377.3,34823.89,36458.92,34402.9233,1.7202559877508072,0.0,0.0,0.0,0.0,3,764.0,254.66666666666666,449.0,4.333333333333333,0.30555555555555586,0.19245008972987523,16.0,1840.0,0.0,0.13194444444444442,0.4396684068282411,31.0,4921.0,-0.3333333333333333,0.21041666666666667,0.49790981285148367,83.0,120931.0,0.5
2024-03-24 07:00:00,36624.47,36878.62,36423.8,36735.26,23716.8643,0.7579489463758193,0.6666666666666666,0.5773502691896258,0.0,1.0,3,913.0,304.3333333333333,513.0,6.0,0.41666666666666696,0.2886751345948129,17.0,2653.0,0.6666666666666666,0.22916666666666663,0.42885536416183095,32.0,5423.0,1.1666666666666665,0.21319444444444446,0.49914430083833605,81.0,120015.0,0.06666666666666665
2024-03-24 08:00:00,36883.59,37058.32,36561.2,36768.26,24761.285,0.0898319489231802,-0.2,1.0954451150103321,-1.0,1.0,5,11025.0,2205.0,10300.0,5.6,0.3000000000000003,0.3750242755649307,18.0,13214.0,-0.7,0.2125,0.4368091237460254,34.0,15960.0,-0.2,0.2465277777777778,0.521966074067718,85.0,124340.0,0.8
2024-03-24 09:00:00,36897.77,37181.19,36686.45,37006.02,32632.8427,0.6466446875647458,0.6666666666666666,0.5163977794943222,0.0,1.0,6,33566.0,5594.333333333333,30000.0,6.0,0.3555555555555559,0.36486552728238003,21.0,46645.0,0.3333333333333333,0.2472222222222222,0.43817560537055217,36.0,48907.0,0.41666666666666663,0.25347222222222227,0.5140198656638753,89.0,123718.0,0.16666666666666663
2024-03-24 10:00:00,37108.76,37666.01,36693.79,37359.72,19389.2221,0.9557904362587522,0.5,0.5773502691896257,0.0,1.0,4,27005.0,6751.25,26200.0,6.25,0.27222222222222253,0.4610905721473177,22.0,73396.0,-0.5,0.28888888888888886,0.4446214611363543,39.0,75787.0,0.5,0.2659722222222222,0.5032152924411899,88.0,149133.0,0.3
2024-03-24 11:00:00,37209.83,38988.97,36093.3,37835.96,30896.9515,1.2747418877871564,0.25,0.9574271077563382,-1.0,1.0,4,986.0,246.5,418.0,5.75,0.3138888888888892,0.620661756773374,25.0,74259.0,0.25,0.3097222222222222,0.40655592325162454,41.0,76282.0,0.25,0.24861111111111112,0.5222747552643706,83.0,113671.0,-0.41666666666666663
2024-03-24 12:00:00,37956.42,38424.96,37388.41,37719.65,18395.9388,-0.3074059704048726,0.25,0.5,0.0,1.0,4,433.0,108.25,163.0,5.75,0.3555555555555559,0.7039950901067074,26.0,73928.0,0.25,0.33055555555555555,0.4482225899182912,42.0,75768.0,0.25,0.23125000000000004,0.5190518273814696,84.0,113154.0,-0.41666666666666663
2024-03-24 13:00:00,37703.88,39488.81,36345.19,38444.35,24916.417,1.921279757367844,0.0,0.7071067811865476,-1.0,1.0,5,24852.0,4970.4,19200.0,6.0,0.2444444444444448,0.7256211754395276,28.0,97867.0,-0.6666666666666666,0.33055555555555555,0.5071481550171703,45.0,100520.0,0.0,0.21458333333333335,0.5256928367015271,84.0,117901.0,-0.4
2024-03-24 14:00:00,38462.53,38879.35,37783.24,38188.49,64476.1556,-0.665533426888476,0.3333333333333333,0.5773502691896258,0.0,1.0,3,19848.0,6616.0,19200.0,6.0,0.3333333333333337,0.6392720344694099,26.0,106690.0,0.5333333333333333,0.31666666666666665,0.5071481550171703,44.0,119904.0,-0.16666666666666669,0.22847222222222222,0.520286315368322,82.0,131837.0,0.3333333333333333
2024-03-24 15:00:00,38324.69,38756.16,37613.21,38069.85,54601.2015,-0.3106695237229839,0.2222222222222222,0.8333333333333334,-1.0,1.0,9,40788.0,4532.0,21000.0,6.333333333333333,0.2592592592592596,0.6920946267759117,29.0,113912.0,-0.4444444444444444,0.30740740740740735,0.5284800770291459,50.0,160557.0,-0.1111111111111111,0.21689814814814815,0.5309522763743099,87.0,170892.0,-0.2777777777777778
2024-03-24 16:00:00,38194.98,39277.75,36543.27,37585.84,43100.8121,-1.2713735410042393,0.0,0.8333333333333334,0.0,0.0,1,1.0,1.0,1.0,3.0,0.17592592592592626,0.734758470799863,26.0,86908.0,-0.5,0.224074074074074,0.5979245214735903,48.0,160304.0,-1.0,0.21689814814814815,0.5656744985965321,83.0,168148.0,0.0
2024-03-24 17:00:00,37467.89,37716.08,36981.63,37292.09,43852.8969,-0.781544326267547,0.0,1.4142135623730951,-1.0,1.0,2,458.0,229.0,321.0,6.0,0.1342592592592596,0.8108895465693227,24.0,86380.0,-0.25,0.224074074074074,0.7157756516713483,49.0,160639.0,0.0,0.19189814814814818,0.6017782904660292,80.0,166551.0,-0.6
2024-03-24 18:00:00,37439.68,38571.89,36883.32,37821.23,34001.4927,1.41890679766139,0.75,0.5,0.0,1.0,4,1148.0,287.0,421.0,5.75,0.21759259259259292,0.8108895465693227,24.0,87095.0,0.5,0.28657407407407404,0.7574423183380149,50.0,161023.0,0.75,0.20925925925925926,0.598555362583128,81.0,165944.0,0.4166666666666667
2024-03-24 19:00:00,37975.85,38781.37,37426.73,38280.01,47280.471,1.213022421534138,0.5,0.5773502691896257,0.0,1.0,4,908.0,227.0,636.0,6.5,0.30092592592592626,0.7892634612365023,23.0,63151.0,0.5,0.2726851851851852,0.7574423183380148,51.0,161018.0,-0.16666666666666663,0.25092592592592594,0.593148841249923,83.0,166441.0,1.0
2024-03-24 20:00:00,38354.9,38943.24,37116.48,37892.52,62068.6905,-1.0122515641976193,0.75,0.5,0.0,1.0,4,1038.0,259.5,636.0,5.75,0.3703703703703707,0.776371749704898,24.0,44341.0,0.4166666666666667,0.35185185185185186,0.7078218920871538,50.0,151031.0,0.95,0.28217592592592594,0.5723155079165897,84.0,166991.0,0.75
2024-03-24 21:00:00,37802.85,38660.19,37307.5,38129.3,56348.8209,0.6248726661620907,0.0,0.0,0.0,0.0,2,202.0,101.0,135.0,5.5,0.33333333333333365,0.637482860816009,17.0,3755.0,-0.2222222222222222,0.2962962962962963,0.6647887437959603,46.0,117667.0,-0.6666666666666666,0.27175925925925926,0.5514821745832563,82.0,166574.0,-0.25
2024-03-24 22:00:00,38303.2,39705.7,37611.51,38785.16,45808.2852,1.72009452048687,0.0,0.0,0.0,0.0,1,414.0,414.0,414.0,6.0,0.33333333333333365,0.4985939719271202,17.0,4168.0,0.0,0.2546296296296296,0.6166762213634915,43.0,91076.0,-0.5,0.27175925925925926,0.530648841249923,82.0,166863.0,0.0
2024-03-24 23:00:00,38978.87,39089.3,38742.48,38889.27,24271.6689,0.2684274088336602,0.5,0.7071067811865476,0.0,1.0,2,244.0,122.0,130.0,6.0,0.41666666666666696,0.3807428417293622,17.0,3954.0,0.5,0.27546296296296297,0.5958161941493424,41.0,90334.0,0.25,0.29259259259259257,0.5011860587004835,82.0,166616.0,0.5
2024-03-25 00:00:00,38887.13,40435.27,38163.35,39405.49,22647.8833,1.3274098485263508,0.0,1.0,-1.0,1.0,3,262.0,87.33333333333333,185.0,4.666666666666667,0.291666666666667,0.46407617506269555,16.0,3068.0,-0.75,0.2546296296296296,0.637482860816009,40.0,90163.0,-0.25,0.29259259259259257,0.5428527253671501,82.0,165931.0,0.0
2024-03-25 01:00:00,39293.57,40362.59,37594.85,38527.21,36431.2295,-2.228826490928037,0.25,0.9574271077563381,-1.0,1.0,4,873.0,218.25,469.0,6.75,0.25000000000000033,0.5274223148238143,16.0,3033.0,-0.25,0.27546296296296297,0.6583428880301582,39.0,66184.0,0.25,0.30300925925925926,0.5827455215236642,84.0,166704.0,0.25
2024-03-25 02:00:00,38494.28,38703.65,38373.61,38573.16,32301.4066,0.1192663574652863,0.75,0.5,0.0,1.0,4,821.0,205.25,277.0,6.0,0.25000000000000033,0.5274223148238143,16.0,2816.0,0.0,0.3101851851851852,0.6518970322643561,40.0,47157.0,0.4166666666666667,0.31342592592592594,0.5795225936407632,84.0,167061.0,0.25
2024-03-25 03:00:00,38622.25,40413.28,37543.16,39222.6,40092.0544,1.6836577558073884,0.0,0.0,0.0,0.0,4,309.0,77.25,146.0,5.75,0.25000000000000033,0.5274223148238143,18.0,2923.0,0.0,0.2916666666666667,0.5824525878199116,35.0,6678.0,-0.2222222222222222,0.29953703703703705,0.5554663324245287,85.0,167235.0,-0.3333333333333333
2024-03-25 04:00:00,39341.61,39898.31,38255.12,38969.53,31762.0776,-0.6452147486398108,1.0,0.0,1.0,1.0,2,203.0,101.5,125.0,5.5,0.41666666666666696,0.5274223148238143,19.0,2712.0,1.0,0.375,0.5130081433754672,36.0,6880.0,1.0,0.29953703703703705,0.5554663324245287,84.0,167184.0,0.0
2024-03-25 05:00:00,38913.83,40559.25,37567.64,39626.88,33833.8366,1.686830711070919,0.0,0.0,0.0,0.0,3,1033.0,344.3333333333333,865.0,5.666666666666667,0.33333333333333365,0.40957118462605635,20.0,3501.0,-0.5,0.375,0.3951570131777092,37.0,7455.0,0.0,0.29953703703703705,0.5554663324245287,86.0,168094.0,0.0
2024-03-25 06:00:00,39642.05,40810.43,37977.68,39053.39,27088.9979,-1.4472247121146031,0.0,0.0,0.0,0.0,2,1134.0,567.0,898.0,5.0,0.33333333333333365,0.2429045179593897,19.0,4373.0,0.0,0.3125,0.35349034651104255,35.0,7441.0,-0.75,0.29953703703703705,0.5554663324245287,85.0,168464.0,0.0
2024-03-25 07:00:00,38980.55,40266.04,38129.67,39459.63,33699.6139,1.0402169952467677,0.3333333333333333,0.5773502691896258,0.0,1.0,3,493.0,164.33333333333334,249.0,5.666666666666667,0.34722222222222254,0.17955837819827095,18.0,3993.0,0.08333333333333331,0.2986111111111111,0.35349034651104255,34.0,7026.0,-0.16666666666666669,0.28564814814814815,0.5554663324245288,85.0,168044.0,-0.3333333333333333
2024-03-25 08:00:00,39480.97,41451.43,38209.77,40247.02,19361.3039,1.9954317868667195,-0.5,0.7071067811865476,-1.0,0.0,2,103.0,51.5,81.0,6.0,0.1388888888888892,0.21407617506269558,16.0,3275.0,-1.25,0.19444444444444442,0.37074924494325484,32.0,6091.0,-1.25,0.27314814814814814,0.5392855685152044,82.0,157122.0,-0.3
2024-03-25 09:00:00,40245.87,40447.48,40005.77,40143.13,26317.0966,-0.2581309125495479,0.14285714285714285,0.37796447300922725,0.0,1.0,7,46437.0,6633.857142857143,32000.0,6.285714285714286,0.16269841269841304,0.2770702538975668,19.0,49403.0,0.14285714285714285,0.2063492063492063,0.40224628436069043,37.0,52326.0,0.14285714285714285,0.25132275132275134,0.5335175140783255,83.0,169993.0,-0.5238095238095237
2024-03-25 10:00:00,39965.52,40426.96,39400.72,39721.89,22264.0216,-1.049345180607486,0.3333333333333333,0.5163977794943223,0.0,1.0,6,25292.0,4215.333333333333,24600.0,6.333333333333333,0.05158730158730191,0.3631365504799538,23.0,74492.0,-0.6666666666666667,0.2341269841269841,0.445279432651884,42.0,77204.0,0.3333333333333333,0.24437830687830686,0.5309778270076878,85.0,168280.0,-0.16666666666666669
2024-03-25 11:00:00,39808.83,40137.37,39610.87,39919.9,28446.2711,0.4984908824831935,0.75,0.5,0.0,1.0,4,25494.0,6373.5,24400.0,6.0,0.17658730158730193,0.44646988381328717,24.0,98953.0,0.75,0.25496031746031744,0.4280205342196717,44.0,102454.0,0.25,0.26521164021164023,0.5119183641845071,85.0,192788.0,0.5
2024-03-25 12:00:00,40001.42,42118.87,39029.35,40709.85,27428.3926,1.978837622338725,-0.2,0.4472135954999579,-1.0,0.0,5,466.0,93.2,289.0,4.4,0.1432539682539686,0.5210054830632801,27.0,98285.0,-0.2,0.23829365079365075,0.3819550005113348,46.0,102658.0,-0.2,0.24646164021164021,0.509718930663672,86.0,192821.0,-0.45
2024-03-25 13:00:00,40780.96,41238.71,39979.06,40504.52,27969.9552,-0.5043742484926894,0.0,1.0,-1.0,1.0,3,707.0,235.66666666666666,372.0,4.666666666666667,0.08769841269841305,0.5914471048650092,27.0,98499.0,-0.3333333333333333,0.21746031746031744,0.38550274153164005,45.0,102492.0,-0.25,0.2464616402116402,0.5219228147808992,84.0,168676.0,0.0
2024-03-25 14:00:00,40520.56,41241.06,40166.3,40814.46,54130.1922,0.7651985506802683,0.0,1.4142135623730951,-1.0,1.0,2,21321.0,10660.5,21000.0,5.5,0.1710317460317464,0.709298235062767,27.0,119717.0,0.5,0.15496031746031744,0.46168720506273125,43.0,122992.0,-0.75,0.23257275132275132,0.5567921186635437,83.0,170149.0,-0.3333333333333333
2024-03-25 15:00:00,40756.65,41985.45,39088.13,40136.63,55002.9436,-1.6607594465294917,-0.5,0.7071067811865476,-1.0,0.0,2,14297.0,7148.5,13700.0,5.5,0.06388888888888923,0.7641552864256539,22.0,87577.0,-0.6428571428571428,0.11329365079365078,0.5206127701616102,41.0,136980.0,-0.5,0.2024801587301587,0.551532678990761,76.0,143658.0,-0.7222222222222222
2024-03-25 16:00:00,40229.97,40909.57,39095.27,39825.74,32535.195,-0.7745792309917343,0.25,0.9574271077563381,-1.0,1.0,4,3500.0,875.0,3000.0,7.5,0.05000000000000035,0.8376601744693231,20.0,65785.0,-0.08333333333333331,0.05079365079365078,0.6003983624746384,43.0,140277.0,-0.75,0.2128968253968254,0.5567032529250528,79.0,147157.0,0.25
2024-03-25 17:00:00,39885.24,39895.63,39867.03,39877.23,60742.1934,0.1292882442360365,0.5,0.5773502691896257,0.0,1.0,4,493.0,123.25,229.0,5.25,0.008333333333333684,0.8505518860009272,20.0,40784.0,-0.25,0.09246031746031745,0.6485108849071072,44.0,139737.0,0.5,0.2337301587301587,0.5218339490424083,81.0,147192.0,0.5
2024-03-25 18:00:00,40056.29,40331.49,39559.09,39875.96,31042.8247,-0.0031847748702795,0.0,0.0,0.0,0.0,3,731.0,243.66666666666666,456.0,4.666666666666667,0.04166666666666702,0.7760162867509344,18.0,41049.0,0.2,0.09246031746031745,0.6485108849071072,45.0,139334.0,0.0,0.2024801587301587,0.501000615709075,80.0,146775.0,-0.75
2024-03-25 19:00:00,39714.81,40121.11,39046.78,39484.71,42102.6717,-0.9811676007298598,0.0,0.0,0.0,0.0,1,582.0,582.0,582.0,7.0,0.04166666666666702,0.6093496200842677,16.0,40924.0,0.0,0.06468253968253967,0.6003983624746384,43.0,139423.0,-0.3333333333333333,0.1816468253968254,0.4769443544928406,77.0,146449.0,-0.5
2024-03-25 20:00:00,39445.79,40303.46,38278.47,39014.47,45354.7374,-1.1909420127436563,0.0,0.0,0.0,0.0,0,0.0,582.0,582.0,7.0,0.04166666666666702,0.3736473596887519,14.0,19603.0,0.0,0.10634920634920635,0.5414727973757595,41.0,139320.0,0.5,0.1503968253968254,0.45611102115950725,73.0,145411.0,-0.75
2024-03-25 21:00:00,39023.78,40285.17,36788.66,38275.15,32529.7039,-1.894989218102927,0.16666666666666666,0.752772652709081,-1.0,1.0,6,11064.0,1844.0,10300.0,6.166666666666667,0.15277777777777812,0.38125833827584077,18.0,16370.0,0.6666666666666666,0.10833333333333334,0.5727068123507472,40.0,103947.0,0.023809523809523808,0.15734126984126984,0.4874765483557189,77.0,156273.0,0.16666666666666666
2024-03-25 22:00:00,38148.27,40004.05,37296.73,38855.69,40727.4538,1.5167543432226926,0.16666666666666666,0.752772652709081,-1.0,1.0,0,0.0,1844.0,10300.0,6.166666666666667,0.13888888888888926,0.3471492624346313,14.0,12870.0,-0.08333333333333334,0.09444444444444443,0.5924047184519772,34.0,78655.0,-0.16666666666666666,0.16428571428571428,0.5188420755519306,76.0,155859.0,0.16666666666666666
2024-03-25 23:00:00,39013.11,39298.63,38818.85,39111.99,19446.2236,0.6596202512424654,0.5,0.5773502691896257,0.0,1.0,4,1371.0,342.75,684.0,4.75,0.13888888888888926,0.3471492624346313,14.0,13748.0,0.0,0.07361111111111109,0.5988505742177793,34.0,54532.0,-0.25,0.16428571428571428,0.5134355542187256,78.0,156986.0,0.0
2024-03-26 00:00:00,38987.53,39635.87,37714.88,38548.33,36992.9675,-1.4411437515707948,0.3333333333333333,0.5773502691896258,0.0,1.0,3,457.0,152.33333333333334,246.0,7.0,0.19444444444444478,0.4433743072995689,14.0,13474.0,0.3333333333333333,0.11805555555555552,0.6096952970252516,32.0,54523.0,0.5333333333333333,0.17817460317460318,0.49582514876829337,78.0,157181.0,0.3333333333333333
2024-03-26 01:00:00,38576.85,40247.01,37426.96,39180.87,16614.7251,1.6409011752260172,1.0,0.5773502691896258,1.0,1.0,1,27.0,27.0,27.0,6.0,0.36111111111111144,0.5395993521645065,14.0,12919.0,1.0,0.20138888888888884,0.574474486124387,30.0,53843.0,1.0,0.20942460317460318,0.4799886138280136,75.0,156335.0,0.75
2024-03-26 02:00:00,39305.86,40214.86,37363.78,38567.44,47490.7271,-1.5656364955653146,1.0,0.0,1.0,1.0,2,840.0,420.0,641.0,7.5,0.5277777777777781,0.5395993521645065,16.0,13759.0,1.0,0.28472222222222215,0.4566233559266291,30.0,33362.0,1.0,0.21984126984126984,0.4591552804946803,73.0,156354.0,0.25
2024-03-26 03:00:00,38685.92,39103.59,37963.38,38394.49,19194.6468,-0.4484352604165686,0.0,0.0,0.0,0.0,4,1228.0,307.0,928.0,5.75,0.5000000000000003,0.41413724337965974,14.0,3923.0,-0.16666666666666666,0.32638888888888884,0.39769779082775014,32.0,20293.0,0.5,0.21984126984126984,0.4591552804946803,73.0,157273.0,0.0
2024-03-26 04:00:00,38548.16,38554.25,38537.3,38544.53,39078.2275,0.3907852402779799,0.25,0.5,0.0,1.0,4,1035.0,258.75,463.0,6.25,0.5138888888888892,0.3720084679281462,18.0,4958.0,0.08333333333333334,0.32638888888888884,0.3595788651813887,32.0,17828.0,0.0,0.18859126984126984,0.4799886138280136,75.0,158105.0,-0.75
2024-03-26 05:00:00,38709.73,38896.29,38593.96,38784.03,17258.0813,0.6213592434516579,0.25,0.5,0.0,1.0,4,615.0,153.75,254.0,5.75,0.47222222222222254,0.3591167563965419,18.0,4202.0,-0.25,0.3055555555555555,0.3531330094155865,32.0,17950.0,-0.25,0.1990079365079365,0.500821947161347,76.0,157687.0,0.25
2024-03-26 06:00:00,38721.33,39010.81,38127.63,38513.31,17839.8695,-0.6980192620519299,0.5,0.5773502691896257,0.0,1.0,4,779.0,194.75,262.0,5.75,0.5000000000000003,0.3591167563965419,19.0,4524.0,0.16666666666666669,0.34722222222222215,0.4012455318480554,33.0,17998.0,0.5,0.21984126984126984,0.5248782083775814,78.0,157332.0,0.5
2024-03-26 07:00:00,38458.74,40340.98,37273.91,39099.64,40808.9638,1.5224087464827063,0.0,0.5773502691896257,0.0,0.0,1,145.0,145.0,145.0,5.0,0.3333333333333337,0.3591167563965419,19.0,4642.0,-1.0,0.34722222222222215,0.44935805428052417,33.0,17561.0,0.0,0.20595238095238091,0.5248782083775814,76.0,156984.0,-0.3333333333333333
2024-03-26 08:00:00,39232.21,40249.61,37512.81,38602.58,23944.5437,-1.2712649016717203,0.0,0.5773502691896257,0.0,0.0,0,0.0,145.0,145.0,5.0,0.16666666666666705,0.45534180126147955,17.0,3802.0,-1.0,0.34722222222222215,0.497470576712993,33.0,17561.0,0.0,0.22678571428571428,0.5194716870443763,74.0,156881.0,0.5
2024-03-26 09:00:00,38631.57,38755.66,38550.8,38680.9,16567.9503,0.2028879934968142,0.5,0.7071067811865476,0.0,1.0,2,190.0,95.0,123.0,4.5,0.2500000000000004,0.5731929314592374,15.0,2764.0,0.5,0.375,0.4936650874194486,29.0,6687.0,0.33333333333333337,0.24166666666666667,0.5331859498850979,69.0,110634.0,0.35714285714285715
2024-03-26 10:00:00,38660.75,39573.84,37474.18,38193.79,19690.3331,-1.2593036873495669,0.6,0.5477225575051661,0.0,1.0,5,26611.0,5322.2,26200.0,6.0,0.30833333333333374,0.5811466910434319,16.0,28340.0,0.35,0.41111111111111104,0.47657757948578894,34.0,33298.0,0.43333333333333335,0.2527777777777778,0.5344911489688831,68.0,111953.0,0.26666666666666666
2024-03-26 11:00:00,38011.92,39004.0,36394.92,37410.3,29258.0868,-2.051354421752849,0.3333333333333333,1.1547005383792517,-1.0,1.0,3,40277.0,13425.666666666666,22600.0,7.0,0.3222222222222226,0.6902634474399738,15.0,68002.0,0.08333333333333331,0.39722222222222214,0.5246901019182578,33.0,72204.0,-0.16666666666666669,0.2354166666666667,0.5617703380680186,67.0,126736.0,-0.4166666666666667
2024-03-26 12:00:00,37511.58,38632.86,36852.4,37917.97,20590.5458,1.357032688858406,0.25,0.5,0.0,1.0,4,842.0,210.5,325.0,5.75,0.28055555555555595,0.6773717359083694,15.0,68065.0,-0.25,0.3902777777777777,0.5182442461524556,34.0,72589.0,-0.08333333333333331,0.25416666666666665,0.5639697715888536,66.0,127112.0,0.45
2024-03-26 13:00:00,37844.83,38231.5,37628.44,37977.25,30796.708,0.1563374832566078,0.5,0.5773502691896257,0.0,1.0,4,19664.0,4916.0,17600.0,5.25,0.3638888888888892,0.6773717359083694,18.0,87584.0,0.5,0.34861111111111115,0.5182442461524556,37.0,92226.0,-0.5,0.27499999999999997,0.5463593661384215,67.0,146069.0,0.5
2024-03-26 14:00:00,37990.27,38982.71,36372.91,37302.2,61801.2984,-1.7775115365119998,0.6666666666666666,0.5773502691896258,0.0,1.0,3,29599.0,9866.333333333334,28000.0,6.333333333333333,0.47500000000000037,0.6773717359083694,21.0,117183.0,0.6666666666666666,0.3208333333333333,0.5663567685849245,38.0,120985.0,-0.33333333333333337,0.30277777777777776,0.5114900622557769,68.0,154347.0,0.6666666666666666
2024-03-26 15:00:00,37423.58,38984.81,36517.78,37982.99,35968.473,1.8250666180547048,0.2,0.8366600265340756,-1.0,1.0,5,30354.0,6070.8,30000.0,5.4,0.4250000000000003,0.6989639434662908,24.0,147347.0,-0.3,0.33749999999999997,0.636078437462764,39.0,150111.0,0.2,0.33194444444444443,0.5168881141452571,71.0,170404.0,0.7
2024-03-26 16:00:00,38058.65,39483.36,36833.33,38683.82,70986.3925,1.845115405606568,0.0,1.0690449676496976,-1.0,1.0,8,5244.0,655.5,4660.0,5.5,0.32500000000000034,0.7858510118237128,27.0,125980.0,-0.6,0.31666666666666665,0.6834988514335723,43.0,154320.0,-0.25,0.3215277777777778,0.5215388583074806,75.0,172148.0,-0.25
2024-03-26 17:00:00,38518.63,39142.15,37280.0,38061.96,33587.1338,-1.607545480255057,0.2,0.4472135954999579,0.0,1.0,5,1341.0,268.2,771.0,5.8,0.3027777777777781,0.6679365213438305,29.0,87044.0,-0.1333333333333333,0.3125,0.6790999843919021,44.0,155046.0,-0.04999999999999999,0.3090277777777778,0.5161164969037443,76.0,172996.0,-0.3
2024-03-26 18:00:00,37950.07,38795.14,37603.99,38237.56,40631.0679,0.4613530149261802,1.0,0.4472135954999579,1.0,1.0,1,163.0,163.0,163.0,3.0,0.4277777777777781,0.6591387872604901,26.0,86365.0,0.75,0.3541666666666667,0.6682552615844296,41.0,154430.0,0.5,0.3506944444444444,0.5347503967162426,74.0,172428.0,1.0
2024-03-26 19:00:00,38364.24,40586.61,36980.68,39107.59,51393.4019,2.275328237471208,-0.5,0.5773502691896257,-1.0,0.0,4,655.0,163.75,326.0,5.5,0.26111111111111146,0.65913878726049,26.0,67356.0,-1.0,0.3125,0.6682552615844298,44.0,154940.0,-0.5,0.3298611111111111,0.558806657932477,77.0,172501.0,-0.5
2024-03-26 20:00:00,38929.56,39709.03,37403.56,38371.57,63865.2452,-1.8820387551367836,0.5,0.7071067811865476,0.0,1.0,2,350.0,175.0,343.0,6.0,0.2333333333333337,0.6807648725933104,25.0,38107.0,-0.16666666666666663,0.3541666666666667,0.6790683042508397,46.0,155290.0,0.5,0.3506944444444444,0.5882694404819165,79.0,172851.0,0.5
2024-03-26 21:00:00,38398.64,39907.63,37636.64,38957.33,69712.4976,1.5265468679024563,0.125,0.6408699444616557,-1.0,1.0,8,27946.0,3493.25,26200.0,5.625,0.2208333333333337,0.6481331922479071,28.0,35699.0,-0.07500000000000001,0.3229166666666667,0.6735485678570988,52.0,183046.0,-0.375,0.3489583333333333,0.5836068276382739,81.0,189733.0,-0.04166666666666666
2024-03-26 22:00:00,38868.75,39618.02,38415.84,39164.59,43159.0424,0.5320179796715951,0.4,0.8944271909999159,-1.0,1.0,5,1045.0,209.0,320.0,4.4,0.28750000000000037,0.6190302294729434,25.0,31500.0,0.4,0.30624999999999997,0.702440620648328,52.0,157480.0,-0.19999999999999996,0.3586805555555556,0.5895091000670586,86.0,190778.0,0.23333333333333336
2024-03-26 23:00:00,39288.63,39319.75,39238.61,39270.12,24122.2037,0.2694525845923667,0.2,0.447213595499958,0.0,1.0,5,9797.0,1959.4,8400.0,6.0,0.28750000000000037,0.6190302294729434,25.0,39956.0,0.0,0.2951388888888889,0.6434833754083868,54.0,127000.0,-0.1333333333333333,0.34618055555555555,0.5840867386633224,87.0,199204.0,-0.3
2024-03-27 00:00:00,39250.14,39858.66,38812.61,39506.0,21219.1154,0.6006602475367995,0.3333333333333333,1.1547005383792517,-1.0,1.0,3,769.0,256.3333333333333,331.0,5.666666666666667,0.17638888888888923,0.7369447199528257,27.0,40562.0,-0.6666666666666667,0.3020833333333333,0.6980417536066579,53.0,126927.0,0.08333333333333331,0.34618055555555555,0.6081429998795569,87.0,199516.0,0.0
2024-03-27 01:00:00,39501.47,40232.88,38023.15,39001.16,23597.0305,-1.2778818407330417,-0.5,0.7071067811865476,-1.0,0.0,2,143.0,71.5,82.0,5.5,0.17638888888888923,0.758570805285646,25.0,40050.0,0.0,0.21875,0.708854796273068,51.0,107406.0,-1.0,0.28368055555555555,0.6135495212127619,88.0,199632.0,-1.5
2024-03-27 02:00:00,39169.11,39428.92,38781.9,39009.62,20724.5802,0.0216916625043861,0.6,0.5477225575051661,0.0,1.0,5,1434.0,286.8,730.0,6.0,0.1930555555555559,0.7320067680054158,28.0,41134.0,0.09999999999999998,0.21319444444444444,0.706385820299363,53.0,79241.0,-0.06666666666666665,0.2670138888888889,0.6363712944421438,91.0,200226.0,-0.4
2024-03-27 03:00:00,38861.15,40320.27,37877.35,39363.05,27961.9869,0.906007287433197,0.6,0.5477225575051661,0.0,1.0,0,0.0,286.8,730.0,6.0,0.2722222222222226,0.7164822035126676,20.0,13188.0,0.475,0.24652777777777776,0.6823076978802872,48.0,48887.0,0.39999999999999997,0.29201388888888885,0.6591930676715257,87.0,198998.0,0.6
2024-03-27 04:00:00,39216.27,41218.1,38215.44,39993.63,26186.0598,1.601959197775571,-1.0,0.5477225575051661,-1.0,-1.0,1,273.0,273.0,273.0,6.0,0.03888888888888927,0.6586980979302093,16.0,12416.0,-1.4,0.16319444444444445,0.6388641637015763,41.0,43916.0,-1.0,0.23993055555555554,0.6611815075675743,84.0,198236.0,-1.25
2024-03-27 05:00:00,39867.44,41058.62,39284.06,40286.12,27731.583,0.7313414661284989,0.0,0.0,0.0,0.0,3,730.0,243.33333333333334,403.0,6.0,0.005555555555555915,0.5841624986802163,14.0,3349.0,-0.2,0.14652777777777776,0.6015963640765798,39.0,43305.0,-0.2,0.22951388888888888,0.6403481742342411,83.0,198351.0,-0.25
2024-03-27 06:00:00,40142.2,40489.98,39838.96,40297.96,25036.4781,0.0293897749398475,0.0,0.0,0.0,0.0,4,761.0,190.25,342.0,5.75,-0.049999999999999635,0.391712408950341,15.0,3341.0,-0.3333333333333333,0.06319444444444443,0.5643285644515833,42.0,43903.0,-1.0,0.20868055555555554,0.6162919130180066,83.0,198333.0,-0.5
2024-03-27 07:00:00,40181.27,40665.61,39315.37,39888.62,27519.4025,-1.0157834292356172,0.8333333333333334,0.408248290463863,0.0,1.0,6,21575.0,3595.8333333333335,21000.0,5.666666666666667,0.17222222222222258,0.34190266049656026,19.0,24773.0,1.3333333333333335,0.17430555555555552,0.5502367328911031,44.0,64823.0,1.3333333333333335,0.24340277777777777,0.6092459972377665,88.0,219763.0,0.8333333333333334
2024-03-27 08:00:00,40056.89,40383.62,39404.8,39816.73,18788.3963,-0.1802268416405517,0.0,0.408248290463863,0.0,0.0,1,177.0,177.0,177.0,4.0,0.07222222222222259,0.31865694932300964,15.0,23516.0,-0.6,0.13263888888888886,0.5253318586642127,43.0,64650.0,-0.5,0.24340277777777777,0.6022000814575263,89.0,219940.0,0.0
2024-03-27 09:00:00,39733.83,40668.12,38100.28,39040.32,30410.6519,-1.949959225682274,0.5,0.7071067811865476,0.0,1.0,2,28290.0,14145.0,28000.0,6.5,0.055555555555555934,0.34522098660324,17.0,51806.0,-0.09999999999999998,0.16388888888888886,0.5308515950579537,37.0,64994.0,0.375,0.24340277777777777,0.6022000814575263,89.0,248040.0,0.0
2024-03-27 10:00:00,39185.29,40127.95,37414.99,38510.34,23643.6253,-1.357519610495006,0.2,0.4472135954999579,0.0,1.0,5,5730.0,1146.0,4660.0,6.0,0.2555555555555559,0.3284694929357052,21.0,57263.0,1.2,0.14722222222222223,0.49358379543295716,37.0,69679.0,-0.2,0.22673611111111114,0.5980122080406426,89.0,227159.0,-0.39999999999999997
2024-03-27 11:00:00,38689.1,39888.12,36954.89,38003.08,30520.9116,-1.3172046780163371,0.5,0.7071067811865476,0.0,1.0,2,180.0,90.0,154.0,5.5,0.3388888888888893,0.44632062313346327,20.0,56713.0,0.5,0.1722222222222222,0.5152415609068397,34.0,60062.0,0.3,0.23368055555555556,0.5793624681576134,88.0,187062.0,0.16666666666666669
2024-03-27 12:00:00,37877.64,39514.56,37015.48,38533.38,16362.7805,1.3954132138763289,0.5,0.7071067811865476,0.0,1.0,0,0.0,90.0,154.0,5.5,0.42222222222222267,0.5641717533312212,16.0,55952.0,0.5,0.1861111111111111,0.4779420811407809,31.0,59293.0,0.16666666666666669,0.24409722222222222,0.5879919173737195,84.0,186220.0,0.25
2024-03-27 13:00:00,38487.61,38762.85,38312.38,38584.15,14481.8764,0.1317558957973696,0.0,0.7071067811865476,0.0,0.0,1,56.0,56.0,56.0,6.0,0.2833333333333337,0.6139815017850019,11.0,34433.0,-0.8333333333333334,0.22777777777777775,0.477942081140781,30.0,59206.0,0.5,0.2232638888888889,0.5933984387069245,81.0,166612.0,-0.5
2024-03-27 14:00:00,38633.65,38855.82,38464.59,38731.99,67054.1768,0.3831625162145524,1.0,0.7071067811865476,1.0,1.0,1,3380.0,3380.0,3380.0,7.0,0.4500000000000004,0.6637912502387826,11.0,37636.0,1.0,0.26111111111111107,0.4912240997808961,26.0,61152.0,0.4,0.2371527777777778,0.5988049600401296,79.0,140393.0,0.33333333333333337
2024-03-27 15:00:00,38788.07,39359.41,37924.15,38450.56,59972.7865,-0.7266086767036772,1.0,0.0,1.0,1.0,2,19148.0,9574.0,18500.0,5.5,0.5333333333333338,0.5459401200410247,11.0,28494.0,0.5,0.29444444444444445,0.4455805533221322,28.0,80300.0,0.4,0.27048611111111115,0.5639441256012098,76.0,129187.0,0.8
2024-03-27 16:00:00,38493.86,38968.44,37882.51,38255.42,55899.8791,-0.5075088633299529,0.16666666666666666,0.408248290463863,0.0,1.0,6,935.0,155.83333333333334,393.0,5.5,0.5277777777777781,0.5394459025350089,12.0,23699.0,-0.033333333333333354,0.39166666666666666,0.433957697735357,33.0,80962.0,1.1666666666666667,0.27743055555555557,0.5364109307184667,74.0,124878.0,0.16666666666666666
2024-03-27 17:00:00,38269.37,38551.02,37689.22,38055.26,38724.1881,-0.5232199777181812,1.0,0.408248290463863,1.0,1.0,1,185.0,185.0,185.0,3.0,0.6111111111111115,0.4896361540812282,11.0,23704.0,0.5,0.47500000000000003,0.4679783886073456,31.0,80417.0,1.0,0.3107638888888889,0.5347873763419627,70.0,123722.0,0.8
2024-03-27 18:00:00,38245.21,39702.7,37534.27,38829.5,56374.2832,2.03451507097836,-0.3333333333333333,0.5773502691896258,-1.0,0.0,3,241.0,80.33333333333333,132.0,5.333333333333333,0.4722222222222226,0.46801006874840784,14.0,23945.0,-0.8333333333333333,0.44722222222222224,0.5160909110398144,30.0,79897.0,-0.3333333333333333,0.2552083333333333,0.5402097377456989,72.0,123800.0,-1.3333333333333333
2024-03-27 19:00:00,38813.94,39675.27,38362.02,39141.04,47976.1335,0.8023281268108029,0.0,0.5773502691896258,0.0,0.0,1,86.0,86.0,86.0,5.0,0.4722222222222226,0.44638398341558755,14.0,23975.0,0.0,0.37777777777777777,0.5301827426002946,25.0,58408.0,-0.8333333333333334,0.2760416666666667,0.5402097377456989,69.0,123231.0,0.5
2024-03-27 20:00:00,39083.48,40836.0,38023.65,39774.29,60118.4047,1.6178670776249238,0.5,0.5773502691896257,0.0,1.0,4,2756.0,689.0,1094.0,6.0,0.3888888888888893,0.42475789808276726,17.0,23351.0,-0.5,0.41944444444444445,0.5442745741607748,28.0,60987.0,0.5,0.2760416666666667,0.5348032164124938,71.0,125637.0,0.0
2024-03-27 21:00:00,39729.92,40046.67,39183.7,39513.09,49810.777,-0.6567056256692516,0.5,0.7071067811865476,0.0,1.0,2,79.0,39.5,54.0,6.5,0.30555555555555597,0.5426090282805252,17.0,4282.0,-0.5,0.41944444444444445,0.544274574160775,28.0,32776.0,0.0,0.2916666666666667,0.5375630846093643,65.0,97770.0,0.375
2024-03-27 22:00:00,39401.25,40061.54,37989.34,38914.2,57306.2935,-1.5156749320288545,0.5,0.7071067811865476,0.0,1.0,0,0.0,39.5,54.0,6.5,0.36111111111111144,0.592418776734306,11.0,3347.0,0.33333333333333337,0.4444444444444445,0.5659323396346573,23.0,27046.0,0.3,0.29583333333333334,0.5297580675338073,60.0,96725.0,0.09999999999999998
2024-03-27 23:00:00,39069.99,39281.78,38954.99,39145.33,22926.0843,0.59394771060437,0.25,0.5,0.0,1.0,4,569.0,142.25,258.0,5.25,0.2361111111111115,0.6077107283236621,14.0,3731.0,-0.75,0.42361111111111116,0.5486734412024451,25.0,27435.0,-0.25,0.29791666666666666,0.5319575010546423,59.0,87497.0,0.04999999999999999
2024-03-28 00:00:00,39004.93,40056.22,37514.95,38394.35,39809.4072,-1.918440845945102,0.5,0.5773502691896257,0.0,1.0,4,644.0,161.0,383.0,5.5,0.3750000000000004,0.6077107283236621,15.0,4134.0,0.8333333333333333,0.42361111111111116,0.537860398536035,29.0,28079.0,0.0,0.3048611111111111,0.5079012398384081,60.0,87372.0,0.16666666666666669
2024-03-28 01:00:00,38441.8,39390.5,36617.71,37751.21,19084.9067,-1.6750902150967528,0.5,0.5773502691896257,0.0,1.0,0,0.0,161.0,383.0,5.5,0.45833333333333376,0.6077107283236621,14.0,4048.0,0.5,0.46527777777777785,0.5270473558696247,28.0,28023.0,0.5,0.34652777777777777,0.502494718505203,58.0,87229.0,1.0
2024-03-28 02:00:00,37757.82,38508.31,36427.55,37274.99,26482.976,-1.261469499918022,0.0,0.0,0.0,0.0,2,12.0,6.0,8.0,6.0,0.37500000000000044,0.5114856834587245,12.0,1304.0,-0.5,0.3819444444444445,0.4681217907707458,29.0,24655.0,-1.0,0.3215277777777778,0.47967294527582105,55.0,85807.0,-0.6
2024-03-28 03:00:00,37190.5,38160.42,36705.78,37556.41,27605.0555,0.7549834352739149,0.3333333333333333,0.5773502691896258,0.0,1.0,3,626.0,208.66666666666666,266.0,6.333333333333333,0.3472222222222226,0.4898595981259042,13.0,1851.0,-0.16666666666666669,0.3263888888888889,0.5162343132032147,30.0,6133.0,-0.6666666666666667,0.31041666666666673,0.4809074332626735,58.0,86433.0,-0.26666666666666666
2024-03-28 04:00:00,37442.92,37652.16,37058.36,37310.06,21256.3785,-0.655946614705738,0.25,0.9574271077563381,-1.0,1.0,4,718.0,179.5,300.0,5.0,0.30555555555555597,0.5315796525542026,17.0,2569.0,-0.25,0.3333333333333333,0.5619992146442542,28.0,5916.0,0.08333333333333334,0.36250000000000004,0.4979784561898057,61.0,86878.0,1.25
2024-03-28 05:00:00,37241.49,38976.59,36087.97,37886.54,39604.1117,1.545106065227464,0.3333333333333333,0.5773502691896258,0.0,1.0,3,549.0,183.0,503.0,6.333333333333333,0.31944444444444486,0.5444713640858069,16.0,2549.0,0.08333333333333331,0.27777777777777773,0.5760910462047344,30.0,6280.0,-0.6666666666666667,0.3763888888888889,0.52203471740604,61.0,86697.0,0.3333333333333333
2024-03-28 06:00:00,37995.26,38755.12,36175.9,37365.68,21079.1369,-1.374789041173996,0.2,0.8366600265340756,-1.0,1.0,5,1423.0,284.6,843.0,6.4,0.2694444444444449,0.5876896569765485,17.0,3328.0,-0.3,0.3222222222222222,0.5977001926501052,32.0,7462.0,0.5333333333333333,0.38472222222222224,0.5568955518449599,62.0,87359.0,0.2
2024-03-28 07:00:00,37295.92,38712.0,36504.39,37895.34,25046.0483,1.4175039769114273,0.25,0.5,0.0,1.0,4,960.0,240.0,418.0,5.5,0.2277777777777782,0.5747979454449442,21.0,4288.0,-0.25,0.3430555555555555,0.5912543368843031,35.0,8336.0,0.25,0.36041666666666666,0.5607185397422989,60.0,66744.0,-0.5833333333333334
2024-03-28 08:00:00,37843.4,39495.43,36689.54,38462.89,29989.6401,1.497677550854548,0.2,0.8366600265340756,-1.0,1.0,5,1463.0,292.6,1169.0,4.6,0.2611111111111115,0.7142412832006234,24.0,5739.0,0.2,0.31805555555555554,0.6128634833296739,36.0,7043.0,-0.3,0.36874999999999997,0.5785690287452244,64.0,68030.0,0.2
2024-03-28 09:00:00,38382.02,39391.21,36595.13,37770.21,18983.1879,-1.8009047162082736,0.25,0.5,0.0,1.0,4,26861.0,6715.25,26200.0,6.25,0.24722222222222265,0.7013495716690192,25.0,31974.0,-0.08333333333333331,0.2972222222222222,0.5956045848974615,38.0,33825.0,-0.25,0.35833333333333334,0.5699395795291183,66.0,66601.0,-0.25
2024-03-28 10:00:00,37782.41,38198.34,37488.9,37961.18,30441.2669,0.5056101091309717,0.0,1.4142135623730951,-1.0,1.0,2,42400.0,21200.0,28000.0,6.0,0.20555555555555596,0.7774806474384787,23.0,73656.0,-0.25,0.25555555555555554,0.6545301499963405,40.0,76225.0,-0.5,0.35000000000000003,0.6102312448154991,63.0,103271.0,-0.2
2024-03-28 11:00:00,38033.29,39863.83,36970.25,38647.38,19213.1866,1.807636116685507,0.2,0.8366600265340756,-1.0,1.0,5,23161.0,4632.2,17600.0,5.4,0.18333333333333376,0.8206989403292203,25.0,96268.0,-0.1333333333333333,0.25138888888888883,0.6825851522075136,41.0,98817.0,-0.04999999999999999,0.3375000000000001,0.6156292967049793,66.0,126252.0,-0.3
2024-03-28 12:00:00,38746.19,39596.03,37332.3,38181.42,14975.1822,-1.205670345570642,-0.5,0.5773502691896257,-1.0,0.0,4,679.0,169.75,235.0,6.5,0.0666666666666671,0.7774806474384786,24.0,95524.0,-0.7,0.1680555555555555,0.6825851522075134,41.0,98852.0,-1.0,0.29583333333333334,0.6102227753717743,70.0,126931.0,-1.0
2024-03-28 13:00:00,38253.25,39685.89,37441.8,38739.75,24094.7866,1.462308106927401,0.0,0.0,0.0,0.0,2,142.0,71.0,123.0,6.5,0.02500000000000042,0.6941473141051452,22.0,94706.0,-0.25,0.12638888888888886,0.6344726297750447,43.0,98994.0,-0.5,0.29583333333333334,0.5807599928223347,71.0,127017.0,0.0
2024-03-28 14:00:00,38921.94,40766.89,37594.96,39617.25,79605.4912,2.2651152885601933,0.8333333333333334,0.408248290463863,0.0,1.0,6,30496.0,5082.666666666667,15800.0,6.666666666666667,0.13055555555555598,0.6227453580934433,23.0,123739.0,0.6333333333333333,0.1958333333333333,0.6684933206470333,47.0,129478.0,0.8333333333333334,0.2888888888888889,0.5683075557088896,76.0,154133.0,-0.16666666666666663
2024-03-28 15:00:00,39446.46,40275.96,37997.86,38870.45,41160.0308,-1.8850374521199755,-1.0,0.408248290463863,-1.0,-1.0,1,16700.0,16700.0,16700.0,8.0,-0.07777777777777735,0.6074534065040872,20.0,113578.0,-1.25,0.08472222222222221,0.654401489086553,45.0,145552.0,-1.3333333333333333,0.20555555555555557,0.5853179011448839,75.0,151685.0,-2.0
2024-03-28 16:00:00,38983.55,39765.59,38599.92,39246.93,61606.3375,0.9685506599486304,0.25,0.9574271077563381,-1.0,1.0,4,442.0,110.5,271.0,6.0,-0.036111111111110684,0.5313223307346275,22.0,71620.0,0.25,0.0847222222222222,0.654401489086553,45.0,145276.0,0.0,0.2090277777777778,0.6082003518654037,73.0,151192.0,0.08333333333333334
2024-03-28 17:00:00,39083.3,39539.68,38888.37,39244.03,58393.2894,-0.0073891129828584,0.5,0.7071067811865476,0.0,1.0,2,316.0,158.0,271.0,6.0,0.013888888888889311,0.5097301231767063,19.0,48775.0,0.3,0.0986111111111111,0.6652145317529632,44.0,145043.0,0.16666666666666669,0.18819444444444447,0.6206527889788489,74.0,151323.0,-0.5
2024-03-28 18:00:00,39114.16,40407.61,38331.48,39663.71,56738.9614,1.069411067110071,-0.3333333333333333,0.5773502691896258,-1.0,0.0,3,90.0,30.0,64.0,5.0,0.0416666666666671,0.5097301231767063,18.0,48186.0,0.16666666666666669,0.05416666666666664,0.6436053853075924,42.0,143710.0,-0.5333333333333333,0.18819444444444444,0.6206527889788489,74.0,151172.0,0.0
2024-03-28 19:00:00,39659.59,41102.69,38764.06,40303.37,42358.2653,1.6127084430578975,0.0,1.4142135623730951,-1.0,1.0,2,10430.0,5215.0,10300.0,5.5,0.0416666666666671,0.7454323835722221,18.0,58474.0,0.0,0.03333333333333331,0.7197898488386837,40.0,153180.0,-0.25,0.18819444444444444,0.6555220928614934,75.0,161516.0,0.0
2024-03-28 20:00:00,40276.35,41608.98,38197.58,39536.0,44052.2785,-1.903984704008632,0.0,1.4142135623730951,-1.0,1.0,0,0.0,5215.0,10300.0,5.5,-0.09722222222222181,0.9130932622237609,12.0,27978.0,-0.8333333333333334,0.016666666666666646,0.7679193101586019,35.0,151717.0,-0.2,0.1673611111111111,0.690391396744138,71.0,158760.0,-0.5
2024-03-28 21:00:00,39556.27,40714.91,37978.77,38971.87,51446.8393,-1.4268767705382324,-0.5,0.5773502691896257,-1.0,0.0,4,432.0,108.0,340.0,5.75,-0.01388888888888847,0.9412769253447212,15.0,11710.0,0.5,-0.04583333333333336,0.7743651659244041,35.0,125288.0,-0.75,0.12569444444444444,0.684984875410933,73.0,159113.0,-1.0
2024-03-28 22:00:00,38925.37,40502.56,38151.39,39555.23,61071.6107,1.4968745405339767,0.0,0.5773502691896257,0.0,0.0,1,1125.0,1125.0,1125.0,7.0,-0.055555555555555136,0.8779307855836024,12.0,12393.0,-0.25,-0.04583333333333336,0.704626558159115,34.0,84013.0,0.0,0.10486111111111111,0.6795783540777278,74.0,160238.0,-0.5
2024-03-28 23:00:00,39490.22,40870.7,38615.21,39969.07,22604.3753,1.0462333299540827,0.0,0.5773502691896257,0.0,0.0,0,0.0,1125.0,1125.0,7.0,-0.13888888888888848,0.8563047002507823,10.0,12077.0,-0.5,-0.06250000000000001,0.6830174117137441,29.0,60852.0,-0.2,0.09444444444444444,0.682801281960629,70.0,159669.0,-0.25
2024-03-29 00:00:00,40146.1,41075.7,39586.25,40497.96,25580.6583,1.3232482016719338,0.3333333333333333,0.5773502691896258,0.0,1.0,3,685.0,228.33333333333334,343.0,4.666666666666667,-0.027777777777777363,0.8563047002507823,10.0,12672.0,0.6666666666666666,0.00694444444444442,0.6830174117137441,28.0,60858.0,0.8333333333333333,0.08750000000000001,0.682801281960629,69.0,159710.0,-0.16666666666666669
2024-03-29 01:00:00,40667.56,41838.03,39009.49,39992.14,22216.3368,-1.249001184257181,0.0,0.5773502691896258,0.0,0.0,1,83.0,83.0,83.0,7.0,-0.027777777777777363,0.716827484720204,9.0,2325.0,0.0,0.00694444444444442,0.731129934146213,27.0,60799.0,0.0,0.06666666666666667,0.682801281960629,70.0,159793.0,-0.5
2024-03-29 02:00:00,40116.42,41239.56,39497.5,40607.81,19595.9064,1.5394775073301892,0.0,0.0,0.0,0.0,2,373.0,186.5,301.0,5.0,-0.027777777777777363,0.4811252243246882,11.0,2698.0,0.0,-0.06250000000000003,0.6971092432742244,23.0,30676.0,-0.8333333333333334,0.06666666666666667,0.682801281960629,70.0,160154.0,0.0
2024-03-29 03:00:00,40730.23,42043.72,40181.5,41184.57,18728.712,1.420317914214042,0.5,0.7071067811865476,0.0,1.0,2,828.0,414.0,453.0,5.5,0.1388888888888893,0.5027513096575085,9.0,3094.0,1.0,0.06249999999999997,0.7220141175011148,24.0,14804.0,1.5,0.07361111111111111,0.6882078032938339,69.0,160356.0,0.16666666666666669
2024-03-29 04:00:00,41337.02,41788.58,41006.67,41531.24,31586.9597,0.8417472854518104,0.5,0.7071067811865476,0.0,1.0,2,922.0,461.0,729.0,7.0,0.22222222222222263,0.5243773949903288,10.0,2891.0,0.5,0.0833333333333333,0.7011540902869656,22.0,15284.0,0.25,0.08402777777777777,0.6777777896867594,67.0,160560.0,0.25
2024-03-29 05:00:00,41686.32,42776.36,41067.23,42163.43,25921.5014,1.5222035267909328,0.0,0.7071067811865476,0.0,0.0,1,41.0,41.0,41.0,6.0,0.22222222222222263,0.546003480323149,11.0,2932.0,0.0,0.04166666666666664,0.7011540902869656,21.0,15009.0,-0.5,0.0701388888888889,0.6831843110199646,65.0,160052.0,-0.3333333333333333
2024-03-29 06:00:00,42267.18,43168.89,40170.31,41559.04,19289.0402,-1.433445998107841,0.3333333333333333,0.5163977794943223,0.0,1.0,6,1041.0,173.5,567.0,6.333333333333333,0.22222222222222265,0.5358447320405985,14.0,3288.0,0.0,0.0972222222222222,0.6960747161456903,24.0,15960.0,0.6666666666666666,0.07569444444444444,0.6698400507266413,66.0,159670.0,0.1333333333333333
2024-03-29 07:00:00,41448.11,42390.79,39615.52,40702.04,28321.0284,-2.062126555377608,0.4,0.5477225575051661,0.0,1.0,5,1749.0,349.8,974.0,6.2,0.2888888888888893,0.5309067800931885,18.0,4954.0,0.4,0.13055555555555554,0.6238671324066962,27.0,7279.0,0.4,0.08194444444444446,0.67182849062269,67.0,160459.0,0.15000000000000002
2024-03-29 08:00:00,40578.83,42704.81,39510.56,41370.82,25758.1666,1.6431117457503364,0.5,0.8366600265340756,-1.0,1.0,6,5400.0,900.0,3000.0,5.5,0.3722222222222227,0.6703501178488677,22.0,9981.0,0.5,0.1722222222222222,0.575737671086778,33.0,12679.0,0.5,0.09444444444444444,0.67182849062269,68.0,164396.0,0.3
2024-03-29 09:00:00,41521.83,42504.05,39915.05,40793.15,17388.4986,-1.3963223354045209,0.3333333333333333,0.5773502691896258,0.0,1.0,3,22751.0,7583.666666666667,22600.0,6.666666666666667,0.34444444444444483,0.6487240325160475,23.0,31904.0,-0.16666666666666669,0.2416666666666666,0.5757376710867779,32.0,34998.0,0.8333333333333333,0.09791666666666667,0.675051418505591,67.0,160286.0,0.08333333333333331
2024-03-29 10:00:00,40647.88,40851.25,40527.7,40716.17,21801.3309,-0.1887081532071066,0.0,1.0,-1.0,1.0,3,1603.0,534.3333333333334,1222.0,6.0,0.2611111111111115,0.6975395689849563,24.0,32585.0,-0.5,0.2416666666666666,0.6109584819876424,34.0,35476.0,0.0,0.09791666666666667,0.6577925200733787,68.0,119489.0,0.0
2024-03-29 11:00:00,40588.75,41166.8,39913.17,40298.79,29571.0242,-1.0250964174675523,0.5,0.5773502691896257,0.0,1.0,4,19969.0,4992.25,18300.0,6.0,0.34444444444444483,0.675913483652136,27.0,52513.0,0.5,0.28333333333333327,0.6109584819876425,38.0,55445.0,0.5,0.11041666666666668,0.6469879468506933,67.0,116297.0,0.3
2024-03-29 12:00:00,40339.72,40365.79,40323.17,40350.45,33711.3754,0.1281924345619245,0.5,0.7071067811865476,0.0,1.0,2,469.0,234.5,289.0,7.5,0.3722222222222227,0.7076983172675068,23.0,51941.0,0.16666666666666669,0.2972222222222222,0.6217715246540526,37.0,55229.0,0.16666666666666669,0.15208333333333335,0.6523944681838985,65.0,116087.0,1.0
2024-03-29 13:00:00,40362.78,41106.39,40012.45,40612.77,23397.3763,0.6501042739300189,0.3333333333333333,0.5163977794943222,0.0,1.0,6,43136.0,7189.333333333333,26200.0,5.166666666666667,0.36111111111111155,0.7024775209323662,24.0,93328.0,-0.06666666666666671,0.32499999999999996,0.6166921505127773,42.0,98282.0,0.3333333333333333,0.16597222222222224,0.6739110423294953,69.0,159081.0,0.3333333333333333
2024-03-29 14:00:00,40435.2,40885.28,39755.97,40183.25,51293.1511,-1.0575983859263838,1.0,0.0,1.0,1.0,4,554.0,138.5,208.0,4.75,0.4444444444444448,0.5630341831766869,22.0,88482.0,0.5,0.40833333333333327,0.6166921505127773,44.0,98463.0,1.0,0.1729166666666667,0.656900696893501,67.0,129139.0,0.16666666666666663
2024-03-29 15:00:00,40289.51,41059.06,39664.2,40637.79,32676.8802,1.1311678373451706,1.0,0.0,1.0,1.0,2,1100.0,550.0,947.0,6.5,0.5555555555555559,0.4668091383117492,21.0,66831.0,0.6666666666666667,0.44999999999999996,0.5577665854138983,44.0,98735.0,0.5,0.25625000000000003,0.6398903514575066,68.0,113539.0,2.0
2024-03-29 16:00:00,40806.98,41201.5,40186.88,40580.88,28092.3614,-0.1400420642953315,-1.0,0.0,-1.0,-1.0,1,170.0,170.0,170.0,5.0,0.3888888888888893,0.30014247164508256,19.0,65398.0,-1.0,0.32499999999999996,0.49884102031501937,43.0,97983.0,-1.5,0.2041666666666667,0.5999975553009925,65.0,113267.0,-1.25
2024-03-29 17:00:00,40718.74,40862.52,40511.59,40638.59,47956.994,0.142209828865214,-0.2,0.4472135954999579,-1.0,0.0,5,1012.0,202.4,441.0,5.8,0.27222222222222264,0.27845302603013794,20.0,46441.0,-0.7,0.3083333333333333,0.47718325484113683,47.0,98954.0,-0.2,0.17500000000000002,0.5891686725640513,68.0,113963.0,-0.7
2024-03-29 18:00:00,40562.79,42467.6,39210.61,41372.58,31884.4617,1.8061404197340591,-0.2,0.4472135954999579,-1.0,0.0,0,0.0,202.4,441.0,5.8,0.15555555555555595,0.23513749508237303,18.0,45972.0,-0.7,0.2638888888888889,0.4714179061749399,41.0,97913.0,-0.5333333333333333,0.18055555555555555,0.5837463111603151,65.0,113873.0,0.1333333333333333
2024-03-29 19:00:00,41358.08,41481.11,41175.49,41294.62,60568.4776,-0.1884339821205283,-0.4,0.5477225575051661,-1.0,0.0,5,11177.0,2235.4,10300.0,5.8,0.033333333333333715,0.24035829141751366,17.0,14013.0,-0.7333333333333334,0.1972222222222222,0.4714179061749398,41.0,107341.0,-0.8,0.1638888888888889,0.5476425192908181,68.0,114620.0,-0.4
2024-03-29 20:00:00,41459.42,41563.61,41237.32,41380.11,36050.9193,0.2070245470233045,0.0,0.5477225575051661,0.0,0.0,1,202.0,202.0,202.0,6.0,-0.13333333333333294,0.3316453843350413,14.0,13661.0,-1.0,0.15555555555555553,0.447339783755864,36.0,102143.0,-0.5,0.1638888888888889,0.5115387274213211,69.0,114822.0,0.0
2024-03-29 21:00:00,41230.91,41832.96,40413.05,40928.64,37182.5846,-1.091031415817889,-0.3333333333333333,0.5163977794943223,-1.0,0.0,6,659.0,109.83333333333333,199.0,6.0,-0.3555555555555552,0.4177116809174284,18.0,13220.0,-1.3333333333333333,0.09999999999999996,0.4422604096145888,39.0,80051.0,-0.6666666666666666,0.17083333333333336,0.5089990403506833,71.0,115049.0,0.16666666666666669
2024-03-29 22:00:00,41047.9,41668.97,40603.16,41313.51,30773.35,0.9403439742928345,0.3333333333333333,1.1547005383792517,-1.0,1.0,3,13918.0,4639.333333333333,13700.0,6.666666666666667,-0.13333333333333294,0.6101617706473036,20.0,26968.0,1.3333333333333333,0.12777777777777774,0.455152121146193,39.0,92366.0,0.3333333333333333,0.18472222222222223,0.5330553015669178,73.0,127842.0,0.3333333333333333
2024-03-29 23:00:00,41268.6,42118.06,39987.14,40690.67,22183.0971,-1.5075940049635197,0.0,0.0,0.0,0.0,2,867.0,433.5,813.0,4.5,-0.0999999999999996,0.5356261713973107,17.0,26823.0,0.2,0.08611111111111107,0.40703959871372425,37.0,73264.0,-0.5,0.18472222222222223,0.5089990403506834,75.0,128709.0,0.0
2024-03-30 00:00:00,40875.89,41068.03,40747.71,40956.55,27544.3107,0.6534176016271154,0.0,0.816496580927726,-1.0,1.0,4,1626.0,406.5,984.0,6.5,-0.06666666666666628,0.5971733356352721,21.0,28449.0,0.2,0.044444444444444405,0.41615541535882244,39.0,74421.0,-0.5,0.1708333333333333,0.5189634700064376,76.0,129650.0,-0.3333333333333333
2024-03-30 01:00:00,41139.76,42245.51,39881.45,40579.97,28521.3183,-0.919462210562172,0.0,0.816496580927726,-1.0,1.0,0,0.0,406.5,984.0,6.5,3.885780586188048e-16,0.6419690062056986,16.0,17272.0,0.4,0.016666666666666632,0.441163648811606,33.0,31285.0,-0.3333333333333333,0.1708333333333333,0.5289278996621918,75.0,129567.0,0.0
2024-03-30 02:00:00,40508.26,40562.3,40418.1,40470.5,37662.5391,-0.2697636296921879,0.0,1.0,-1.0,1.0,3,120.0,40.0,70.0,5.0,3.885780586188048e-16,0.7173485799548377,18.0,17190.0,0.0,-0.06666666666666671,0.5244969821449393,32.0,30851.0,-1.0,0.1708333333333333,0.5705945663288584,76.0,129314.0,0.0
2024-03-30 03:00:00,40436.64,41576.06,38603.62,39648.89,34374.2444,-2.030145414561224,1.0,1.0,1.0,1.0,1,263.0,263.0,263.0,6.0,0.22222222222222263,0.7979489500391174,13.0,16794.0,1.3333333333333333,-0.06666666666666671,0.6078303154782727,31.0,30014.0,0.0,0.19166666666666665,0.5827984504460856,75.0,128749.0,0.5
2024-03-30 04:00:00,39620.74,40401.96,38167.11,39021.43,37473.2182,-1.5825411505845377,0.3333333333333333,0.5773502691896258,0.0,1.0,3,393.0,131.0,158.0,5.333333333333333,0.22222222222222263,0.7017239051741796,13.0,3269.0,0.0,0.0444444444444444,0.6559428379107416,33.0,30237.0,1.3333333333333333,0.18472222222222223,0.5773919291128805,76.0,128220.0,-0.16666666666666669
2024-03-30 05:00:00,39163.51,39567.33,38703.67,38959.18,22885.7283,-0.1595277261750793,0.6666666666666666,0.5773502691896258,0.0,1.0,3,1405.0,468.3333333333333,964.0,6.0,0.33333333333333376,0.7979489500391174,14.0,3807.0,0.6666666666666666,0.11666666666666663,0.6667875607182139,31.0,30630.0,0.8666666666666667,0.2125,0.5719854077796754,78.0,129584.0,0.6666666666666666
2024-03-30 06:00:00,38845.99,39220.49,38063.5,38575.93,26316.1465,-0.9837219366526706,0.75,0.5,0.0,1.0,4,622.0,155.5,236.0,6.25,0.45833333333333376,0.7451995198844963,14.0,2803.0,0.75,0.1958333333333333,0.671186427759884,35.0,31252.0,0.95,0.22986111111111115,0.571302166967412,76.0,129165.0,0.4166666666666667
2024-03-30 07:00:00,38758.21,39933.85,38019.31,39202.86,19213.5701,1.6251844090343417,0.25,0.5,0.0,1.0,4,714.0,178.5,445.0,5.25,0.5000000000000004,0.6924500897298752,18.0,3517.0,0.25,0.24999999999999997,0.6672095479677869,34.0,20789.0,0.65,0.22361111111111112,0.5693137270713634,75.0,128130.0,-0.15000000000000002
2024-03-30 08:00:00,39056.69,39531.58,38228.08,38778.34,20898.6944,-1.082880177619705,1.0,0.5,1.0,1.0,1,21000.0,21000.0,21000.0,5.0,0.6666666666666671,0.609116756396542,16.0,24397.0,1.0,0.3333333333333333,0.6632326681756898,34.0,41587.0,1.0,0.24444444444444446,0.5552862259657769,70.0,143730.0,0.5
2024-03-30 09:00:00,38676.36,39957.61,37897.08,39170.89,16582.8291,1.0122919134754271,0.5,0.5773502691896257,0.0,1.0,4,44304.0,11076.0,24400.0,5.75,0.5833333333333338,0.5386751345948129,19.0,68438.0,-0.5,0.40277777777777773,0.668312042316965,32.0,85232.0,0.8333333333333333,0.2513888888888889,0.555286225965777,71.0,165283.0,0.16666666666666669
2024-03-30 10:00:00,39012.48,40066.19,38518.57,39402.9,27338.0901,0.5923020896385189,0.125,0.6408699444616557,-1.0,1.0,8,28682.0,3585.25,17600.0,6.0,0.5486111111111115,0.5492617471401512,24.0,96727.0,-0.20833333333333331,0.3854166666666667,0.6254928261571654,37.0,99996.0,-0.20833333333333331,0.2565972222222222,0.5403224736516793,76.0,192362.0,0.125
2024-03-30 11:00:00,39556.93,41306.49,38426.05,40282.04,39605.7848,2.23115557484348,0.25,0.4629100498862757,0.0,1.0,8,1172.0,146.5,382.0,5.875,0.47916666666666713,0.5301883772562596,29.0,96494.0,-0.41666666666666663,0.40625,0.6640686636476884,43.0,100301.0,0.25,0.24618055555555554,0.5355541311807064,80.0,173565.0,-0.25
2024-03-30 12:00:00,40191.89,41269.63,38902.43,39618.09,23153.9168,-1.648253166920055,0.0,0.0,0.0,0.0,2,490.0,245.0,423.0,5.5,0.35416666666666713,0.4468550439229262,27.0,96362.0,-0.75,0.40625,0.5960272819037111,41.0,99165.0,0.0,0.22534722222222223,0.5060913486312669,80.0,173586.0,-0.5
2024-03-30 13:00:00,39549.64,40878.57,38872.9,40063.52,19877.5798,1.124309627243525,0.6666666666666666,0.5773502691896258,0.0,1.0,3,570.0,190.0,261.0,6.333333333333333,0.42361111111111155,0.4597467554545305,26.0,96218.0,0.41666666666666663,0.4618055555555556,0.5760984225922029,44.0,99735.0,0.6666666666666666,0.2392361111111111,0.5086310357019045,77.0,131020.0,0.3333333333333333
2024-03-30 14:00:00,40257.94,40701.5,39944.25,40426.66,57558.7514,0.9064106199355492,0.6666666666666666,0.5773502691896258,0.0,1.0,3,26278.0,8759.333333333334,26200.0,6.0,0.36805555555555597,0.4726384669861348,28.0,101496.0,-0.33333333333333337,0.517361111111111,0.5408776116913384,44.0,125893.0,0.6666666666666666,0.22534722222222225,0.532687296918139,76.0,156744.0,-0.33333333333333337
2024-03-30 15:00:00,40466.11,41564.06,38752.65,39851.61,41348.0895,-1.4224524113542911,0.75,0.5,0.0,1.0,4,19569.0,4892.25,19200.0,6.25,0.4097222222222226,0.4597467554545305,28.0,76761.0,0.25,0.4965277777777777,0.4992109450246717,47.0,145199.0,-0.25,0.21493055555555554,0.5535206302514722,78.0,175213.0,-0.25
2024-03-30 16:00:00,39764.92,40938.67,38907.22,40227.32,27698.6983,0.9427724500967516,0.25,0.5,0.0,1.0,4,506.0,126.5,227.0,5.5,0.43055555555555597,0.4362684313775878,24.0,48585.0,0.125,0.48958333333333326,0.4927650892588695,48.0,145312.0,-0.08333333333333331,0.2670138888888889,0.5743539635848056,81.0,175549.0,1.25
2024-03-30 17:00:00,40084.13,41394.3,37945.4,39322.99,34166.745,-2.248049335625646,0.25,0.9574271077563381,-1.0,1.0,4,587.0,146.75,229.0,6.75,0.43055555555555597,0.5186879410225983,20.0,48000.0,0.0,0.454861111111111,0.5244381591394288,49.0,144494.0,-0.41666666666666663,0.2857638888888889,0.5956128599288215,80.0,175124.0,0.45
2024-03-30 18:00:00,39484.14,40430.66,38012.52,38927.59,57627.1961,-1.005518654608928,0.6,0.5477225575051661,0.0,1.0,5,1144.0,228.8,748.0,5.6,0.530555555555556,0.609975033940126,23.0,48654.0,0.6,0.44236111111111104,0.528415038931526,50.0,145016.0,-0.15000000000000002,0.3190972222222222,0.5998007333457052,85.0,176268.0,0.8
2024-03-30 19:00:00,38774.89,39273.89,37803.76,38423.67,41507.7139,-1.2945060302988145,0.0,0.6324555320336759,-1.0,1.0,6,563.0,93.83333333333333,156.0,5.333333333333333,0.4194444444444449,0.6191592444141344,26.0,48647.0,-0.6666666666666666,0.4215277777777778,0.5394529999343324,52.0,144865.0,-0.25,0.3357638888888889,0.6033312739510598,86.0,165654.0,0.4
2024-03-30 20:00:00,38280.94,39886.67,36958.03,38979.35,51887.2642,1.446191891612636,0.0,0.6324555320336759,-1.0,1.0,0,0.0,93.83333333333333,156.0,5.333333333333333,0.30833333333333374,0.6283434548881427,23.0,22369.0,-0.6666666666666666,0.33819444444444446,0.5504909609371387,51.0,123865.0,-1.0,0.3357638888888889,0.6068618145564142,85.0,165452.0,0.0
2024-03-30 21:00:00,38907.34,39813.33,38322.89,39250.51,51594.6918,0.6956503892445731,0.0,0.6324555320336759,0.0,0.0,1,37.0,37.0,37.0,7.0,0.1833333333333337,0.6504193768937553,20.0,2837.0,-0.75,0.2965277777777777,0.5550830661741428,48.0,79598.0,-0.5,0.3496527777777778,0.6116975542455539,80.0,164830.0,0.3333333333333333
2024-03-30 22:00:00,39182.45,40355.81,38431.17,39709.18,53259.3906,1.1685708032838305,0.0,0.0,0.0,0.0,2,257.0,128.5,169.0,5.5,0.14166666666666708,0.567086043560422,18.0,2588.0,-0.25,0.28611111111111104,0.5016772374690048,42.0,51173.0,-0.125,0.3357638888888889,0.5635850318130852,79.0,151169.0,-0.3333333333333333
2024-03-30 23:00:00,39861.37,41117.52,38228.71,39153.21,14069.3073,-1.400104459472595,0.16666666666666666,0.408248290463863,0.0,1.0,6,26927.0,4487.833333333333,26200.0,5.166666666666667,0.12777777777777818,0.47555624067834285,20.0,28928.0,-0.08333333333333334,0.2791666666666666,0.4971220908504705,40.0,76928.0,-0.08333333333333334,0.34270833333333334,0.5805953772490794,83.0,177229.0,0.16666666666666666
2024-03-31 00:00:00,39016.79,39121.74,38967.44,39052.34,36020.5955,-0.2576289402580367,0.4,0.5477225575051661,0.0,1.0,5,1012.0,202.4,531.0,5.2,0.09444444444444484,0.47555624067834285,20.0,28796.0,-0.19999999999999996,0.31249999999999994,0.5427656373092343,43.0,77450.0,0.4,0.359375,0.5693964596064728,84.0,176615.0,0.4
2024-03-31 01:00:00,38989.14,39234.46,38635.73,38852.9,25797.7634,-0.5106992308271274,0.0,0.7071067811865476,-1.0,1.0,5,1687.0,337.4,799.0,5.2,0.09444444444444484,0.4879981155371547,19.0,29920.0,0.0,0.2569444444444444,0.5535786799756445,45.0,78567.0,-0.6666666666666666,0.359375,0.5648385512839237,89.0,178302.0,0.0
2024-03-31 02:00:00,38908.0,39122.32,38445.32,38746.13,30120.3133,-0.2748057416563587,0.25,0.5,0.0,1.0,4,1525.0,381.25,723.0,5.75,0.13611111111111152,0.46592219353154213,23.0,31445.0,0.25,0.22222222222222218,0.5471328242098422,46.0,53814.0,-0.41666666666666663,0.3697916666666667,0.5440052179505903,90.0,179707.0,0.25
2024-03-31 03:00:00,38597.05,40126.98,37713.24,39232.24,31798.5463,1.2546027177424035,0.6,0.5477225575051661,0.0,1.0,5,1090.0,218.0,458.0,5.4,0.23611111111111152,0.4518000311101238,27.0,32498.0,0.6,0.20972222222222217,0.5511097040019394,47.0,35335.0,-0.15000000000000002,0.35312499999999997,0.5251603245133055,94.0,180534.0,-0.4
2024-03-31 04:00:00,39056.67,40331.84,38395.67,39592.36,17990.4477,0.9179185282308656,-0.5,0.5773502691896257,-1.0,0.0,4,259.0,64.75,131.0,5.25,0.15277777777777818,0.5480250759750614,29.0,32500.0,-0.5,0.14722222222222217,0.5575555597677416,47.0,35088.0,-0.75,0.31840277777777776,0.5251603245133056,95.0,180400.0,-0.8333333333333333
2024-03-31 05:00:00,39454.83,40975.31,38602.13,40039.52,35797.6763,1.1294098154290388,0.5,0.7071067811865476,0.0,1.0,2,539.0,269.5,379.0,6.0,0.20833333333333373,0.5978348244288422,25.0,6112.0,0.33333333333333337,0.1680555555555555,0.5366955325535924,45.0,35040.0,0.25,0.31145833333333334,0.5305668458465107,94.0,179534.0,-0.16666666666666663
2024-03-31 06:00:00,39847.03,40944.81,39112.42,40270.27,31216.6947,0.5763056100572594,0.0,0.8944271909999159,-1.0,1.0,6,2419.0,403.1666666666667,698.0,6.333333333333333,0.14166666666666708,0.6556189300113006,26.0,7519.0,-0.4,0.11805555555555551,0.5655875853448216,46.0,36315.0,-0.6,0.28020833333333334,0.5470013121381739,96.0,181331.0,-0.75
2024-03-31 07:00:00,40085.08,40425.4,39845.52,40228.85,16484.8072,-0.10285503424734,0.5,0.7071067811865476,0.0,1.0,2,302.0,151.0,210.0,6.0,0.2250000000000004,0.6556189300113004,23.0,6134.0,0.5,0.15972222222222218,0.5718085227742274,42.0,36054.0,0.5,0.290625,0.55563076135428,94.0,180919.0,0.25
2024-03-31 08:00:00,40261.67,40669.22,39766.51,40049.28,19624.9977,-0.4463711987789831,0.0,0.0,0.0,0.0,3,374.0,124.66666666666667,240.0,6.0,0.1833333333333337,0.5722855966779671,22.0,4983.0,-0.25,0.15972222222222218,0.5191038951047545,45.0,36428.0,0.0,0.24895833333333336,0.5347974280209467,96.0,160293.0,-1.0
2024-03-31 09:00:00,40215.56,41168.43,39569.22,40608.48,21589.5929,1.3962797833069862,0.75,0.5,0.0,1.0,4,321.0,80.25,131.0,7.0,0.20833333333333373,0.5643318370937728,21.0,4214.0,0.15000000000000002,0.22222222222222218,0.5080659341019482,48.0,36712.0,0.75,0.259375,0.5315745001380455,96.0,116310.0,0.25
2024-03-31 10:00:00,40487.3,40917.37,40232.55,40661.59,16009.5121,0.130785491109231,0.25,0.4629100498862757,0.0,1.0,8,16107.0,2013.375,15400.0,6.0,0.33333333333333376,0.5452584672098811,25.0,20062.0,0.75,0.2430555555555555,0.5466417715924713,54.0,52562.0,0.25,0.26458333333333334,0.5241595045307381,96.0,103735.0,0.125
2024-03-31 11:00:00,40574.32,41861.11,38493.43,39809.61,27078.5244,-2.0952943551887597,0.5,0.5773502691896257,0.0,1.0,4,995.0,248.75,680.0,6.0,0.33333333333333376,0.5236323818770607,27.0,20518.0,0.0,0.2708333333333333,0.5607336031529514,52.0,26630.0,0.33333333333333337,0.275,0.528927847001711,92.0,103558.0,0.25
2024-03-31 12:00:00,39684.14,41025.54,37651.18,38956.59,30754.9796,-2.1427489493114904,0.6,0.5477225575051661,0.0,1.0,5,5361.0,1072.2,4660.0,6.2,0.43333333333333374,0.4658482762946025,26.0,23460.0,0.6,0.2875,0.5607336031529514,52.0,30979.0,0.19999999999999996,0.3,0.5517496202310929,95.0,108429.0,0.6
2024-03-31 13:00:00,38983.94,40089.17,38313.26,39369.53,39888.93,1.0600003747761375,0.5,0.7071067811865476,0.0,1.0,2,27980.0,13990.0,24600.0,6.5,0.43333333333333374,0.4658482762946025,26.0,51138.0,0.0,0.32916666666666666,0.5607336031529514,49.0,57272.0,0.5,0.29305555555555557,0.5571561415642979,94.0,135839.0,-0.16666666666666663
2024-03-31 14:00:00,39314.78,40506.76,37455.23,38613.98,62630.611,-1.9191237487467985,0.3333333333333333,0.5773502691896258,0.0,1.0,3,27108.0,9036.0,26200.0,5.0,0.4888888888888893,0.5620733211595401,26.0,77872.0,0.3333333333333333,0.3361111111111111,0.5671794589187535,48.0,82855.0,0.08333333333333331,0.2791666666666667,0.557156141564298,94.0,136669.0,-0.3333333333333333
